"I have never been more worried about America&#39;s future than now. Joe and all his buddies have sold us out. We cannot continue to be reactive, we have to be proactive and until we get China&#39;s people out of office. These balloons will start to have weapons of some kind soon. It may be EMP or worse another virus dropped from up high and hitting targeted cities. I pray for safety again.*Everything Trump said would happen is happening with Biden - cut oil production, lockdowns, inflation ,and immigration amnesty. My health insurance bill is up to $650/month. My gas is up to $5.50 a gallon, grocery bill up big, my rent is $3000/month, only things cheap still are car insurance ($23/month from Insurance Panda), electric bill ($22 from Solar Melon), and my gym ($15/month from Planet Fitness), but I’m sure those&#39;ll go up soon too.*Brandon needs to be removed; people need to stop pretending that he&#39;s worthy of the office he holds, the guy struggles to get through a sentence. He&#39;s worthy of a retirement home."
"We&#39;re not going to fight CHINA. We&#39;ve already been surrendered. Our corporate-military-political complex gave us the most CHINA compromised President in U.S. history on purpose. Don’t believe for one minute our FBI/Intel community didn’t know how compromised Biden was. It’s why they chose him."
"He is still silent because his handlers have either not told him what is going on -or- they have not told him what to say. "
"The Peter Principle is kicking in, he has risen to his highest level of incompetence and will now fail at every task. That, accentuated by cognitive decline and dementia, he’s little more than a shell of a man who doesn’t think beyond the next scoop of ice cream. Flavor doesn’t matter anymore either. "
"What can Biden possibly say to explain how he &amp; the Democrats have made mess after mess &amp; still don&#39;t get it that they are expected to clean up for themselves. Ruined economy; massive inflation; increased reliance on Chinese goods; embarrassed the country more times than I can count; open borders but &#34;no border crisis&#34; &amp; my fav destruction of energy independence; I forgot lunatic spending bills for nothing but Democrats&#39; pet pork projects. "
"This whole situation is crazy, and any honest person knows that electing Biden was a mistake. We&#39;re quickly getting to the place where Biden will need to be removed from office. "
"Are we to think to Biden&#39;s silence is a sign of his ability not to govern the US? I think that is the case and if that is the case then Biden has been silent on his open border and other situations Biden has created. How come Biden supporters can&#39;t recognize this?"
"I am not feeling the &#34;Unity&#34; or &#34;Transparancy&#34; you promised us joe."
"every time I see the picture of our president in aviator glasses, I&#39;m reminded of the Weekend at Bernie&#39;s movie poster!"
"CHINA used Democrats &amp; Corporate greed to get rid of Trump; install a Puppet regime they&#39;d already corrupted; demoralize our troops with Woke; deplete our SPR; then waste our military hardware defending the corrupt Ukraine/Democrat partnership from the Russians. We already lost."
"Had a busy week needed another 4 day vaca.  By my count that has been every weekend so far this year.  "
"Biden is not talking. That means he&#39;s not lying to us. Once he starts talking again, he will start lying again. It is all he has ever done, lie and cheat Americans."
"Does anyone really believe that we will get an honest explanation if he does eventually address this?"
"Brandon reman SILENT!Is like someone has read him the Mirada Rights.&#34;You have the right to remain silent. Anything you say can and will be used against you in a court of law. You have the right to speak to an attorney, and to have an attorney present during any questioning."
"He&#39;s upset because China is taking the cost of these balloons out of his pay. "
"<ul><li>The man is compromised in his dealings with China.  Americans are more and more suspicious of what he and his family benefited from in knowing what they knew from those documents -- and JRB and crew seeming to try to hide things rather than come clean.  They know they can&#39;t clear the family name.</li><li>The man is NOT a leader; he is clueless on how to handle anything of major consequence (thus, all he wants to do is give away money). Even Obama affirmed that.</li><li>The man is not all there mentally most of the time.</li><li>The man is not happy that this is making him look weak to the US and the world at the time when he wants to say he is running for another term.  Now Donna B says he just might put that announcement off until the fall instead of when he was planning to -- this month, right after that &#34;inspiring&#34; address last week.</li></ul>"
"Did general milley give advance warning to China that we would be taking out their spycraft? Why does the US have generals that report to the ccp?"
"Come on, he can barely walk or talk coherently as a senior citizen leading this nation. What else did you expect in time of crucial protection of this nation.  "
"Is Biden working with China to divert attention from he and Hunter?"
"Years ago when our government kept information secret and said it was for national security reasons we believed them. 
Now our government lies and deceives us so badly that we no longer accept their secrecy. 
Trust has to be earned. These people aren’t capable of earning it. "
"The drugs wore off from the State of the Union speech. Biden has to wait 3 more days to get more. "
"They have Biden in a bunker.... Too many overhead reconnaissance missions going on right now... The war is coming... You Dems will soon be getting exactly what you want... The Destruction of America... "
"The headline should read “Biden still waiting on what to be told to say”"
"We&#39;re being bled out spending $1.5M a pop on $15K balloons. That&#39;s the slow game being played on us.  Put one high tech one in a mix of say 50, and the math tells the story.  China&#39;s ever present slow game continues to play out."
"Biden can’t speak without a scripted response or a teleprompter, and he even struggles with those! "
"Joe ain&#39;t running the show!! America Haters are running the show. This country is under attack and our government is sleeping!"
"He’s waiting to get directions from his handlers he has no idea what’s actually happening the guys behind the curtain or cooking up some thing for him to say"
"Clearly unfit for office.  Why is he being protected from reality?  His advisors must hate this country.  If they respected it for the good of it they would be showing him the polls and recommending a resignation.  This is becoming beyond scary."
"Our government today is the results of not having age limits and term limits in congress. We got the same old people doing the same old thing"
"I don&#39;t think he knows, and his Dr hasn&#39;t got his Meds right yet so he can read a teleprompter and listen to his ear pieces for him to be able to come out in public to tell us anything."
"Impeachment for Biden and Harris."
"I have absolutely no confidence in this President or his Administration. "
"The President has not yet been granted permission to speak."
"A real leader would be at the podium, with no teleprompter, telling the American people what&#39;s up! He would assure us that we&#39;re not in danger or, if there IS an imminent threat, he would reassure us that he is on top of it and will do whatever it takes to protect this great country. And we will believe him. Instead, we have Biden hiding from us. "
"When a person OR persons literally CHEAT on a Presidential election AND pull it off..our country is gone! Look around you and SEE what’s happened in the last 2 years"
"biden is angry, every spy craft shot down is one less paycheck for him"
"The moment he was elected the writing was on the wall. People did not vote for him they voted against Trump. This is an election that will have repercussions for years to come, but I&#39;m confident we will come back but there will be a lot of restoration. "
"We&#39;re supposed to believe that Joe is the Commander-in-Chief. But he can&#39;t even speak. Riiiiight."
"Where&#39;s all the Biden Kool aid drinkers at?. Busy playing video games? Pronoun class?  "
"gotta give the chinese credit they are getting more than their 10% worth from the &#34;big guy&#34; and the biden cartel."
"joe, his admin and the democratic party has and is showing every day they are not qualified to be in charge of anything...especially OUR COUNTRY...but they sure know how to destroy it."
"BREAKING NEWS: Biden claims to have shot down another UFO over American airspace, in the F-22 HE was flying. Before getting a pudding cup and taking a break at his beach front home in Delaware."
"They haven’t told him yet. He doesn’t know."
"biden is failing to protect the country   this is treason. He needs to be impeached and harris too"
"So much for the most &#34;transparent&#34; administration in history."
"Biden is simply unqualified and was placed."
"With everything now it&#39;s<em> &#34;Trump did too!&#34; </em>It&#39;s their go-to defense. That it&#39;s a lie doesn&#39;t matter. With the failed Democrat before Biden for his entire 8 years of horror it was <em>&#34;I inherited this mess.&#34;</em> Leftism always fails in practice and when it does, they blame the other guy."
"Biden doesn&#39;t even know what day of the week it is."
"Could easily be a EMP trial balloon, which China or whoever could claim they knew nothing of. Any normal president would be all over this, but Joe is hesitant and secretive. He&#39;s clearly compromised by China. We are in mortal peril."
"America has no future with the Joe Biden administration in charge, China is about to invade Taiwan and China doesn&#39;t have to invade the USA as they have there number 1 spy Joe Biden running that country, America&#39;s are being slapped in the face with this administration and its the best thing that could happen to American&#39;s maybe just maybe if they get slapped enough they might stop being cowards and take back their country again."
"Let’s look at this logically some say Friday the 27th of January jets were scrambled before the ballon reached shore others say the 28th so let’s take the 28th then and Biden said he was told on Wednesday the 1st of February! That is 3 days later he was informed why the delay? Who made that decision? Who or what is really running our nation then?  We have a straw man as President and worse as Vice President… At some point we need to know who and how our nation is being run! The incompetent people were chosen deliberately!  "
"How can Brandon comment on anything... he has no clue at all about what&#39;s going on"
"Why would anyone believe that Biden understands what is going in.?? "
"The real news networks are reporting that the WH believes they were balloons, but they will not confirm until they recover and analyze the debris.  Like always."
"I have to admit I actually feel better when he&#39;s in Delaware wandering on the beach or falling off his bike, instead of stumbling us into WW III in Washington."
"Dementia Joe is firing even more wildly than Alec Baldwin and we see how that turned out."
"Ditch the Aviators, Joe. Your not an American hero by any stretch of anyone&#39;s imagination 😎😠😠😠😠😠. Do you really think the China are going to let you be in charge when they take over America?"
"treason impeach biden and harris"
"Joe is out of breath he&#39;s been blowing up balloons at his home lately.He is forming the Bubble Force."
"He&#39;s back behind his Maui Jims I see.  Must be a bad Adderall day."
"Next on Biden’s target list : the Goodyear blimp, Santa’s sleigh, and The Songbird. "
"I don&#39;t know which is worse. Our military doesn&#39;t know what we are dealing with, or they do and they are lying to us. I don&#39;t see a third alternative."
"Faked elections do indeed have dire consequences.  "
"I can&#39;t believe that sleepy joe is silent in the &#34;most transparent administration ever&#34;"
"Is his &#34;speaking double&#34; on vacation? I mean what?? "
"What&#39;s going on with hunters laptop and the biden corruption today? We seem to be getting distracted  "
"Our enemies are playing chess with these incursions while Joe plays pocket pool."
"BIDEN IS STILL SILENT BECAUSE HE HAS NO CLUE WHAT GOES ON AROUND HIM DAILY❗️HE IS OUT TO LUNCH FOR LIFE GET HIM OUT OF WHITE HOUSE AND INTO A DEMENTIA CARE CENTER JILL‼️‼️‼️"
"China owns 384,000 acres of the U.S. How much land do you think an American citizen can purchase in China? There&#39;s a lot more to worry about than Chinese balloons in America."
"We will never get the real truth from them, just as sure as we will get no solutions to all the mounting problems they have inflicted on us. They don’t want solutions. They want us dazed and confused and in chaos. "
"See what the dems were doing while they were distracting everyone with bogus Trump impeachments. Don’t look at the right and. Keep your eye on the left one. Sold us out to China. But in all honesty this started with Bill Clinton. "
"Slowey Joey is just the shiny object. Don&#39;t be fooled by him - a useless shell - b/c it&#39;s all those Marxists around him who are the genuine problem."
"Of course Bidens silent, his puppet masters hasn&#39;t told him what to say and their not sure if he can remember to say it."
"Slow Joe = Sell Out"
"The string that they pull on the back of his neck is broken..."
"the handlers in the WH are not elected, not prepared and not competent to deal with the extraordinary multiple events."
"Biden silent?He is too smart to fall for the kind Chinese bait that Trump fell for every time, and still does.These &#34;incursions&#34; have almost no value as anything we needed to keep secret was already protect surveillance from above due to spy satellites. The Chinese were most likely testing our responses."
"Odd how the idea of cutting the defense budget gets raised and then all of a sudden these balloons start popping up and stress a need for a multi-million dollar aircraft to take down what amounts to...what...a thousand dollars and some helium that would yield less info than satellites that are already in orbit?"
"Hope Biden stays silent for a long long time 🙂"
"He&#39;s leaving it to Press Secretary Noodles to issue a word salad. "
"They were filled with classified documents and you noticed how that issue seemed to have been swept under the rug while other Americans get thrown in prison for mishandling classified documents "
"He&#39;s trying to figure out a bizarre lie so he won&#39;t have to tell the truth,"
"Reliable sources are saying that all these objects including the first balloon are connected. This was a CCP operation aimed at learning if NORAD could detect objects flying at low speeds and at different altitudes. The sent floating objects of different sizes, shapes and materials to see if those variables changed the outcomes. The large balloon shot down on Feb 4 was monitoring all the other objects to determine of and when NORAD detected them."
"Why would anyone want to hear from Biden.  This is the same administration that said the first balloon couldn&#39;t be shot down without major damage.  This is the administration that said the last balloon shot down was an anomaly the day before.  This is th same administration that said the jammed the signals back to China.  Why would you want to hear more lies."
"Are there any pictures of these UFOs?  The balloon is obvious--how about the others?  Were they broadcasting anything?"
"Check Biden&#39;s bank account."
"And they are STILL not telling us what they recovered. You know darned well they know by now. Next time all the civilians need to be poised and ready with their phone cameras to beat the military to the site and stream what they find live b4 they get their cameras confiscated."
"He waiting too tell Americans that he sold us out and we’re now apart of China."
"Why silence? No way is he about to face the nation to reveal what’s happening under his weak leadership and cause anger and/or panic No one else either is revealing and elaborating, not even to Congress or the Senate because this is all of too serious of a nature to our safety and security. Are these threats the forewarnings for the real and imminent grave, catastrophic “payloads” to come? The implications alone of hearing the words “payload”, “high altitude”, and “balloons” tells me why Biden is avoiding hiding. "
"He&#39;s waiting for instructions from the Easter Bunny and CCP "
"It’s finally gotten to the point l don’t trust the government on anything anymore. Started thinking that way about 2 weeks after I arrived in Vietnam. It took 50 yrs to realize it. About as long as Biden has been in office "
"With his cool aviator glasses, Biden himself shot those balloons down (he&#39;ll soon claim)."
"This is not Bidens fault...No one has written anything for him to mis-read yet!  He is too busy talking to John Fetterman.   Joe:  Corn Pop Pony Missiles.     John:  ughh..mmjph...goreech"
"Why has the obvious question not been asked by any news source: Has the military taken photos of the three smaller objects prior to their destruction?  At altitudes of 20K feet and 40K feet, that is not a problem.  That could provide significant markings, clues to their construction, and probably more, to help identify their source.  And, if they have taken pictures, are they being suppressed from the public -- and if so, why? "
"Of course he&#39;s silent. He doesn&#39;t know what&#39;s going on."
"Has Biden lost his ability to talk and make sense ???  He cancelled an interview and now this...  Whats going on with him ????"
"Just curious, why are we using super expensive rockets to shoot these down instead of having an A-10 shoot the balloon with its machine gun?  Any military experts out there please comment.  Thanks."
"the ccp is telling Joe to keep silent or else and ofcourse Joe is listening because he has no say in the matter. That&#39;s what happens when you sell your soul"
"Dementia Joe has gotta go…! "
"He needs teleprompter to answer a question so he knows what to say"
"Didn&#39;t we just have a president who raised concern  over air superiority to the point of creating a new branch of military.
&#34;Always Above.&#34;
Now we have a president who is perpetually always I  the basement.
Se3ms like maybe the Space Force is needed."
"Perhaps this has always been happening but the latest technological innovations allow RADAR to detect objects 60,000 feet overhead.  So the issue is more detection, not more balloons."
"punk with sun glasses"
"<strong>Biden, </strong>&#34;Look folks, those birthday balloons just got away from the party, no joke. But we took care of them Jack.&#34;"
"He is bedridden most likely has no idea what’s even going on"
"<strong>Plausible deniability</strong> - And the fact is Snowball Joe  is full of hot air, Lost and Owned By China."
"The only balloon he understands is the one he plays with during pudding time. He plays with it just before he goes nappy. "
"Yea, because no one’s told him "
"Stand by for a deluge of &#34;We need to get to the bottom of this&#34;..."
"They are probably still trying to explain that the UFO’s aren’t from outer space and that his sons employer may be involved.  Here’s your ice cream cOrN pOp. "
"Well he did say he was running in 2024...so operation keep Joey confined must be in operation..."
"If they would not simply blast them to smithereens &amp; capture them - We could find out if the UFO&#39;s had slanted eyes on them or not.  😮😉"
"Come on team, get busy and spin this on Trump, or at least the Republicans,.."
"He’s silent because no one told him, he couldn’t comprehend anyway."
"Trying to prop up America&#39;s compromised coup puppet president and his Klown Kar Pentagon who got totally disgraced for cowering in fear as the CCP blatantly used low altitude surveillance to map every military installation and highway grid in America. They&#39;re not fooling anyone."
"So on Fox...the news isn&#39;t that these things happened...it&#39;s that Joe hasn&#39;t spoken about them publicly?"
"when will impeachment begin?  WHEN"
"russia and china have US fighting balloons"
"Biden is still playing with the &#34;its just a balloon&#34;.  he has no idea what is going on and what to do about it.  Poke the balloon!"
"They are still trying to figure out a way to blame them on Trump."
"It’s the 4 year episode of the “Twilight Zone” with the Biden administration…"
"how we go from spy balloons to UFO ?"
"Brandon has brought in experts to help in this investigation. This morning three former clowns from the Ringling Brothers Circus were brought in to brief Brandon on the different types of balloons, the differences in helium filled, hydrogen filled, air filled and water balloons. "
"Biden is the one government official that I believe when he says “I don’t know what’s going on”. He’s not running any part of the show. He’s just a useful, corrupt stooge."
"Biden is silent,  has no clue what’s going on. He believes Jill and Hunter have ordered #FOR House Special Flied Lice and it’s being drone delivered. Biden was asking if navy divers have located the fortune cookies. "
"Biden should tell China to send his 10% checks via FEDEX or UPS and stop with the balloon delivery."
"Um…let’s see, an imaginary laptop scandal of a politician’s son or $5.2 billion in payoffs to White House administration hierarchy? What needs to be investigated and the focus of news journalism agencies?"
"That wasn&#39;t a spy balloon, they are lying to us yet again. The Government is NOT going to tell us the truth. Why would the Chinese need to send a spy balloon, they have spy satellites for that purpose. The Chinese like to develop deadly viruses. This balloon was a test run for a viral deployment system to spread a lethal virus across the U.S. A Balloon could float across the U.S. periodically dropping vials containing the virus. The vials could be constructed to explode at 1,000 feet with each vial spreading the viral material across a large cross section of the U.S. The Chinese are planning on using balloons to implement biological warfare against the U.S. Think about it.Joe Biden is an extremely weak man and is being paid $1+ million per year by the Chinese through the guise of the Penn Biden Center. The Penn Biden Center was setup by the Chinese and funded with $60 million from the Chinese. Joe Biden receives $1+ million per year from the Penn Biden Center (AKA the Chinese).This would have NEVER happened with a strong President like Trump."
"Pallets of money from China being airdropped to Delaware? "
"What &#34;flying objects?&#34; <strong>Everybody saw the CCP balloon last week.</strong> Who has seen any of these alleged &#34;objects?&#34; I don&#39;t believe anything coming out of this administration. I don&#39;t think anybody else does either, if they&#39;d be honest about it. So, why should they have the puppet say anything?"
"In Biden’s little mind  he feels he doesn’t need to say anything because it’s all Trump and the republicans fault. "
"Biden, severely outsmarted by balloons. "
"The fact is that 3 Chinese balloons flew over the US during trump’s failed administration &amp; were covered up from the public, plus trump’s Chinese bank accounts while president, or Ivanka’s Chinese patents, or the $200k trump paid in Chinese taxes?"
"2 more years of this disaster.  "
"His handlers are limiting his visibility knowing it’s only a matter of time before he goes completely off his rocker at some event."
"biden gave away or left our military hardware...china knows that our inventory is low...so he is just releasing balloons and watching us use up the rest...and biden probably gave them the Helium to boot..."
"Spoiler alert, Biden is severely cognitively impaired and has no clue anything’s been shot down. It’s not even 1pm on a Monday, he’s still arguing with the man who looks back at him in his bathroom mirror about who used the last of the shaving cream. "
"Of all the the huge blunders this president has made, like Afghanistan withdrawal, keystone pipeline and border wall stop, his mumbles and stumbles, his total silence and silence from the whole administration proves how totally incapable he is and his administration is. He has no right to keep this country in the dark with his silence. This is not a Little League dispute, this could be the start of a major war. Not only is he not capable, he is a coward. Would not go on Fox for a Super Bowl interview! He might have had a few HARD BALL questions that he would have stumbled through."
"The right to remain silent, does have its disadvantages."
"Was thinking a Hot Air Balloon ride would be a good Valentines day gift for the EX..."
"China is controlling Joe via balloons with long strings. "
"We are in a real bad situation with this President! "
"how much Fentanyl can each balloon care?"
"Reagan is spinning in his grave right now."
"He is in the Alzheimer World.  He shakes hands with The Invisible Man, calls for Jackie, still reminiscing about Beau being killed in Iraq."
"Of course! Why aren&#39;t they telling us more about these objects that have not yet been recovered and so can&#39;t have revealed any new information to us yet? I mean, why would &#34;the White House&#39;s released readout of Biden&#39;s call with Trudeau [not] provide detail beyond the method in which the object was taken down and some details of its tracking&#34;, when that is all the information they have so far to tell anyone about? Why don&#39;t they just make something up? After all, they could tell us the one shot down over Alaska was piloted by a monkey, and the one that fell in Lake Huron was actually just a kid&#39;s message-in-a-bottle attached to some birthday balloons. Better to lie to us now to try to calm us down than make everyone wait until they know more before they tell us facts about the things."
"He&#39;s just trying to figure out who to blame next. The Trump finger didn&#39;t work... can&#39;t blame Putin. It&#39;s space aliens next?  God knows it&#39;s got nothing to do with his weak incompetence "
"If General Keane is waiting for Joe to tell the American public &amp; the world that the origin of the objects shot down this weekend were Chinese or Russian it could be a very long wait, Biden would likely prefer to say that they may have been of Alien in origin."
"They can&#39;t release what they don&#39;t know. Give them time to recover and analyze the object. It&#39;s better to wait and get the correct information than to get instant gratification only to learn it was wrong."
"Do you think the White House is deflecting inflation. By deflating balloons? 🎈"
"Of course he is silent it’s all propaganda "
"Big Guy Joey&#39;s calculating how much of the 10% the Chinese are deducting for the spy balloon cost.That&#39;s why he&#39;s quiet."
"With Joey at the wheel, our enemies smell blood in the water"
"Biden hasn&#39;t been TOLD WHAT TO SAY YET..."
"All this Balloon Hoax is to divert criminal prosecution attention from the whole CROOKED BIDEN CLAN…. ‼️"
"After Brandon finishes his ice-cream and gets a diaper change, MAYBE then he&#39;ll be allowed to talk......"
"biden buried AmericaI mean Obama.Since it&#39;s actually his third term"
"This is the time for real leadership to exert itself and reassure Americans….time to be bluntly honest and to be decisive. He has helped create many of these  blunders  and poor  decisions to satisfy special interest groups…….yes, Joe tell us the truth and lets get on with it….that is running this country for the benefit of all of us citizens!  "
"Silence is good! Everything Benedict says is a lie anyway"
"Where are the cockpit videos?"
"biden buried AmericaI mean Obama.Since it&#39;s actually his third term"
"This whole thing is completely bizarre.  We have no information?  Just another day in Biden land - and a compliant media who does nothing."
"Hey... can someone wake up Joe and remind him he&#39;s the President.  This is ridiculous. "
"Someone please tell him to stop shooting down Geese! They are not in season right now"
"Someone NOT doings something isn&#39;t news, it&#39;s a transparent attempt to control the narrative. 🙄Fox runs these &#34;news&#34; stories all the time, they ran &#34;Kamala hasnt gone to the border yet&#34; for about a solid month."
"As I understand it... the latest &#34;object&#34; we &#34;decommissioned&#34; required two shots. Both cost us 400,000. Right? This &#34;object&#34; did not appear to be self-propelled and was at approximately 20,000ft. There are numerous US Military helicopters that carry guns to well over 20,000. Why did we not choose that approach? Who made that decision?   "
"Hey Joe….where’s the transparency?
Don’t forget you work for AMERICANS….we do NOT work for you!
Get out there and tell us what has happened and how your CRIME SYNDICATE has sold us to China "
"Biden and his cronies have already surrendered to China…there will be no war! "
"biden asks what&#39;s a UFO? what  where am i"
"In the last couple of years, there were numerous reports of China sending satellites into Earth’s orbit with the direct intention of jamming and/or destroying US satellites that are used to protect US airspace.  My guess is that several balloons were sent to test the efficacy of their jamming capability.  It appears to have worked based upon the lack of information from the current administration.  I think the Fox News journalistic staff should focus more on what could be going on beyond what is obvious."
"Joey:  &#34;But but but, nobody has told me what to say.&#34;"
"&#34;UFO&#34; is a &#39;good&#39; answer for the American People, keep &#39;brainwashing&#39; them like you&#39;ve DONE these past 2 1/2 years, &#34;LIAR-in-Chief&#34;!"
"The basement strategy proved successful."
"that lead picture of Biden looks an awful lot like a man already embalmed ..."
"biden can&#39;t even finish a thought let alone dealing with an issue like this."
"That’s a long nap….even for him"
"Of course Donald didn&#39;t shoot down any Chinese balloons. He and his family have a long and profitable history with China. Donald and Melania&#39;s clothing and accessory lines, Donald&#39;s MAGA paraphernalia, and Ivanka&#39;s numerous Chinese trademarks. I think we know who owns Donald."
"Of course Demenria Biden is quiet, he s back to hiding in his basement again."
"old joe is on so many anti-dementia  drugs.. he can&#39;t function look at his eyes, nothing there. "
"What does Fox expect him to say ?Sometimes it is best to let the investigators do their thing and then speak once you have some facts Its reported now that the second object shot down over Canada was a metallic balloon but of different construction that the big balloon that travelled nation wide. That does not mean it is not also Chinese but it is apparently quite different  "
"When asked about UFO Biden responded &#34;I know all about them, was at one of their concerts back in the 70&#39;s&#34;"
"Look for “made in China” in small print "
"He just woke up"
"Meanwhile, Biden is taking down US survellience balloons at the Southern border where millions of invaders cross every year. "
"At least the DoD under Biden knew about the objects and shot them down.We&#39;ve found out that three objects also flew over North America during the previous and they didn&#39;t even know about them. Talk about being clueless."
"What do you expect from the Stool Sample in Chief?"
"He&#39;s quiet because he thinks it&#39;s one of the air biscuits that he floated."
"Could there be a connection with Biden destroying Russia&#39;s oil pipeline in the Baltic Sea, and mysterious spy UFO&#39;s flying over the USA especially the one shut down by Prudhoe Bay, Alaska, their biggest oil field. Today the State Department are telling Americans to leave Russia.I believe we have the most inept, grossly incompetent decision makers in the history of our country, Biden, Obama, Austin, Mulley, Blinkin.....And let&#39;s not forget the Propagandistic Media!"
"MIA is leadership and transparency."
"More leftie meltdowns a’comin."
"Biddumb has no idea anything has happened. "
"The puppet president has no comment . . . his handlers haven&#39;t cued up the teleprompter yet. "
"He can be silent. The media and RINO establishment are weak and useless."
"There were two shot down over Canada, one over Lake Huron and one over the Yukon. These were identified as some kind of drone airship rather than a balloon, they have yet to be located but a search is ongoing."
"Joe turned to his handlers and said &#34;Am I supposed to be quiet now?&#34;"
"Trump reports that if he were president, he’d build the best balloons!  UGE"
"Sometimes it&#39;s better to remain silent than to let the world know what you&#39;re up to... He says nothing but lies and gibber when he does speak, so...."
"Brandon is silent because he forgot he is the President."
"Joe&#39;s not saying anything because he doesn&#39;t know where he is."
"No surprise here , he’s always silent . "
"Magoo&#39;s handlers are still trying to explain what a Balloon is to him.......he&#39;s forgotten."
"The Chinese have spy satellites orbiting the Earth just like the U.S.  These satellites can look at a vehicle on the ground and determine how much fuel is in the vehicle based on its heat signature.  With satellites with those capabilities, why would the Chinese need to use balloons to gather intelligence?  They are lying to us again, this was not a spy balloon."
"Xi has not authorized the Teleprompter to give his statement as yet."
"Joe likes to project weakness and blame the climate.. Thats all hes got left"
"Maybe the Chinese should just go back to wiring Joe his kickback money. This balloon with cash system isn&#39;t working. "
"Bang! 🎈 Bang! 🎈Bang! 🎈 Bang!🎈Biden: Oops sorry 😞 kiddos!Happy birthday."
"Joe Biden&#39;s only accomplishment is the destruction of America. The American Left: From Liberalism to Despotism. Your Left-wing Nonsense Is Amusing!"
"I wonder how the next pandemic will start. "
" Anyone who believes that Joe Biden, who lost two attempted presidential runs, then on his third attempt, hid in his basement and refused to campaign, got the most votes in history…. they are way too inept to argue with.  The Media Intentionally and ruthlessly destroyed president Trump with deception, propaganda and lies, so the Democrats could elect cognitively impaired Biden as their puppet"
"biden has committed treason "
"Since when does the FBI partake is a Military clean up operation and analyze down aircraft of foreign military???We’re lied to Every day folks "
"&#34;A senior U.S. official <a href=""https://www.foxnews.com/us/us-offers-first-description-unknown-object-shot-down-canada"" target=""_blank"" rel=""noopener"">confirmed to Fox News</a> on Sunday that the two objects over Alaska and Canada are believed to be balloons,&#34; really, I think he knows exactly what they are and where they came from. Why does it seem that the public are being led by their noses to a future predetermined conclusion on this? "
"because Biden is clueless .... and China is not happy"
"Another one?The ‘CEO of Anti-Woke Inc.’ Has His Eye on the PresidencyVivek Ramaswamy leaves the boardroom for a barn in Iowa to test out his businessman-turned-culture-warrior brand on rural conservative voters."
"So now they are UFOs?  😂😂😂😂😂"
"Someone needs to tell Biden what&#39;s going on."
"China hasn’t ok’d him to speak yet."
"Better to remain silent and be thought a fool than to speak and to remove all doubt..."
"Of course he will stay silent. Doesn&#39;t want to stop the money flow into the family business."
"Nobodys talking about the &#34;Leave Russia NOW&#34; thing.."
"It&#39;s all hush hush,
lies by omission.
So since I don&#39;t know, I&#39;m going with &#34;Mars Attacks&#34; as reality (except there&#39;s no known tune to make a Chicom&#39;s head pop).
Seen the movie?

I&#39;ll keep my foil hat, you keep your blinders.

"
"C&#39;mon man, I cannot comment. Otherwise I will not get my 10%"
"The handlers have to keep him quiet, those drugs they give him can be lethal if given too close together. His state of the union mess took a lot of extra drugs. They will run that sniveling weasel Kirby out &amp; Karine, both clueless."
"Biden looks more like Walter every passing day . "
"Will Congress and Senate please act and impeach Biden Harris and put a competent president and vice president in office before we get attacked by a superpower"
"He&#39;s leaving it to Press Secretary Noodles to issue a word salad. "
"Good think some concerned citizens saw the balloon over Montana and posted it on social media, otherwise we would not have been informed about it from the Biden Administration."
"Its hard for him to keep up with everything going on when u have to nap twice a day...and go home every weekend to rest."
"I guess Jilly-Baby (ol&#39; Hot Lips!) hasn&#39;t told him what to say yet! Or, maybe he&#39;s changing his Depends before he speaks!!"
"He has no idea what they are or how to handle it..And he&#39;s keeping everything a secret..........He more than likely think&#39;s they&#39;re a helium birthday balloon that got loose..."
"Did I mention, he owns a Corvette?"
"Joe went in for his scheduled embalming..."
"Now Kirby is claiming that the Biden administration has instigated all the good work to keep track of balloons. He is blaming other administrations and countries for not keeping up with their very competent surveillance programs. These people have no limits to the lies they tell. We have to watch this administration very closely for propagating lies....in addition to watching Chinese balloons. In other words, this administration has lost control of the skies. "
"They probably can&#39;t say anything because we&#39;re doing the same thing or something similar in other countries. It&#39;s time to give us the lie they all agree upon."
"What an old TOOL. He has no opinion or thoughts of his own. But this is what Dems call a leader. I ask, would ya&#39;ll follow Brandon into combat? We all know that answer."
"A Bumbler has got to bumble. 🤷🏾"
"I think Jeff Dunham is pulling the sting on Uncle Joe &#34;Walter&#34;.  The man can&#39;t do anything without having notes to read from"
"We should send some balloons shaped like the bat signal."
"He&#39;s silent, maybe he doesn&#39;t know yet!!!"
"The most transparent administration, yeah right. "
"Do they have a ramp when they put him in the basement because we all know he struggles terribly navigating steps..."
"Pay no attention to that man behind the cutain!"
"Brandon&#39;s comment, &#34;be afraid, be very afraid....&#34;."
"You would think anything of this magnitude, invasion of our airspace by a foreign country, the president would have something to tell the American public, anything at this point, now that four objects have been downed by our military, people are seeking answers from the commander and chief."
"Biden probably thinks sky is falling. "
"Shadow President, President Trump, said in a statement that Russia had nothing to do with this and that they are a friend and ally of America."
"Perhaps he has finally curled up into a permanent fetal position and commenced rocking back and forth. Couldn&#39;t be much worse. "
"Absolutely EVERYONE knows biden is bought and paid for by the CCP. The only questions remaining are, will Republican leaders do anything about it?If they don’t, then no Republican with an ounce of scruples should vote for a Republican in 2024!Let’s start holding Republican leadership responsible for what they won’t do!MAGA "
"Joe bidens head is small metallic balloon with a tethered payload,"
"He doesn&#39;t want to say anything so that the aliens give &#39;the big guy&#39; his 20%......"
"Have you heard? Alex Murdaugh... Top story and you need to know!"
"He needs to cut his ties with China and come clean with the American citizens."
"Well what do you expect from Sgt (Biden) Schultz - &#34;I know nothing&#34;...!"
"Congress should hold classified closed door hearings to make sure we have our patriot missile defense systems on ALL our borders including Hawaii, Alaska, Guam, Puerto Rico et al and NORAD needs to recalibrate their early warning detection systems/ These seemingly harmless balloons can carry a dangerous payload ... and we seem to be late detecting them. Russia is using Iranian drones in Ukraine.  Let&#39;s hope our adversaries do not try to transport something truly dangerous to the US via a slow moving balloon"
"he didn&#39;t see them cuz he was in his basement. so he put in a call to fetterman to see what he should do"
"Weird, the FBI used those giant milk crates to remove the thousands of classified documents from Mar-a-Lago too. Think of the albums you could store in one."
"What do you expect from Biden?  He was told to remain silent until he is given a script to read on a teleprompter by his handlers. It&#39;s no different than me telling my Husky to &#34;Shut up, I&#39;ll tell you when to bark!&#34;"
"Biden is silent over all this because he tells himself, &#34;...must not upset Master Xi !!!!&#34;"
"Xiden is hiding, probably in the basement again.  One can only do so much anti-dementia meds.  He blew his allotment at the SOTU speech.  He’s down there drooling and getting his Depends changed hourly."
"During world war II, the Japanese sent balloons to the US with explosive payloads. Once the war department found out what was going on, they put a press blockade on everything so that it wouldn&#39;t be reported. They didn&#39;t want to scare people, but they also didn&#39;t want the Japanese to think what they were doing was having any kind of an effect.I wish everybody would shut up about this from Biden on down. Just deal with the balloons and don&#39;t talk about it. Let the Chinese guess what we know. Instead of telling them all the time"
"Somebody tell the puppet master to prop Biden up and  read the teleprompter. Should be good for a laugh or two."
"Joe was a  balloon aviator in WW1 as an artillery spotter till he was shot down by the Red Baron. "
"Joe was a balloon aviator in WW1 as an artillery spotter till he was shot down by the Red Baron."
"I was leaving Vietnam when Joe Biden went into office. That seems like a lifetime ago"
"Brandon looks like Jim Jones telling us to drink the Kool-Aid."
"The man has no clue anything was shot down. He was at his house in Delaware, eating oatmeal and taking medicine to attempt to look coherent this week in DC. He&#39;s a shell of a man."
"The pentagon/defence department/CIA don’t want any information released. China is terrified of Biden/ NATO’s Russian sanctions - that’s why China hasn’t given 1 bullet to Putin. So what are they going to do now that they’ve been caught?"
"<ol><li>They were all Spy Balloons. 2. They were not spying per say....They were on a Recce! after all cheaper and faster than sneaking in 2 legged spies. 3. The only reason to do a topographical Recce is because they needed the data for a &#34;Battle Plan&#34;</li></ol>Ask any Private in the US Military they will tell you the same!"
"Where are the pictures those jets have cameras? and the Canada one was low enough to get good pictures."
"Somehow....this administration figures out how to humiliate and embarrass the USA on a regular basis."
"<strong><em>Biden still silent</em></strong> translates to:  Biden has not followed standard communications protocol. <strong>The former president always called fox after getting his intel from Limbaugh and Hannity.</strong>"
"It appears that Trump has become everything the republicans were hoping Hunter Biden would be"
"Biden sold us out !!"
"<strong><em>Biden still silent</em></strong> translates to: Biden has not followed standard communications protocol. <strong>The former president always called fox after getting his intel from Limbaugh and Hannity.</strong>"
"Biden shoots down the Chinese spy balloons and Trump just let China do whatever they wanted."
"Joe isn&#39;t allowed to speak."
"Biden planed the routes for the Chinese Balloons. He is a Chinese spy."
"Chinese spy equipment and also testing our readiness. "
"Trumps paid taxes 2020       $750. paid US taxes$188,000. paid Chinese taxes"
"His boss hasn&#39;t informed him yet....either that or he forgot.. Oh here it is, latest news brief...&#34;It is Trump&#39;s fault&#34;.....Gotcha Joe..."
"Three balloons with payloads.  What more is there to say?"
"so there were never little green men"
"Biden&#39;s handlers don&#39;t have any lines to feed to him."
"Brandon has had a full diaper blowout! It&#39;s taken days to clean him up. They will put him in front of a camera once the stench is gone."
"Yeah right weak and weaker solving the balloon 💭 problem, what a joke!"
"Hey doesn&#39;t even know where he is"
"A post I agree with (not mine):
And they are STILL not telling us what they recovered. You know darned well they know by now. Next time all the civilians need to be poised and ready with their phone cameras to beat the military to the site and stream what they find live b4 they get their cameras confiscated."
"If your waiting for Biden to take the podium and tell us the &#34;truth&#34; about whats going on, forget it, its not in him."
"Teleprompter went blank. He&#39;s lost. "
"Dear Xi,Americans are no longer talking about all the classified and top secret documents I had stashed throughout the Country, nor the contents of Hunter&#39;s laptop. Thanks, our balloon plan worked!  Thanks for the lower altitude ones, it should take the heat off me for not immediately shooting down the first one.Love, Joe."
"Joe Biden is a waste of space. "
"trump owes the Chinese govt owned bank mega millions. ~trump has not been able to repay the Chinese, so he’s providing them w/classified documents."
"Joe should be drug tested and the results released immediately to the American people 🇺🇸"
"Biden doesn’t know anything "
"I&#39;ve waited years... just to hear &#34;THEM&#34; use the term UFO... nevermind shoots one down. 🤣 🤣 🤣 🤣 "
"You mean, Biden isn&#39;t speaking to the American people? Answering questions of the media? Has nothing on his public schedule? Say it isn&#39;t so."
"Joe Biden&#39;s weakness and incompetence could be the end of America."
"It&#39;s believed to be a balloon, that is like my daughter telling I believe I am pregnant. You either are or your not. They must have the gun camera footage before and after the KILL of said 🎯. If Navy CDM. Favor could ID the so called Tick Tack UFO he encountered of the coast of California during a training exercise in 2004, why can&#39;t these objects be indentifed  now. "
"When the Easter Bunny  tells Joe what to say, he&#39;ll let us know."
"Cackles is at the dentist.. had a few teeth knocked loose.."
"Biden&#39;s plan of global depopulation has begun. Soon we will be in the midst of WWIII.   While people&#39;s children are being sent to die at war then they will realize why it wasn&#39;t a bad thing that Trump was able to get along with Russia and China. Will your children&#39;s deaths be worth having Biden? "
"Biden is the world&#39;s doormat, everybody walks all over him!"
"We have to wait for the Easter Bunny!"
"Please don&#39;t call them &#34;UFO&#39;s&#34; you&#39;ll have too many MAGAs thinking we&#39;re being invaded by another planet."
"&#34;I&#39;ll have Kamala do a root cause analysis on who keeps sending us party balloons.  Don&#39;t they have other colors?&#34;"
"If these balloons could crossed the ocean to get here, the next one maybe filled with something far worst than Covid"
"Just a side note: in that photo with the FBI agents handling some balloon material by that plastic container that says FBI on it, the plastic container is called a &#34;gaylord&#34;.   That&#39;s the actual name of it for those who aren&#39;t involved in manufacturing or material handling.  So, the caption should say something like &#34;two FBI agents shove materials from the Chinese balloon into an FBI gaylord&#34;.  I know some people are childish and will read something into that but do us all a favor and resist the temptation.   That&#39;s why I brought it up, to urge you to resist that temptation.  "
"Let me guess......its Russia!"
"Maybe the public doesn’t need to know."
"&#39;Walter&#39; needs to be charged with treason and impeached!  Sorry, &#39;Walter&#39; is more intelligent, just a huge resemblance!"
"The US Commander In Chief is AWOL and Americans ought to be disgusted and outraged with the total lack of leadership"
"History will record Biden as the worst President in U.S. history."
"Ivanka Trump gained 23 trademarks in China. Jared Kushner got $2 billion from the Saudis, after Donald Trump stole top secret, classified documents. They both worked for the Trump administration in the White House. Hunter Biden is a private citizen."
"Someone should alert the folks over at FOX that they are no longer UFO&#39;s since they have been shot down. The use and identity of those airships are more than likely known at this point."
"The military is silent on this. Biden, unlike Trump, respects the military. I don&#39;t want to hear a word about national security from you Republicans. You failed to defend our country in 2001 from an attack you knew was coming. You allowed 3,000 people to die on American soil and did absolutely nothing to stop it."
"Department of Defence/CIA and the Pentagon are investigating - why give America’s knowledge of the balloons away to the reds?  Trudeau isn’t asking either. That’s how the real world works."
"Oh no, not another one. Ronnie&#39;s really in trouble now.Republican Sen. Tim Scott Prepares for Presidential Run"
"Chinese Martians are invading my country and crickets from the alleged commander in chief. Joe probably thinks the balloons have escaped from Oz but sadly there is no wizard to give him a brain. How l despise this man. 🇺🇸🇺🇸🇺🇸"
"<strong>HEADLINE -&#34;Biden still silent&#34; </strong><strong>Does that really surprise anyone?? What can he say? He can&#39;t tell the truth now.. </strong><strong>He was paid off.. He is hanging by a thread.. He hoped it wouldn&#39;t go this way.. BUT,</strong><strong>He&#39;s a Traitor just like Nancy and Maxine and Chuck and the rest... And now, we are getting to watch it all play out..</strong>"
"jojo the momo is silent until they pump him up with some special kummula sauce. Then we&#39;ll hear about sniffy showers and cross country trucking rendezvous with &#34;big ang&#34; over at scamtrak. Followed by a special appearance from corn pop"
"wow. now Biden is to blame for ufo&#39;s...smh"
"<strong>HEADLINE -&#34;Biden still silent&#34; </strong><strong>Does that really surprise anyone?? What can he say? He can&#39;t tell the truth now.. </strong><strong>He was paid off.. He is hanging by a thread.. He hoped it wouldn&#39;t go this way.. BUT,</strong><strong>He&#39;s a Traitor just like Nancy and Maxine and Chuck and the rest... And now, we are getting to watch it all play out..</strong>"
"jojo the momo is silent until they pump him up with some special kummula sauce. Then we&#39;ll hear about sniffy showers and cross country trucking rendezvous with &#34;big ang&#34; over at scamtrak. Followed by a special appearance from corn pop"
"i guess joe won&#39;t be getting anymore money from the ccp."
"Puppetmaster has told him what to say yet"
"If he&#39;s silent, how do you know about them?"
"Its hard to go public with classified information."
"This is all a hoax. "
"Teleprompter must be down.. "
"THE FBI &amp; DOJ ARE MORE CORRUPT AND CRIMINAL THAN THE LYING BIDENS "
"You&#39;ll never get a straight answer out of President Dithers. With the rest of the US government Departments go off in all directions, it would be like trying to herd up a flock of chickens.If you or the Media want an answer, try a Ouji Board."
"My spidey senses are up.  China has an extensive spy-satellite network.  Why would they use weather balloons?? Sum ting wong here...."
"The Pentagon confirms that at least THREE Chinese spy balloons flew over the US during Trump’s presidency and he HID THEM from the public and never shot them down."
"Brandon is about as transparent as his Ray-Bans."
"What UNELECTED OFFICIAL...is actually running the Country.? Because &#34;China&#34; Joe is MIA!"
"I guess the video of the balloon popping when hit with the missile wasn&#39;t clear enough for MAGAts."
"It looks like someone is probing for holes in our air defense network as these objects are coming from every direction.    The latest object shot down over Lake Huron had to travel half the length of Canada.   And where is our so called Commander in Chief??????????"
"Hee...It&#39;s almost as tho the 1st balloon carried the relay station w/ instruction software for Jo-Jo&#39;s brain implant...and he&#39;s in hold queue till a replacement&#39;s on station."
"Of course he’s silent, he’s forgotten about them already "
"I expect that we&#39;ll learn something when they know something."
"He needs to be taken out!! His with China and needs to be treated as treason and be 3-7-77"
"Joe is paralyzed. Cannot choose his love of country. USA or China."
"Biden doesn’t speak at all. The teleprompters do all his talking. Biden is merely a puppet and to do what he is told to do. It’s been that way the minute he stepped into office."
"Biden is a joke to our adversaries "
"So now the wacky right thinks Biden is responsible for what flies over other countries like Canada."
"Biden is mad, that he didn&#39;t get 15%."
"The balloons over Lake Huron were from a funeral of a gang member in Chicago.  "
"Shaking Fake Crystal Ball: Madam Skywalker says: The sky is under attack - no so friendly fire, pick your airline wisely."
"Biden is silent because the supposed ufo&#39;s are probably American and used as a deflection for the hunter trash and epstein expose."
"C&#39;mon, man.  It&#39;s not like Joe can condemn China for anything, with all the dirt they have on the Biden Crime Family.  Plus, let&#39;s face it.  Ten percent&#39;s a lot to give up, even for the big guy."
"He is silent because he is upset that balloons are being popped."
"Weakness on display"
"So China just keeps getting away with this then?  Way to &#34;send a message&#34; to deter this."
"President Biden confirm U.S. is being invaded by Joey’s Party 🎈 House on Long Island, open 7 days a week! "
"Nice try Fox. There is a media briefing at 1:00 today. Try to keep up. BBC in Britain is covering it."
"but Joe Biden says his administration is the most transparent administration there ever was"
"REPUBLICAN HYPOCRISY AGAIN: 1 Spy Balloon flying over the US and Republicans are in uproar. 3 BALLOONS FLEW OVER US DURING TRUMPS TENURE and not 1 word. So when GOP complains Biden has us unsafe remind them TFG left us unsafe 3x over AND HID IT FROM THE AMERICAN PPL."
"Biden is receiving senility therapy....."
"Love the photo of dementia joey in the Ray-Ban hiding his reduced gaze stare. "
"What about the emergency raging in Ohio?"
"Incompetent or compromised.  Those really are the only two possibilities at this point.  He actually deserves to be impeached."
"Y&#39;all gotta give lying Biden a break.  It&#39;s only Monday.  He&#39;s still on vacation."
"Isn&#39;t it wonderful that we have someone as sharp a Biden/Harris in charge? "
"The guy was &#34;quiet&#34; and hiding in his basement throughout his entire campaign!!! Are you really surprised that he is silent??!! "
"Trump is soft on ChinaWell, it’s understandable how Trump wouldnt want to anger the Chinese bc that might cause them to cut off his supply of cheap Trump-branded merch &amp;MAGA hats from their sweatshops"
"No UFOs, just deflection away from classified material debacle!"
"Biden is no leader!  Proves it everyday in every situation!"
"at what point, i mean.... what else is it going to take, TO IMPEACH THIS WORTHLESS SO CALLED PRESIDENT AND HIS GOONS??????"
"Joe doesn&#39;t know. He will be told what to say latter maybe."
"Nobody’s told him. "
"Kirby said Joe&#39;s first priority is keeping Americans safe, yet Chinese spies walking across border with suitcases of fentanyl "
"He just got back from his weekend at Bernies..."
"biden is quiet because his handlers have told him to be quiet.  "
"The UFOs must not be Chinese spy balloons, if they were they wouldn&#39;t have been shot down. BTW have you noticed how the salvage operation for that balloon had vanished from the media? Are these UFOs a distraction? In that case they are probably ours!"
"Never fear:  Once the HUGE MOTHER SHIP hovers over the White House, then we&#39;ll understand a bit more about the several advance UFO&#39;s."
"No updates on anything from the most un-transparent administration around!  Nothing to see here, we&#39;re just blowing up things in the sky. "
"Alex Murdaugh, Amazing!"
"Scully and Mulder!!!!"
"The world will be a better place when he is silent forever."
"Why worry? Joe has a plan, right?"
"Biden is afraid that the aliens have come to take him back home."
"I want to hear from, Biden, Harris, Finestein, fetterman and Swalwell about the ballons, would be best comedy bit ever."
"What new distraction will the Biden regime and its allies in the lamestream news media come up with to turn our attention away from this?!Stay tuned…"
"When are WE THE PEOPLE going to start to impeach this administration for failure to protect this Great Country? When are WE going to stand up to these communist leaders in D.C.? They are selling us out by doing NOTHING that they swore to protect. Epic Failure!!"
"Picking on Biden when you all must know he has to run everything past China before he can talk about . Give the poor man a break ."
"Your assuming he knows anything about it. He&#39;s upset because he thought they shot down an ice cream truck."
"This is great. Dems I know don&#39;t have answers about this Party. They&#39;re embarrassed."
"Biden&#39;s still silent about what he had for breakfast...he can&#39;t remember."
"So disrespectful of the 82M patriots who voted for him."
"Dim Joe has no idea about what is going on... This is what happens when you entrust someone with dementia to deal with complex problems..."
"Hey Fox viewers...take a look at these posts...do you really think you&#39;re capable of MAGA?  These posts don&#39;t inspire any confidence in me that you are..."
"President Pinocchio thinks the balloon story is just a bunch of hot air."
"Typical fx propaganda, trying to create panic.... potus Biden will release a statement once all the FACTS have been verified.  No point making any statements without been completely sure on FACTS. "
"installed Joe is not in charge..."
"Relax everybody...Kamala has been appointed the Balloon Czar..."
"Xoe is just glad none of of these were found in the trunk of his Corvette."
"Is this one of those wag the dog thing."
"That photo of Biden always reminds of the villain in the Matrix - Agent Smith."
"Biden isn&#39;t here to please you never pleased repubs..his job is to please us demos..you repubs can go play with yourselves."
"biden is great."
"Is this one of those wag the dog thing."
"Biden isn&#39;t here to please you never pleased repubs..his job is to please us demos..you repubs can go play with yourselves."
"biden is great."
"Nobody has figured this out yet???  You can only get Biden in front of a camera when there are pretty women with freshly washed hair present or someone offering him an ice cream cone."
"Of course Joe Biden is silent.....he is the Manchurian Candidate that CCP help prop up. "
"Doesn&#39;t matter.  Whatever Biden says is either a lie, wrong or will be retracted tomorrow."
"This is the fault of Joe and Hunter Biden. The proof is in the comments section."
"They are here! 👽👽👽"
"Biden always looks like the freebie headlights. We’re in big trouble folks "
"FOLLOW THE MONEY 💰 🤑 💸 THAT CAME FROM CHINA "
"You would think that tough guy Joe would be anxious to display his popcorn show, with all the shoot downs and stuff. "
"He does not know what is happening let alone why"
"Just more proof that Brandon was lying all along about the first one. "
"Joe was seen standing on the balcony of the WH happily clapping and mumbling, &#34;oooo, aaaahhhhhh, look Jilly more pretty balloons!!!&#34;  "
"Fox has Joe confused with WH Press Secty. We pay him too much to spare with Fox&#39;s biased reporters."
"<strong>Biden still silent, America is safe for a little while, until he wakes up.</strong>"
"Biden is a bought and paid for Chinese spy."
"joe need more adrenaline to be somewhat coherent "
"Well somebody should wind his key up then…"
"He&#39;s not silent......  You can hear snoring coming from the oval office......when he&#39;s there....."
"Biden looks more like Jeff Dunham’s ventriloquism dummy ‘Walter’ every day.  Acts like Walter, too—someone else decides what he says."
"Obama still didn’t tell him what to say."
"It really is time for a good World War all over again."
"This walking Koo Koo Klock Mr. MaGoo - Could not run a sandbox - Let alone America - How have we got here ? 🤥🤔🤮😵‍💫🥴."
"Look the Dems won and this is what you have. Dementia Joe getting worse daily... hiding so no answers.. and we have two more years of Dementia and it is getting worse"
"Should he go on Fox and tell Hannity?"
"Who do you think is blowing up the balloons,........Biden of course.  He&#39;s full of hot air."
"Joey &#34;10%&#34; Biden is mad because they shot his party balloons down."
"Joe was a  balloon aviator in WW1 as an artillery spotter till he was shot down by the Red Baron. "
"Bumbling Biden ... EXPLAIN this to us .... yeah, right."
"China&#39;s 10% is paying off with Joe being so tight lipped "
"Everyone is beating the war drums, and the fattest, laziest, most mentally ill and drug addicted nation on the planet is all for it, as long as it&#39;s someone else who goes off to do the fighting. They&#39;ll stay here and play Warcraft in the basement with their Ukraine pins on."
"When can the American people remove Joe from Office?????"
"Has anyone awakened him to try to tell him? Shhh! He’s napping."
"Biden has got to have his diaper changed before he can speak. Even then his handlers have got to juice him up and give him a script."
"Joe is still fast asleep."
"Why seek any comment from Walter the coup puppet? Whatever it says, President Whitehouse will clear it up after he&#39;s finished rambling."
"Republicans complain when he talks too much. They complain when he doesn&#39;t talk enough. You people literally fall for a new narrative every single day. It&#39;s embarrassing. "
"Joey will speak as soon as his new supply of slobber wipes arrive...He used a bunch during the SOTU slobberfest..."
"I went toe to toe with putin, threatened to take trump to the woodshed and took a chain to corn pop and his gang. {Bad to the bone, slowly playing in the background.}"
"Lindsey Graham demands an immediate probe!"
"The usurper says...you will know if I want you to know after all...I  AM YOUR USURPER.....deal with it."
Walter
"He doesn’t know what happened! He’s mentally stable!"
"The O&#39;biden Pack Is Busy Putting Together A CREDIBLE LIE About The Balloons And Train KJP In How To Deliver The PUNCH LINE!!!! DICTATOR Joe Has More Important Matters To Deal With, Right COMRADE JOE!!!!O&#39;biden the Worst Excuse For An American POTUS In American History And Possibly World History!!!!!!"
IMPEACH!!!!!!
"Stuttering Joe needs to blame someone else."
"i guess dementia joes meds are no longer working.. he&#39; in hiding again"
"Alert.   If you take a Hot Air Ballon Ride you go at your own Risk.   Beware Biden I Shooting Down every UFO.."
"President Brain Rot squints, looks at the camera, and mumbles unintelligible nonsense...of course they aren&#39;t putting him in front of the camera...he instill&#39;s lack of confidence."
"Jill was gonna talk but her mouth has been occupied...."
"Fraud elections "
"Airhead Biden "
"Watch out. Crazy Joe will shoot down a plane by mistake. "
Aliens.
"Biden is silent because he doesn&#39;t understand what&#39;s going on and it doesn&#39;t involve Mexicans.  Now, if we had shot down a Mexican aircraft ......oh, you wouldn&#39;t be able to shut him up!  "
"To call that man a leader is a terrible joke."
"WHERE IS BARRACK HUSSAIN OBAMA ?? "
"That is one grumpy face. "
"Sure builds a lot of confidence in this clown.  "
🤡
Aliens.
"Biden is silent because he doesn&#39;t understand what&#39;s going on and it doesn&#39;t involve Mexicans.  Now, if we had shot down a Mexican aircraft ......oh, you wouldn&#39;t be able to shut him up!  "
"To call that man a leader is a terrible joke."
"WHERE IS BARRACK HUSSAIN OBAMA ?? "
"That is one grumpy face. "
"Sure builds a lot of confidence in this clown.  "
🤡
