"Why with everything China has been doing over the last twenty years, with money they get from making our stuff have we not started pulling manufacturing back to dry up their money supply?"
"It now seems premeditated that covid was released deliberately. China knew that democrats would politicize it in the US, a democratic president would be elected and the attention would be on socialism and climate change, not keeping the world safe, while china builds up their military and starts aggressively spying. Its absolutely why the US needs a strong leader-to protect the rest of the world. Like Trump."
"Nice spin, claiming there are balloons everywhere helps take some of the heat off Biden."
"I have the feeling that all these balloons is merely a distraction. I think &#34;they&#34; have bigger motives."
"China testing bio-weapon delivery systems around the world."
"IS it possible that China has seeded the skies of the world with EMP/Weapons and or CBR (Chemical, Biological and Radioactive) dispersal units??    China can maim the world then control the remains with impunity.Our Governments fumbling replies to date are more than scary !!!!"
"While the Free World Nations have been wallowing in the Woke Green Agenda, the Chinese Communist Party has been gaining a foothold throughout the world. "
"&#34;Even though we have seen high altitude balloons in the region before, they have not been a threat, they have not been something of concern for us,&#34; Lt. Gen. Alexus Grynkewich, commander of U.S. Air Forces Central Command. 
Until we know who they belong to and what they were being used for, they are a possible threat!"
"Biden make sure all these spy vehicles are downed in remote areas so the Chinese can’t be exposed. We have a Chinese spy as our president. "
"oh so China is spying all over the place I guess it&#39;s ok then. my bad."
"Surveillance balloons are not acceptable to fly over any country and violate that country&#39;s sovereignty.  "
"We don&#39;t know what is in or attached to the balloons but we know that they are not a threat, Biden&#39;s generals. Meanwhile we shot down 4 in the last week so we can figure out what they are, Biden&#39;s Generals!"
"Interesting that they seem to know for sure that these are Chinese spy balloons when they&#39;re over other countries half a world away even though they haven&#39;t been shot down and recovered and analyzed them, yet of the several that have been shot down and recovered over the U.S. they&#39;re only saying one of them is a confirmed Chinese spy balloon."
"Dems cheating to get rid of Trump and inserting Biden in the WH will have very serious consequences for the nation. "
"China using balloons for surveillance. Apparently the Chinese spy satellites don&#39;t work. "
"and yet the u.s. have spy planes that have been flying for decades. doing the same thing. just use google earth. save time and money"
"Anything else?Where is NATO in all of this at the moment?"
"It&#39;s  time for the world to rise up against China, they have given the world enough grief in the last couple of years. I see no reason for holding back shot them balloons down"
"This obviously didn’t happen under Trump…"
"Maybe, we should be losimg sleep about this general keeping his position.  What ever happened to loose lips sink ships.  Any degree of spying is unacceptable.  "
"Oh, NORAD can detect them anywhere in the world other than the good old U.S.A., huh?!!!"
"China is so not afraid of Slow Joe they have switched to balloons instead of missiles "
"<strong>Chinese surveillance balloons have been detected over Middle East, US Air Force says</strong>So far we&#39;ve been told that they can&#39;t really ID what has been shot down, but they can tell us beyond a shadow of doubt that all these balloons are all Chinese."
"Thank God our spy planes haven’t been spotted yet, or we’d have bad press too!!!"
"They detected balloons over the Middle East, but missed them for 3 days in the U.S.A. and Canada.Yeah, right. The more information leaked about &#34;UFOs&#34;, the deeper this administration and DoD dig themselves. "
"Take NO Survivors!!!!."
"Their plan is to bankrupt the U.S. by making us shoot down thousands of balloons at $50,000 a pop"
"Pop all of them wherever they appear.  "
"Wow. We can detect them everywhere but our own sovereign air space.  Ridiculous"
"&#34;I understand why people are asking the question in the current context, but it’s not something that I lose sleep at night over whatsoever.&#34;&#34;I mean after all, it&#39;s not like somebody used a wrong pronoun.&#34;"
"Pelosi will suggest another day of hugs."
"Now that we&#39;re tracking them, our Air Force should offer &#34;sky-cleaning services&#34; to other countries at no charge! This would be good target practice for pilot training."
"Just in case.  Stay clear of pinatas, until this blows over.  Mexico could be importing pinatas from China "
"The nature of those objects and their country of origin are so far undetermined. Recovery efforts are underway. Ok we believe you. Sounds good. "
"So is China now so concerned about weather that they will join the fight against climate change?"
"I guess Biden knows what’s up in the sky over the Middle East - just not the USA."
"I find it peculiar as to how all of a sudden that they can detect all of these balloons around the world and without a doubt know that they came from China, but cannot figure out who the ones they shot down are from. They have gotten so good that they can even detect balloons the flew during the last administration.."
"They keep lying…but why? Harmless—prove it, just once! Truth is the gov’t   hasn’t a clue how to report this. Great diversion from all that is Biden though…"
"Is there like some school in central China where the science fair ends with kids attaching their projects to balloons and releasing them?"
"Now the big news is balloons.  Balloons for our clown show"
"China is looking for world domination."
"I think Biden is desperate to distract from his disasterous handling of the Chinese spy balloon spy flights.  If nothing else, Biden is consistent  - <strong><em>everything</em></strong> he does is a disaster."
"This was all started by the French!Joseph and Jacques Montgolfier.  These individuals are the real threats to the US.  That is an undeniable fact and is well know by the government.  We need strong leaders that will bring those responsible to JUSTICE!!!"
"ONE NATION.. ONE NATIONAL ANTHEM... GET OVER IT..."
"Are there really so woefully misinformed people in government - surprised by Chinese surveillance worldwide?"
"The Democrats and China testing their next ‘insurance policy’ delivery systems before 2024!"
"Maybe the balloons got away like Covid did."
"Prepare for WWIII. "
"If <strong>anyone</strong>&#39;s air force encounters one of these <strong>anywhere</strong>, they need to have some good &#39;ol <strong>balloon-popping fun</strong>!"
"Stop with all the new-age gobbledygook language.  &#34;China remains the pacing challenge?&#34; Call them what they are! THE ENEMY!"
"They&#39;re looking for a place to build prisoner camps FOR US."
"I would believe Zelinsky over the US military."
"The Chinese are trying to learn how the Syrians make such good bread."
Interesting.
"I saw  a Goodyear balloon today"
