"People may be missing the point. While we do not need their permission, standing in solidarity with our decision/action sends a Crystal-Clear message to China.  "
"China just keeps going in a downward trajectory in the eyes of nations across the world.   Frankly, they can&#39;t be trusted economically, business wise, intellectually, militarily, ect.Too bad for the people that they have a dictatorship in the CCP.  The Chinese people are enslaved to the CCP."
"It&#39;s nice that Japan and ROK are trying to back the legitimacy of shooting down China&#39;s balloons over US skies, but why are we even defending our actions? They sent the balloons, tried to hide their purpose, then they try to blame us for defending our territory? What gall"
"I hope more countries will side with the US."
"Now that’s nice. Geez! "
"So? It&#39;s our airspace. We can shoot down whatever we want without anyone&#39;s permission."
"One reason you file a flight plan. Is so you do not get shot down.Wait till Hot Air Balloon season starts. "
"This is news?  I think not.  It would be news if Japan and South Korea criticized the US for shooting down Trump&#39;s balloon."
"Bunch of tag along little brother useless countries who we pay for."
"Our allies all support America... too bad  Republicans don&#39;t."
"High five "
"Let&#39;s get those Tomahawks and hypersonics to Kyushu soon"
"Wendy Sherman is a leftist WOKE JOKE of the corrupt Biden Regime.Throw her into prison for trying to ruin America. "
