"The Russian distraction in Ukraine has been a great tool for China to allow the United States to deplete its resources and make things easier for aggressive action. We cant keep funding a foreign war that European nations should be handling in their own backyard."
"If the US had strong competent leadership all this would not be happening. "
"Under Biden Americans play poker while the Chinese play the board game go. We bluff and fold, they think a dozen moves ahead and play for victory in the end even if it&#39;s a hundred years away."
"Taiwan will become China&#39;s &#34;Ukraine&#34;. The Taiwan army is far better trained and equipped than the Ukrainians were. A seaborne invasion will also be disastrous and much of Taiwan is mountainous and will provide places for insurgents/guerillas to attack Chinese supply lines/troop movements. Also, the rest of the world will boycott trade with China and then unemployment and social unrest will erupt. I have always believed that China would crumble from within."
"The Chinese have been patient, planned, and made their preparations for the coming war quite well. They&#39;ve been playing the long game for several decades, and now all of their preparations and planning are nearly complete. I don&#39;t think it&#39;ll be long now before Xi makes his move. "
"Hey Joe.  Do you think, given the current World Chaos, we should actually secure the US Border?  Or is continuing to allow Millions of Unvetted Illegals to pour across the Border the Best Strategy for America? "
"The communists are getting ready to make their move, and they know they need to do whatever they&#39;re going to do while biden is still in office.."
"The US should drop its recognition of the communist Chinese government and recognize Taiwan officially.  We should have bases there and deliver a clear intent to protect.  We should levy massive tariffs on the ChiComms, restrict trade, and do everything possible to weaken them."
"We owe China a huge amount of money.  Simply cut off trade with them and refuse to make debt payments.  "
"war with China by 2025."
"China lying about aircraft like they lied about COVID like they lie about not committing any human rights violations. The Chinese government lies."
"It’s not a matter of if China will invade Taiwan, it’s when. It could happen before 2024 election and for certain if the democrats win in 2024. "
"We weren’t directly involved in WW2 in 1939. We provided  material support to Europe to fight Germany there. Then the attack on Pearl Harbor by the Empire of Japan happened. I see a lot of similarities in the world today. Scary times!"
"It&#39;s nothing unusual for democrats to get us in wars to feed their buddies at JP Morgan and other woke banks. Biden seems to be no exception."
"Any country should be able to rid themselves of unauthorized balloons floating thru their airspace.  There are international procedures for countries to get permission from other countries to fly thru their airspace."
"You have to wonder how many Chinese agents are already in Taiwan infiltrated into the military, businesses &amp; government. Let&#39;s face it, they look the same, they speak the same language &amp; they&#39;ve had decades to do it."
"Don&#39;t worry Taiwan as soon as Joe checks with Xi to see if it is okay we will be there. First we must take care of these pesky balloons flying over our country. We are not the leader anymore and we play whatever game China wants."
"China will invade by JuneThe U.S. has zero chance of stopping this"
"While the carrier group puts on a fine show, the most impressive vessels are those submarines, they never know when they will surface and what they are prepared to to do if needed. "
"All Americans are reaping the cost and impact of placing a person in the Office of President that is corrupt and criminally minded not to mention that he and his family has and continues to receive financial payouts from the Chinese Communist Party Government. "
"We all know brandon is weak and will look the other way when China invades. Doing what he&#39;s been paid to do."
"Again Biden&#39;s appeasement policies have emboldened all of our enemies! Our woke Generals are another reason we are in this disasterous situation. Milley and general staff should be convicted of treason and a firing squad is in order. Great job done by the US electorate, with an average IQ =&lt;-1, in 2020."
"When the EMP strike happens, the left-spectrum folks are going to lose their minds because the umbilical to the &#34;collective group-think&#34; is going to be severed.If they all try to assemble in a location to discuss things, that&#39;ll never work either because all they know how to do is riot and destroy things once there&#39;s a congregation."
"Need to give Taiwan ample air and sea defense weapons…and, nuclear tipped missiles aimed at Communist China’s largest cities…as a determined strong deterrence."
"Spy balloons are the new Covid.  They need SOMETHING to keep us afraid!"
"Nothing to see here as the compromised Democrat party has undermined the Chinese, and the Chinese have an ACE in the hole. Our own Puppet PINO has compromised our entire country and is willing to let XI do whatever he wants. Biden needs to be removed and all.his assets frozen and confiscated. Traitors need to pay, until this happens our corrupt government is no better then any other corrupt government. "
"THE ENTIRE WORLD knows they only have two years, TO DO ANYTHING THEY WANT!"
"Remember that movie Red Dawn?  We are going to be living it soon. "
"Taiwan, if you want me to care, if you want me to agree with sacrificing American Troops defending it. Make it a State. That way we can collect Taxes from them and they can help pay for their own defense.I have a few items that are Made in Taiwan, Republic of China."
"Maybe poke little holes for a gradual descent instead blasting to bits for a 8 - 12 mile free fall?"
"The Chinese has never fought well outside of its own borders. They are quite proficient at murdering however their own citizens. To be more exact, about 50 million unarmed peasants since China became a communist country.Japan, very small compared to China, has beat them countless times. Similar to Vikings, Japan invaded and exploited them relentlessly without much military confrontation.But, China will rely on nukes, they know America cannot be beat, or invaded."
"Don’t worry, Biden’s safe in his basement and the family have all their CCP payments converted to gold."
"China knows we are weak at the moment. Taiwan is a diversion. China going for the jugular and will invade the US. "
"As far as the US is concerned...  I guess that Chinese got all the info they need thanks to Biden!"
"While America sleeps and pays no attention, China is planning a world take over."
"Taiwan has no chance. The US can barely defend itself, sad to say. If we get involved in this war, China will take us down. They have all of our military intelligence and coordinates. "
"China’s troops are NOT battle tested like our troops. Chinese troops were beaten like a rented mule by Indian troops at a disputed border region last year. "
"the biden crime family is paid well by china , taiwan is on its own ."
"99 Luft balloons"
"Should have stayed in Afghanistan.  Bagram would be a nice launch site to send US balloons over China, North Korea, and eastern Russia.  It would also be a nice spot for mobile ICBM launchers and bombers.  "
"Like Rome in its decline, we will have civil war and foreign war at the same time."
"China Joe will start another war like he did with Ukraine and bankrupt the country even more. What&#39;s after trillion $$$?"
"Not if but when China invades Taiwan.....Then...."
"Time is NOW for the entire world to boycott China. Put them on the defensive. Cut off their money flow and they will surely shrivel up."
"Here&#39;s the problem:  Outside the liberals on the planet, No one wants woke green new deal or globalism."
"We should launch about 100 balloons a day into China.The cost to shoot down a balloon is easily 1000 times the cost to launch one.If we figure the balloons at $300 each, by the end of the year we will have spent about $330 million, while the Chinese will have spend well over $350 BILLION to shoot them down."
"If there have been spy balloons all around the world for years, what happened to them all? China might be remotely detonating them over the open ocean once their mission is complete."
"That&#39;s a lot of balloons. Do they ever come down?But as Taiwan says, it&#39;s been going on for years. Same thing we&#39;re learning about balloons or objects over our country. It&#39;s been going on for a long time."
"Sorry taiwan, that little imaginary line you use is international airspace, not your airspace. Therefore, there was no incursion. Desperation makes countries make false claims all the time. Anyone remember the WMDs?"
"I&#39;m sure if China invades Taiwan, now, the Big Guy will get 50% cut"
"If true, then Joe and Mr O did not detect it for full 8 years, Taiwanese say that the program was running forever over their country. Joe&#39;s first knowledge was media reporting people in Billings, Montana noticed big balloon in the sky."
"It looks like China may act sooner, rather than later...certainly before President potato head is once again under ground."
"It&#39;s called reconnaissance "
"And we fund all of this by buying their goods. "
"Take out a few. Tell them it appeared they were off course. "
"Hey Joe, this is not checkers, it’s chess."
"Hey Taiwan, quiet down!! don&#39;t you know Brandon administration is trying to make us believe this are UFO&#39;s so that they can cover up for Brandon&#39;s big boss Xi spying on us ?"
"All your fault Grandpa Joe and every one of you maroons that voted for him.   When the world falls its all on YOU.    Think about what you&#39;ve done."
"If the Taiwan Strait is an &#34;unofficial buffer zone&#34; then did China really cross over their airspace? Clearly any of China&#39;s unmanned balloons need to be shot down over our airspace and any other sovereign airspace, but I am very weary of these stories that seem to be attempting to stoke the fires of war by making perceptual infractions sound like definitive ones. "
"&#34;Taiwanese officials believe the balloons serve to measure atmospheric data that can help improve the accuracy of China&#39;s radar and missile systems&#34;.Not to mention real time forward spotting."
"It is just a matter of time, Taiwan will be a part of China."
"Thinking China is a fixin for some shenanigans in the near future……"
"War’s coming. First shots will be in South China Sea. It will spread to Taiwan. Then the nuke will fly.Woke will be a casualty among the millions dead."
"Thank goodness the problem of Chinese spying on the US have been solved.  The US House of Representatives has voted to condemn it.  That’ll show ‘em."
"Bill Clinton giving China missile technology back in the 1990&#39;s will come back to bite us. "
"China somehow stay confused, many millions of unarmed citizens has been ethically cleansed is not the same as fighting a real war.Japan simply walked across China unchallenged...often!"
"TAIWAN need to look for strange object dropped from the balloon at night time activated devices "
"Nice, we can help China out with their population problem."
"wait until the taiwanese see chinese fighter aircraft overhead."
"Thankfully China won&#39;t move while Russia is getting rinsed in Ukraine.  In fact, now that they see the results of US military technology, it is doubtful China ever attacks. "
"Of course they are, Joey isn&#39;t paying attention, he&#39;s off somewhere playing with his balloons..."
"Elect a vegetable to the White House, and the whole world starts to come apart."
"Once again, Fox News, unless the vessels come within 12 nautical miles of Taiwan&#39;s shoreline, it is not their &#34;airspace&#34;.  Stop with the hyperbole.  The difference is a provocation versus an act of war."
"Are we talking Taiwan ROC?"
"This is not a new problem."
"When the world war breaks out the Democrats better be careful. No-one hates liberals more than the average Chinese, although the Taliban could give their hatred for Liberals a run for the money."
"This is what having a totally weak and fake leadership looks like. This never would have happened when Trump was in office. Our country is strong, but the leaders belong in rest homes and jail. "
"China went low tech while we were expecting high tech.  We won&#39;t get fooled again."
"Can we just start this now? Wipe xing ping off the map and get it over with?"
"Let’s get this done with the Chinese. "
"Let’s get this done with the Chinese. "
"Creepy Joe is going to start WW3.    Let’s go Brandon !!!!!"
"The history of those who celebrated  a joyous  visit  with Nancy  hasn&#39;t been promising. "
"when it finally kicks off, we need to sink everything China has with speed and brutality."
"China won&#39;t be able to afford making these balloons for long, either they&#39;ll suffer financially, or they&#39;ll be war to take them out completely."
"China keeps poking the bear. They aren&#39;t too smart."
"Echos Russia build up on the Ukraine border.  Soon Russia and China will have each of are coast block off say, war games."
"Put up an automatic targeting weapons system that plays with the Chinese missile lock on to their jets...See if they keep lingering then.."
"Why wouldn’t China try and take back Taiwan? Who is going to stop them? President PotatoHead? It is going to happen in the next 18 months and before our worthless president is voted out….book it! "
"China needs to be put in check and the United Nations needs to address all of this immediately "
"Ukrainians also didn&#39;t think  Russia would invade in the weeks leading up to the invasion "
"Balloons are staging points for resupply"
"Stock up supplies now while still cheap and available."
"Condemning is the grown up version of pounding your fist on the table. China is just shaking in their boots."
"Taiwan, wouldn&#39;t that have been a good time to site in and make a few tweaks on your rockets? Just saying guys, seemed like a opportunity."
"And how many bats are steering these balloons?"
"Assassinations of political tyrants used to happen once in a while in banana republics and elsewhere, but&#39; it does not happen regularly enough.... That&#39;s the only cure for them!"
"It&#39;s all part of China anyway."
"Brandy says, &#39;hold on lemme empty out strategic petroleum reserves and give more military hardware away so we can&#39;t even defend Miami...&#39;"
"No doubt this is true...but there is no intelligence to be gained from Taiwan.  "
"Now for all of you armchair warriors, you can go to Taiwan and volunteer to help protect it. It&#39;s real easy to do. Put your money where your mouth is, put your own life on the line."
"I think China will invade Taiwan but Biden won’t do anything. If we get into are war welll probably be dragged into it."
"The Osprey has killed more US troops than China has at this point. MIC money over troop safety every time."
"yup its mountain dew"
"Christians World War lll is on the horizon and we have a toothless WOKE military leadership.  Instead of Patton, Nimitz and Eisenhower, we have Tuck and Run Miley and senile Joe.  It is time to pray that God almighty protects us because WOKE military leadership want."
"The west needs to cut off trade with China... the CCP will be overthrown in a week... they have 1.4 BILLION mouths to feed... Rumble!!"
"Has Vegas placed an over under yet for the time-frame of ww3 I&#39;m betting under 1 yr"
"BAN ALL RED CHINESE PRODUCTS FROM IMPORT, NOW.  WE CAN MAKE THEM.  ARREST ANYONE SELLING MADE IN CHINA ITEMS STARTING 60 DAYS AFTER THE BAN.  DO IT NOW.  DEPORT ALL RED CHINESE IMMEDIATELY.  "
"99 Red Balloons.."
"Why wait to invade Taiwan? US gave its weapons to Ukraine &amp; Biden doesn&#39;t know Taiwan from Taipei."
"Biden helped pay for them....."
"It looks like this was intentional "
"2023, The balloon Wars"
"Blue Light Special on Spy Balloons on Aisle Beijing"
"Why isn’t there both an air and ground search team already deployed before they shoot these objects down?"
"looks like taiwan should have found someone better to help them Joe will let you die or come to your aid when there is nothing left to save"
"Chinese chat bots are working overtime against Biden&#39;s Administration for shooting their spy balloons down. "
"All the Chinese had to do to get secrets is go to the Penn office they bought and paid for to house the puppet joe, no need for balloons"
"They are just copying what creepy joe does, let whoever fly whatever in your airspace and do nothing."
"Target practice for your AA guns and missiles... let er rip..."
"Aliens man 🍺🥃🍾🍷🥂🍸👽👽👽👽 not chinese,aliens have you hear the pentagon guys this morning 🎵🎶🎵🎶🎸🎷🎺🪕🥃🍺🎉🎉🎶🎵🎶🎶."
"hiden biden said a minor incursion is ok.  🫡🇨🇳"
"sum tin wong?? hiden biden = 🫡🇨🇳"
