"Rumor has it that these different objects were all a part of a CCP operation to test NORAD&#39;s ability to detect slow moving small objects. Thus they sent objects of different sizes, shapes, materials and at different altitudes. The large balloon that was detected first was used to observe how and when NORAD and other services detected the objects."
"I mentioned earlier why I thought they were doing this. Because they want to know what areas of the country they can pass over with it. And sending different balloons at different latitudes will give them an idea of how muhc of the country they can cover with x number of balloons. So in the case of the next war, then China could launch these number of balloons with a virus and affect most of the US population and military sites. It is possible that covid was released to get an understanding of how such virus could spread and how fast a vaccine could be distributed. So it all could be tied together as China then could pretty much wipe out 90+% population of this country without losing any soldiers of their own. "
"&#34;They only paid for ONE fly over, and that is all they are going to get.&#34;  - Joe Biden"
"When Biden was told there was a fourth balloon near Michigan he asked &#34;Whose birthday is it?&#34;"
"Seems like it would be more cost effective to shoot the balloon with bullets versus missiles. A missile I&#39;m guessing is about $300,000 where I assume the ammo is much less. Perhaps Joe thinks missiles make him look tougher?"
"While the number is alarming, I am more concerned with what information they were gathering, how much did they get and is our national security compromised. As well as why did it take a civilian observation to see this? How many other balloons did China fly over the US?"
"Hey Joe. Do you think, given the current World Chaos, we should actually secure the US Border? Or is continuing to allow Millions of Unvetted Illegals to pour across the Border the Best Strategy for America?  Joe’s transported Unvetted Illegals throughout the country via bus and plane!  At Taxpayer Expense!  It’s either Complete Insane Incompetence or it’s On Purpose! "
"Brandon is about to be the first president to get us involved in an intergalactic war. If Afghanistan wasn&#39;t bad enough..."
"China has been experimenting with these things for a number of years. Over Japan and Taiwan. Here&#39;s an idea! Why don&#39;t we tell them to stop or we will take out the launch site?"
"The latest &#34;object&#34; shot down was believed to a &#34;V&#34; shape object moving east over Lake Huron. Residents on the Canadian side report a shower of feathers drifting from the sky."
"&#34;These most recent objects did not pose a kinetic military threat but their path and proximity to sensitive DOD sites and the altitude that they were flying could be a hazard to civilian aviation and thus raised concerns,&#34; Dalton says.I would say anything chinese flying over our nuclear weapon installations and military bases is a million more times more of a military threat than something flying in northern Alaska, Canada and the Great lakes."
"Is Biden just being silent or is he dead?"
"Those balloons were basically balloons launched by China&#39;s dictator Xi Jinping to test the US government. There is actually a bigger plan. The Stratospheric Hovercraft. This is the evil plan of the Chinese Communist Fascists. The Chinese Communist Party intends to control the Earth&#39;s stratosphere and then use hypersonic missiles to hover over the stratosphere. These balloons would scout the stratosphere of the Earth&#39;s nations. Once the Earth&#39;s stratosphere is controlled by the Xi Jinping regime&#39;s China. It will place nuclear weapons on it. This is a crazy plan."
"I think NORAD just wasnt looking previously. Spy efforts notwithstanding, with the jet stream as it is any balloon launched in Asia will end up over NA. "
"The 4th object in question was actually Gretchen Whitmer testing out the latest repairs made on her broom."
"What is the timeline for these foreign objects that were flown during the trump administration and could we check this out on Google Earth?

Why was the ocean defined in extreme depths during the Montana fly over and then frozen over in the next flights?"
"The taxidermy of Biden is underway!"
"OK, we have these things coming over US territory.  After the first one, that should have been brought down over MT, heads should have rolled.  Starting with the Sec. of Defence, then go down hill from there.  Then you have the occuptant of gov&#39;t housing, aka 1600 Av, that over worked his feeble mind long enough for it to fly over the entire US.  Time to start firing people!!!!"
"Babbling Joe Biden (D) and his LIAR Administration (D) are much more concerned about protecting Ukraine&#39;s border and airspace than they are about protecting our own."
"Somebody wake up the walking dead and ask him for a statement...the American people have questions."
"I just read with tomorrow being Valentines Day the Air Force is on high alert balloon watch. "
"Thank you President Biden for keeping our country safe."
"Biden&#39;s OPEN BORDER and OPEN AIRSPACE on display  !!!"
"&#34;Military fighter jets have shot down at least four aerial objects in U.S. airspace in the past eight days, ....&#34;All others have the count: US airspace, 3; Canada Yukon airspace, 1.  Total: 4."
"I have a question, why do they keep destroying the hardware instead of puncturing the balloon and capturing it intact??
are they hiding something, or do they not want us to KNOW it&#39;s China"
"Nancy downed her fourth bottle of scotch in the last eight days.
She said she was contacted by spirits."
"Joe Biden is our biggest threat from within!"
"They are shooting down &#34;objects&#34; in the sky. Airliners are objects... wouldn&#39;t put it past this panicky response to &#34;objects&#34; to shoot down airplanes."
"President Joe Biden inadvertently dooms the Earth to vaporization after Biden orders alien leader&#39;s space craft shot down."
"Timeline.  2yrs ago dementia patient Joe entered office. China built balloons. Now dementia patient Joe doesn&#39;t know what to do.OUR country is unsafe as it has ever been under dementia patient Joe"
"President Biden dispatched a fighter jet to shoot down a object in the sky over his house in Delaware last night it turned out to be the moon"
"Imagine how many of these airships have been flying around during the Trump administration?  We know Trump shot none of them down.  "
"Biden will say they are friendly enemies."
"if nothing else the communist are getting a good idea of flight and dispatch patterns the United States has in place for aircraft air defense missions."
"Joe Biden has sold exclusive balloon trips to SEE AMERICA to the Chinese.  Really!!!"
"Borrrreing. <strong>It&#39;s time to get back to coverage of tru mp&#39;s journey from president to PRISON.</strong>"
"Anything to distract from the NIH and Pfizer and their gain of function viruses. And the Biden and Zelenskyy crime syndicates.  All of them using your money to kill innocent people around the world."
"Just XI testing our fighter pilots abilities."
"U.S. officials said they believed the object to be a balloon but couldn’t confirm since it broke into pieces after hitting the ocean, The New York Times reported.If it looks like a balloon and acts like a balloon, It&#39;s a balloon."
Amazing
"&#34;It is balloon!&#34;     F-Troop"
"Dementia Joe firing wildly at the sky like Yosemite Sam, is the image that I am getting from this administration"
"If we shoot down one more we can pick a prize from the top row!!! "
"I like &#34;general rifleman ryder&#34; he is hard core john wayne but has nothing on &#34;killem all keane&#34; and &#34;six gun kirby&#34;. when our enemies see these guys lead by maddog milley they tremble"
