"A single EMP device detonated at high altitude over the US would be capable of triggering a cascading failure of our entire interconnected power grid plunging us back to the 1800s for years to come. Experts say the cheapest, least technically complex method of delivery would be a weather-style balloon."
"To say that these items do not represent a threat to American&#39;s safety is just a complety disingenuous statement. Secretary of Defense Austin then goes on to say &#34;We don&#39;t know what they are doing&#34;. Well then you don&#39;t know that they are in fact a threat or not."
"I still don’t understand why they didn’t poke holes in it to bring it down in a more controlled manner instead of crashing it at terminal velocity, taking a good chance of destroying vital information… unless that was Biden’s intention. "
"On the spy satellite, there’s a little plaque that says “ this technology is from the generous contribution of the Biden family foundation”"
"There were hundreds of better, remote options available to take it down, but the Biden Administration chose the Atlantic Ocean.  “Let’s make it as hard as possible “.  Another well thought out Plan! "
"Joe once commanded 9,072 aircraft carriers, that were sailing the Sahara desert. He also was a submarine tank commander. "
"It&#39;s been figured out. China has been testing a method of attaching hypersonic glide vehicles to balloons. Think in terms of multiple independent reentry vehicles (like a nuke), but instead of re-entering from atmosphere, they just fall from high altitude (&#39;rods from God&#39; light). It is kind of an update to the Japanese attempt to do something similar during world war II, that briefly terrorized the Pacific Northwest . So now they are testing their ability to get them over the continental United States unseen. Now we know how that went."
"Sure, that would be my story too. Let me guess, further information as we make it up. Our narrative is still be formatted. "
"Note to self. Do not shoot down over Montana with a rifle or a shoulder mounted surface to air missle. Then retrieve the pieces from the ground. No use an F-22 for hundreds of thousands of dollars and do it over water so that the salvage costs are in the millions. Let&#39;s go Brandon."
"Let&#39;s hope the Navy is better equipped to recover the balloon than what they are showing in the photos.  For one thing, those divers need something to eat.  So, I hope there is something to eat out there.  If Joe was any good, he would be praising the recovery attempts for all the balloons, with emphasis that everyone involved is being well supported by others."
"I thought we had laser capabilities?  Wouldn’t it be cost effective to use laser to bring these down?  Maybe that’s what the Chinese want to know.  Obviously this wasn’t covert in anyway so maybe they wanted to test our capabilities to stop it without a F-22 and 400,000 dollar missile.  Also maybe we didn’t do it to that to expose our capabilities to do so.  "
"So let me get this straight. You can take pictures of the moon and mars but can’t zoom in on a flying object in the sky. "
"This is the only one of the four objects that I&#39;m interested in.It&#39;s size and altitude make this something special that we need to understand."
"If they had shot a few 50 cal. bullets into the balloon while it was still over Alaska or even Canada, the Navy wouldn&#39;t have to work very hard to recover the balloon after it had gently descended to the ground. Why spend a few bucks on some bullets when you can fire a $20,000 missile at a balloon? &#34;Hello! McFly?&#34;"
"What happens if all the smaller balloons being released are a test to see if they can go undetected and also a diversion to keep the satellites and other surveillance in a certain search area while China/Russia/North Korea try to avoid surveillance of their own countries while establishing weapons?  They may be plotting a way to disable our nukes and use them against us in the event of a launch?  Good luck with that because our submarine fleet warfare alone could wipe Russia, North Korea, and China off the map with much weeping and gnashing of teeth.  "
"What I do not understand is why it appears that our military did not have a contingency plan in place to deal with this scenario (a high/altitude ballon carrying a payload, etc.)?  I am almost certain that we do have the capability to retrieve the dangling payload intact, yet chose not to attempt doing so - why?"
"10 days and no information. Telling"
"With love from Fang Fang "
"<ul><li>If our military had not been in liberal Democrat gender-pronoun training they may have noticed one of these incursions!</li></ul>"
"Had Biden told the AF to bring this down over land, rather than blowing it up with a missile over the deep Atlantic, we would have recovered ALL the evidence."
"it&#39;s the tail-wagging the dog scenario. Distraction for something worse happening ,like Biden&#39;s classified documents? the laptop ,the border, etc etc ."
"Noticeable is that Biden doesn&#39;t have them talking about Hunter&#39;s investigation and WHY he has all this stolen Classified Documents in his Penn Fondation and at his own houses... "
"The U.S. has a leadership void at the very top."
"If they shot this thing down over Montana it wouldn’t be taking weeks to recover it "
"I hope some pieces wash up on shore so Patriot Civilians can collect it and we can learn the truth because we aren&#39;t going to get it from this evil administration."
"They have just discovered the Biden Admin shot down the Tesla Roadster that Elon Musk sent up a few years ago as it was parachuting to a landing. It is now scattered over Canada."
"For years we were told to not release balloons at parties or weddings because they might fall into the ocean, then Biden drops a huge balloon RIGHT INTO THE OCEAN! The sea turtles! The poor sea turtles!"
"They had to let it soak in saltwater for a couple of days so any data couldn&#39;t be recovered!"
"It would have been a lot easier to recover in one our desolate states out west that it covered?  Somebody didn’t like that idea?"
"Stamped &#34; Made In The U.S.A.--2021&#34;"
"Wonder how that saltwater worked with those electronics ?"
"Democrats sell 26 million barrels set to be delivered to the market from April 1st to June 30th which will take the number of barrels in the reserve to a new low dating back to 1983. Vote out democrats now or impeach Biden "
"This administration has to be the most IGN0RANT in history. Why wouldnt you tell the Chinese that the wreckage was not found. "
"I&#39;m curious to know if it had transceivers capable of uploading or downloading. Someone in the states might have been doing something with it."
"Why in blazes wasn&#39;t the balloon shot down over open range country of eastern Montana? A lot more could have been recovered with greater ease."
"<ul><li>If the next President elected, underhandedly, is not straight up American with a normal brain I say we might have to do something, as a people, ourselves, to survive this foolishness!</li></ul>"
"President Joe Biden, you need to fire Floyd Austin. "
"The Problem is, they are only fooling themselvesNothing moves without them knowing itOther than that, the rest is bought off...."
"The American people DESERVE to know what was in these balloons. Sadly we will never be told the truth."
"Why are we using Sidewinder missiles (at $400,000-600,000 each) to shoot down static targets like this, when a few 20mm cannon rounds could do the same thing for hundreds of thousands of dollars less? The unidentified objects at 20,000 and 40,000 feet are well within the service ceiling of Air Force aircraft."
"Unnamed sources have reported that a significant portion of the Chinese balloon was filled with fortune cookies.  The fortunes all read &#34;Lets go Brandon!&#34;"
"It is very telling that US businesses continue to build factories in China and give our technology away. That&#39;s what is killing our country: Corporate Greed."
"Could have 100% recovery, if they&#39;d dropped it over land."
"Here&#39;s my opinion... This is a cover because of Seymour Hersh&#39;s article on the Nord Stream terror attack. People are saying what article on Nord Stream 1 and 2? People in the US say they are great at multitasking, but apparently not multi-thinking."
"I told my Buddy, Shell Gas Station Owner Kent Couch of Bend Oregon, Not to Fly in his Lawn Chair &amp; Balloons for awhile!"
"All lies….The only reason to “shoot down” an unidentified object over water is if you have no intention of recovering the object.Just ask Brandon…."
"Bravo US Navy!"
"The remains will end up in Area 51…never to be seen again…Epstein’s black book is there too…"
"our government is totally incompetent."
"&#34;They do not present a military threat to anyone on the ground,&#34; Defense Secretary Lloyd Austin said Monday. &#34;
&#34;They are gathering intelligence for future operations Bright Guy!
How hard is that to figure out?? 
Find your opponents weak spots, map them and use them in the future!
&#34;Biden/Obama&#39;s appointments to various positions is scary!&#34;"
"The FBI will store the downed balloon in the same closed as the Hunter laptop, Russian collusion information and the Epstein black book of Johns."
"The shooting down of the Chinese spy balloon and the subsequent recovery of said balloon and some of its baggage is the most significant accomplishment for a Democrat administration in decades. China is devastated. The global struggle for dominance is afoot."
"Sure, it&#39;s an overreaction to shoot down a weather balloon, but then again, should they be flying at altitudes where civilian aircraft fly?  Then again, we may never know the real truth behind all this.  "
"At first report when the object was shot down over the Atlantic, they said it was in 47 feet of water.  How can they take over a week to fully recover this?  Are they ever truly going to release their findings on these objects to the general public?  My bet, is no!"
"This is like finding Hunters laptop.  🍿 "
"Do you really trust this administration to tell us the truth about this balloon? They can’t say it was a spy balloon because they let it fly all across the country. Instead they’ll say it really was just a harmless weather balloon. Nothing to see here!"
"How do they know they posed no threat while flying?? They ARE trying to guide the narrative. Those balloons could easily be weapons delivery systems. They just want to look like they are knowledgeable and in control. Don’t be fooled America !!!"
"&#34;US officials were stunned to learn that all it&#39;s technology was ours&#34;."
"And the FBI said: &#34;There was no Chinese balloon that invaded U.S. airspace. That is Russian disinformation.&#34; "
"These &#34;objects&#34; suddenly  appearing and being shot down but not recovered, seem to be the biden administration&#39;s way to distract Americans from his classified documents fiasco and Hunter&#39;s laptop. All mentions of both have magically disappeared from the media."
"Biden to CCP:  Keep the checks coming, I&#39;ve got your back."
"China just issued a statement.. &#34;It was weather barroon. Totary not for spying.&#34;"
"Have they confirmed they found ETs iPhone yet?"
"Inept does not begin to describe this so-called administration."
"Unleashing a virus and waging war on humanity should have been a clue they were up to no good. "
"China balloons with spying equipment are allowed to spy, other harmless ones are shot down.We&#39;re told we can&#39;t shoot down balloons over land, then we shoot down balloons over land.We&#39;re told careful assessment is needed to find out what the balloon is doing before taking it down, now we&#39;re shooting at everything without knowing what it is.Why can&#39;t Biden stop lying and why can&#39;t he do anything right ?"
"China owns Biden."
"Well, you can rule out that anyone in this administration would ever tell the truth, or let anyone under them tell the truth either!!! "
"&#34;unidentified objects&#34; Who exactly are we keeping their identity from? The Chinese? I&#39;m pretty sure that they already know. American citizens? Why? "
"Joe Biden recalls being a Chinese Spy Balloon.  🤪"
"Pilots reported communication interference as they near airship indicating radar blocks, emps, can bring down planes and cause mayhem besides taking pictures and beaming to China Satellites 34,000 around to China Beijing Data Centers for Military targets. Putin will be interested along with enemies. "
"My iPhone was shot after I walked outside in very light rain to the car. This thing has been submerged in saltwater for a week.Good luck!"
"Distractions who cares drama drag it out to keep you focused "
"Navy Officer Lippold was straight on target about this situation and the clear view of how it would play out from all directions. Very good answers with the panel. Clear, complete, and concise. I’m in total agreement with what he said. We better pay attention."
"Seriously, if a private salvage contractor were called, the job would have already been completed.  SMH"
"This balloon was not supposed to be fully recovered it was allowed to transverse the continental U.S. unimpeded and not to be brought down over land but over water over a hundred feet deep. This was the most important spy balloon "
"Maybe BRAC wasn’t a good thing in the 90’s?  Shutting down Pave Paw bases seems to have back fired."
"So why are we wasting million dollar missiles on these balloons when you could take them down with wake turbulence. "
"It still had Biden&#39;s initials on it!"
"Now we know the temperature at 80 000 feet"
"When you go deer hunting you don&#39;t shoot at sound or if you think it&#39;s a deer....but I guess since our president has dementia he can tell someone to shoot and ask questions later, then pleed the 5th..."
"TODAY&#39;S BREAKING NEWS NEVER ON FOX, OF COURSEJudge McBurney, Fulton co, Ga will release parts of Fanni Will&#39;s Special Grand Jury report on Thurs. Willis says indictments are imminent. There are seventeen targets (Trump ??)"
"&#34;They do not present a military threat to anyone on the ground,&#34; Defense Secretary Lloyd Austin said Monday.

funny their excuse for not shooting it down over land was danger to people on the ground. which lie is the truth?"
"Despite the hysteria from Republicans &#34;Balloongate&#34; actually turned out really well for the US and for the Commander in Chief Joe Biden.We now know all there is know about Chinese surveillance balloons.Defense officials say that spy balloons have entered US airspace on a number of occasions under Trump but they went undetected.. so the Biden admin has obviously solved that problem. We know that the US military were able to disable the equipment onboard the balloon <em>&#34;to protect against the balloon&#39;s collection of sensitive information, mitigating its intelligence value to the PRC</em>&#34;. So despite what the GOP say the Chinese were unable gather any info about military sites as the balloon crossed the country, it also allowed the US time to <em>&#34;study and scrutinize the balloon and its equipment&#34;</em> eventually the balloon was shot it down over water instead of over Alaska, this enabled the US to recover the wreckage from the sea and the opportunity to examine the actual hardware. USA !! USA!! USA !!"
"I hope that we are sending hundreds of objects over Communist China at this moment. But with China Joe at the helm, we are more likely to send some ice cream to Xi Jinping as a peace offering. Joe gives a whole new meaning to weak."
"what about Joe&#39;s and Hunter&#39;s gifts and commission s"
"dateline 2062. today one page of the Warren commission report was released to the people of the United States. it stated we knew J.F.K had been shot in Dallas. also he federal government stated that in another 75 years we will know what was in the balloon China floated over head in 2023.  "
"I bet Swalwell is getting real nervous.  "
"The Apple Dumpling Gang running DoD."
"One person says “we cannot rule out that these are weather balloons,” while a general says “I cannot rule out that these are aliens.” "
"China will just keep sending these things our way now since they know they were able to get that first one to make it so far...  They may just send a bunch all at once.. They know this administration is weak..."
"It’s in 45 feet of water and this is the second time i’ve seen only one boat on the recovery scene…, really?"
"White House announces interagency team to address &#39;unidentified aerial objects&#39; CNN<ul><li>So our military does not or did not have such a team?  Do they have guns at least with bullets in them?</li></ul>"
"It’s great that China wants to offer target practice to assist us in refining our missile tech. Free targets. "
"Defense and administration spokes people seem to be giving hollow assurances about objects they have not yet recovered and analyzed. It is reasonable to assume without any prior indications that China would not be sending over balloons with weapons on board. But they actually don&#39;t even know that three of the balloons originated with China. What if they were launched by Iran with chemical or biological weapons on board, doubtful, but they don&#39;t really know. Administration spokes persons should be making more qualified statements. Such knee-jerk assurances lack credibility."
"the air force took some programs out of the software, so the radars wouldn&#39;t be bothered by small stuff. Now comes the Chinese who knows that and uses an 18th century invention and put a payload under it most likely made out of plastic. When the time is right, they will attach Nuclear warheads on these and goodbye America. "
"We all know what happens to our cell phones, lap tops and other electronic devices that get wet. Wonder how much information the Government &#34;master minds&#34; are going to retrieve from electronic equipment that has been submerged in &#34;salt water&#34; for the better part of a week ? Their answers / reporting is probably going to be earth shattering !"
"Biden&#39;s plan worked perfectly as much of the craft will never be found and therefore can&#39;t be scrutinized. "
"Official Report:   &#34;It appears the balloon was delivering chinese food&#34;"
"Before you &#39;all go shootin&#39; down balloons in New Mexico airspace, make sure they don&#39;t have a gondola full of people attached.We are known for our balloon festivals.What to look for:A very large multi-colored balloon (shaped like a lightbulb) with a basket attached with a burner and propane cylinders and usually with people riding inside the basket."
"if only it had been shot down over Montana,   all 100% of the &#34;balloon&#34; would have been recovered by now."
"How about the other three? Has anyone seen them? Do they actually exist?  "
"Joe once flew a Balloon back from the emerald city"
"Navy and coast guard have bigger ships that a little diggy ! Guess they do not care much for recovery.....or safety."
"Great, but wouldn&#39;t it have been easier to knock it down over Montana or Nebraska?  There&#39;s nothing important for it to have fallen on in Missouri, either.  "
"Did the spy balloon have some of those missing Biden Top Secret documents? I guess Xi was just returning them! "
"John Kirby forgot that millions of Americans saw Biden&#39;s Chinese Spy Balloon with their over eyes, it hovered over US bases in the heartland for 8 days ... there is no evidence of any others, for all we know newly trigger-happy Biden shot down our own US Weather Balloons and Seagulls."
"Still no pictures "
"Did anyone check these for viruses?"
"A week to find it cuz they did not have resources there when they shot it down.Another Biden failure"
"Our military is in bad shape.  This is such an embarrassment."
"Whatever you think of Biden&#39;s &#39;decisions&#39; regarding these balloons, consider this-*He allowed the first one to float across the entire country, possibly collecting data (and completing its mission) before downing it in the water, using the excuse that it would have been too dangerous to shoot it down over land.*After receiving huge amounts of flack from both detractors and supporters, he shot the next 3 down over land.REGARDLESS of what&#39;s the right or wrong decision, HE FLIP-FLOPPED IN A TIME OF TENSION UNDER PRESSURE FROM THE PUBLIC, showing a COMPLETE lack of leadership."
"Actually the second balloon was mine, I filled one of my rubber&#39;s up with helium, tied it and let it float off. Sorry about that folks, my bad."
"If the debris has &#34;Chuck E. Cheese&#34; emblazoned on it ..."
"Do not hold your breath if you expect to see any of the associated spy debris or hear a truthful, valid statement from the government. I learned that while recovering the Challenger. "
"Lloyd Austin is completely incompetent. "
"Maybe this is how the Chinese steal our trade secrets? Or, maybe they head for Joe’s garage sale?"
"It’s a shame that they aren’t recovering President Chi’s body. "
"So what are they. Tell us. We deserve to know. I’m sure there are many pictures"
"all your smartphone and banking accounts data are in the spy chinese black box"
"I wonder how many of these three recent unidentified objects <strong><em>are</em></strong> actually old weather balloons?"
"Had they had their COVID shots?"
"Set up a Defensive Line along the Barents Sea,  Shoot down any UFO crossing into international waters.  Weapons need to be on &#34;Open&#34;.  We need to send the Chinese a message.  They will back down."
"Wait! I thought we couldn&#39;t say ice.. What happened to frozen water?   Did it get canceled?"
"I can&#39;t wait to hear about which weather sensors are on-board?"
"The electronics they were looking for???  Yhea, blown up, smashed to bits and sitting in saltwater for days.  The stuff is beyond learning from. Maybe they&#39;ll put it in rice for a few days.  "
"Headline should read - US Navy recovers &#39;significant&#39; portion of China/Biden spy balloon"
"If it was a weather balloon, they&#39;ll say it was spy apparatus.
If it was personally owned, they&#39;ll say it was Chinese government owned.
If they say no data was transmitted, lots of data was transmitted.
We will hear NO truth about any of this. 
"
"so Biden shot down three weather balloons and one spy balloon."
"ALF did it.................."
"Hmmm no mask"
"We could take these balloons down with a laser from the ground without using a billion dollars worth of airplanes and missiles. "
"Where is this Canadia that they were talking about"
"These &#34;sightings&#34; are a distraction. Something worse is yet to come between now and the next inauguration day."
"Weather balloon, not spyware."
"This is exactly why the military preferred more of a soft landing for the gear attached to the balloon.  "
"Wait, so Trump&#39;s wall didn&#39;t stop the balloons? "
"I assume it has been definitively identified as &#34;Made In China&#34;"
"Let me guess…it had “ Made in China “ stamped on it."
"I&#39;m still wondering why the PM of Canada <strong>Justin Trudeau ordered an American Air Force jet to shoot down that balloon.  Is sleepy joe napping again.. Another countries leader acts as Commander And Chief of the US.</strong><strong>                                             Is the media going to comment on that ?</strong>"
"And it had already completed its mission. Lets go Brandon. "
"Challenge accepted. It ain&#39;t a gender reveal if you can&#39;t get them to fire a half a million dollar missle."
"The balloon housed Hillary’s emails"
"&#34;Navy recovers &#39;significant&#39; portion of Chinese spy aircraft off American coast&#34; like what, a box of debris"
"Has it been revealed in any detail what this thing actually was?"
"We&#39;re getting Nickel and Dimed with information...probably better off waiting for the movie. "
"Why the need for a balloon?.Do they not have Google Earth? "
"Glad ole joe let the spy balloon travel over what? 150 nuclear launch silos in Montana/Wyoming and then over the rest of the country before he was hammered so bad by the conservatives he had to have it shot down.  "
"Is it going to turn out to be a weather balloon like the spacecraft at Roswell?"
"So will it take years before the communist fbi to give us any information?"
" $400,000 per missile, to down  weather balloons. "
"That&#39;s the boat I&#39;d send to recover 2-3 school buses..."
"One was shot down at a height under 20k feet.  Why use a missle to destroy it and not an Apache with lead rounds?"
"Is NORAD going after all birthday balloons these days?"
"Careful... the ChiCom&#39;s version of the Red October might be lurking right beneath you."
"Is this guy doing the Erkel thing about a HellFire missile? Yes, you did that."
"There are missing classified documents from Brandons garage in it."
"I saw a political cartoon last week -----The balloon is up in the sky, in the distance, and a man is saying, to a caricature of Eric Swalwall, &#34;Hey....your ride&#39;s here!&#34;"
"unidentified objects..... Did anybody see the pictures or evidence of the other three? They supposedly shot down. You got to remember we&#39;re dealing with the lying OBiden administration. That&#39;s $150 million plane they sent after these so called unidentified objects You would think it would have a camera on it."
"Why are we using a billion dollars worth of aircraft and missiles when we could just pop it with a laser from the ground. "
"Is this guy doing the Erkel thing about a HellFire missile? Yes, you did that."
"unidentified objects..... Did anybody see the pictures or evidence of the other three? They supposedly shot down. You got to remember we&#39;re dealing with the lying OBiden administration. That&#39;s $150 million plane they sent after these so called unidentified objects You would think it would have a camera on it."
"I saw a political cartoon last week -----The balloon is up in the sky, in the distance, and a man is saying, to a caricature of Eric Swalwall, &#34;Hey....your ride&#39;s here!&#34;"
"Why are we using a billion dollars worth of aircraft and missiles when we could just pop it with a laser from the ground. "
"The Baby Donnie balloons still fly all over Europe"
"good job to the divers! "
"That photo will not standup to Washington Crossing the Delaware."
"... and instantly Republicans &#34;demand answers.&#34;They need the Biden adminstration to tell the American people that the stuff recovered was wet."
"... and instantly Republicans &#34;demand answers.&#34;   They need the Biden adminstration to tell the American people that the stuff recovered was wet.   "
"They don’t represent a threat? Can’t wait till this circus is ousted!!"
"... and instantly Republicans &#34;demand answers.&#34;They need the Biden adminstration to tell the American people that the stuff recovered was wet."
"Is same story day after day. I wish they would at least change the headline picture."
"You guys still fishing for the pieces?  You told everyone that this would be quick and easy."
"keep it away from Joe and his cronies.  they will not be forthcoming. "
"So there were no ways to take it down without blowing it into 500 billion pieces?"
"Was Ray Epps behind these balloons?"
"<ul><li>Feels like a nation stumbling and feeling around in the dark like an old dementia-riddled man playing president!   </li></ul>"
"<ul><li>Feels like a nation stumbling and feeling around in the dark like an old dementia-riddled man playing president!</li></ul>"
"Sleepy joe had a fourth object shot down after consulting with his son Hunter to make sure he wasn&#39;t HIGH AS A KITE.."
"What&#39;s going on with Hunter, and the weaponization of the FBI"
"that means they got the string"
"Any chance they found another Hunter Biden laptop?"
"It is nice to have our US Navy divers back here doing good. The few that blew up NordStream 2 should feel great shame."
"Donny One-Term just let these things run rampant all across America!"
"So many EMP experts here.... "
"Have all the blimps been accounted for?"
"awwww....did the balloons frighten you , little magas?"
"22 people shot this weekend in chicago , and we are worried about the chinese."
"No country dared spy on the US until Joe Biden became President! "
"Well Marjorie Greene has weighed in again:   &#34;Do you guys remember on 9/11 when an airplane crashed in Pennsylvania?... It killed everyone on board, but it didn&#39;t kill anyone on the ground&#34;   &#34;So they want to tell all of us that it was too risky to take down that Chinese spy balloon over rural Idaho or Montana, or any of these other states, or Alaska? They’re liars!”   “You can only see it two ways. Either they’re liars or they’re cowards or our president is sold out to China. You know what? I’ll go with all three.” Can&#39;t argue with that logic or her arithmetic. Or at least there would be no point in trying."
"Of course it broke apart. You shot it with a half million dollar air to air missle."
"The object shot down over Alaska broke apart in midair and did not float to the ground.???"
"Now it becomes Hunter Biden laptop fiasco doppelganger. "
"But Biden! 🦜 But Biden! 🦜 But Biden! Kaw, Kaw, Kaw, Biscuit Eater!!! 🦜🦜🦜🦜🦜🇺🇸🇺🇸🇺🇸 BIDEN/HARRIS 🇺🇸🇺🇸🇺🇸 2024 🇺🇸🇺🇸🇺🇸"
"they could tell if it was parts from a chinese spy balloon or items from the dollar store dumpster…"
"Mission success. "
"Austin is as incompetent as the Vegetable-in-Chief"
"Nope, Lloyd Austin is a Biden uncle tom. Can anyone believe any thing Biden says??!!"
"<strong>Why was the title of the article &#34;AIRCRAFT&#34; if it&#39;s called a BALLOON here ??? Is this just clickbait ???</strong>"
"Imagine how much would’ve been recovered if Diaper Joe’s minions had shot it down before it reached the Atlantic Ocean. Duh!🤡"
"Well it’s about time isn’t it!
Aliens = NWO, don’t fall for it!"
"Did it come with a Fortune Cookie ?"
"We should send the Donnie Blimp over China and see ow they like it"
"Looks like Al Sharptons depends "
"Propaganda is getting thick."
"THANKS BIDEN VOTERS! Biden is managing to be defeated by balloons! Jesus 10 pound 9 ounce tap dancing Christ… OUR PRESIDENT HAS DEMENTIA! "
"If you believe anything Lloyd Austin says...that&#39;s on you. He is incompetence incarnate. The absolute worst SecDef this country has ever seen."
"The story would be the same even if nothing was recovered. The Jewvernment controls the media.  Jews are not Semites. Arabs are. "
"习主席将在拜登卸任前入侵台湾。 我们需要准备好对付他们。 暴君只懂实力。"
"习主席将在拜登卸任前入侵台湾。 我们需要准备好对付他们。 暴君只懂实力。"
"A single EMP device detonated at high altitude over the US would be capable of triggering a cascading failure of our entire interconnected power grid plunging us back to the 1800s for years to come. Experts say the cheapest, least technically complex method of delivery would be a weather-style balloon."
"To say that these items do not represent a threat to American&#39;s safety is just a complety disingenuous statement. Secretary of Defense Austin then goes on to say &#34;We don&#39;t know what they are doing&#34;. Well then you don&#39;t know that they are in fact a threat or not."
"I still don’t understand why they didn’t poke holes in it to bring it down in a more controlled manner instead of crashing it at terminal velocity, taking a good chance of destroying vital information… unless that was Biden’s intention. "
"On the spy satellite, there’s a little plaque that says “ this technology is from the generous contribution of the Biden family foundation”"
"There were hundreds of better, remote options available to take it down, but the Biden Administration chose the Atlantic Ocean.  “Let’s make it as hard as possible “.  Another well thought out Plan! "
"Joe once commanded 9,072 aircraft carriers, that were sailing the Sahara desert. He also was a submarine tank commander. "
"It&#39;s been figured out. China has been testing a method of attaching hypersonic glide vehicles to balloons. Think in terms of multiple independent reentry vehicles (like a nuke), but instead of re-entering from atmosphere, they just fall from high altitude (&#39;rods from God&#39; light). It is kind of an update to the Japanese attempt to do something similar during world war II, that briefly terrorized the Pacific Northwest . So now they are testing their ability to get them over the continental United States unseen. Now we know how that went."
"Sure, that would be my story too. Let me guess, further information as we make it up. Our narrative is still be formatted. "
"Note to self. Do not shoot down over Montana with a rifle or a shoulder mounted surface to air missle. Then retrieve the pieces from the ground. No use an F-22 for hundreds of thousands of dollars and do it over water so that the salvage costs are in the millions. Let&#39;s go Brandon."
"Let&#39;s hope the Navy is better equipped to recover the balloon than what they are showing in the photos.  For one thing, those divers need something to eat.  So, I hope there is something to eat out there.  If Joe was any good, he would be praising the recovery attempts for all the balloons, with emphasis that everyone involved is being well supported by others."
"I thought we had laser capabilities?  Wouldn’t it be cost effective to use laser to bring these down?  Maybe that’s what the Chinese want to know.  Obviously this wasn’t covert in anyway so maybe they wanted to test our capabilities to stop it without a F-22 and 400,000 dollar missile.  Also maybe we didn’t do it to that to expose our capabilities to do so.  "
"So let me get this straight. You can take pictures of the moon and mars but can’t zoom in on a flying object in the sky. "
"This is the only one of the four objects that I&#39;m interested in.It&#39;s size and altitude make this something special that we need to understand."
"If they had shot a few 50 cal. bullets into the balloon while it was still over Alaska or even Canada, the Navy wouldn&#39;t have to work very hard to recover the balloon after it had gently descended to the ground. Why spend a few bucks on some bullets when you can fire a $20,000 missile at a balloon? &#34;Hello! McFly?&#34;"
"What happens if all the smaller balloons being released are a test to see if they can go undetected and also a diversion to keep the satellites and other surveillance in a certain search area while China/Russia/North Korea try to avoid surveillance of their own countries while establishing weapons?  They may be plotting a way to disable our nukes and use them against us in the event of a launch?  Good luck with that because our submarine fleet warfare alone could wipe Russia, North Korea, and China off the map with much weeping and gnashing of teeth.  "
"What I do not understand is why it appears that our military did not have a contingency plan in place to deal with this scenario (a high/altitude ballon carrying a payload, etc.)?  I am almost certain that we do have the capability to retrieve the dangling payload intact, yet chose not to attempt doing so - why?"
"10 days and no information. Telling"
"With love from Fang Fang "
"<ul><li>If our military had not been in liberal Democrat gender-pronoun training they may have noticed one of these incursions!</li></ul>"
"Had Biden told the AF to bring this down over land, rather than blowing it up with a missile over the deep Atlantic, we would have recovered ALL the evidence."
"it&#39;s the tail-wagging the dog scenario. Distraction for something worse happening ,like Biden&#39;s classified documents? the laptop ,the border, etc etc ."
"Noticeable is that Biden doesn&#39;t have them talking about Hunter&#39;s investigation and WHY he has all this stolen Classified Documents in his Penn Fondation and at his own houses... "
"The U.S. has a leadership void at the very top."
"If they shot this thing down over Montana it wouldn’t be taking weeks to recover it "
"I hope some pieces wash up on shore so Patriot Civilians can collect it and we can learn the truth because we aren&#39;t going to get it from this evil administration."
"They have just discovered the Biden Admin shot down the Tesla Roadster that Elon Musk sent up a few years ago as it was parachuting to a landing. It is now scattered over Canada."
"For years we were told to not release balloons at parties or weddings because they might fall into the ocean, then Biden drops a huge balloon RIGHT INTO THE OCEAN! The sea turtles! The poor sea turtles!"
"They had to let it soak in saltwater for a couple of days so any data couldn&#39;t be recovered!"
"It would have been a lot easier to recover in one our desolate states out west that it covered?  Somebody didn’t like that idea?"
"Stamped &#34; Made In The U.S.A.--2021&#34;"
"Wonder how that saltwater worked with those electronics ?"
"Democrats sell 26 million barrels set to be delivered to the market from April 1st to June 30th which will take the number of barrels in the reserve to a new low dating back to 1983. Vote out democrats now or impeach Biden "
"This administration has to be the most IGN0RANT in history. Why wouldnt you tell the Chinese that the wreckage was not found. "
"I&#39;m curious to know if it had transceivers capable of uploading or downloading. Someone in the states might have been doing something with it."
"Why in blazes wasn&#39;t the balloon shot down over open range country of eastern Montana? A lot more could have been recovered with greater ease."
"<ul><li>If the next President elected, underhandedly, is not straight up American with a normal brain I say we might have to do something, as a people, ourselves, to survive this foolishness!</li></ul>"
"President Joe Biden, you need to fire Floyd Austin. "
"The Problem is, they are only fooling themselvesNothing moves without them knowing itOther than that, the rest is bought off...."
"The American people DESERVE to know what was in these balloons. Sadly we will never be told the truth."
"Unnamed sources have reported that a significant portion of the Chinese balloon was filled with fortune cookies.  The fortunes all read &#34;Lets go Brandon!&#34;"
"Why are we using Sidewinder missiles (at $400,000-600,000 each) to shoot down static targets like this, when a few 20mm cannon rounds could do the same thing for hundreds of thousands of dollars less? The unidentified objects at 20,000 and 40,000 feet are well within the service ceiling of Air Force aircraft."
"It is very telling that US businesses continue to build factories in China and give our technology away. That&#39;s what is killing our country: Corporate Greed."
"Could have 100% recovery, if they&#39;d dropped it over land."
"Here&#39;s my opinion... This is a cover because of Seymour Hersh&#39;s article on the Nord Stream terror attack. People are saying what article on Nord Stream 1 and 2? People in the US say they are great at multitasking, but apparently not multi-thinking."
"I told my Buddy, Shell Gas Station Owner Kent Couch of Bend Oregon, Not to Fly in his Lawn Chair &amp; Balloons for awhile!"
"All lies….The only reason to “shoot down” an unidentified object over water is if you have no intention of recovering the object.Just ask Brandon…."
"Bravo US Navy!"
"The remains will end up in Area 51…never to be seen again…Epstein’s black book is there too…"
"our government is totally incompetent."
"The FBI will store the downed balloon in the same closed as the Hunter laptop, Russian collusion information and the Epstein black book of Johns."
"&#34;They do not present a military threat to anyone on the ground,&#34; Defense Secretary Lloyd Austin said Monday. &#34;
&#34;They are gathering intelligence for future operations Bright Guy!
How hard is that to figure out?? 
Find your opponents weak spots, map them and use them in the future!
&#34;Biden/Obama&#39;s appointments to various positions is scary!&#34;"
"The shooting down of the Chinese spy balloon and the subsequent recovery of said balloon and some of its baggage is the most significant accomplishment for a Democrat administration in decades. China is devastated. The global struggle for dominance is afoot."
"Sure, it&#39;s an overreaction to shoot down a weather balloon, but then again, should they be flying at altitudes where civilian aircraft fly?  Then again, we may never know the real truth behind all this.  "
"At first report when the object was shot down over the Atlantic, they said it was in 47 feet of water.  How can they take over a week to fully recover this?  Are they ever truly going to release their findings on these objects to the general public?  My bet, is no!"
"This is like finding Hunters laptop.  🍿 "
"Do you really trust this administration to tell us the truth about this balloon? They can’t say it was a spy balloon because they let it fly all across the country. Instead they’ll say it really was just a harmless weather balloon. Nothing to see here!"
"How do they know they posed no threat while flying?? They ARE trying to guide the narrative. Those balloons could easily be weapons delivery systems. They just want to look like they are knowledgeable and in control. Don’t be fooled America !!!"
"&#34;US officials were stunned to learn that all it&#39;s technology was ours&#34;."
"And the FBI said: &#34;There was no Chinese balloon that invaded U.S. airspace. That is Russian disinformation.&#34; "
"These &#34;objects&#34; suddenly  appearing and being shot down but not recovered, seem to be the biden administration&#39;s way to distract Americans from his classified documents fiasco and Hunter&#39;s laptop. All mentions of both have magically disappeared from the media."
"Biden to CCP:  Keep the checks coming, I&#39;ve got your back."
"China just issued a statement.. &#34;It was weather barroon. Totary not for spying.&#34;"
"Have they confirmed they found ETs iPhone yet?"
"Inept does not begin to describe this so-called administration."
"Unleashing a virus and waging war on humanity should have been a clue they were up to no good. "
"China balloons with spying equipment are allowed to spy, other harmless ones are shot down.We&#39;re told we can&#39;t shoot down balloons over land, then we shoot down balloons over land.We&#39;re told careful assessment is needed to find out what the balloon is doing before taking it down, now we&#39;re shooting at everything without knowing what it is.Why can&#39;t Biden stop lying and why can&#39;t he do anything right ?"
"China owns Biden."
"Well, you can rule out that anyone in this administration would ever tell the truth, or let anyone under them tell the truth either!!! "
"&#34;unidentified objects&#34; Who exactly are we keeping their identity from? The Chinese? I&#39;m pretty sure that they already know. American citizens? Why? "
"Joe Biden recalls being a Chinese Spy Balloon.  🤪"
"Pilots reported communication interference as they near airship indicating radar blocks, emps, can bring down planes and cause mayhem besides taking pictures and beaming to China Satellites 34,000 around to China Beijing Data Centers for Military targets. Putin will be interested along with enemies. "
"My iPhone was shot after I walked outside in very light rain to the car. This thing has been submerged in saltwater for a week.Good luck!"
"Distractions who cares drama drag it out to keep you focused "
"Navy Officer Lippold was straight on target about this situation and the clear view of how it would play out from all directions. Very good answers with the panel. Clear, complete, and concise. I’m in total agreement with what he said. We better pay attention."
"Seriously, if a private salvage contractor were called, the job would have already been completed.  SMH"
"This balloon was not supposed to be fully recovered it was allowed to transverse the continental U.S. unimpeded and not to be brought down over land but over water over a hundred feet deep. This was the most important spy balloon "
"Maybe BRAC wasn’t a good thing in the 90’s?  Shutting down Pave Paw bases seems to have back fired."
"So why are we wasting million dollar missiles on these balloons when you could take them down with wake turbulence. "
"It still had Biden&#39;s initials on it!"
"Now we know the temperature at 80 000 feet"
