"Proxy wars are how many high powered Democrats make their fortunes. If there isn&#39;t a war when they enter office, there will be one somewhere soon. It&#39;s one way to keep the troops trained, and new deadly platforms can be put in real world testing."
"One thing I like, lately, when I pick some clothing up to make sure it wasn&#39;t made in China, I&#39;m happy to see that mostly it&#39;s not. Let&#39;s keep this up!"
"Don&#39;t like China, but have to agree with them. It&#39;s true. We are basically funding and supplying the Ukrainian Russian war. Really don&#39;t have any room to talk bout what China might do. Smart thing right now would be to cut back on U.S. aid to Ukraine, and cut way back on our dependence on China. And, we really need to be doing that real soon!"
"Trade embargo China, it makes up 14% of the US GDP. It&#39;s 67% for China. "
"Wasn’t a problem when Trump was president. Trump was right. Trump is right. Trump will be right."
"The worst, weakest and most embarrassing administration in US history. All we had was our respect from the past. That has now been completely lost in 2 years. It&#39;s done. The Democrats&#39; goal has been achieved. "
"We need to stop all imports from China.  China is the enemy.  To continue importingcritical products, such as; steel, pharmaceuticals, semi-conductors, cell phones,solar panels and lithium batteries from China is exceedingly foolish.  Now, Biden,after pledging made in America EV charging stations, has turned to China for thesecomponents as well.  "
"Joe Biden and Blinken are weak men. No one respects that. Might not like Trump but he was a man other countries feared, doesn’t matter if you like him or not.  Truth is truth "
"China is already supplying non lethal aid, does that include oil? Didn’t we just sell China oil from our strategic oil reserves? So twisted…"
"China and Democrats are afraid of Trump. Where does that leave Democrats? China never pretended to have position when Trump was president."
"&#34;The US is in no position to tell China what to do&#34;...China&#39;s right. They should ask for a full refund from the Biden&#39;s. "
"The drums of WWIII are beating louder, every day.   Elections have consequences. Stolen elections have catastrophic consequences. "
"Wow China is basically telling America to shut it, that they aren’t worried about what we think, and then taking a big #2 on our front porch as they slam the door in our faces.  No respect for the US under Biden."
"China would be no threat at all if Biden would just do a couple simple things. Block all Chinese imports and all goods manufactured from components made in China. China would cease to be a threat almost immediately they need us we do not need them. It would be a rough time getting manufacturing ramped back up in the United States but we can do it. "
"Now here’s that respect from around the word the adults in charge promised us. "
"The Biden administration has managed to move the doomsday clock closer to midnight than it&#39;s ever been. We&#39;ll all be lucky if the world makes it through the disaster that democrats have created."
"<strong>‘The US is in no position to tell China what to do’, in other words, Biden is compromised and China can release the Hunter files at any moment.  </strong>"
"China has waged war with America. The Wuhan virus was the first strike. Fentanyl is the second and ongoing assault against the US along with flying spy balloons over our most strategic interior military and nuclear defense locations. We are being attacked and are suffering real fatalities from China’s actions and no deterrent or retaliation from our spineless government. Their more concerned about dividends from their Chinese investments and profits from war mongering than strengthening Americas military defenses. Depleted strategic oil reserves, Naval forces spread thin around the globe leaving US state side venerable, and our military going woke and sensitivity training while China builds their armament and trains their military personal to focus on modern warfare technology and prepares for war with America. Doesn&#39;t look good for the home team."
"China does what it pleases.  Biden does whatever pleases China.  "
"You think inflation is bad now.... It&#39;s about to explode."
"President Biden should propose a bi-partisan law that doubles all existing tarrifs on China the moment that the Executive Branch notifying them of Chinese arms being supplied to Russia.  "
"I have to agree with china here. US is A) funding one side of the war, and B) who are we to dictate what another country believes and supports?"
"The USA basically funds a large part of China.  The greed that outsourced all our manufacturing is to blame for creating a hostile superpower.  We need to stop letting our insatiable consumerism feed the corporate greed and start buying MADE IN THE USA again."
"The Chinese, North Koreans, Iranians and the Russians all paid close attention to the aBrandonment of Afghanistan. They noticed that nobody was fired over it. Our enemies and allies all know that we can&#39;t be trusted."
"There would have never been a war in the Ukraine if Biden had used basic military strategies. 
You don&#39;t sit by for 6 months, watching a Russian military build-up on the Ukraine border.
A leader calls for massive join NATO and US military exercises in Europe and at sea.
bidens 6 months of calling for sanctions and telling the world a minor incursion was OK, but the world on the verge of WW 3"
"I think the world, and most Americans, are fed up with the Biden Administration.  I have never seen anything like this Administration.  Congress needs to put politics aside and do something about Biden before he causes WW3. "
"Biden chose a side; China did the same. The best choice biden could’ve made was to not get involved. This is how world wars begin…"
"Biden is too concerned about losing the presidency and so in desperation even war is on the table for him!"
"America certainly cannot take the moral high ground with PRC with a &#34;Do as I say, not as I do&#34; argument and Biden-Harris has so weakened America militarily, economically, socially and morally that we are hardly a serious threat."
"Democrats were in control over WWII, and it looks like they want to take us to WWIII. Even Republicans at this time wanted less government and more people to have their own control. It&#39;s not looking good. "
"China is correct. The US is in no position to tell China what to do. China owns the US"
"If Biden was a strong president, he&#39;d embargo China. China&#39;s food production relies on 90% inputs from imports to grow, and 67% of it&#39;s GDP is generated through trade with the US. The US is about 14%, maybe a little more, but little enough to walk away. Sends a message to Apple and other companies as well. "
"For a moment imagine had everything that’s happened so far been Trump instead of Biden. Wonder how many Russian, Chinese, Ukraine, Afghanistan, border invasion, laptop, top secret documents, would be ignored or impeachments?"
"I believe, war got started with Russia/  Ukraine…administration could not keep out of it, …so here we go again…."
"Actually the US is in an excellent position to tell China what not to do, and they could and should start tariffing all Chinese goods in a manner designed to bring businesses back home from China."
"Mr. Blinken China just called your bluff and is about to raise your bet. "
"They own Joe up to a point. They&#39;re trying to figure out now how far he will fetch their water, so there is great uncertainty surrounding their Manchurian Candidate. Where is the FBI and DOJ?"
"What the US needs to do about China is simply manufacture everything we need ourselves here in the US. At the point we can actually do that, we can choke the economy of China to starvation levels by simply not buying anything made in China. We&#39;ll need to be ready for a violent reaction, so we need to get our military ready for anything. Remember what Japan did when America chose to stop selling them oil and scrap iron."
"We should start banning certain goods from china and offer incentives (not rhetoric) for companies to put their manufacturing in this country. A great start would be to strip billions from Biden’s ridiculous spending bill and use it for transforming onshore manufacturing with world leading automation, robotics and AI that china will not be able to compete with but have very strict security and ownership of technology innovations. Companies should no longer be able to give away innovations to china in exchange for selling products there. "
"China will implode when the Western World shuts down Chinese exports."
"&#34;The US is in no position to tell China what to do&#34;...We know Joe Biden will bow for cash, but doesn&#39;t the Teleprompter come with rigid stand?"
"OK, I  will never again buy any product that was Made In China, no matter how badly I need it. This is getting a bit too serious. This is all Joe Biden’s and Hunter Biden’s doing."
"Embargo China. All American companies that don&#39;t leave, then they must pay a huge price."
"Sounds like China has more sense than the Biden administration, who&#39;da thunk it?"
"This is going to turn into a puppet war between the US and China with each hand using Ukraine and Russia as the marionettes. In the end nobody is going to win because US will not back down with arming the other and neither will China and Russia. Technically this will be the US and China going to war using other countries troops taking the casualties.If Putin backs down, all ends and the conflict is over. He will face war crimes and the world keeps spinning. If the US backs down, Ukraine and its people will no longer exist and we will have handed the victory to Russia who, to Putin, would be a victory over the US. If things continue on the track they are on, we will see."
"&#34;The US is in no position to tell China what to do&#34;..... Joe runs to his basement. But, we, the public can tell China what to do, with our wallet, but we too, are weak,  for cheap products. "
"Biden’s top achievements in 3 years:<ol><li>He opened the border creating unaccounted crossings of illegals into the country. We don’t know who they are, where they are coming for, and can’t separate peaceful people from terrorists.</li><li>Destruction of the financial system by letting inflation go out of control.</li><li>Make us a global laughing stock by randomly pulling out of Afghanistan.</li><li>Destruction of cordial relationships with Russia, China, NK, and Iran. </li></ol>"
"Joe is leading the nation...Into wars we can&#39;t win."
"Yes, the US is &#34;pouring weapons into the battlefield&#34;.  The key is that it was RUSSIA that INVADED UKRAINE, not the other way around."
"China is right. It&#39;s the USA that is promoting war and destruction in Ukraine...... just so Joe can keep getting his 10%. "
"President Trump wasn’t getting paid by Ukraine to help them join NATO and not surprisingly, a war didn’t break out.  I can’t say the same about Biden.  The Biden family personally gained millions $$$$ from Ukraine to promote them as a potential NATO member and now war is the result."
"We forced Japan to leave China and abandon claims to its land at the end of WW2.  Now China claims the entire China Sea to be theirs, laughs at American threats, they steal our trade secrets, steal our technology, and are now telling the US we are in no position to tell them anything. A lot has changed since WW2.  We should have let Japan keep China"
"We should have let the Japanese keep China.  "
"China is at war with us already.  Time for the USA to act like it."
"Why wait, cut all trade ties with China 🇨🇳 ! At least tariff them out of business in the U S A.."
"Just BOYCOTT.  China would be returning to 3rd world status within years.  "
"The U.S. is in no position to tell China what to do. They are correct. After China Joe gives away all our weapons. We will be defenseless and vulnerable. The only thing that will save this country is all the arms in private hands. I hope no liberal will expect me to protect them."
"If China can navigate a spy balloon over 5 of our most sensitive military installations,  why would they think Biden has anything to say but
 yes sir Mr xi"
"Biden&#39;s foreign policy has always been disastrous.  Foreign relations have never been this bad.  Our enemies as well as our friends are laughing at our pretend leaders."
"China and Russia are laughing at Biden.  "
"Closer to armed conflict with China everyday...I really pray for this to occur along with Military Draft.  LIBERALS will cry all the way to any Country they can escape too.  "
"War under bush, bush, Obama, Biden, no war under trump.  I wonder why"
"I really don&#39;t think many countries care what the US wants or says anymore. "
"Join the financial fight. Don&#39;t buy anything  from China. "
"We have no business fighting a proxy war in Ukraine.  I for one have no interest in taxpayer dollars going there."
"China holds the cards.  All they have to do is admit to the whole world that they gave millions to the Biden clan."
"so since china owns so much of the government and land and companies in the once united states this is just posturing for the world ."
"It is important to remember that Ukraine is not in a peace treaty with the US.  It is not part of NATO.  There is no strategic imperative to win in Ukraine.  Ukraine is not Poland.  The Russian military ground forces or Air Force would get crushed in a direct conflict with NATO.  Yet here we are….  Nobody knows why.  When we invaded Iraq and Afghanistan the Russians and the Chinese did not pour in weapons and tech to our enemies.  What has changed?"
"Biden will draw us into WWIII just to divert your attention away from his failed administration!"
"Biden needs to stand up to china now and if not the republicans in the house need to investigate the truth about his relationship with china."
"We’re broke and woke. We have no business telling any country anything "
"Yes, America is in no position to tell China what do do because bIDEN has weakened America. "
"Don&#39;t tell China what to do.
Tell them what we will do,
and start decoupling from China NOW."
"Looks like things are just about ready to escalate: watch Taiwan &amp; Ukraine closely now. When will the next world war start? "
"Blinken gives me no assurance he knows what he is doing, none whatsoever.  He&#39;s clearly in over his head."
"Only reason China is so mad is because Joe wants 10% of that deal."
"China Joe just had a senior moment. He is already on the phone apologizing to Xi....and he promised him he won&#39;t cash the most recent check from China. And Hunters next finger painting is on the house."
"before betting the ranch on &#34;ruling the world&#34; China would be well advised to tune up it&#39;s internal governing practices - because it seems like their formula is &#34;to be hated&#34; and then &#34;crush and kill&#34;.  Try that on the U.S.A. and you&#39;re going to need a well-stocked first aid kit."
"Well, If chinas weapons are anything like they&#39;re products there should be nothing to worry about."
"The US will need to do, not say. If China wishes to support the invasion of Ukraine it is their sovereign right to do so. They should be prepared for the US to do.  Let me count the ways they will not like a devastated economy."
"The Chinese are absolutely correct that a nuclear can&#39;t be won."
"You wanna see china furious?  Just wait &#39;til Trump&#39;s back in office.  "
"Who on here voted for Biden??   Come admit it"
"It&#39;s not China, it&#39;s Biden.  We need Trump."
"Democrats have killed and harmed millions of Americans. If not with this then by racism, bad judgement, irresponsible policies, childish reactions, and a severe lack of understanding about how America works."
"Don&#39;t look in the direction of the flash.. unless you voted for Brandon."
"The US should be arming itself. This applies to many current world situations."
"When Ukraine was attacked by Russia, it went to the UN to ask for help.  UN deferred to the U.S. and expected the U.S. to take the lead. Can you imagine what would happen to U.S. reputation as a &#34;leader of democracy&#34; in the World if the U.S. <em>did nothing and allowed Ukraine to be destroyed and its people murdered by the Russians?</em>  The U.S. doesn&#39;t want to be the country that <em>allowed </em>Ukraine to be destroyed when it <em>could have done something to prevent it.</em>The U.S. was unwittingly maneuvered into getting involved into this war.  It&#39;s too late to back out now."
"We aren&#39;t in any position to tell China what to do, we can&#39;t even take care of ourselves."
"And you leftist were worried about Trump starting WWIII.. look at ya now.."
"China lost the economic war 5 years ago.  They have some very serious problems going forward. "
"Did Blinken run off and start crying softly in a dark corner?  China just pulled his punk card and showed it to the entire world."
"Once Carter kicks. This will make Biden the worst living president. "
"HANG ON PEOPLE...WAR IS UPON US THANKS TO CHINA BIDEN....

HOPE BIDEN VOTERS ARE HAPPY NOW....THANKS ALOT..."
"Trump was a real leader. Nobody messed with trump "
"Biden is pushing us closer to nuclear war with each passing day.. And both Democrats and Republicans are cheering him own... DC has gone insane."
"So US can send lethal aid but China can’t? That’s how wars are fought."
"<strong>The US is in no position to tell China what to do’   </strong>Well there you have it.  look at the position that Joe has put us in. We should have a fearsome military, not a walk military. Like Trump or not got to get that guy back in there to straighten this country back out. Oh my God two more years of Joe and we’re already scraping the bottom."
"Biden should have Made in China tattooed across this back. China is right. Biden has weakened America to the point where we have very little respect around the world. And China has sent agents across the southern border. Now that they are here they can reek havoc on our country. "
"Lol! This incompetent administration and biden, truly believes that with a snap of the the fingers, all countries will bow before them! This administration is a laughing stock to the world!"
"We have 6 years of history to go by since the Obama Presidency 2008-2016. Let take a look back and see what was done and how it was done ...connect the dots to where we are as a Nation today.Obama gutted our Military of Strong ,Intelligent, competent Military Leadership and replace them with Woke, Insane, incompetent Military Leadership, such as Gen. Millie and professional lair John Kirby . Incompetence from NORAD right down to training our new Woke recruits.Obama Politicized the IRS, FBI, DOJ, DOE, DOD... along with &#34; you didn&#39;t build that &#34; Obama told Putin &#34; I&#39;ll have more flexibility AFTER the 2012 election &#34;and Vice President Joe Biden and his son Hunter Biden making deals in CHINA, UKRAINE..all against the American People. All to set Hillary Clinton up to win in 2016 !!Thank God for President Trump Hilary would be on her second term and we would be under somebodies Socialist Control speaking Mandarin or Russian !! Now we have bumbling Joe Biden as puppet to Obama &#39;s third term !!Where is BARRACK HUSSAIN OBAMA !! We the American People have some questions for you ??!!"
"What did they think was gonna happen when we took sides and got involved? Problem is a bunch of RINOs also think it’s a great idea. The US actually stopped a negotiated end to the war that Ukraine was hammering out with Russia. What does that tell ya? Buy all the defense company stocks you can. That’s where the money is. "
"All a result of a weak, comprised Administration. Biden will be recorded in history as the worst President ever. "
"China should have never been allowed to develop into an economic power under Communism."
"Time to revoke China&#39;s MFN trade status. The PRC can&#39;t have it both ways, enjoying the fruits of western technology and with the back hand supporting putin efforts to subjugate Ukraine."
"<blockquote>The US is in no position to tell China what to do’</blockquote>Considering China is a major influence in global economy, controls the green energy technology market and resources and <em>manufactures practically every consumer goods</em> sold in the U.S. and owns $1.095 trillion of the total $28 trillion U.S. national debt, <em>China can tell the U.S. what to do.</em>Secondly, every emerging country with raw material resources is under China&#39;s Belt and Road Initiative Program; China can tell those countries to stop trade with U.S.Thirdly, UN is more afraid of China and Russia and will allow them to do whatever they want to do.Fourthly, China is not afraid to intimidate with military power.Lastly, the U.S., as a superpower, has been retreating during the last two decades and losing influence on world opinion.Yeah...China can tell the U.S. and the World what to do."
"The U.S. is indeed in a position to tell Red China what to do: Ban Chinese imports and the Chinese economy collapses overnight.  Best bet for the USA is to quit Red China cold turkey: bring the jobs back to the USA."
"The war has already started.  It&#39;s just that Ukraine and Russia are doing the fighting right now.  World War 3 will be happening before the next election... Biden is to weak to stand up to China, until we will have no choice but to go to war.  "
"When you Biden voters elected Mr Magoo as our Commander in Chief you emboldened our enemies."
"We’ve lined the Chinese  pockets for decades with buying all of their cheap “Made in China” junk!  And who is responsible for this, our govt and their import laws and secret Biden back door deals! I challenge anyone to go into a Walmart and check the products and you’ll find 9 out of 10 items will have “made in China” on the back!It’s time to stop giving out handouts and buying products from our enemies and then let’s see what happens to their economies!"
"anyone who doesn&#39;t see this false flag coming deserves everything they get"
"DONALD JOHN TRUMP.MISS ME NOW AMERICAN CITIZENS? HUMMMMMMMMMMMMMM! THE COMMUNIST CHINESE WILL INVADE TAIWAN SOON FOLKS! "
"&#34;China furious...&#34; That&#39;s when I stopped reading. When isn&#39;t China &#34;furious&#34; about something? "
"This entire war could have easily been avoided. The continuation of the war instead of conflict resolution speaks volumes to the lack of true western leadership. The interdependence of world financial markets are the only thing keeping this conflict from escalating to nuclear.If and when it becomes apparent that one nation will fall economically worldwide, it becomes a very dangerous situation. We are drawing nearer to that… Unfortunately we have only rhetoric in our leadership… no actual leadership…."
"Our government is the most corrupt government in the world. The propaganda they pump into our eyes and ears through what is essentially state run news sources is terrifying. All the wars we have been in since world war 2 were planned and used to make money for our politicians and the elites. If you think our government is any better than Russias or Chinas you have no clue what’s going on."
"By all means, uncle joe, keep goading. "
"In 4 more days, Brandon&#39;s &#34;minor incursion&#34; will be 1 years old.  Don&#39;t forget to make a wish!"
"If China wants to get involved and back Russia with weapons, simply impose sanctions on them by seizing all Chinese owned properties and assets within the US. Let them decide if they want to be trading partners with the US or Russia."
"Biden has been wrong on every foreign policy for 50 years.  "
"They are correct.  The US is pouring billions of dollars in arms into Ukraine, making the war much worse. Biden’s puppet masters are trying to get the US into a war to maintain an authoritarian big government.  The believe they can take away more of our freedoms and build a bigger more authoritarian government if the can get the US into a world war, similar to what they did with the Patriot Act after 9/11.  If they succeed in getting us into a world war, the first thing we need to do is eliminate Biden’s puppet masters and elements of the deep state that pushed us into this war!"
"Dear Putin and XiPlease send all your nukes to all the places Biden and the Democrats are located.Thank you!"
"The Juice Box Joey administration will come out with a statement as soon as the Chinese tell them what to say."
"It is way past the time for the U.S. to completely sever ties with China and their cheap low quality goods.  "
"The smell of fear is all over Blinken and the rest of Unfit Joe&#39;s gang. China and Russia back together again as they were in Korea. Along with Iran this time and who knows which other players, that this incompetent administration has antagonized, will pile on."
"I&#39;m concerned the Democrats are going to get us all killed.  The Democrats will get their &#34;Climate Change&#34; in the form of a Nuclear winter. "
"The problem is a woke JCOS, a senile President with no skills, and a cabinet full of weaponized Democrats.  "
"It&#39;s a proxy war.If we have the right to interfere and help the Ukrainians, the Chinese have the same right to help the other side.It&#39;s an inconvenient fact, but the other side DOES have the right to fight back if they want to."
"China is a weak country. they cannot feed themselves. they steal technology from other countries. they are not innovators. It is a centrally planned economy with mass paranoia. China is going to create a very bad decision if the y invade Taiwan. "
"lol Bidens scowl followed by a whisper scares not one person across the globe"
"If China can navigate a spy balloon over 5 of our most sensitive military installations,  why would they think Biden has anything to say but
 yes sir Mr xi"
"We are the one who funding this Ukraine war at the back of our tax dollars. Guess where all the profit goes at the end? That&#39;s right military industry complex!These days both party keep screaming China threat, in reality most of them got bought out by big military industry complex.  "
"China Joe is going to want his 10%"
"China should chillax. The US isn’t telling them what to do, just informing them that actions have consequences.
The US needs political leadership, policy, law, to facilitate the decoupling from unfriendly places when it comes to things we depend on for national well-being and security. Tops on that list is China."
"I agree, we should do more to deescalate the war faster. Start by providing Ukraine with longer range weapons, f16s, heavy battle tanks. To end the conflict faster, and why not some tactical nukes for Ukraine, so they have a deterrent against Russian aggression. Only fair, since they gave them up to Russia for security guarantee&#39;s that were broken. So Ukraine should have several nukes to help protect itself"
"If the US had not armed Ukraine, Russia would have simply walked in by now , and many lives would not have been lost.Biden is wasting our money, our arms and extending his war."
"<strong>‘The US is in no position to tell China what to do’….really and fact - there’s no China economy without the US and Europe. </strong>"
"It is convenient to trade with China, not necessary."
"So it&#39;s fine when everyone is shoveling money and equipment to Ukraine, but if anyone does the same for Russia that&#39;s a problem?Sure would be nice if we spent all that money they keep sending over on something important like our failing infrastructure."
"Isn’t it really our money China is giving Russia through our ousting of American industries to China and intellectual property they have stolen ?"
"Just remember China a lot of our military is 🌈 and we take prisoners. "
"If history repeats itself, then we should be worried about Ukraine turning against us after the war is over. IE: We saved China from a Japan invasion in WW2. We saved France from the Nazi&#39;s. We saved Iran from being taken over by Iraq and so on and so on."
"China is about to take themselves back to being a third world country. "
"I was told that Donald Trump would cause WW3."
"Currently the U.S. is all hat and no cattle."
"Disengage from China. But 1st we need a president that isn’t owned by China! "
"China is always furious.
You’re 5’3”. Get over yourselves."
"Joe Biden, Hunter, Biden, Jim Biden, are the ultimate Manchurian candidate! For years, they have been empowering in Chinese to buy US property, influence our vote, and destroy our energy independence! Just like Hans Christian Andersen stated the king is naked! Sadly, lol"
"<strong>‘The US is in no position to tell China what to do’      </strong>Right back at ya, China bro."
"So let me get this straight. We squander hundreds of billions of dollars fighting a proxy war against Russia and we presume to dictate what Russia&#39;s allies do? "
"it does appear Biden, Pelosi, Obama, Mitch and the crew want war.  too much money to be made and a. fantastic way to hold onto power.  Watch for the false flags. "
"Why are we trying to start WWIII?  "
"First and foremost, the U.S.A. should have shot the Chinese spy balloon down immediately as it encroached U.S. airspace over Alaska. In response to the Chinese whining about shooting the balloon down after traversing North America, the U.S. response should be, we respect the right of EVERY nation on earth to protect their airspace. Just as we would expect China to shoot down any unauthorized foreign vessel over its airspace, the U.S.A. will shoot down any unauthorized foreign vessel over our airspace.Please explain to me how it is not that easy????"
"thousands dead, millions displaced,  infrastructure shot up, bailouts,  energy insecurity,  society in ruins, blowing up pipelines, cabinet members killed, cabinet resignations, billions spent, dollar/euro integrity ruined, no electricity, "
"Globalists are destroying the world as we know it.  I can see them sitting in a room discussing how they can distribute the scraps to the world once they take control of it.  I am sure us fat rich americans are on top of the list of having too much.  That is why dem cities are in shambles, from a globalist perspective our poor are rich compared to the world.  If your doing good in the US you have too much."
"We have never been closer to a nuclear was than right now.China has met with Russia &#34;numerous&#34; times to participate in dry runs on how they are going to initiate a full nuclear strike against America,  That is a known fact.We are at the end of the age.  We do not have much life left.  Get ready, people."
"articles like this one bring out all the chinese operatives in the comments section"
"The best thing we could do to China is stop buying their cheap products. But that will never happen."
"China better be nice or BRANDON wouldn&#39;t sell them our national petroleum reserves!!!!"
"Biden and his Pentagon have forgotten how inept and useless they are....better be careful who they threaten, China&#39;s not the Taliban."
"Our so called &#34;leaders&#34; are criminals.. we should be stopping each and every boatload of ANYTHING from china reaching our shores.. This is the biggest geo-political debacle of modern history.. "
"Our so called &#34;leaders&#34; are criminals.. we should be stopping each and every boatload of ANYTHING from china reaching our shores.. This is the biggest geo-political debacle of modern history.. "
"The U.S. and NATO are completely reliant on the junk China produces, it is time us to unite against China&#39; economic hold, bring our tech and pharmaceuticals home and only import the trash sold at Walmart and Target type stores."
"what&#39;s Biden admin doing to end the war? ending war is typically the goal right?  I don&#39;t hear a thing about it. "
"Biden better be careful, or the 10% from China for the “big guy” might be reduced to 9%.  "
"If China wants to mess up the U.S. all they have to do is halt the shipping of pharmaceuticals and sit back and watch millions of Americans die. "
"I don’t recognize america anymore , it’s up to a few people to put us American citizens at fear of nuclear war ???  This is our future we’re playing with , humanities future ! "
"The sad part is he&#39;s right. With biden, we don&#39;t get respect anywhere in the world."
"Brandon will fold, China is right."
"so we can send &#34;aid&#34; and china cant?  come on man"
"The US hasn’t the infrastructure, education, productivity, nor the money to replace what Americans buy from China. "
"China does not fear the US and likely war is very soon, hopefully they give notice."
"Why bother to tell China this. China armed Iraq, too. Look how well that worked out for them."
"China should have refused aligning itself with Russia.  Russia has and is currently committing war crimes against the civilians of Ukraine. The last thing the US can do is to capitulate. "
"Joe Biden is weak. "
"Leftist&#39;s are only good at creating hate, division, and wars.  Don&#39;t believe me, just open your eyes and look."
"this administration is getting us closer to the inevitable shot heard around the world. world war III is approaching fast people. plan, gather and protect yourselves. it&#39;s"
"Bidens going to start WWIII."
"<strong><em>China owns more than half of America and nearly all democrats!</em></strong>"
"<strong>he&#39;s right with Joe at the helm</strong>"
"That’s what Xi said"
"When Biden was a candidate for president, he stated that climate change is the single biggest threat to humanity.
It turns out that Joe Biden is... "
"China knows all too well that the Marxist leftists running america have no stomach for conflict with daddy china "
"To think, just three years ago, I was once again proud of our country. And now, I am once again ashamed at the path the current administration is taking us down. Down FAST."
"Lets face the truth. World War Three is coming, and it is coming soon. Time to get Mare Island, Hunters Point, and Long Beach recommisioned as Naval Shipyards. We are going to need them. Better get all our reserve troops ramped up for combat status. Every signal is flashing red due to all of our enemies actions. Biden and the Pentagon better get their heads out of their rears real fast. China and Russia are run by power mad Dictators. They are not worried about us and ferl free to do what they want. Lets not see another Pearl Harbour. We are sleep walking."
"we need to stop being so dependent on China for everything "
"This was clear when Ukraine kicked off and every nation in the west was condemning Russia. China only made the statement that they would refrain from making a statement and taking a stance on it. You cannot be much clearer than that regardless of how you as a citizen personally feels on this situation. And it is baffling to me that people here could not figure out what their comment was saying. When did we loose critical thinking skills? "
"China/Russian relationship to rule the world together has completely fallen apart because Russia couldn’t perform because of Putin’s  weakness as a leader.Plus China had to lay their cards on the table broadcasting to the world that they were in bed with Russia.The timing was bad as Putin attacked during the winter(read history about fighting wars in the harsh Russian winters). And when he gained the upper hand, China would try and take Taiwan. Never happened. So the whole world knows of their evil intentions.Now both countries will have much more difficulty in trading with other countries on a worldwide basis.Now BIbi is back in power in Israel and just waiting for an opportunity to decimate Iran. Seven Day War revisited!!!"
"We have the tariff position, and we are going to use it as soon as we have spine in the White House."
"Biden must think it&#39;s 1985 when we had a 600 ship Navy and China was weak."
"On the contrary Communist China.  USA does have the right to &#34;tell you what to do.&#34;  You should be grateful for the warning.  China acts like an impish child with its its anger fits and temper tantrums.  Xi again loses much face.  "
"There is hypocrisy, obviously. However, there is a point to be made that US is helping a country being invaded by Russia. If China helps Russia, they help t invasion. Then the US can call China out for this. China has a big mouth when it comes to sovereign states, however by openly helping a country who invaded a democracy, they have lost the high ground. "
"Pressure&#39;s on xiden to deliver on the millions paid to the xiden fam by the Chinese. If he doesn&#39;t, we&#39;ll begin to see the blackmail dirt soon. Can&#39;t wait."
"We have exponentially more trade with China than Russia does.  That implies more clout."
"Lots of really interesting perspectives being posted."
"The US is in every position to exert political pressure on troublemaker Xi and China who would still be a 3rd world country if not for decades of the trade deficit and annual stealing of US intellectual property.  Capitalism reforms and theft are why China is not a dump of a country today.  Now be a good neighbor and sit down."
"The days of US power in the world are long gone. All that is left is  military installations, thousands of them, around the globe."
"Getting involved in the Ukraine is going to end up being a catastrophic mistake I think. Ultimately it is very possible it will lead to WWIII. "
"The Biden regime warns China as it gives another $500 million to the Ukraine. You can’t make this hypocrisy up"
"Biden has already sold China 1,000,000 barrels of US oil (cheap), allowed them to traverse our nation w/spy balloon (over nuke site too), allocate billions $$ to Chinese businesses for batteries/solar, etc.. Joe is their Manchurian Candidate, and they&#39;re testing to see how much further they can push him. Where is the FBI and DOJ? VOTE!"
"If Xi thinks that <em>&#34;the US is in no position to tell China what to do,&#34;</em> the US needs to make it clear that indeed, we are......but Joe. "
"China furious.  So. What else is new. "
"So does this mean the US is now going to sanction China in response to China’s support for Russia in Ukraine? "
"Oh but we are. China is not nor will it be, an equal to the USA for a long time. Deal with it."
"&#34;The concern that we have now is, based on information we have, that they’re considering providing lethal support, and we’ve made very clear to them that that would cause a serious problem for us and in our relationship,&#34; Blinken said.Well, I actually cannot disagree with China. What right do we have to send weapons and then tell someone else they don&#39;t have the right to send weapons? The only difference is that we are sending weapons to a smaller, less powerful thug."
"So we have spent millions shooting down balloons? The other countries figured we needed them to help joe run his circus!"
"Russia bigger than China, with massive oil reserves, with Putin already holding Crimea as his trophy. Ukraine is the sacrificial lamb being offerred by Putin to China- a way to drain EU/NATO/US economic and military resources. As all of this is happening, <strong>the real beneficiary is the one unscathed, being prepped for complete dominance in the Taiwan strait and South China sea</strong>!"
"Because her political career worked out so well, I’d definitely follow her advice. Lol"
"I think the Chinese are just about to Ching their last Chong. "
"The Foreign Policy of this illegitimate, installed “Administration” has been an abject failure from day one."
"China has no patience dealing with senile Biden and his lackeys.  I don&#39;t blame China.  At least China had some respect for Trump."
"They are just playing game. Everything the WH say or do is &#34;preapproved&#34; by Beijing !!!"
"I have no interests in Ukraine or Taiwan whatsoever so I don&#39;t care. Anyone that does is likely corrupt."
"China is waiting. Time to be cool. But Will Attack Taiwan. No doubt in my mind."
"CHINA and MANY other countries can&#39;t help but laugh when the FJBiden administration says anything"
"We do have a position to speak when we’re funding the prevention of Russian aggression. China wishes to claim moral superiority when they’re helping Putin? Ukraine just wants to be left alone. "
"Simply invest another 10 trillion dollars into China give up all the corporate rights and allow China more access to our universities. Oh ya defund the military and police. Then ask for forgiveness. That will work trust me."
"We should have let the Japanese keep China."
"Too late, we already did."
"Over 30% of the entire US Military is dedicated to containing China and NK.  China will do anything it can to test, taunt, weaken, or engage by proxy the US. "
"Birds of a feather flock together.  China is in support of the invader, as they plan on being on themselves.   "
"Let them get mad so that way they stop lending money to the Democrats."
"China is right!  This country is a mess since Biden took office!  The whole world knows it!"
"We need to immediately ban all Chinese produced goods from our country and invoke the Defense Production Act to manufacture the most critical commodities coming from China. Immediately sanction China from SWIFT  and seize all physical holdings within the United States that are owned by Chinese companies."
"If one gets college tuition &#34;Aid&#34;, they have to pay it back...  If one get military &#34;Aid&#34; do they have to pay it back?  All these billions in &#34;Aid&#39; make more sense if they have to be reimbursed."
"The dems were critical of Trump policy toward china, called it asia phobia, then they provoke with war like actions. It is perhaps time to let Hinter take his own way and cut our dependence on China. It does not mean fight them. "
"And lefties thought Trump was going to get us in to WWIIIGod help us."
"China has the right via international law to sell arms, tv&#39;s or anything else they want to another country. Senile Biden is wrong again. The US is giving billions of arms to fighting countries world-wide but deems it noble and correct. China is right this time. No one has a right to tell another country who they can trade with. "
"More smoke and mirrors by this fake and dangerous administration drawing us closer to WW3"
"We need to focus on turning down the rhetoric and seeking a solution rather than pouring military aid into Ukraine."
"It is only a matter of time.. before Biden brags about taking the NS pipeline out, then neither the WH nor MSM will be able to cover it up or walk back the admission."
"west showed russians (Iraq, Libya, Syria and many others) if you do not like the regime just invade and change the regime!"
"Since when has a spokes person from China, Russia, or the US for that matter, ever said &#34;Yea we did that to provoke you.  We are poking the bear.&#34;  &#34;What are you going to do about it?&#34;&#34;I dare you to cross that line&#34;.  &#34;Okay, I dare you to cross this line&#34;"
"all this war is all about global financial control. 
media is quite on it, but it&#39;s true "
"Prepare for the draft - - - (except for my son in university)."
"Given the accused connections Criminally between Biden, China and Ukraine (Russia) There might be hope one of them shares the Dirt they have "
"Eventually, Biden will be forced to go to war with China. Regardless if he likes it or not. Nuclear war is just a bargaining chip."
"China will find that its two remaining trade partners are Russia (with the GDP of Texas) and Iran (with the GDP of Massachusetts)India is in play...DO the right thing, India."
"DEFUND all private investment in BLACKROCK, and any other US investment firm putting money into Chinese companies.  They are ALL ultimately CONTROLLED by the CCP.  Why would any US firm invest in the Communist Chinese military (unless they are TRAITORS to US Security and World Peace!!!)"
"Well that&#39;s very true and very arrogant of BIDEN and his Admin. It would be better to say what it WILL do should China arm Russia. If nothing, say nothing, but don&#39;t be like Obama and declare a Red Line and them do nothing."
"Cue the China bot apologists..."
"DEFUND all private investment in BLACKROCK, and any other US investment firm putting money into Chinese companies.  They are ALL ultimately CONTROLLED by the CCP.  Why would any US firm invest in the Communist Chinese military (unless they are TRAITORS to US Security and World Peace!!!)"
"Cue the China bot apologists..."
"I don&#39;t like or trust the Chinese leadership but, I agree with them there. I don&#39;t trust the Biden administration either! We need to stop funding that war! "
"Pick up your bottle of supplements from Walmart read the back they are manufactured IN China, MOST Pharmaceuticals from China !! Our Oil Reserves were sold TO China!! WE ARE funding the WAR through China . Joe KNOWS when he sells our reserves where it’s going!!!And NOBODY can STOP him!!!"
"Tariffs on country’s that do business with Russia tell there’s peace."
"You better watch out Xi.  Corn Pop Joe just got a clean bill of health and he may challenge you to a push up contest!!!"
"The media machine and the FBI picked this President and that has consequences. "
"isn&#39;t it high time for brandon to do another apology tour. The WH lemmings can make it a round trip, and kowtow to Iran, North Korea, and china."
"The Chinese have shown they make excellent strategic decisions.  They&#39;re simply taking advantage of Russia&#39;s war with Ukraine to antagonize us.  The Chinese have no intention of going to war anywhere - but they love to stir the coals. "
"What does China still get most favored status in trade. They are hardly a developing nation."
"I think China misunderstood. It simply means China will be included in the sanctions list if it continues to send war material to Russia."
"We can thank our own - Nixon and Kissenger - for what China is today. It is hard to imagine they could not anticipate this would happen. Oh well, follow the money I guess. "
"The most important thing is to pay the salaries of Ukrainian civil servants on time"
"???????? Let us just say that Americans give all of our spare change to another country, and then half of the weapons we have on hand, and then while we watch that war to protect NATO that contributes very little by comparison, China knocks on our back door, are we to answer the door with our hands 🙌 up and do nothing?☠️"
"I hope we make it to when Trump is back in office cleaning up this mess"
"No one fears is anymore so they will ALL be coming after us…….🥴🤦🏻‍♂️Thanks democrats💩"
"I hate to say it, but in this case, the Chinese are correct. We, of all nations, have no business telling anyone to not aid Russia when we are doing our utmost in pushing this conflict closer every month to WW3. Zelensky needs to be forced to the peace table. "
"Why did Biden start this war? "
"China doesn’t care what we say and unfortunately, the current administration will do nothing but talk. I think China will move against Taiwan. Let’s hope it’s just a “minor incursion”"
"We need Robert Guiliani for president"
"Its just political theater. On both sides."
"how dare shoot down our spy balloon after BRANDON let it complete its mission. "
"LOL WHY IS THE BIDEN ADMINISTRATION POINTING THIS OUT ? ?Just like Iran, they will do very little to punish China if they do send lethal aid to an invading country. Biden&#39;s strength ends at popping balloons."
"Russia is one of the biggest weapon makers, I don&#39;t think they need weapons, maybe a few million troops from China"
"China is 100% right yet again.  Liden just continuing to &#34;rebuild Amercia&#39;s standing on the world stage&#34; LOLOLOLOL"
"Come on! PuXiBi! Let&#39;s just get this over with! Decrease the surplus population! Do what Covid couldn&#39;t!"
"The U.S. side is prepared to bear all consequences arising from an escalation.Good Luck China. "
"China is right. With weak Biden at the helm, we are in no position to tell them anything. Folks, we need to prepare for war. Thank you Mr Biden. "
"This will be a world war yet."
"China is too arrogant. Time to move production out of there and sit back and watch their country crumble."
"&#34;Wang said China supports peace and took another shot at the U.S. by saying it’s the U.S. that is promoting conflict by arming Ukraine.&#34;Promoting conflict? Who attacked who?"
"democrats always start wars.. VietNam, Korea.... LBJ, JFK.. Truman.... you have to elect a republican to end the war... Eisenhower, Nixon..."
"China is unstoppable. Best case scenario, the US can slow them down, but it will be costly and bloody. "
"Our military under this administration is not capable of beating anyone in a war. We will be destroyed by China in days. They don&#39;t allow rainbows and are much better equipped than the US."
"What toys do we give Ukraine?"
"All china has to do is up their payments to the biden crime family,and our china bought politicians and they will get their way."
"Blinken and Biden are not feared, or alone respected. China knows their wokeness is destroying America and it&#39;s military capabilities."
"China barks because Biden and Democrat politicians allowed them to. America needs a leader with a spine to stand up against tyranny. "
"If China had made similar warning to us, we would have simply ignored it.China is making a big deal about it.  Looks like they are afraid of losing face.Or:  &#34;Methinks he doth protest too much&#34;.Just like Putin, they blinked."
"Correct China it is your call.

Now if you give military aid to China there will be consequences that you do not like."
"China is right "
"And this is how world wars start "
"Time to start plying hardball with China."
"‘The US is in no position to tell China what to do’But, is the U.S. going to allow China to tell the U.S. what to do?Under Biden and anti-U.S. leftists, yes.  When China attacks and annexes Taiwan, China will tell the U.S. and UN not to interfere and U.S. and UN will meekly comply and look the other way.It&#39;s funny how the world is outraged at Russia invading Ukraine, but doesn&#39;t care if Taiwan is invaded by the same kind of oppressive and brutal country."
"you liberals are going to send your sons to die for joey ?   or are you going to transition them ? "
"Will be interesting to note how many of the &#39;Chinese&#39; weapons will have US markings or have stolen technology in them and show up on the battle field in Ukraine ......and its not like china isn&#39;t feeding russia now anyway."
"$10M for Xi&#39;s Head."
"&#34;It is the U.S. not China, that has been pouring weapons into the battlefield&#34;undeniable. brandons admin is weak when they stoop to public threats. "
"The world is one big Chess board.  Anything that China can do that weakens the US makes them stronger.  They will support anyone who opposes the US."
"Cue up the Chinese wumao posters sticking up for China."
"some say we have to prepare for war, tell this to your generals! with whom do you want to go to war now? you already at war with russians! russians are weak and incompetent and ukrainians are winning so what is the problem? why west do not send armies to the eastern front! go for it! third time w...<strong>See more</strong>"
"and yet today we will be sending another boatload of trade money to China so we can continue to fund their military development and buildup.

GREAT JOB WASHINGTON, YOU FACILITATED THIS."
"Democrats doing their level best to get America into world war."
"<strong><em>America will soon cease to exist under democrats</em></strong><strong><em>China, Russia, Iran, North Korea and Pakistan against America</em></strong><strong><em>They would outman America by at least 25-1 and they all have real men in their military!</em></strong>"
"🤡 robinette can&#39;t tell xi what to do 😂🤣🐰😂🤣"
"what is the problem of the USA for some reason how to tell everyone on the planet how to manage their lives well they aint listening they are tired of our cops of the world nonsense "
"Why would Russia want weapons from China? China and Russia steal the technology from the west. China has the same failed technology that Russia has. "
"&#34;<strong>China furious after US warns against arming Russia:&#34;</strong>biden arms Ukraine, the CCP arms Russia.It&#39;s 3rd world joe&#39;s proxy war with his real employer."
"That is a true statement. China been paying the Biden family for too long now it is time to reap. "
"We need trump back ASAP "
"Russia INVADED Ukraine.  Unprovoked. President Xi is intelligent enough to understand that, so his comment lacks reasoning. Anyhow, Xi also knows that Russia is a smaller economic trade partner than the United States so he&#39;s just &#34;yakkin&#39;&#34;.  "
"I hope Russia defeats Ukraine and the global cabal.Would be great."
"China will provide weapons if US and EU continue sending weapons. Very simple fact. NATO&#39;s influence on corrupt Ukraine has made Russia for invasion."
"the only thing scary about China is the meat they use for orange chicken.  "
"Let’s go Brandon "
"Hey there China, how come every single time I go to a Asian restaurant named Tokyo or Ichiban restaurant, the owners and workers are always Chinese?  Quit trying to ride on the Japanese shoulders.  All you do is spoil the real traditional Japanese cuisine. "
"China starts a war, and all the companies in China loose. U.S. goods imports from China totaled $434.7 billion in 2020"
"No amount of diplomacy nor economic cooperation will make PRC government an ally. Any deal with PRC government is a win LOSS deal in favor of PRC government.  PRC government BORROWED a FOREIGN IDEOLOGY that CORRUPTED Chinese culture and heritage!   Conclusion of Beijing Winter Olympics - February 20, 2022. Russian INVASION of Ukraine: February 24, 2022. Fate, Coincidence or COLLUSION!!!! Olympics used as a signal to start a war- first time in modern history a war started in the middle of pandemic, immediately after an Olympic game, and a war that brought a global energy crisis on top of the pandemic! Xi-Putin legacy!"
"Can I say the U S shopper of Chinese goods will stop immediately. Do you a few months to see how your ships will be sitting on the docks in China with no where to go.     Bank on it! "
"It’s ok for us to help arm Ukrainian army but not for china to help Russia. What’s good for one should be good for the other. "
"I can see no reason why China and the US can&#39;t both profit from this war."
"Fox News always provides a platform for China and Russia to spread their propaganda Whose side are they on?"
"Every day, Biden and his regime are moving us closer to some sort of global conflict akin to WW3. It&#39;s starting to look a lot like the late 1920&#39;s and China, Russia, Iran, Turkey, Saudis, and North Korea are not our friends! "
"Biden is wanting WW3"
"Impeach Biden "
"China wants in on the game to test their weapons and strategies. Can’t blame them, it’s what the big shots do. "
"&#34;It is the U.S. not China, that has been pouring weapons into the battlefield,&#34; Ministry of Foreign Affairs spokesman Wang Wenbin said.It&#39;s Russia and not anyone else that invaded Ukrain."
". . . and the low information voters though Trump would get us into WWIII.  Little did they know that the Dems wanted the population decreased to solve the fake Climate Change narrative."
"That’s Joe Biden for ya!<ul><li>weak</li><li>Corrupt </li><li>Bought by Chinese </li></ul>Let’s get a real President "
"I thought Russia was a power house, why do they need Chinas help? Sounds like Russia is all talk!"
"Every day, Biden and his regime are moving us closer to some sort of global conflict akin to WW3. It&#39;s starting to look a lot like the late 1920&#39;s and China, Russia, Iran, Turkey, Saudis, and North Korea are not our friends! "
"Impeach Biden "
"China wants in on the game to test their weapons and strategies. Can’t blame them, it’s what the big shots do. "
"&#34;It is the U.S. not China, that has been pouring weapons into the battlefield,&#34; Ministry of Foreign Affairs spokesman Wang Wenbin said.It&#39;s Russia and not anyone else that invaded Ukrain."
". . . and the low information voters though Trump would get us into WWIII.  Little did they know that the Dems wanted the population decreased to solve the fake Climate Change narrative."
"That’s Joe Biden for ya!<ul><li>weak</li><li>Corrupt </li><li>Bought by Chinese </li></ul>Let’s get a real President "
"Chinese are 100% right in this case!"
"Better call Trump."
"I thought Russia was a power house, why do they need Chinas help? Sounds like Russia is all talk!"
"So…Then we don’t need your CCP “permission “ to arm Taiwan to the teeth. AND actively defend them."
"China, another paper tiger like Russia tryingtogrowsome teeth.  Only thing they have of value are nuclear weapons, as Russia does.  "
"China is supporting an aggressor who invaded a sovereign country. The U.S. is helping a country defend against invaders. No question who is on the right side here. "
"Biden is proving to the world he doesn&#39;t play. "
"China don&#39;t want a fight. They&#39;ll be destroyed quickly. "
"Russia invades the Ukraine but according to the Chinese, it’s America that is at fault for supplying weapons to help an invaded country defend itself. Got it."
"Nooooo, it&#39;s Russia, not the U.S., who doing the pouring."
"So the USA can help Ukraine but China can&#39;t help Russia... true American arrogance and hypocrisy."
"I think we should always defend freedom no matter where it is"
"this is an onion story, right? we are the largest arms dealer on the planet and being corrupt, inhumane, abusing demagogues is not a disqualifying factor"
"Careful or they&#39;ll release Covid-23 on the world."
"Ultimately its the banks who win wars. "
"If China would like to enjoy a worldwide trade embargo levelled against them by the rest of the world, then let them go ahead with russia."
"Biden should do a lot of things, but he won’t, and he will simply go to Rehobeth Beach."
"Americans can&#39;t help but stick their nose in others affairs, their egos tend to out way their capabilities. "
"If Biden&#39;s kid left some baggage in Ukraine that could embarrass the POTUS we will not be able to not support them in their war against Russia.  Putin should have thought about that first.  Not smart on his part."
"Why does the U.S.A. still trade with China? "
"Uh-oh, Jotato&#39;s masters are gonna be mad..."
"Beware Putin, Blinken has the full backing on Biden, Wynken, &amp; Nod."
"No one is deterred by the corrupt weakling Jo-weee."
"We have no business being in Ukraine. The billions we have given have been stolen by corrupt individuals. The only thing we&#39;ll get from this is WW3."
"Here come all the Trump U economists saying we should just stop trading with China. "
"China will always remember who is on their border and only one can be number 1"
"As long as US corporations are reliant on cheap Chinese manufacturing….we are toast."
"This is Obama&#39;s war"
"What about america’s oil , biden has never answered for our oil, and country self sufficient, ?????."
"Conclusion of Beijing Winter Olympics - February 20, 2022. Russian INVASION of Ukraine: February 24, 2022. Fate, Coincidence or COLLUSION!!!! Olympics used as a signal to start a war- first time in modern history a war started in the middle of pandemic, immediately after an Olympic game, and a war that brought a global energy crisis on top of the pandemic! Xi-Putin legacy!"
"What? The cue card says “Weapons”Check with George Soros"
"The writing is on the wall. "
"Hey, China! If you think our arming Ukraine is bad, we&#39;re arming Taiwan, too! LOL!!!"
"China is close to famine conditions right now. I figure a good case crop blight will do them in as a country... hint hint"
"I think China has always been furious in comparison to our 246 years of existence. "
"The US has no right to tell others what they can and can’t do."
"God forbid but if nuclear weapons are used, China will not be speared...."
"Have you ever noticed china&#39;s president looks like he had an all nighter at a local bar."
"Considering the CCP bought and paid for the Biden&#39;s, he&#39;s right."
"God forbid China from invade Taiwan &amp; America has no choice but get in the pictures. "
"Biden Harris 2020!
Am I right!"
"We’ve bought joe off so you can’t tell us what to do . "
"I&#39;m gonna have to side with China on this one.  "
"If Russia were winning, China would support them, but they aren&#39;t, so China will tell them to pack sand....   Russia has lost over 60,000 killed in action, and 100,000 wounded....   That is in one year of fighting an ill equipped little country smaller than Texas...   We lost only 50,000 in 10 years in Vietnam....   China won&#39;t support a loser......"
"I could care less if China sends the Russians all the weaponry they need to obliterate the Ukraine. "
"Anytime I hear the Chinese govt mouthpieces jabbering their jaws, I feel like I&#39;m transported back to my childhood watching a Saturday morning edition of godzilla vs megalon.  When do the cars get stomped?! "
"They are correct 
"
"I hope the space aliens are watching. They are the only ones who will be able to stop a nuclear war.👽"
"China is going to pick a fight and cease to exist."
"Hmmmm, did they tell us by a message sent in a balloon? "
"Putin and Xi have been waiting for &#34;Sleepy Joe,&#34; for  long, long time.  It seems that their patience is about to be rewarded.  Care for another eggroll?"
"The Chinese Government knows Russia could manufacture atomic bombs to drop from airplanes.  Chinese Cities remain vulnerable to air attacks if they refuse orders from the Kremlin. "
"some say we have to prepare for war, tell this to your generals! with whom do you want to go to war now? you already with war with russians! russians are weak and incompetent and ukrainians are winning so what is the problem? why west do net send armies to the eastern front! go for it! third time will be a charm! I would like but I am not sure!"
"Meggy Markle for President!!!Tom Brady VP !!!M💩G💩!"
"Biden talking about Trump…—————“Imagine what he can do in another year. Imagine what can happen in Ukraine?”"
"Be a miracle if Biden doesn&#39;t start WW3."
"I dunno. Maybe  Blinken should say  to China, &#34;Since you feel that way, we will be sending a little aid to the independent country of Tibet. You know,  to keep the invaders out.&#34;"
"China is just as crooked as Joe Biden and neither should ever be trusted. "
"For every 100 people in the USA, are 122 guns! Bring it China, see what happens!"
"Give Russia any weapons it wants to help crush the ukraine neo-nazis.  The US War Swamp caused the war with its 2014 coup in ukraine, but Russia will finish it."
"Hey, Hunter was a loyal Chinese business man don&#39;t hurt Joe. "
"I guess Biden is NOT in China&#39;s pocket."
"You&#39;re either with Biden, or you&#39;re with Xi and Putin.  Whose back do you have?"
"China barks because Biden and Democrat politicians allowed them to. America needs a leader with a spine to stand up against tyranny. "
"It’s MTG who has forced success of gender neutral bathrooms. "
"President Biden showing incredible leadership in his visit to war-torn Ukraine.The rest of the world once again looks to the USA 🇺🇸 to lead the way against tyranny.The RepubliQan Magats have rolled over like dogs."
"China&#39;s rhetoric, these days, sounds more like a petulant child than a nation.Look under the hood, media people, China is, currently, hiding mass starvation."
"Biden is a foreign agent.  "
"China and Russia teamed up. U.S. is so over its own head."
"CHINA has a POINT.What the heck ARE we doing there in Ukraine anyway?Why are we sending BILLIONS in aid to Ukraine anyway?What is the point of that piece of land, that country?It means absolutely NOTHING to me. How about you?"
"Bring the orange man back He will fix everything He’s done it He will do it again Let’s go Brandon "
"Face it, coming from Corn Pop they’re literally laughing. "
"his wonderful leadership and foreign policy continues.. what a joke"
"Wonder if Eltin John still loves his &#34;Little China Girl&#34;"
"Hey, Hunter was a loyal Chinese business man don&#39;t hurt Joe. "
"Give Russia any weapons it wants to help crush the ukraine neo-nazis.  The US War Swamp caused the war with its 2014 coup in ukraine, but Russia will finish it."
"I guess Biden is NOT in China&#39;s pocket."
"You&#39;re either with Biden, or you&#39;re with Xi and Putin.  Whose back do you have?"
"China barks because Biden and Democrat politicians allowed them to. America needs a leader with a spine to stand up against tyranny. "
"President Biden showing incredible leadership in his visit to war-torn Ukraine.The rest of the world once again looks to the USA 🇺🇸 to lead the way against tyranny.The RepubliQan Magats have rolled over like dogs."
"It’s MTG who has forced success of gender neutral bathrooms. "
"China&#39;s rhetoric, these days, sounds more like a petulant child than a nation.Look under the hood, media people, China is, currently, hiding mass starvation."
"China and Russia teamed up. U.S. is so over its own head."
"Biden is a foreign agent.  "
"CHINA has a POINT.What the heck ARE we doing there in Ukraine anyway?Why are we sending BILLIONS in aid to Ukraine anyway?What is the point of that piece of land, that country?It means absolutely NOTHING to me. How about you?"
"Face it, coming from Corn Pop they’re literally laughing. "
"Bring the orange man back He will fix everything He’s done it He will do it again Let’s go Brandon "
"Wonder if Eltin John still loves his &#34;Little China Girl&#34;"
"his wonderful leadership and foreign policy continues.. what a joke"
"The World has grown tired of us. "
"Winnie needs some Huney!! "
"Of course you socialists drones know only one percent your generation serves…..you know what that means right?……..That’s right the Draft make us proud ladies and remember Mr. I hate America doesn’t care about your feelings he just want you dead good luck 😂"
"Brazil is sending artillery to ukraine."
"come on china tell everything you know about joe and hunter...you cant make them look any worse then they have on their own"
"China is sounding more like N. Korea everyday.  "
"respect is earn not given "
"Good, China is mad!Trump would be sending &#34;Love Letters&#34;... Biden is a REAL PRESIDENT!!"
"THE LEVEL OF HYPOCRISY COMING FROM OUR GOVERNMENT KNOWS NO BOUNDS, ARENT WE SPENDING 113BILLION DOLLARS ARMING UKRAINE. "
"brave brandon pinocchio in chief ( they ask russians for permission, they notified russian about brandon visit to kiev, hahaha) "
"Bring it!!!!"
"I really, really hate the CCP."
"The best way to discourage trolling is to ignore it. They are like whiney children, so just talk over them."
"The US is hypocritical….the Chinese can sell arms to whomever they wish just as the US can sell arms to whomever they wish."
"China gonna be toasty warm.🍄 ☁️ "
"This publication frequently amplifies Chinese communist party rhetoric as a favor to China"
"You don’t bite the hand that feeds you "
"You want war, Xi? You&#39;ll get war. Peking will be a glass parking lot."
"China needs to be in “time out” for bringing on this plague."
"... time to buckle up boys and girls. Glad people are starting to awaken to the significant threat of the lying, conniving PRC CCP klowns."
"We can back Ukraine but China cant back Russia? lol. Laughable. "
"Hmmm....guess this sort of blows up the whole Biden is Xi&#39;s puppet thing, huh?"
"Putin laughs at Senile Joe. So does the Chinaman"
"Ever tell your wife don&#39;t do that?"
"China brings peace to the world. Republicans bring war!"
"At least Red China read the memo , that they too,would become stir fry pork ,should Putin make a move for his nukes."
"Soon China Russia Iran and N.K will be allied in new world war. With no ball man warnning, just waste of time."
"China youre right. This administration thinks they can tell its own people what to do. Please run them down! Ching chow kung pou! "
"China needs to stick to their their spy barroons, and stop acting tough. "
"Uhh Ohh!! Looks like Xi&#39;s got his &#34;Knickers ina Knot&#34;!!Settle down, China Joe! Why not have a &#34;China Coke and a Smile&#34;?!"
"dementia patient Joe.  Will cower  Worst president in our history Already let a BALLOON FLOAT thru our sovereign air space. "
"China is the friend your mama warned you about."
"then China can die with Russia. USA over all!"
"Brando pinocchio and his handlers can do! as we see! looks like crazies are behind the wheel! Soros experiment if you can govern a country by crazies!"
"<strong><em>China likes to tell everyone else what to do, but can’t take it the other way.  The commies are bully’s, and yellow stools.</em></strong>"
"Why are ma MAGA “soft” on da commies??…putin, XI and nem??"
"China is the friend your mama warned you about."
"then China can die with Russia. USA over all!"
"Brando pinocchio and his handlers can do! as we see! looks like crazies are behind the wheel! Soros experiment if you can govern a country by crazies!"
"Why are ma MAGA “soft” on da commies??…putin, XI and nem??"
