"Pull everything, every U.S. Citizen, every company, every facility, out of China.  Put an immediate embargo on all Chinese goods.  Stop all sales of materials, food, every drop of oil to China. Start rebuilding all infrastructure, all pharmaceutical plants, everything here or another friendly country.  America will hurt for a while but China’s economy will implode.  Time to reach China and Russia what economic war looks like."
"Joe Biden came to office with more foreign policy experience than any president in recent memory but unfortunately he has no memory of it."
"Unfortunately Joe Biden doesn’t have anyone in his administration who identifies as qualified."
"The Chinese diplomat is actually heading to Russia to share the information from the Chinese spy balloon that Biden allowed to traverse the entire continental United States..."
"One thing China, Russia and the Ukraine all have in common is Hunter Biden who made tens of millions off of all of them selling out America and peddling his VP daddy’s influence. "
"I know that China, Russia, North Korea and the Democrats are definitely hoping Joe Biden wins the next election."
"The world super powers see USA weak under Biden.  They’re obviously right, sadly and positioning themselves for the advantage "
"Makes sense for Russia and China …. Remember our oil reserves are low and much sold to China, our backup military supplies are sent to Ukraine and we are allowing thousands of illegals in daily! We are vulnerable and it’s time to accept that fact and make changes "
"If China helps Russia, the US should place the severest sanctions on both countries including a complete cessation of trade. No US company should be allowed to have a presence in China nor do business with any Chinese corporate entity. Instead of the US military wasting money on mandated DEI training and gender dysphoria counseling, use the money to restore the US as the world&#39;s strongest military power."
"Because Biden is a joke and they do not fear him.Bet if Trump were still in office things would be a lot different."
"Don’t remember any of this under TRUMP!"
"They will be planning the two front war.  Biden kept escalating the Ukraine war, not our problem.  Next will be Taiwan.  Then, as we have no leadership, competent military leaders were purged.  Well, it was good while it lasted.  "
"To all the parents out there with kids in the military, I apologize for our incompetence, and wish your sons and daughters well.  They deserve better.  Right now they are being treated like game pieces on a chess board.  It is not necessary.  Biden wants a war.  That is sad."
"Trump was right."
" China&#39;s interest is to keep Russian and the Ukraine at war. The war is sapping us of needed weapons, manpower, and money. They are sending their people on over our southern border. They are allies with Iran causing us to send ships, planes, money, and manpower to the middle east. Their other surrogate N Korea is sable rattling causing us to protect the South.That&#39;s when Taiwan falls."
"BIDEN, said during and after his Campaign. &#34; China is not a threat&#34; anyone in their right mind knows that was a LIE. Maybe he&#39;s correct if he was accepting money and bribes from China and Ukraine."
"It’s all biblical prophecy playing out. This country is in a perilous predicament "
"China sees weakness and they will take advantage of it.  We are in dire trouble under the Biden administration.  It’s a shame what this democratic government has done to this country.  Destroyed it and China sees that."
"We will look back over this past 12 months and say, “Man, I wish we had an administration focused on diplomacy.”When WWIII begins, gas will be unaffordable, food will be scarce, and your 401K will be gone. It will be dark times. Ukraine will fall when it’s all said and done, WWIII will have begun, and American deaths will be more than we can bear.But, let’s keep sending BILLIONS to Ukraine and fanning the flames.I hope I wrong.."
"Well, in any case, this is a great gain for China.  Whether Russia (China&#39;s uncomfortable northern neighbor) was destroyed by this war or came out much weaker than before, or the US economy (America is China&#39;s main competitor) was severely damaged as a result of the monthly aid that Biden sends to Ukraine or Ukraine&#39;s treatment as an American state.  So yes, in any case, the continuation of this war for as long as possible is a great interest for China.  China wants this war to continue, not end, and there is no victor or vanquished."
"No better time to attack us both politically and physically, than when we have a senile weak president and a democrat senate.  Then add military commanders that are more politicians than soldiers. If it&#39;s going to happen, this would be the time."
"You don’t think our taxes aren’t funding both sides? We give to China who then gives to Moscow… and the military industrial complex is raking in all the$$$ Sounds almost like the Pharmaceutical industry… wake up people! Tax Revolt"
"as they have been doing, strategizing about how to try and take us out while Biden is still in office. both China and Russia know that once we take our country back in 2024 we will have a backbone again. they have to figure out what they&#39;re going to try to do and do it now. we have American citizens that want to do the right thing and protect our land and our family and I told our Constitution and Bill of Rights need to be prepared."
"Let&#39;s pray that China is truly trying to negotiate peace. But I don&#39;t trust them or believe they have anybody interest in mind besides their own "
" I wouldn&#39;t trust Biden or his people to do anything! Can you imagine Biden micromanaging A-war?"
"Biden showboating in Ukraine is going to get us in a real war"
"WWIII coming soon thanks to this failed administration!!!!"
"And they all said trump was going to get us in a war lol nope everything they accused trump of they are doing, I miss his mean tweets lol "
"I know one person that can fix all this. President Trump was right."
" Biden will end civilization."
"China owns biden and the United States "
"This NEVER would’ve HAPPENED if PRESIDENT DONALD TRUMP WAS IN OFFICE!!!!!"
"What did we expect? Biden has expanded this war instead of trying to stop it, and everyone knows he blew up the Russian pipeline, and the Chinese are probably just sick of all the lies being told. I blame Biden for escalating this the war should have ended, but where is the US pushing for peace, pushing for war, sending tanks "
"I remember a world more tranquil under TRUMP!"
"The world will be on fire soon and Joey will blame Trump! Biden is hands down the worst excuse of a president in the history of this country. "
"Who’s actually running the country??? It certainly isn’t Biden!!!!"
"Foreign policy is about  defending the investments of the donors, not about defending the freedom of citizens."
"Trump was correct all along.Biden is going to get us in a REAL WAR"
"What do you expect?  We&#39;re arming Ukraine why wouldn&#39;t China arm Russia?  Both are communist. Big reason we shouldn&#39;t have gotten involved with arms."
"If China supports Putin, we need to cut the lines and seek other suppliers and manufacturers. Should have been seeking alternatives anyway! No more critical needed items or essential items supplied by China, at least not solely!"
"Biden needs to be taken out of office before we are doomed!!!!!!!!"
"Impeach Joe Biden."
"They formed an alliance last year you would assume this is already part of  it they need to transfer the money from green energy budget into defense and ship building but not Biden and Bailey "
"The US is squawking about China supplying weapons to Russia, while the US is supplying arms to Ukraine! Go figure!!
"
"Joe works for the ccp"
"In the meantime, we&#39;re stuck with Brandon in charge "
"Our weakest president ever is turning the world on each other. joe did this."
"Vietnam take 2."
"our military is so woke the soldiers are probably wearing tutu&#39;s"
"Eh, with our current leadership (or lack thereof), I&#39;m leaning towards nuclear war being inevitable. Buckle up everyone. This is going to be ugly. "
"This is not a U.S. war. China should arm Russia. U.S. needs to stop telling nations what to do. "
"China has not fought a war in a long time, so seeing as Biden is trying to provoke one and they will have to fight it, where better to get experience with their weapons but Ukraine?"
"I&#39;m sorry but where have our federal officials been the last 2 years?China has already said they are allies with russia, iran and afghanistan.    They signed an agreement with russia 4 months before the war with Ukraine for oil, natural gas and 100 years worth of coal.     Does anyone not believe china is aiding russia and will continue to do so?The Saudi&#39;s are headed in the same direction as China is working diligently to make the yuan the world currency and replace the dollar and the Saudi&#39;s are highly considering it now. "
"So we can send weapons to Ukraine. 
But they can&#39;t send weapons.
This is why the world hates us.
We whine when someone does the exact same thing but we don&#39;t agree with it.
Double standard all is fair in love and war.
Biden and his cronies are Treasonous Traiters.
The people that voted him in will have the blood of our youth on their hands.
"
"Democrat policy caused this."
"Biden went there to stir up more trouble and waste more of US  money. Stay home and rebuild America!! 
How much more money does Biden crime family need?? How can he give away billions with no recourse????"
"Yep, I was right.  Joe went over there to stir the pot.  "
"China would like to have a field test for their weapons before they use them against Taiwan."
"China collusion!!! Prosecute Biden!"
"President Trump was right."
"Joe did that"
"China wants the Russian resources and can take them with little or no opposition."
"Obama depleted our military readiness, Trump resupplied it and now Biden&#39;s depleting it again. As the left bankrupts America with socialism. D stand&#39;s for Death to America."
"It was predicted away back in the 70’s the tiger and bear will battle the eagle. The eagle will be defeated. 
The citizens will defend the country not the government."
"Who cares if China arms Russia for its war in the Ukraine. We should have stayed out of it in the first place. The US has no interests in the Ukraine. They are not allies of ours, and never have been. Why should we be involved in any way? "
"Our country is in danger under this Biden administration.  "
"If China starts sending arms to Russia, U.S. will add all the sanctions it can to China. You can bet since China has nothing to lose. They will begin the invasion of Taiwan."
"There is no true tension between the US and China, China needs American consumers to buy products made in China, if they want a stronger economy.  If American’s truly want to hurt China, then stop buying products made in China, it is not rocket science"
"I hope he stays there. He&#39;s one of them "
"WW3 is coming "
"Hey America, it&#39;s time to download that app and start learning the Chinese language! Joe&#39;s just gonna let them do what they want to. We&#39;ve become a laughing-stock to most of the world. I&#39;m afraid to think about how many people who hate America (besides the dems) have crossed our border over the last few years!"
"I have no doubt Biden is talking to China now also. Something he can&#39;t freely do from the US."
"Oh but Donald Trump was the one going to get us into a war"
"so XI Jingaling tells Wing When Yin that they will or will not want to set off a nuclear war in Russia.  we all know XI&#39;s double talk.
And Joe Biden says he&#39;s giving the Ukraine all it needs to win the war,  $500 billion dollars, when it needs our aircraft to take out Putzman once and for all. money we could use for the catastrophic chemical warfare we have in Palestine, Ohio, caused by our own railways CEO 🛤 who purposefully burned off, by command, thousands of pounds of vinyl chloride and other carcinogenic products. sorry, Ohio. 
but that&#39;s ok, the Squatter in Chief AND the head of the transportation department are out of the country helping them out. nowhere to be seen.
BUILD BACK BETTER IN A OTHER COUNTRY CAUSE IT AIN&#39;T HAPPENING HERE. 
"
"China and Russia’s relationship is no different than Stalin and Hitler. China will turn on them in a minute if they’re of no further use. They aren’t friends with anyone. As a matter of fact, they’d like to own Russian resources. "
"I am 75 and from a child we have feared Russia, but as you see they can&#39;t even beat the Ukrainian army. This is a border fight, coming to the US a whole lot different, I see we would be done with them very quickly. North Korea, Has never fought in a war in the last 50 years. China has a lot of people but with out the west buying there products, well how long wood they last feeding their people.  "
"LET’S GO BRANDON!!!!"
"Here’s a little fact most Democrats don’t get … UKRAINE IS CORRUPT! "
"Believe it or not, 78% of qualified voters now believe we are in a very, very vernable position with no leadership. To have 2 superpowers viewing America as confused and defenseless is unforgivable. We allowed a fraudulent presidential election and stood back and watched as two unqualified failed politicians took office, hoping for an unrealistic outcome. 
We deserve to be bombed to ashes and completely ruined. And soon."
"How much more do you need to ban Tick Tock???"
"How much more do you need to ban Tick Tock???"
"Never mess with the &#34;two big red&#34; ones. Let&#39;s Go Brandon"
"The Biden Regime is full of War Mongers that are going to start WWIII and perhaps cause Nuclear Armageddon!! Biden and every other War Monger Democrat or Republican must be removed from office!!"
"This Administration and his Party are more concerned with Climate Change than anything. That also goes for the European Countries and the Green New Deal fiasco. China is ok with our country depleting our weapons and letting our country go bankrupt...Unfortunately the Politicians do not see that!"
"WW 3 coming soon"
"Here we go… Biden and his FREAK SHOW administration is starting WWIII !!!"
"Stopping doing business with China would require American citizens with the brains to come in out of the rain, never going to happen.  Until America is nuked or goes broke (which they already are) the average American is more concerned with their cell phones or what ever they do as they live in the moment."
"You folks are a little late to the dance. Alternate sites like ZeroHedge have watched China supply Russia with armaments for MONTHS, if not before the invasion itself. We started this 2014, so you can bet Putin had time to prepare for every contingency."
"Now this I find interesting. Wake up Biden, you are not part of it. Would I rather have these two heads of China and Russia talking, or Soros calling all the shots in US and Ukraine. Uh, Russia and China wins.Just not real fan of a man who has been banned from multiple countries for trying to destroy their economies, and who has set millions of migrants upon the USA, as Soros has."
"Too bad it is not up to the American public to decide. You don&#39;t exist excet during the election cycle cycle cycle."
"China owns the White House and the corrupt politicians in congress and senate "
"For just one Trillion American Dollars a YearYou too can support a corrupt authoritarian Ukrainian Dictator"
"What more could you expect from US intelligence? the less you know the better, for the government."
"Get ready, people for WWIII. Thanks to the Dims and their fearless leader, lyin Biden!"
"This administration is pushing for WWIII"
" Bidens woke. Ideologies are going to get us into World War III. I’ll pray it never happens."
"So LeBron is traveling to Russia???"
"With our weak and inept leaders it isn&#39;t any wonder this is happening.  Soon we will be attacked by China with out any means to respond.  "
"With the war&#39;s anniversary arriving, the timing here is nefarious. How many players are there against us once it starts? Russia, China, North Korea and Iran for sure. Can we count on Turkey, Syria, Lebanon &amp; a few others on our next no fly list?"
"Biden stepped in it and Americans will suffer because of his ineptitude. Or should I say suffer more."
"So what! When has US ever concerned itself of what China or Russia thought with its meddling in the affairs of others. US meddles right in China&#39;s front yard. Actually surprising China hasn&#39;t already supplied arms to Russia."
"Biden&#39;s Ukrainian nazis are going to get whipped, and when Biden gets us into a war with China, it will be even more humbling than the Pentagon bugging out of Afghanistan. Expect China to send weapons to Donbass to test them out. They don&#39;t want any surprises, and if we send aircraft, all the better. More and better targets."
"China rescuing N Korea/China rescuing Russia.  We had N Korea on the ropes until China handed us a loss.
History repeating itself?"
"It’s called WW3."
"China will make America look weak until Biden is ousted "
"why wouldn&#39;t 2 communistic countries help each other?"
"Joe went to the Ukraine to get/give China all of Ukraine&#39;s secrets.  
watch, when Joe comes home, Russia will hit all of the Ukraine&#39;s most secret and sensitive hot spots.  
Joe Biden is a traitor to the United States and must play like he is an adversary to China. "
"not one democrat is qualified for their positions assigned by the deep state! thus this is exactly what they want! war riches! USA made a fortune selling armament to England and when the 🇬🇧 went bankrupt and couldn&#39;t pay up front then and only then did the USA enter the war! "
"Exactly what Joe wants"
"it&#39;s stands quite obvious the USA politicians want war it&#39;s big money only cost some your people there lives and boasting up the jobs and economic picture...STOP thinking war is some sort of economic tool ...smh"
"Compared to Joe, Putin is a genius."
"..China Knows.... Biden is done.... they want to position themselves  , before ... we The American people ...are Angry ! and not going to take it Anymore!?......DeSantis !...2024.."
"With Senile Joe and his woke puppet masters pitting US against each other, communist Russia and China may decide that this is the perfect time to wipe us out"
"Remember when Biden said, “China is going to eat our lunch? Come on, man,” “I mean, you know, they’re not bad folks, folks. But guess what? They’re not competition for us,”"
"WW 3 is coming. All sides want it, including us."
"Isn’t this what the democrats end game looks like ? 🤡"
"It’s funny do US or put embargo on Cuba which is a joke compared to the evil of China. Yeah, we love our dollar stores and all the cheapness that they provide and everything else that the US will sell out to get it made for less than half price."
"China arms russia then we arm Taiwan and Japan. "
"You ever heard of “fodder?” Of course you have. That’s what Ukraine and our equipment is to China. No oil in our emergency, less equipment in our arsenal, and Ukraine will be the bonus when we can’t defend even ourselves."
"If China wants to meditate peacefully with draw of Russia why would the USA suggest they are going to send weapons?"
"China oniy lies."
"We are going to get Chyna out of our lives and they know and cannot live with that. Be prepared by people."
"Thanks a lot incompetent Joe for being the weakest president in US history. "
"WW3. And i don&#39;t think our military is up to being 3peat champs... Hopefully we get home field advantage this time"
"We shouldn’t bluster about things we can do nothing about "
"It&#39;s past due to sever trade with the communists and arm Taiwan with defensive nukes."
"The US is giving aid to the exact same side China should be aiding. History of Korea, Vietnam and likely now Ukraine. Add another to the list the Chinese Gov has entered a proxy war with the US "
"It is necessary and prudent to carry a big stick on the world stage to prevent all of this type of nonsense."
"D. Trump claimed our Continental Army controlled the skies and the airports during the Revolutionary War. D. Trump also told us Putin is a genius.I&#39;ll take Biden any day over Trump."
"China will back Russia against Ukraine to further illustrate that Obiden will do nothing! Then invade Taiwan. USA R.I.P."
"But but but scary ol’ dementia boy told you not to Xi! "
"It&#39;s laughable to think the US thinks it can tell ANYBODY what to do.  We need to make nice and try not to get hurt."
"Stage 2 of the planned event everyone knew was going to happen. These two have been hanging out for three and half years. Remember the 11 and half months of military exercise Russia did. Y&#39;all come on. Let go Brandon."
"To China’s demise"
"Mr. President, please FOUR MORE YEARS, thank you."
"china is our friend, but we are pushing them away. "
"Xi will send Putin all the chopsticks they can handle!"
"Joe asked if they’re playing cards can he join "
"Just another fine young gentleman solidifying a stereotype. "
"Oh please. They have never not been together. If anything Biden is giving them a reason to draw even closer "
"Ol Joe&#39;s head can do a Baerbok! 360 degree swivel. "
"What gave them that idea?"
"Maybe a you-help-us with Ukraine, we-help-you with Taiwan?"
"how dare any country decide that their own best interests don&#39;t coincide with the American pirates. "
"Oh boy Sloppy Joe is heading for the Saddam hit list..I wonder if China and Russia have made playing cards yet with Joe and crews face on them as most wanted?"
"Whatever China/Russia says , believe the opposite."
"All Americans living in Poland and China. Please leave today. This is not a drill."
"The only fear the US has, resides in our corrupt politicians and law makers. We are done. TRUMP 2024"
"China shouldn&#39;t risk WW3. Stay neutral. "
"Trump&#39;s close allies. Trump withdrew America from the world, surrendered to the Taliban, and fell in love with dictators. Maga! "
"That will never happen "
"Pick one learn to speak Russian or Chinese because it’s coming. "
"Political Sporting Events are the best.  Will Viagra be involved?"
"SO how many of you have a Chinese AK ? Now you know what China is up to "
"You think that they haven&#39;t already? Grow up!"
"Your doin a great job Big Guy"
"The question is,  how crazy is Putin? He has the ability to level a lot of ground"
"China spy balloon was not important "
"if China arms Russia send nukes to Taiwan "
"Are they going to whip them out and see who has the bigger balloon?"
"That will never happen "
"Pick one learn to speak Russian or Chinese because it’s coming. "
"Political Sporting Events are the best.  Will Viagra be involved?"
"SO how many of you have a Chinese AK ? Now you know what China is up to "
"You think that they haven&#39;t already? Grow up!"
"Your doin a great job Big Guy"
"The question is,  how crazy is Putin? He has the ability to level a lot of ground"
"China spy balloon was not important "
"if China arms Russia send nukes to Taiwan "
"Are they going to whip them out and see who has the bigger balloon?"
"China is like Russia they are both paper tigers "
"Hopefully he is traveling there with a nuke. "
"Dementia joey itching for a war."
