"&#34;We find that these devices come bundled with a number of third-party applications, some of which are granted dangerous runtime permissions by default without user consent, and transmit traffic containing a broad range of geolocation, user-profile and social relationships [personally identifiable information] to both phone vendors and third-party domains, without notifying the user or offering the choice to opt-out,&#34; the research showed. So this begs the question...what are the bundled apps?  Help us out a little, eh?"
"Another reason yet that shows I am correct never to put banking info or personal info on my phone. Just used to make calls, text and play games. No to banking, charging, paying bills allowed. "
"Maybe this is a good time for the U.S. Government to shut down the imports of Chinese phones from all vendors, and start a replacement program using safe phones. I guess the whole Cellular phone technology has gone off the rails, along with the technology that they use and to glean information from the user illegally. What is the answer to this?    "
"No surprise. Lenovo was also putting spyware in their products too. Time to ban electronics from chinese manufacturers. "
"You can probably assume all the apple and other manufacturers equipment made in China does the same.  That is why the government quietly band may products for use by the military or other critical groups. "
"Who need phones to transmit data to China when there is a Chinese app installed Whitehouse"
"Our own government does that to us through various ways including our cell phones every day. Anybody that thinks they have privacy think again."
"Modern phones are listening devices and data collection portals.  Ever notice how you can have a discussion with somebody about a random topic, then the next time you open up Google Chrome or whatever browser you&#39;re bombarded by ads related to that topic?  It&#39;s not a coincidence.  The phone companies, Google, ap developers, etc ALL make money off this."
"You need to be suspicious of ANYTHING the Chinese make!"
"Coming to America soon - if folks don&#39;t stop voting liberal."
"Our &#34;friends in China&#34; monitor every aspect of their own citizens lives so they can also control them.  Why wouldn&#39;t they take every opportunity to do this with people in the US?  Our own government may just be outsourcing this mission to China😎"
"&#34;Notably, the collection does not stop once the device and user leave China, despite the fact that different countries have different privacy laws.&#34;  You don&#39;t say?"
"Hunter Biden&#39;s company in China helped design mobile apps for the CCP for that very purpose......"
"Americans, especially the government agencies, should not be buying electronics, hardware or software, from China.  

And, if Americans were aware of how poor Chinese sanitation habits are, they would not buy food/consumables from China.  "
"So in other words, China is doing the same thing that Google, Facebook and the rest of them are doing."
"Biden is run by China"
"Cellphones are so central to our lives that one should take care in selecting a device. Obviously buying a cellphone without a good provenance is literally asking for trouble. Surely not much more has to be said about this."
"I&#39;m very glad I have a simple flip phone.  I have never owned a smartphone, and I never will.  "
"&#34;Android phones from China transmit personal info without consent, researchers say&#34;   I wouldn&#39;t own a Chinese-made android phone if my life depended on it. "
"The EU fined US companies for violating EU privacy laws.  They will remain mum where China is concerned.  "
"Are there any phones not, made in China?!"
"Joe Biden, 2019: &#34;China is not our competitor.&#34; And people actually voted for him."
"If you dont think your every word isn&#39;t tracked, read, stored and followed up on by many entities including your government, then you need to wake up. Even your posts here are. "
"Come on man! You know all these phones, whether android, or Apple, have Chinese software in them."
"Not a bug, it&#39;s a feature."
"Well, of course. This is Chinese authoritarian culture, where you are far less important than the state. "
"No way!  Biden should send them a harshly worded letter!"
"Are Apple, Facebook etc. not doing the same things ?"
"Big deal. So does most every app you can put on a phone or a computer these days.  The operating systems themselves in most everything have built in telemetry features that can&#39;t be turned off."
"Everyone knows this and I bet everyone phone in every country does it too. "
"What cell phones are not made in China?"
"Quit buying Chinese products.I have even found Del Monte mandarin oranges are produced in China.What, we can&#39;t grow our own oranges!"
"I go out of my way to avoid Chinese goods.  Apart from being lower quality, I simply don&#39;t trust China.  When I go to a hardware store to purchase bin stock, I begrudgingly have to accept it because there are no other options, but tech?  NFW!!!!!!"
"I’ve been to China many times, they water the food they grow with sewage, they feed fish at farms by hanging chicken cages over the ponds and letting the fish consume the waste, best bet is to get it all here. And cut China off 100%, would ruin Xi’s dream of conquering the US and Japan "
"I have little doubt that the Chinese not only know where you are and more personal information about us through our phones, but also through other electronics such as your smart TV, computers, watches, and any other electronic device IN ADDITION. I really do believe that some devices may be bootstraps with explosive transistors that would physically harms us with activated remotely by perhaps even a balloon.  These people are single minded on taking over the globe. I don&#39;t think we do a complete check into what comes from that country.  These are very smart people we&#39;re dealing with and very capable of destroying us. Our government has not taken them very seriously and they have taken advantage of that."
"they just happen to be Apple researchers"
"Buying a chinese phone is like asking to get spied upon.  just like using zoom is"
"Reason #258,982 to NEVER trust the chinese. "
"So just delete the apps that you know you dont want or need.  I do it with every phone i get that is prepackaged with apps from the manufacturer.  Very simple to fix."
"Like all the military tech - that the balloon gathered ...."
"DO NOT support Chinese spying...!Instead, trust American spying agencies like the NSA or CIA.....Let the professionals such as the FBI, monitor your actions at school board meetings and Trump rallies. Welcome the FBI as they raid your home and workplace looking for Hunter Biden&#39;s laptop or Trump/Russia collusion files.Support America....support American spies."
"China can be defined with three words: lie, cheat, steal"
"so what are the apps that are doing this we need a list"
"Given the NSA&#39;s and FBI&#39;s continual spying on American citizens, I hardly think I have to worry about China knowing my location."
"Anyone surprised?"
"Time for the old flip phone"
"Why is there a big balloon tethered to my phone?"
"This is the same type of spying China has consistently attempted.  Listening on NIC cards, listening on embedded chips in networking equipment and so on.  You buy anything electronic from China they are listening.  You install a Chinese app, they are listening.  If your vendor, ie, the tv manufacture or whatever appliance or electronics you are buying sources any electronic chip or part from China they are most likely listening and sending that data back if there is a path.  Don&#39;t be naive about that."
"Is Tesla new phone made in china?"
"Not too concerned about the Chinsed knowing my grocery list."
"Be nice to inform us which phones and apps to be concerned about. I just looked through the &#34;about phone&#34; menu on my Galaxy and there is nothing about the manufacturer. "
"At this point in the game ask me if I care."
"From China? What is this world coming to?"
"I just cleaned mine. I didn&#39;t realize Google was collecting info until I went to a random restaurant with my mom and got a targeted ad the next day. "
"I thought so. "
"No surprise.  Only a full would trust a Chinese product.  Other electronics outsourced to China have been found to have microprocessors added to the design to send back data.   The DoD bans laptops gun China,  such as Lenovo.  China is a bad actor,  worst in the planet by far.   Every purchase goes to fund President Xi&#39;s war-mongering and aspirations to attack Taiwan and the U.S., so don&#39;t buy from Alibaba, don&#39;t buy Chinese motorcycles like C-Force.  "
"True for pretty much every smart phones sold, everywhere."
"I have a Droid.  Where&#39;s my Settlement?"
"Amazon sells thousands of chinese made wifi products every hour..... this is a nothing burger."
"stop sending jobs overseas and start America Made!!  problem solved"
"Surprise!!! Socialists are sneaky, underhanded, dishonest, invasive and manipulative.  Yup, sounds like the democrat party. "
"&#34;Sum Ting Wong&#34;<ul><li>Joe Biden</li></ul>"
"Misleading headline [a.k.a. clickbait]. Only true of some Chinese made phones, which are not very popular in the US. OnePlus phones have a 0.83 market share in the US, and Xiaomi and Realme aren&#39;t even generally available. Don&#39;t be overly concerned about your Samsung or Pixel. The author&#39;s source was UK-based research, and over there they are much more open to these CCP connected Chinese brands and the security hazards that come with them. "
"Never buy Chinese electronic components or devices."
"It&#39;s a good thing I have a Samsung, built by our Ally South Korea. They don&#39;t build their boards in China right?"
"I wonder what info Lenovo computers transmit."
"I wonder if we can ask China to provide geo-location for all those mules who dumped thousands of extra votes for Joe Biden in key states?!Biden ignores American sourced evidence, but he&#39;s sure to believe anything the Chinese say...."
"We need a true and tried US built phone for our people in the military at least"
"Boycott Chinese Restaurants. They convert Dollars into Yuan and wire to China. "
"Well, hope they get their jollies when I call my Mom to see if that white van is still driving around the block. (It&#39;s the one that tosses the coupon packs onto the driveways. The old lady thinks it&#39;s highly suspect this van drives by every day around the same time. Oy.)"
"Add TVs to the list too🤣"
"Wonder how many are walking around inside the White House?"
"Funny how Fox jumps on this (which everyone already knew) but still has <strong>REFUSED TO COVER THE SPYING BY THE NSO GROUP.</strong><strong>It&#39;s because of racism.</strong>"
"You people need to stop being cheap. Buy iPhone. "
"HHMMM! I smell class action suit!"
"thanks biden"
"I go to a non-porn site every so often just to throw them off."
"CHI...NAHH. It&#39;s CHI-NAHHH"
"The data gathering balloon was shot down.  Amerika is safe."
"#FChina #FAllChineseNationals (Everywhere!) Continued (massive) #DeathToChina"
"The data gathering balloon was shot down.  Amerika is safe."
"#FChina #FAllChineseNationals (Everywhere!) Continued (massive) #DeathToChina"
"&#34;We find that these devices come bundled with a number of third-party applications, some of which are granted dangerous runtime permissions by default without user consent, and transmit traffic containing a broad range of geolocation, user-profile and social relationships [personally identifiable information] to both phone vendors and third-party domains, without notifying the user or offering the choice to opt-out,&#34; the research showed. So this begs the question...what are the bundled apps?  Help us out a little, eh?"
"Another reason yet that shows I am correct never to put banking info or personal info on my phone. Just used to make calls, text and play games. No to banking, charging, paying bills allowed. "
"Maybe this is a good time for the U.S. Government to shut down the imports of Chinese phones from all vendors, and start a replacement program using safe phones. I guess the whole Cellular phone technology has gone off the rails, along with the technology that they use and to glean information from the user illegally. What is the answer to this?    "
"No surprise. Lenovo was also putting spyware in their products too. Time to ban electronics from chinese manufacturers. "
"You can probably assume all the apple and other manufacturers equipment made in China does the same.  That is why the government quietly band may products for use by the military or other critical groups. "
"Who need phones to transmit data to China when there is a Chinese app installed Whitehouse"
"Our own government does that to us through various ways including our cell phones every day. Anybody that thinks they have privacy think again."
"Modern phones are listening devices and data collection portals.  Ever notice how you can have a discussion with somebody about a random topic, then the next time you open up Google Chrome or whatever browser you&#39;re bombarded by ads related to that topic?  It&#39;s not a coincidence.  The phone companies, Google, ap developers, etc ALL make money off this."
"You need to be suspicious of ANYTHING the Chinese make!"
"Coming to America soon - if folks don&#39;t stop voting liberal."
"Our &#34;friends in China&#34; monitor every aspect of their own citizens lives so they can also control them.  Why wouldn&#39;t they take every opportunity to do this with people in the US?  Our own government may just be outsourcing this mission to China😎"
"&#34;Notably, the collection does not stop once the device and user leave China, despite the fact that different countries have different privacy laws.&#34;  You don&#39;t say?"
"Hunter Biden&#39;s company in China helped design mobile apps for the CCP for that very purpose......"
"Americans, especially the government agencies, should not be buying electronics, hardware or software, from China.  

And, if Americans were aware of how poor Chinese sanitation habits are, they would not buy food/consumables from China.  "
"So in other words, China is doing the same thing that Google, Facebook and the rest of them are doing."
"Biden is run by China"
"Cellphones are so central to our lives that one should take care in selecting a device. Obviously buying a cellphone without a good provenance is literally asking for trouble. Surely not much more has to be said about this."
"I&#39;m very glad I have a simple flip phone.  I have never owned a smartphone, and I never will.  "
"&#34;Android phones from China transmit personal info without consent, researchers say&#34;   I wouldn&#39;t own a Chinese-made android phone if my life depended on it. "
"The EU fined US companies for violating EU privacy laws.  They will remain mum where China is concerned.  "
"Are there any phones not, made in China?!"
"If you dont think your every word isn&#39;t tracked, read, stored and followed up on by many entities including your government, then you need to wake up. Even your posts here are. "
"Joe Biden, 2019: &#34;China is not our competitor.&#34; And people actually voted for him."
"Come on man! You know all these phones, whether android, or Apple, have Chinese software in them."
"Not a bug, it&#39;s a feature."
"Well, of course. This is Chinese authoritarian culture, where you are far less important than the state. "
"No way!  Biden should send them a harshly worded letter!"
"Are Apple, Facebook etc. not doing the same things ?"
"Big deal. So does most every app you can put on a phone or a computer these days.  The operating systems themselves in most everything have built in telemetry features that can&#39;t be turned off."
"Everyone knows this and I bet everyone phone in every country does it too. "
"What cell phones are not made in China?"
"Quit buying Chinese products.I have even found Del Monte mandarin oranges are produced in China.What, we can&#39;t grow our own oranges!"
"I go out of my way to avoid Chinese goods.  Apart from being lower quality, I simply don&#39;t trust China.  When I go to a hardware store to purchase bin stock, I begrudgingly have to accept it because there are no other options, but tech?  NFW!!!!!!"
"I’ve been to China many times, they water the food they grow with sewage, they feed fish at farms by hanging chicken cages over the ponds and letting the fish consume the waste, best bet is to get it all here. And cut China off 100%, would ruin Xi’s dream of conquering the US and Japan "
"I have little doubt that the Chinese not only know where you are and more personal information about us through our phones, but also through other electronics such as your smart TV, computers, watches, and any other electronic device IN ADDITION. I really do believe that some devices may be bootstraps with explosive transistors that would physically harms us with activated remotely by perhaps even a balloon.  These people are single minded on taking over the globe. I don&#39;t think we do a complete check into what comes from that country.  These are very smart people we&#39;re dealing with and very capable of destroying us. Our government has not taken them very seriously and they have taken advantage of that."
"they just happen to be Apple researchers"
"Buying a chinese phone is like asking to get spied upon.  just like using zoom is"
"So just delete the apps that you know you dont want or need.  I do it with every phone i get that is prepackaged with apps from the manufacturer.  Very simple to fix."
"Reason #258,982 to NEVER trust the chinese. "
"Like all the military tech - that the balloon gathered ...."
"DO NOT support Chinese spying...!Instead, trust American spying agencies like the NSA or CIA.....Let the professionals such as the FBI, monitor your actions at school board meetings and Trump rallies. Welcome the FBI as they raid your home and workplace looking for Hunter Biden&#39;s laptop or Trump/Russia collusion files.Support America....support American spies."
"China can be defined with three words: lie, cheat, steal"
"so what are the apps that are doing this we need a list"
"Given the NSA&#39;s and FBI&#39;s continual spying on American citizens, I hardly think I have to worry about China knowing my location."
"Anyone surprised?"
"Time for the old flip phone"
"Why is there a big balloon tethered to my phone?"
"This is the same type of spying China has consistently attempted.  Listening on NIC cards, listening on embedded chips in networking equipment and so on.  You buy anything electronic from China they are listening.  You install a Chinese app, they are listening.  If your vendor, ie, the tv manufacture or whatever appliance or electronics you are buying sources any electronic chip or part from China they are most likely listening and sending that data back if there is a path.  Don&#39;t be naive about that."
"Is Tesla new phone made in china?"
"Not too concerned about the Chinsed knowing my grocery list."
"Be nice to inform us which phones and apps to be concerned about. I just looked through the &#34;about phone&#34; menu on my Galaxy and there is nothing about the manufacturer. "
"At this point in the game ask me if I care."
"From China? What is this world coming to?"
"I just cleaned mine. I didn&#39;t realize Google was collecting info until I went to a random restaurant with my mom and got a targeted ad the next day. "
"I thought so. "
"No surprise.  Only a full would trust a Chinese product.  Other electronics outsourced to China have been found to have microprocessors added to the design to send back data.   The DoD bans laptops gun China,  such as Lenovo.  China is a bad actor,  worst in the planet by far.   Every purchase goes to fund President Xi&#39;s war-mongering and aspirations to attack Taiwan and the U.S., so don&#39;t buy from Alibaba, don&#39;t buy Chinese motorcycles like C-Force.  "
"True for pretty much every smart phones sold, everywhere."
"I have a Droid.  Where&#39;s my Settlement?"
"Amazon sells thousands of chinese made wifi products every hour..... this is a nothing burger."
"stop sending jobs overseas and start America Made!!  problem solved"
"Surprise!!! Socialists are sneaky, underhanded, dishonest, invasive and manipulative.  Yup, sounds like the democrat party. "
"&#34;Sum Ting Wong&#34;<ul><li>Joe Biden</li></ul>"
"Misleading headline [a.k.a. clickbait]. Only true of some Chinese made phones, which are not very popular in the US. OnePlus phones have a 0.83 market share in the US, and Xiaomi and Realme aren&#39;t even generally available. Don&#39;t be overly concerned about your Samsung or Pixel. The author&#39;s source was UK-based research, and over there they are much more open to these CCP connected Chinese brands and the security hazards that come with them. "
"Never buy Chinese electronic components or devices."
"It&#39;s a good thing I have a Samsung, built by our Ally South Korea. They don&#39;t build their boards in China right?"
"I wonder what info Lenovo computers transmit."
"I wonder if we can ask China to provide geo-location for all those mules who dumped thousands of extra votes for Joe Biden in key states?!Biden ignores American sourced evidence, but he&#39;s sure to believe anything the Chinese say...."
"We need a true and tried US built phone for our people in the military at least"
"Boycott Chinese Restaurants. They convert Dollars into Yuan and wire to China. "
"Well, hope they get their jollies when I call my Mom to see if that white van is still driving around the block. (It&#39;s the one that tosses the coupon packs onto the driveways. The old lady thinks it&#39;s highly suspect this van drives by every day around the same time. Oy.)"
"Add TVs to the list too🤣"
"Wonder how many are walking around inside the White House?"
"Funny how Fox jumps on this (which everyone already knew) but still has <strong>REFUSED TO COVER THE SPYING BY THE NSO GROUP.</strong><strong>It&#39;s because of racism.</strong>"
"You people need to stop being cheap. Buy iPhone. "
"HHMMM! I smell class action suit!"
"thanks biden"
"I go to a non-porn site every so often just to throw them off."
"The data gathering balloon was shot down.  Amerika is safe."
"CHI...NAHH. It&#39;s CHI-NAHHH"
"#FChina #FAllChineseNationals (Everywhere!) Continued (massive) #DeathToChina"
