"Yes, China has a lot of explaining to do.. just not nearly as much as Joe and Hunter Biden. We need to know why the spy balloon was not shot down before it ever reached our shores, and how complicit the Bidens are for letting it float across our country based on Hunter&#39;s shady business dealings with China."
"“The Pentagon” has some explaining to do about why and how they allowed this invasion upon American in the first place. "
"<em>Jean-Pierre said told reporters. &#34;I think what you heard from the president is that he&#39;s going to put our national security first…and that&#39;s what&#39;s important.&#34;</em>When?  When is he going to do that?  He sure hasn&#39;t done it yet.  "
"The CCP/PLA has been in total control of the Wuhan bioweapoins lab for over two years now.  They are doubtlessly continuiing gain-of-function research and planning to release a more virulent virus soon.  we should have dropped MOAB on that facility years ago.."
"NO!  DOD...has a LOT of explaining to do...and, it better be good!!!"
"If your end goal is world dominance and control over human populations then why does it matter if you invade another countries airspace or steal intellectual properties or technology, it will all be yours in the end. This is why people like Justin Trudeau admire them, they can accomplish their goals and objectives without having to deal with free thinking people in a democracy."
"China to explain?
Yeah, that could happen. "
"China it&#39;s going to explain it like This: 😄😁😆😅🤣😂😜🤪🙄😴😴"
"see, that&#39;s the problem.......to think that china HAS TO EXPLAIN anything that they do!"
"<strong><em>&#34;China has &#34;a lot of explaining to do&#34; after its surveillance balloons were found violating nations&#39; sovereignty in at least five continents&#34;</em></strong>Yeah ??? And who&#39;s going to them accountable ?  Certainly not this administration."
"Instead of saying stuff, why isnt the DOD actually doing stuff.  They can say all they want.  Its meaningless until they actually DO something..  "
"I am more concerned as to why the DOD let the balloon enter US airspace in the first place. In addition, why did they just mention the past instances under Trump? Guess they were trying to take some of the heat off Brandon."
"In his state of the union address, Biden claimed he got tough with China about the spy balloon.  The problem is, it was only AFTER he let the Chinese completed their spy mission. "
"Brandon&#39;s DoD?  Explain???? Yeah, I&#39;m not waiting up."
"The world should forget paying any debt that they owe to China. After all, it was in China that the covid-19 germs were released. They have no regard for anyone in the world or international law. As far as I&#39;m concerned don&#39;t pay them a dime. Then Watch What Happens"
"China is not going to explain anything to Biden&#39;s DOD, as they have no fear or respect for them at all.  Xi will just continue to smile and nod at them, as he continues building up his military. "
"I felt safe under Trump,  no way under Biden on multiple fronts."
"Kremlin papers appear to show Putin’s plot to put Trump in White House<strong> Documents suggest Russia launched a secret multi-agency effort to interfere in US democracy.</strong><strong>Vladimir Putin personally authorized a secret spy agency operation to support a “mentally unstable” Donald Trump in the 2016 US presidential election during a closed session of Russia’s national security council, according to what are assessed to be leaked Kremlin documents.</strong><strong>The key meeting took place on 22 January 2016, the papers suggest, with the Russian president, his spy chiefs and senior ministers all present.</strong><strong>They agreed a Trump White House would help secure Moscow’s strategic objectives, among them “social turmoil” in the US and a weakening of the American president’s negotiating position.</strong><strong>Russia’s three spy agencies were ordered to find practical ways to support Trump, in a decree appearing to bear Putin’s signature.</strong><strong>By this point Trump was the frontrunner in the Republican party’s nomination race. A report prepared by Putin’s expert department recommended Moscow use “all possible force” to ensure a Trump victory.</strong>"
"As long as there&#39;s explaining to be done, how about telling us how they arrived at the conclusion there were three undetected flights. A little bird told them?"
"China may have explaining and excuses.But how does America explain for Joe Biden?"
"Suddenly the DOD is fake-Outraged that a fleet of CCP surveillance balloons has been flying globally for quite a while...with the highest tech, they can&#39;t possibly say they didn&#39;t know!"
"China is the worlds largest dictatorship "
"We used to find patriot Qualified military recruits throughout our Republic because we were taught love of God, love of country, and patriotism in our homes. These values were reinforced in our schools and in all our forms of entertainment. I used to love Hollywood and the wonderful historical heroic moves , enjoyable comedies, musicals , family type stories, happy ending Romance stories , etc.
Today , I avoid all of the filthy , pervers, rubbish that that Hollywood producers. Hollywood mirrors the values of society and the character 
Of the people. The Greatest Generations from the Founding Fathers to the mid sixties, have been replaced by what we see coming out 
In all our forms of Entertainment ! "
"Good thing we have such a cognitively superior and completely uncompromised president to handle this.  He&#39;s just the man for the job!"
"Every one of them that is spotted outside of Chinese air space should be shot down. That will send a good message.And by the way, China is in no position to attack anyone, including Taiwan for the simple reason that their entire economy is dependant on imports more than any other economy in the world. This includes manufacturing, food production and energy. If sanctions like the ones being imposed on Russia were ever imposed in China, their economy would come to an immediate griding halt."
"So why did they not take the others down?"
"The Pentagon has a lot of explaining to do as to why they let the balloon traverse the US before shooting it down.  Ane why the American public never heard from them before about the supposed prior balloons. "
"TREASONOUS obama WATERBOY biden&#39;s Direct TV balloon."
"Funny... <strong>China has &#39;a lot of explaining to do&#39;</strong>They already paid the Big Guy and the small guy !!!!"
"The world comes together and rids itself if all counties create these problems.  "
"I&#39;m sure Zhi is shaking in his British leather oxfords!"
"We used to have a President, now we have Walter the Dummy. Does anyone here believe for one second that our military was not aware this was coming? Does anyone here believe for one second, that this balloon just showed up over Montana this morning and our military was caught by surprise? Does anyone here REALLY believe that we couldn&#39;t have intercepted it BEFORE it crossed into our airspace and blown it up without citizens underneath it?We used to have a President!"
"Lu-Xi. You&#39;ve got some &#39;splainin to do!"
"Big deal…..let us know when the Chinese give an adequate explanation.  In the meantime, explain why the Dept. of Defense has known about these incursions, did nothing and did not have any plan as yet another balloon drifted across the entire U.S. continent."
"No, the DOD has a lot of explaining, where they were for 8 days, after the Balloon was first spotted in the Pacific "
"No Joe has the explaining to do.  Everyone but apparently this administration knows China wants to take over the world. Hold it, they do and are complicit in helping."
"&#34;I think what you heard from the president is that he&#39;s going to put our national security first…and that&#39;s what&#39;s important.&#34;So when is he going to start? 2028?"
"They were just studying the weather over our military bases. "
"<strong>&#39;a lot of explaining to do&#39; The do not have to do anything and they know it</strong><strong>There will be no consequences.</strong>"
"Don&#39;t trust the US govt to explain it to you."
"All of sudden boarders matter? Maybe if the balloons were carrying fetynal or providing tax free labor dems would allow the ballons to land safely in L.A. and N.Y.C"
"I would say the DOD has more explaining to do to the American people than China does! We know what to expect from our mortal enemies, but the failures of our own military is the bigger problem!"
"It will be interesting to see how a free-flying balloon launched in China can traverse the Pacific, make it through &#39;Doldrums&#39; at the Equator, and get to South America.  Launched from a China flagged ship perchance?"
"China communist government: not our balloons! civilian balloons. give us them back. off course. can be controlled. not spy balloons. flight course over most sensitive military operations coincidence after balloon seen making controlled change of direction."
"Bad Panda. Bad Panda."
"The US should show the world just what was on that spy balloon."
"&#34;the PRC, feel that it&#39;s okay to violate sovereign airspace of nations in a way that is inappropriate and unacceptable.&#34;Well, it was perfectly acceptable for Biden who allowed it.  Perhaps Biden&#39;s way of payback to his handlers in China.  Biden and his crime family are bought and paid for by the Chinese.  FACT."
"China?  Well, while we&#39;re at it, I think DoD has some serious &#39;splain&#39;in to do, too."
"Tough to see a grown man in a uniform whine.  Maybe I grew up in a different time when men tried to be men."
"How about as a reputable news source you stop stating that spy balloons were here 3 times under Trump administration, without providing any actual proof "
"China is not going to explain nothing. Also the US is guilty of the same thing. We been flying missions over countries airspace for decades along with traveling in their waterways ignoring the limits. "
"China believes the World is their rightful destiny. In their minds there is no sovereignty issue."
"With its entitlement to routinely violate the sovereignty of increasing numbers of countries, seems as if China is channelling its inner hegemon!!"
"China thought the US don’t care about ou country”s sovereignty. That was all given up since Demented Biden took office. Look at the border and see it."
"Yup, China&#39;s really in trouble this time!  Just like that time a couple years ago when they killed millions of people all over the world and nobody did anything to them at all.  Expect more of that you bad guys!"
"Test runs to EMP the western hemisphere"
"China: You allow balloon.Biden: Yes, Master."
"If not for the guys in Montana, we may never have known.  "
"If China can&#39;t respect sovereign airspace they shouldn&#39;t be permitted passenger or commercial flights into it. The EU and US need to teach them a lesson - say maybe being banned for a month or two."
"The DOD has a lot of &#39;splainin&#39; to do, as well."
"No explanation needed, they believe the world belongs to them and Bejing-Biden is bought and paid for."
"These are simply whether balloons folks, as in, the chineez are looking to see &#34;whether&#34; or not they can get useful intelligence."
"Brandon wants to go after tax cheats, but leave crooked son hunter and the Millions he owes the taxpayers alone"
"It&#39;s hard to imagine how bad the holocaust would have gotten if Biden were calling the shots back in the 40&#39;s"
"The real joke is that the DOD thinks an explanation is necessary.  What’s a bigger joke is our government continues to condone China’s nefarious activities and welcome them to our home front all the while keeping Americans oblivious."
"Alright China, global pandemic was strike 1 and this is strike 2 so kill several million more of us and then you&#39;re getting a stern talking to MISTER"
"Explain to me where the DOD was watching the balloon come over the Aleutian islands? As far as I know it was first spotted in Montana by a civilian."
"China SHOULD NOT BE ON THE UN SECURITY COUNCIL. They are the world’s criminal. "
"I guess they’ll put China in timeout for 10 minutes ."
"*United States quietly backs out of the room..."
"Funny this is the first time hearing anything about these balloons and yet supposedly they have been seen ove Hawaii and there were 3 when Trump was in office. Why are we just hearing of this now? Could this be a coverup? "
"They do it cuz they know there are no consequences.Mt question is, why don&#39;t they just use satellites? Ain&#39;t they got any."
"China wants the U.S. to return the wreckage of their spy balloon.  First choice, tell them to go pound sand.  Second choice, send them a recovery fee of a billion dollars and send the wreckage after processing in a wood chipper.  "
"People get ready, you never know how much time you have left. Are you prepared to meet God."
"So it has happened before and NO ONE, not a SINGLE MILITARY OR GOV&#39;T official let it be know.Interesting."
"1 billion of its citizens to bed without dinner."
"Send China a bill for the $20 TRILLION they owe us for their 2020 bio attack"
"If they&#39;re weather balloons then send us the blueprints and specifications, there&#39;s no need for secrecy. "
"I find two facts very interesting.  Biden and the Dems brush off a Chinese spy balloon that Americans found so intimidating, that they wanted to shoot it down themselves.  Biden and the Dems did not want to shoot it down, and they want to outlaw guns for law abiding citizens. I suppose it is just another coincidence."
"And here I thought China had advanced technology, as in military spy satellites.  Are they really still playing around with balloons and firecrackers or was it an intelligence mission to see what lame Biden would do, which was nothing., until the balloon finished its mission? "
"I find two facts very interesting.  Biden and the Dems brush off a Chinese spy balloon that Americans found so intimidating, that they wanted to shoot it down themselves.  Biden and the Dems did not want to shoot it down, and they want to outlaw guns for law abiding citizens. I suppose it is just another coincidence."
"And here I thought China had advanced technology, as in military spy satellites.  Are they really still playing around with balloons and firecrackers or was it an intelligence mission to see what lame Biden would do, which was nothing., until the balloon finished its mission? "
"Just for a second let&#39;s pretend China isn&#39;t lying. That&#39;s a lot of research balloons for a single civilian entity to have in the air at a single time. And a lot for them all to suddenly be off course at the same time but over different countries. Each balloons research instruments would cost a lot so that&#39;s a very well funded project but run by absolute idiots who know nothing about how to properly use their equipment. Nope. Not buying it."
"china will do what they want. they know they can bring the world to its knees by witholding important goods they are manufacturing. just look at what has happened to the car industry since covid."
"China&#39;s balloon violated the USA <strong>sovereignty because Biden allowed it too.</strong>"
"Given all these facts, someone needs a to do some explaining how Trump was oblivious to what was happening. "
"Just more confirmation that this happened during trump&#39;s presidency."
"Oh right. Like the US or anyone else is holding China accountable. The pecking order has changed and we are no longer on top. "
"The first question should be why Nobody in the upper command where notified until the media published it ( probably has a distraction for failings in other areas)Second why did the current administration know about the incursions when nobody else knewWe are comprised and at the short end of the stick I am so glad I am old"
"Why did Biden wait eight days. He should have shot it down immediately. We have the technology to guide where it would come down "
"The balloon probably did check the weather, too."
"The balloon had a tag on it that said Made in China, so its clearly one of ours."
"seems to me they have a lot of explaining to do on not only the balloon but covid etc."
"i can&#39;t believe people are getting so worked up over a wayward birthday party balloon."
"The DOD leadership has been tainted with no consequences for their actions!🏴‍☠️"
"There is no way that there were five balloons over the USA when TRUMP was POTUS.  Just more lies from the LEFT."
"Who wants to bet Elon Musk has a team at SpaceX working on a way to bring these down slowly so they can be captured without causing harm to anyone or anything on the ground?"
"no need for an explanation 🧐 China knew better than to do it and they decided to do it anyway. Straight to the punishment stage 💪🇺🇸🇺🇸🇺🇸 "
"Brandon told the Chinese authorities, why send balloons over?  We will just send you all of our classified information, plus we will reward you with billions in cash."
"I have a legit question though.  And I do believe 100% they are spy balloons and they are full of it, but what are these spy balloons showing them they their satellites orbiting the earth are not already showing them?  "
"What??? We&#39;re just keeping camera surveillance on the property we&#39;ve bought..."
"We better learn to speak Chinese, war is headed our way.  They have a military. We have woke people. It would be a matter of days until they own us.  We better change course up fast."
"Um, there is only one Asia and Latin America is not a continent. But they definitely need to be held accountable."
"China is like Mary Poppins.  Explains nothing.  It will be a cold day in Beijing before they explain or apologize for anything."
"The Han believes that only they deserve to live. "
"Why does ANY whiny 5 year old get away with anything?Because the adults let them.China knows they can do this many times without reprocussions.  Why is that?"
"Let&#39;s hit China fast and hard now, before they get anymore powerful. Most of our military secrets have stolen by China. Why do they have Fighter jets that look like ours?"
"Elon Musk tried to buy Brandon but China won&#39;t sell."
"yes China has a lot to answer for, but who is going to make them answer? I know get the same people who stopped Russia from invading Ukraine, opps."
"<strong>Brig. Gen. Pat Ryder is an embarrassement and a disgrace to his uniform.  Is it any wonder that the military can not find qualified recruits with this type of leadership?</strong>"
"Of course Biden can&#39;t deal with Chinese balloons.   He can&#39;t handle anything remotely involving inflation. "
"Does anybody have those launch codes?"
"We watch china, Russia and the rest of the world by satellite. We can see anything using google earth. "
"I figured it out. Xi was sending Biden his instructions and money. "
"So, it&#39;s not just Lucy that has some Splainin to do."
"The government doesn&#39;t care about our sovereignty...they have left our southern border wide open for more than 50 years....50 years!!"
"Forget about &#34;explaining&#34; the Chinese invasions of nations&#39; air space. Forget it; INSTEAD, <strong>LET THE CHINESE PAY FOR THEIR CRIMINAL ACTIONS.</strong> "
"They are just measuring for curtains when they take over the world. "
"Just civvie weather balloons, lol. Why is everyone getting so worked up. Joe isn&#39;t. "
"The US has become the most deviate, licentious, perverse, nation since the Roman Empire. We have completely lost our way and our &#34;leadership&#34; is totally incompetent. I mean, just look at the president. He couldn&#39;t run a 7-11.Do you honestly believe anyone respects us anymore?"
"DOD, DOJ, FBI.... Credibility and getting a basic job done seems to be well beyond their talents!! China Laughs at Us and Dementia Boys Chinese Paid Incompetence!!"
"Democrat Voters: &#34;Oh it&#39;s just a balloon 🎈 nothing to worry about &#34; clueless. "
"To China&#39;s way of thinking, the world belongs to Communists.  It might as well be them, rather than anyone else."
"So, the tried and true dem diversion is to say it happened several times under Trump.  Golly, who did not alert Trump, if that was true?  Clearly here, Biden&#39;s lying gov would never have said a word if a civilian did nor capture images.   Hmmm.T1"
"Brandon said he would get right on this spy stuff right after he gets briefed on what is going on between Jill and Emhoff. "
"We can&#39;t steer our balloon what do you want us to do weather affected our weather balloon.... it&#39;s a civilian balloon and we want them all back...😆"
"China launches balloons, America launches SR-71 Blackbirds.  "
"Is that a F-22? Looks like it. kind of overkill to take down a balloon wouldn’t you think?"
"<strong>BAN TIKTOK</strong>"
"I am more interested in why American leadership allowed it vs. China trying to steal our secrets!"
"So, why did we allow what we knew was a CCP spy balloon to track and record from west to east before shooting it down and then shot down two unidentified objects before they came over the U.S. land mass?"
"OBVIOUSLY... the chinese have some kind of UFO FABRIC that contributes to  cloaking and invisibility."
"What did DOD know and when…these were probably thought to be UFO’s!"
"America needs Trump now more than ever..."
"China has &#39;a lot of explaining to do&#39; after spy flights found &#39;violating sovereignty&#39; on 5 continents: DODAre they talking about OUR DOD?!?!?!? HAHAHAHA"
"Chinese men are small in the bathing suit area. "
"China does what China wants "
"Put them in timeout.....and no participation trophy!"
"You got a lot of Splain&#39; to do Buydem..."
"From the above article:&#34;Jean-Pierre said told reporters. &#34;I think what you heard from the president is that he&#39;s going to put our national security first…and that&#39;s what&#39;s important.&#34;&#34;IF our country&#39;s national security was SO IMPORTANT to BUY-ME-DUMB then WHY does he REFUSE to enforce our nation&#39;"
"If we didn&#39;t see that coming over the Pacific, then get ready for another Pearl or 9/11.  "
"China: &#34;Me no English. No more care!&#34;  Yep! That&#39;s there explanation."
"They dont care as long as you buy their stuff."
"Somebody has to help direct all of the &#34;illegal&#34; migrant traffic."
"looking for great places to build &#34;Ling Ling&#34; buffets/xi laundry..can&#39;t blame them for that.."
"Latin America ain’t the same thing as South America ?! "
"Here is a little <strong>joke </strong>for all of you:What is the <strong>difference between the Chinese Spy Balloon and Ashli Babbitt?</strong>Answer: <strong>There are pieces of the balloon left to pick up.</strong>"
"Yeah right, like China will explain anything !"
"Right, they owe us nothing "
"It says on the very last line of the Constitution &#34;Ignore everything written above in the case of Orange Man Bad&#34;"
"This is why China has gone silent.  What can they say. The evil empire  with lies as its basis. Retaliate now!  We are fast losing world respect."
"CHINA AT THIS MOMENT IS TRYING TO SEE HOW TO JAM OUR NUKES.    BIDEN IS A NATIONAL SECURITY RISK FOR OUR COUNTRY.  "
"China is every bit as honest as Serial Liar Joe."
"Xi laughs at Biden&#39;s woke DoD."
"Next up--China takes control of Taiwan"
"The UN will pay 1m bounty for every balloon shot down. That should end it.  "
"&#34;China has a lot explaining to do...&#34;China: We spy on u and u no do nothing &#39;bout it."
"Maybe there’s a Tik Tok video of their apology "
"I&#39;m sure China is trembling in their boots about the wokie DOD."
"China is prep for world invasion and bought the Democrat party to win the war."
"Maybe there’s a Tik Tok video of their apology "
"I&#39;m sure China is trembling in their boots about the wokie DOD."
"China is prep for world invasion and bought the Democrat party to win the war."
"How&#39;d the alphabet people&#39;s insurrection go earlier this week?  Any innocents get murdered?"
"Just more lip service from the pentagon cowards. These posers will do little more than wring their hands and make contorted expressions."
"Take out the three gorges dam with missiles that will shut the Chinese up real quickly."
"and who is going to make them?? china is laughing at the world rt now!!"
"Luuuuuuuuuuucy you got some &#39;splainin&#39; to do"
"look out Google Maps, here comes Duck Duck Mao"
"China is the great Satan "
"Oooooo Bidet is gonna get all Kung Fu on China.....LOL"
"This is like the 6th balloon over the US in the last 5 years. Pretty ridiculous that this is the first one we&#39;ve shot down. "
"KJP is so bad at her job. "
"You want your balloon? Come and get it!"
"Our woke puppet of the radical left just handed over the keys to the house to the BRICSBrazil, Russia, India, China and S Africa, with more coming-Saudis, N Korea and more"
"Xi and the CCP don&#39;t and won&#39;t explain boo!  Go duck goat yourselves!   Biden has shown the power of being weak!  Xi it now the leader of the world.  Joe sold out!  You sold out when you supported and voted for Liberal Democrats and Joey!  People in PA just voted more Soros Liberals into office.  Kneel Vitich!"
我们不会解释任何事情
"Biden is going to do what Trump was incapable of doing. Biden is going to kick China&#39;s sorry behind "
"Ban all Chinese imports ban all exports. Freeze china "
duh
