"If my drones could reach that altitude, I’d have kamikaze’ed one into the spy balloon, saving taxpayers the cost of a $1M Sidewinder missile and $900K in ocean salvage expenses."
"Well we all knew that Biden would fail. Thats what he has done all his life. But DOD?  We have reached a new low."
"Democrat or Republican you have to ask yourself who is really running the country. Scary times. "
"Biden, Harris and the entire Defense Department failed this country and its citizens. All should now be looking for new jobs, and burying their heads in shame."
"You have to ask yourself, when has joey not failed? Only joey supporters had to ponder that for more than a nanosecond. "
"Makes me wonder if NORAD actually tracks Santa accurately, if they cant track a balloon. "
"This was a failure that was purposely done. The question is why did our military purposely fail? Austin, Milley, the NORAD Commander, the USAF Pacific Commander, the Alaskan Commander all need to be investigated."
"Biden did fail but he didnt disappoint. Everything he does ends up with failure  "
"Joe Biden did what he was told to do."
"We now know that, apparently, the Pentagon missed several similar balloon flights. What does that say about our ability to detect an attack?"
"When our government is notified of something penetrating our air space, we are in trouble.  The notification came from a citizen in Montana.  An overhaul in the military needs to occur, the federal government is failing to provide basic security to the US. Here the military and elected officials lied to Americans regarding the incident.  President Biden should have had standing orders to issue a warning and within a designated time period to remove the item from the sky.  The military excuses should not be tolerated, the head (4 star) General Milley should have resigned or been fired. The military job here was very simple, take action. US citizens should remember this incident when going to vote in 2024.  The question they ask is simple, would this happen under another President with no response?  President Biden&#39;s comment, it also happened under former President Trump was a lie.  Biden put the military is a terrible position, he should have fired Milley the following day."
"This is what happens when the CCP pays millions to keep Biden Inc happy.  The real question is why GO’s were good with concealing and not acting against an aerial threat known from entry into sovereign airspace.  Gen VanHerck knew what was happening and claims there was no threat while ignoring the sovereignty issue as NORTHCOM commander.  He should be fired.  "
"Is there anything that Biden <strong><em>hasn&#39;t</em></strong> failed at??"
"So, correct me if I&#39;m wrong but a civilian saw this spy balloon and then whenever it was reported to the DOD and bumbling Biden, they decided to do something about it after spying on our military bases? Then shoot it out of the sky with a missile over the ocean after it flew over the US and the media trying to make us believe that it was nothing but a weather balloon or something scientific?  The lies just keep on coming and will never stop.  What I thought was laughable when someone said there were Chinese balloons over the US when Trump was president, really?  If that was true either he was never told and if it was true, he would have it shot down over the Aleutians Islands.  "
"The CCP must have a mountain of incriminating information on the Obama Clinton Crime Family!  Why else would a Huge Lumbering Spy Balloon be allowed to float across US air space for 5 days? "
"Nothing new here..Biden has been a failure his entire life 

"
"This should have been shot down over eastern Montana. Put a couple of cannon bursts and watch it deflate. Regardless, at that point it is still better than having it traversing the US and have its pieces scattered on and beneath the ocean and the end of its journey. People in higher places aren&#39;t capable of making intelligent decisions. Look at Afghanistan."
"Biden is and always has been a feckless coward. He is incapable of original thought, the chinese know it and are exploiting his weakness as a leader. Sadly, he and Obama have destroyed the strength of the leadership in the Pentagon through their woke diviersity and equity programs. We used to say that the cream rose to the top, but at the Pentagon the bottom feeders are now in charge."
"The Bidens as well as Kerry and his kid are owned by China.  China is now cashing in."
"The US must of course realise that the Communist Party&#39;s Xi Jinping has usurped the throne and ordered his bodyguards to expel Hu Jintao from the 20th Congress venue. Now Xi Jinping has turned China into a fascist state. I told you a long time ago that he was going to invade Taiwan, invade the United States and invade Japan in the future. He will follow Hitler&#39;s example and turn China into a militarist state. Now there is information that China is expanding its nuclear weapons to 2,000, as well as increasing the number of land-based Dongfeng series of strategic missiles. This is an obvious future invasion of the island of Taiwan. Xi Jinping used scouting balloons to detect US nuclear weapons facilities and warned the US government not to defend the island of Taiwan. War is getting closer and closer and a Communist invasion of the island of Taiwan after 2025 cannot be ruled out."
"<strong>The author ignored the facts when he wrote this hit piece. There was no &#34;inaction&#34; or failure by the Pentagon. The balloon posed no intel threat so we took time to analyze it and learn all we could about its technology. That data along with the physical evidence we&#39;re collectiong now will allow the USA to hold China accountable for its intrusion. Without that material there would be only mutual finger pointing.</strong>"
"He’s not doing to well in the Crime,Drug,Economy tests either!"
"We no longer have sovereign borders. Why should it surprise anyone that the so-called president who refuses to protect this country’s physical borders would be so cavalier as to allow our most dangerous geopolitical foe free access to our entire air space. He invited them in. He’s a traitor to this nation and should be treated as such. "
"As of 2021, the United States spends the most on defense, followed by China and then Russia. According to data from the Stockholm International Peace Research Institute (SIPRI), the United States spent a total of $732 billion on defense in 2020, which accounted for 38% of global defense spending. Russia was ranked fourth, spending a total of $65.1 billion on defense in the same year.It&#39;s important to note that defense spending is a significant part of the budget in the United States but not that much of many countries, and the amount a country spends can be influenced by a number of factors, including its political and security objectives, economic conditions, and geopolitical circumstances. The United States and Russia are two of the world&#39;s largest military powers, and their defense spending reflects their global security and strategic interests.However it is the United States that is always losing.  Why is that?  We spend 12 times more than Russia and always second place.  It appears we are heading for another loss in Ukraine."
"TRUMP 2024TO SAVE AMERICA"
"If anyone failed, it was the military. And I’m inclined to cut them slack, they didn’t know that wind direction would change. "
"I want to know why the person who made this public isn’t receiving a medal from the Republican caucus! We have him  to thank for protecting our country from this Chinese incursion. Thank goodness this information was not suppressed by big media and big tech!"
"They both fail daily."
"Why is it brandon and crew will never report on incidents as they happen, but cower like mutations in the swamp.  But whoa let time move on and wallah!, their creation of truth crawls out of the darkness like Clark Kent to calm the people that all is well in the out house. "
"&#34;Biden needs to reassert American strength&#34; He can&#39;t do what he doesn&#39;t know HOW to do."
"Somewhat surprised that few mention the rather short sighted shut down our Aleutian airbases (Shemya and Adak) in the 90s under President Bill Clinton. The only remaining nearby airbase other than the mainland Alaska airbases is the Coast Guard air station on Kodiak Island."
"&#34;President Barack Obama deployed me and other F-22 pilots to defeat ISIS in Iraq and Syria&#34;But it was Obama who help created ISIS in the first place."
"joey and our military failed long long long before the balloon. "
"I have a few questions I would like answered.  We failed to act early but why didn&#39;t the Canadians take it down?  Were we in contact with the Canadian Government?  Did we tell them to not take it down?  It would be hard to believe they didn&#39;t know about it or that we wouldn&#39;t tell them about it if they didn&#39;t."
"The global leadership was able to get a valuable read on America&#39;s and China&#39;s feelings toward each other and the situation, a help in determining the positions each one&#39;s citizens will, or will not take, in the upcoming global economy; trust and serve God for life eternal."
"I&#39;ll never look at a balloon the same way again... "
"They&#39;re too busy obsessing over LGBT/DEI and have abandoned their real jobs."
"It is not a &#34;spy balloon.&#34;
In Chinese, it&#39;s  &#34;Spy BARROON.&#34;"
"With CRT and the use of proper pronouns and gender identity, we will be a formidable force to be reckoned with 🤣🤣"
"Does no one think that we were actually surveiling the balloons capabilities while it was traversing the US? "
"I have doubts about the whole spy balloon explanation.  Satellites provide the data a balloon could gather.  Sounds more like a bio weapons delivery system test run to me.  "
"That&#39;s really shameful that Republicans attack our own America, our own military, our own intelligence agency instead of  the real culprit, China.  What an unAmerican thing to do.  Just keep attacking us, like you did on January 6.  The unpatriotism continues.  It&#39;s very sad what this party has turned into.  "
"At least the Biden DoD spotted the ballon as it entered US airspace and tracked it cross country and cut off sensitive communications in the area the ballon overflew before shooting it down and recovering it.  Trump’s DoD didn’t even see the multiple Chinese surveillance ballon’s that entered US airspace when he sat in the Oval Office.  Asleep at the switch?  Sad…."
"Remember the Apollo splashdowns in various oceans? Why wasn’t the Navy in close proximity to the balloon’s water landing?"
"Hit China where it hurts massive tariffs"
"A balloon&#39;s life never ends well."
"Attention China: BRING IT! If you want Armageddon so badly, then just keep on pushing us. I am an American citizen. I will willingly give my life to bring you down. Bring it! And if you win, I for one will smile knowing that I pushed the red button that nuked your tyrannical country before I took my last breath!"
"China must be slacking.   Because apparently past flights were not even noticed by those in the Trump Administration."
"The adversary aircraft had no ability to communicate after it hit Alaska. It was no threat. Republicans love living in fear."
"If the US cannot cut off trade with China. The United States faces a future attack by a powerful China. Because China will take the money it earns from the US to build warships. That money could build 113 aircraft carriers. I think Biden&#39;s talk still seems cowardly. The US is in big trouble. 2029 is the year when the war in Taiwan and China will break out.  President Biden says the US does not seek conflict but competition from China. Competition is playing by the rules. But the Chinese Communist Party is a fascist party and it does not play by the rules. Its use of reconnaissance balloons to attack the United States is a warning to the US government not to defend the island of Taiwan. It will do whatever it can, including using nuclear weapons to attack the United States. President Biden&#39;s words are too weak."
"<strong>This is more anti-American sentiment from conservatives.  They praise America&#39;s adversaries and despise most Americans.  There isn&#39;t an American patriot among them. </strong>"
"We lost at the election; sorry they have consequences."
"In search of wealth America has allowed China carte blanche,  all the while knowing where this was headed. If money is all thst matters, these end games will repeat themselves over and over again. 20 years ago today&#39;s outcome was predictable. Corporations moved to China to increase profits. Global trade!! Stop pretending this is all a shock to you. Both parties ignored reality. Now we pay rhe price.Stop acting so stupidly. The blame game solves nothing. "
"There&#39;s a reason trump promised to withdraw, but didn&#39;t."
"Then, how about balloons during Trump&#39;s term? under Republican."
"Came in from Beyond Alaska, but wait to save potential property damage.FAIL."
"Now we know where all these UFO&#39;s are coming from."
"But Xi told Biden it was a climate,  green energy ozone, platform.  China on board with Paris accord What could go wrong Hunter.  Err I mean Joe"
"Joe-tato brain isn&#39;t going to do anything to China and risk losing all that money they put in his bank accounts."
"I doubt the Chinese gained any significant info from this surveillance flight, but we certainly got a lot of info on them from it.  We had U-2 spy planes surveilling it and gathering info and now we have the remnants of it at Langley. "
"The same illegitimate president wants to ban weapons so we can&#39;t defend ourselves.
And the current leadership in the DOD couldn&#39;t decide the appropriate action because they didn&#39;t know the proper pronoun to use to identify the balloon."
"Most of the so-called &#34;stars&#34; up in the heavens are actually tiny Chinese spy balloons."
"Well, at least we can stop worrying about Taylor Swift and Ticketmaster since Bad Grandpa President is on it. It kept me awake most nights."
"I think we are witnessing the demise of our sovereignty. "
"isnt on the computer yet but the Nord stream pipeline fiasco could be the end of Biden IMHO"
"they jammed the balloons electronics and shot it down when it was over the ocean. failed?"
"So I wonder how he feels about the Drumph administration letting 3 ballons fly away unscathed. "
"AH come on man, it was one balloon, there are hundreds of spy satellites circling the earth!"
"Sorry but Obama didn’t defeat ISIS in Iraq or Syria.  This guy is bragging about air to air and the only air to air combat was a Navy F16 who shot down a mig in Syria.  Guarantee that F22 were simply flying around doing nothing because the ROE was strict for no darn reason.  TROOPS DIED because they couldn’t shoot back."
"Failed? It flew over the entire US....."
"It&#39;s a big day at FoxNews for 22 Biden hate articles. They have outdone themselves."
"Is this the first time the American military has shot down a foreign aircraft over American territory since Pearl Harbor?"
"Wait till the nukes are launched, Joe will let us know two days later. "
"The US failed to protect its sky and its borders."
"Let&#39;s see doesn&#39;t present a danger but don&#39;t touch it, it mite EXPLODE!!!!  SOUNDS LIKE OLD LAURAL AND HARDY COMIC ACT!!!!    GO AHEAD BACK UP!!"
"Obama said Joe could F-up anything . "
"China is The BIg Dog. We&#39;re fighting for scraps. "
"I&#39;m just glad Biden shoots down Chines spy balloons instead of just waving to them like Trump did."
"Yeah, the balloon didn&#39;t commit any &#34;hostile action,&#34; said a general who moonlights as a circus clown. If it had, the upper middle US would be a ghost town."
"balloon -a-palooza. 🤣"
"I&#39;m just glad Biden shoots down Chines spy balloons instead of just waving to them like Trump did."
"Yeah, the balloon didn&#39;t commit any &#34;hostile action,&#34; said a general who moonlights as a circus clown. If it had, the upper middle US would be a ghost town."
"balloon -a-palooza. 🤣"
"Bidens military is exactly as capable as I thought. They can&#39;t even pop a balloon.

 Its time  to roll out all the kindergarteners to defend us. Unlike the military they can pop balloons and even pin a tail on a donkey. "
"China says it was a weather balloon and I believe China.  Americans are so crazy they believe their mothers might be men. "
"BINGO.  Dementia joe is a failure."
