"China is correct.  The Brandon Regime acted irresponsibly by not shooting the spy balloon down as it crossed the mostly uninhabited Aleutian Island chain."
"Shooting down a foreign aircraft over sovern territory should be the expected response, not something worthy of protest. Biden needs to make that clear. "
"The CCP gained valuable intelligence flying directly over the US while the Biden Administration sat and watched!  The World is watching in disbelief as China continues to give America The Finger! "
"Let&#39;s fly a few unauthorized aircraft in THEIR airspace and see what THEY do....."
"It is time to deport <strong>all</strong> the Chinese here on visas at our companies, laboratories, universities to stop them stealing our intellectual property and spying on us as China prepares to make war!"
"They sent a balloon with surveillance equipment over our military installations and expected us to allow it???  We should have shot it down in Alaska."
"China paid good money to the big guy to allow their balloon to spy, "
"Deliberately sending a spy balloon over the US was “irresponsible and unacceptable.”"
"If you send an object into the air and do not have control of it and it violates another countries air space, you are the one that acted irresponsible. The US did what China could not, we gained control of the craft."
" Seems xi and mayonaise forgot all about that irresponsible release of an engineeed virus that killed over 6 million AND counting.Take a hike."
"The only sound and steady relationship China wants with the US, is to continue to be allowed to steal our information from every corner of the country. Buy up our farm land and minerals. To loan money to cities that can&#39;t pay it back. They are buying out our military colleges, creating their own police forces, and the Confucius classes at colleges. The Chinese know they have the world by the throat- they control 80% or more of our needed manufacturing from all of our antibiotics, pain reliver and fever reducers, etc. The world keeps enriching China, India, and other enemies while we continue to get weaker. It&#39;s their view of a one world order- by throwing each countries wealth to others! This country is in real danger, but from within-- China only has the power they have because the democrats and all of Washington have been selling this country down the river to the highest bidder for 50+ years! This country can only fall from within and the Clinton&#39;s, Obama and Biden, and now Biden and permanent Washington are selling us and our children&#39;s future .... wake up people. They are telling you/me/us exactly what they are doing! "
"Hey China🖕🏻"
"Hey Xi, when &#34;your&#34; property comes into our airspace, it becomes our property. Case closed."
"Flying spy balloons over other countries is irresponsible."
"And Biden hasn&#39;t apologized to the CCP yet?Next State of the Union."
"Typical smoke and mirrors from the CCP.
Stern protest in front of the media, but Joe got a Bonus behind the scenes for letting the balloon complete its mission before he had it brought down"
"Why is a balloon capable of floating at 70,000 feet a problem?  It&#39;s relatively cheap.  It&#39;s out of range of most munitions.  It&#39;s highly maneuverable in terms of altitude (into different air currents).  It flies above passenger planes.  It is dual-use.  It can drop suspicious hardware any time it wants.  China is most upset because the U.S. set a precedent - other countries will follow the lead of the U.S..  If the U.S. had not shot it down, China could easily have 50 balloons up at one time tracking &#34;weather&#34;.  "
"I&#39;d like to lodge a stern protest over 100,000 fentanyl poisonings every year."
"Reminds me of Demi Moore in <em>A Few Good Men</em>, &#34;I strenuously object your honor!&#34;."
"We need a strong president again. Rumor has it they didn’t want to tell Trump because he might overreact. Oh he would definitely have gotten loud publicly, but he’s a very rational man in the end. Unfortunately, too many people believed the media which is owned by George Soros, who certainly has many interests all over the world that would’ve been exposed by the Trump administration "
"So let&#39;s fly some US spy balloons over China and see what they do."
"China knows that when we recover everything from the balloon,  we are going to expose their spy equipment. Joey might cave if they ask for their 10 million dollars back."
"Oooooh...(shivering), a stern protest from China....how scary!"
"I think 1 of our airplanes they shot down is in a chinavirus museum."
"There is a bullet with Xi&#39;s name on it somewhere.    Hopefully in China. Free the Chinese! "
"I agree, we were irresponsible. We should have detected and destroyed it much earlier. "
"<strong>Will Biden bow publicly to Xi the way Obama did ?</strong>"
"LOVE how China goes from conciliation to indignation so quickly.  Xi and his regime must be bipolar and getting bad meds.."
"I have to agree with China! Their balloon should never had gotten to Alaska. China should not worry about us, the way this socialist liberal agenda is Destroying America we will be handed over to them!"
"Just for fun we should send a balloon over China, see how long it lasts, shut them up."
"How can China protest? They would have done the same thing, shot it down, and much sooner."
"Well, here’s a proverb I would like to relay to Mr. XI. People who spy on  my land can just  GO PACK SAND."
"I am still curious why it took a half-million dollar missile to do the job a few 20mm rounds could have done? The altitude of the F-22 should have been sufficient to bring the balloon within range of the cannon.  SMH "
"We are such a joke as a world power!
"
"Irresponsible?  Like that time when the CCP colluded directly with Dims in Washington to release covid throughout the world?"
"Irresponsible alright. Demonic joe should of never allowed it to enter our air space"
"“Amelika unfair, shoot down spy barroon. We velly unhappy with Amelika.”"
"president ching-chong looks like Winnie-the-Pooh "
"Let&#39;s send the Goodyear blimp over Gina and see how long it flies in their friendly polluted skies."
"No ticky no balloon!"
"They&#39;re mighty nervy!  They would absolutely destroy any of our balloons, drones, planes helicopters, etc., as soon as they discover them."
"I say send the stuff to Texas, then tell the CCP to come get it."
"LOL, as if the Chicoms would allow other countries&#39; balloons to saunter around China.  They&#39;d shoot it down and then lodge UN complaints, keeping it in the news cycle for months."
"Yes it should have been shot down. On the flip side you can&#39;t cry about the U2 shot down by Russia years back or all the missiles fired at SR-71 blackbirds. If you want to gripe at the country that set the precedent of flying spy planes into other countries sovreign airspace you can look at the USA. "
"China would not be trying to manipulate Joey  if Trump was in charge. "
"And China wouldn’t have done the same thing if a USA spy balloon went over their sovereign land?   I think they would have but they would have acted as soon as they detected it and then spread their protest!   Of course Communist China said theirs was just a weather ballon off course, this coming from a Leadership that already lied about their Covid 19 Origins!   It seems to me that the Chinese are the “irresponsible” ones in the World Community!"
"Evil Joe Xiden was ordered by his Beijing overlord not to take any action until the spy probe had completely its mission."
"We&#39;ll be lodging a &#34;stern protest&#34; against China soon enough ourselves."
"dems love the dog eating ching-chongs"
"It&#39;s incredible how much the chinese sound exactly like biden and the democrats."
"Cheaters voted for Biden to start World War three."
"God forbid i was president. Things would be close to dictatorial."
"China. Worst country in the world. "
"The only message Xi need send to biden was thank you for not interfering.  What a joke!"
"Maybe its time for Republicans to stop trying to blame all their problems on peaceful countries like China, and focus on more warmongering nations like Russia."
"Go pound sand Xi and  🇨🇳 , you over estimating your power.  The United States of America is the greatest country in the world..... chose your words and actions very carefully "
"Totally illogical comments by China.  I guess that’s all they have. "
"If you don&#39;t like it China, then keep your stuff out of our territory."
"&#34;irresponsible&#34; = Correct. It should have been shot down over the Aleutian Islands."
"Eric Swalwell, is that you?"
"&#34;Totarry not a spy barroon. Totarry you guys.&#34;"
"Unacceptable!  LOL "
"who&#39;s the irresponsible people here??? there&#39;s been more than one balloon off course   china ,please kiss my a_ _"
"Would rather be irresponsible than the personification of Evil like China."
"Just how bad can the pictures of Hunter and that Chinese goat be?"
"Oh, a &#34;strong protest.&#34;  The Reds wanted a reaction, and the clowns, egged on by the media clowns, gave them what they wanted.  Menawhile, the spy satellite networkjs of Red China and Russia keep hovering over the U.S., as rthey have for decades   Beep!"
"Hey china feel free to come over and take out our useless leaders. "
"Oh prease, spare us the fakey fakey outlage."
"Oh prease, spare us the fakey fakey outlage."
