"There should be NO sale of any land to foreigners in the United States."
"No non-American entity should own &#34;Land&#34; in the US... they can buy a business or build a business, but they don&#39;t get to own the &#34;land&#34; it sits on... they can lease it for whatever period they chose but in the lease should be a clause stating that &#34;in time of war&#34; they lose all rights of possession... that&#39;s ALL foreign countries and entities..."
"That should be an easy bipartisan vote. "
"Why is this a debate?"
"I hope they do this and that it isn&#39;t too late already."
"No American soil should be sold to foreigners. PERIOD…END OF DISCUSSION…"
"600 square miles to much"
"There should be NO sale of any land to foreigners in the United States."
"No non-American entity should own &#34;Land&#34; in the US... they can buy a business or build a business, but they don&#39;t get to own the &#34;land&#34; it sits on... they can lease it for whatever period they chose but in the lease should be a clause stating that &#34;in time of war&#34; they lose all rights of possession... that&#39;s ALL foreign countries and entities..."
"That should be an easy bipartisan vote. "
"Why is this a debate?"
"I hope they do this and that it isn&#39;t too late already."
"No American soil should be sold to foreigners. PERIOD…END OF DISCUSSION…"
"600 square miles to much"
