"I was raised in a country were society taught us that China and Russia were our mortal enemies.  We also sang songs in school about be proud to be American and pledged allegiance to our great flag, everyone stood up and honored the flag and the country; there was no idea of someone not standing that would be criminal."
"Apparently, US officials care to share more information to foreign diplomats, than the American people. They should have calmed down America’s fears early on. It would help to eliminate the distrust that they have for the deep state. "
"&#34;We want to make sure that we are sharing as much as we can with countries around the world who may also be susceptible to these types of operations,&#34; an unnamed senior administration official told Reuters…… but we don’t want to share this information with our own citizens here in the United States. We don’t want to tell our own citizens how badly we have failed time and time again, and how the Chinese have made us look so ridiculous. We don’t want to explain to the American people were all of this money we put into our defense department is obviously going somewhere else because it’s not going into the national defense."
"Ya, well according to that map showing balloon incursions, the ones during the Trump era, shows only one actually loated inside the US.    The rest seem to be in other countries or international waters.    As for the one thats marked inside the US, the heads of the intelligence services during Trump say thats not true.    Sorry, I think a balloon that size flying over the US would have been spotted by someone and reported on, nope, nothing from Trump years.     Uncle Joe is the only person that would let a Chinese spy balloon flr 3000 miles over the entire US and numerous military instalations before deciding maybe he shoupd shoot it down.     If he wasn’t informed for days as he is stating then I would say some people need to loose their jobs t the White House.    "
"Interesting, but somehow our President and military leaders failed to protect America. Isn’t that one of the core responsibilities of the president? Resign immediately."
"Stop buying Chinese made products. If our govt won&#39;t penalize them then maybe we should. Unload their ships slower, drive their products slower to the markets and then send their students back."
"They still haven’t explained why President Trump and senior staff weren’t told about the ballon incursions. "
"Since China claims that they can’t control their “weather balloons” and can’t prevent them from violating US sovereignty, the US should respond by shooting down all Chinese balloons anywhere they are detected anywhere in the world. There’s no need to wait for another violation of sovereignty."
"That balloon was a reminder from China, &#34;we own your president&#34; . And it&#39;s actually old news. "
"And Biden just stood there. "
"The Biden administration briefed 40 countries and 150 diplomats but kept the American public in the dark"
"studying weather?  Now why would China be interested in weather patterns over the USA?  lets see... prevailing winds and biological payload... never fear the &#34;administration&#34; was on top of this."
"You can readily understand why Biden and the Dems are so much in favor of solar panels."
"And our business &#34;leaders&#34; continue to pour money into China. That&#39;s nonsense. It&#39;s like Ukraine justifying pouring money into Russia. Hard to believe the denial here. "
"You can only guess what kind of damage a balloon could do that can actually be controlled. "
"But they did not tell us.  We had to see it on Wednesday."
"It is clear that this was a Chinese weather balloon. It was testing whether or not Biden would do the smart thing. "
"Republicans are desperate to start a cold war so they can pour more money into the military instead of education and infrastructure. Americans should not fall for their poison apple."
"I am supposed to believe this when your sources continually print that Trump allowed balloons, when its pretty evident he didnt......."
"Only explanation needed.Our Air Space."
"Let&#39;s get this started so we can get it over with. "
"Only now Biden Defence staffs realised? Kind of late already. Your Enemies share data with each other. Biden enabled this weakness. "
"Is this the future of solar powered flight? "
"A desperate scramble to appear competent and in control."
"They briefed the world, but failed to tell Americans the truth."
"Now imagine a few hundred of those with a viral agent on board floating over the U.S. and Canada. "
"Biden took a vote?"
"Fortuitous exposition?"
"Who lies more and better? The ChiComs or Biden? Ties permitted. The Chinese expect something in return for all the money they gave Hunter and the Big Guy."
"I say we send a ‘weather balloon’ over mainland China. ):"
"WMD&#39;s in Iraq?"
"Do not use chatGPT for Chinese people."
"Unless they told all of these nations that we were weak, inept, clueless and scared...they lied."
