"It sends the message that we will allow you to complete your surveillance of our military facilities prior to taking action."
"And the message is, do what you want, there would be no consequences."
"He is right and it sends exactly the wrong message. It says the Administration will not defend the US sovereignty. We don&#39;t defend it on the ground, on the water or in the air!"
"“We waited till President Xi gave me permission and it collected all the data and the money was in hunters account, uh no, I meant it was safe to take it out.”"
"Since he allowed it to finish its mission. It shows he doesn’t care about American sovereignty."
"&#34;Biden says Chinese spy craft shot down after crossing US sends &#39;clear message&#39; about America&#39;s sovereignty&#34;.I agree, the message was that China owns him, can do what they want and he has forfeited our sovereignty."
"Oh, I think our adversaries clearly understand what was communicated through inaction. There is a storm on the horizon "
"Sure, that Biden will wait until they’re done collecting intel before bringing it down…"
"The “clear message” is Weakness!  The Chinese Spy Balloon was allowed to float across US Airspace for 5 days!"
"Too little, WAY too late!"
"The only message that was sent:Joe Biden is weak and incompetent.What we learned:Joe Biden and his family are likely compromised by his past financial entanglements with the Chinese and it is affecting his judgement."
"We may have sent a &#34;clear message,&#34; however, it was the wrong message."
"For the first time in our lives, this country has NO leader."
"The U.S. military shot down the Chinese spy craft after it flew across the country from Alaska to South CarolinaThe fact it made it that far is unnerving.That should have been shut down as soon as it  started to go down over Alaska.  Doesn&#39;t the Radar work?"
"Biden message about American Sovereignty it is FOR SALE!  Just contact Hunter Biden for detail and payment arrangements!"
"Biden doesn’t know what the word sovereignty means. "
"Yup, he got it just after it completed its tour of America.   "
"So he waited on his military bosses to say it was ok, so much for a civilian led military. Seems like the cart pulling the horse."
"And his message is. Pay me and you can do anything you want."
"Yeah and the message is:  Biden will sell out America to the Chinese for his 10%"
"He protected the Atlantic Ocean from being spied on."
"&#34;President <a href=""https://www.foxnews.com/category/person/joe-biden"" target=""_blank"" rel=""noopener"">Biden said</a> the U.S. military shoot-down of the Chinese spy craft in early February sends a &#34;clear message&#34; about America&#39;s sovereignty.&#34;Sadly the message reads; &#39;these people can be had!&#39;Had the military blown it out of the sky before it breached the nation&#39;s sovereignty, an entirely different message would have warned possible enemies off."
"And the &#34;clear message&#34; that Brandon sent his pal Xi about violating our sovereignty is that, as long is it is for a spy mission, all is OK until it&#39;s completed, then we&#39;ll take action."
"&#34; President Biden says the U.S. military shoot-down of the Chinese spy craft in early February sends a &#34;clear message&#34; about America&#39;s sovereignty. &#34; The real clear message is that they can get all the pictures they want before they get shot down."
"Yes, the message is clear, you are a compromised President."
"Well just dam, there goes my business model. I was going to start a hot air balloon ferry to help people cross the Rio Grand River from the south."
"Let me make this perfectly clear from now on all illegals must come by balloon. If you don&#39;t have one notify any immigration officer and they&#39;ll supply one from our large inventory of Chinese surveillances aircraft. The larger of our fleet can carry at least two families of 27 adults and children each. Book early spring break is right around the corner. Tell them Joe sent you and get a free cigar."
"It sent a clear message that Washington D.C./the Big Guy is still affordable."
"I wouldn’t doubt it in the end Biden pays China for the balloon we shot down."
"How about US sovereignty on the southern border???"
"Really not folks, should we believe anything that this administration puts out?"
"It sure does. The message being &#34;You can take all the pictures and gather all the data you want. We promise not to take action until you are finished&#34;."
"The Balloon taking pictures of Our missile silos , was just a figment of Our imagination. Thanks Joe I feel better now! "
"Yeah - it says we don’t have any since dementia Joe let it go across THE ENTIRE COUNTRY."
"It sure does Joe, it tells them they can do what they want while you are in office. "
"I honestly don’t know what to think. Does Biden not understand the damaged had already been done by the time he did anything? Does he honestly believe shooting down a spy craft - only after the constant unrelenting demand of the public - proves anything except how incompetent he is? Biden’s entire tenure as president is nauseating. It is beyond belief that anyone could support him or the bungling Harris as leaders of the US. "
"After it finished crossing 75% of the country…"
"Yeah I like how he stood up and told the Chinese to stop their aggressive ballon surveillance program from invading our sovereign air space. That was my favorite part of his comments.Oh but wait he failed to do that ."
"America  has no sovereignty, no secure borders or skies thanks to Joe Biden.Nobody belied his tough guy media photo op but his delusional woke staff. "
"Yes,  the message was very clear to the whole world.   We rolled over and went belly up for a Chinese Balloon..."
"If the message is clear, what is it? From what China is saying they do not recognize our air sovereignty."
"If Biden shot  down the spy balloon 🎈  before it entered our country, what he said would make sense. Biden allowed China to complete  their spy mission, and then shot it down is a failure in most  Americans eyes. "
"Yes, a clear message that espionage and violation of our sovereignty will be tolerated!"
"What a joke.  We protect our nation as long as debris cant harm someone below.  are you kidding me?

"
"America&#39;s sovereignty?!We have a wide open southern border, and a Chinese spy balloon crosses the entire country before anything is done.THAT is what Bidumb thinks sovereignty is?"
"100% lie China owns the whole Biden family and he will never do single thing for the USA. He will do china&#39;s biding till he is out of office.  He will destroy this country the longer he is in office and proves it everysingle day."
"Biden has dedicated his last two years sending the universe a CRYSTAL CLEAR message about America’s sovereignty:  It is illusory under his administration so walk right in and take what you wish. "
"No it does not when you allowed it to collect sensative information for days!"
"the only thing that is stopping America from being invaded is Americans with guns.  Biden is showing China they are welcome to do anything they want.. but they know Americans own guns and will use them to protect America  regardless of what the Democrats want. "
"The &#34;Clear&#34; message: &#34;We will let you fly over our military bases, transmit information critical to our national security, then we&#39;ll shoot your balloon down when your mission is accomplished. Then we&#39;ll shoot down a half dozen weather balloons to make us look tough.&#34;
Erp E Derp. "
"Ironic, given the “clear message” about American sovereignty is that anyone and anything can enter the country and the Biden administration will keep you from leaving. "
"Just prove the point u have a missing spine! Or a disease called spinal missing Gytis. You only shot it down after public outcry, and the guy standing is doorstep for three days looking at a balloon they did not move. It’s only reason you did it."
"With liberals, “sovereignty” is so old fashioned in a new modern utopian border less world.  Joe sees no issues, with his political speak, it’s like a box of chocolates… ya never know whatcha gonna get."
"Yes, the message is, we have a weak, ineffectual president who allowed a spying device to cross the entire continental US before being shamed into doing something about it. "
"A message was sent, but not the one the Brandon admin says.  Did general Milley run to the chinese and tell them sorry?"
"HOWEVER THE SOUTHERN BORDER PROVES OTHERWISE "
"Clear message was fly it across America and when it’s done we may take it down. "
"“If you pay my family enough money, I will protect the nation’s sovereignty, but only after you collect all of the intelligence you seek.”  ~ Brandon"
"Biden’s indecision and delay over the Chinese spy balloon (and his policy for an open southern border) say that US sovereignty is in doubt with this administration."
"Lol, lol, lol. Come on man you’re a failure as is your administration. Just look at the disaster in Ohio you’re ignoring "
"God help us."
"clear message equates to : confirmation of funds transfer to offshore bank account on behalf of Biden Inc "
"Remember 2024
What&#39;s right is right and 
what&#39;s left is wrong. "
"Mr. Biden sold our sovereignty.  "
"It sent a message alright. If it wasn’t for regular citizen posting a photo of the balloon it would have gone UN noticed.  Or maybe, got confused with US balloons, HBAL619 for instance, flying over our country all the time.
"
"Until the southern border is secure, there is no &#34;clear message, clear message&#34; about national sovereignty.  "
"He is correct....the fact that they waited until after it crossed the whole country shows we have given up our soverignty.  "
"The real question is: how many of Hunter&#39;s finger paintings did Xi have to buy to allow the China balloon to spy on US nuclear launch sites? "
"Wanna know what the Biden administration thinks about American sovereignty?Look at our Southern border."
"Yes, Joe. Your message is loud and clear and has been since day one of your administration. Our borders are wide open for all to cross including human traffickers, drug cartels, terrorists, non vaccinated migrants, unattended children, and Chinese spies. You couldn&#39;t be more clear that we have no sovereignty.  Cannot wait to get you out of office. It cannot happen soon enough."
"What a lie. He didn&#39;t protect our security or our missle sites,air bases and other defense bases."
"Biden is absolutely the worst thing that ever happened to this nation!"
"Oh, really?! How about our southern border, sport?"
"Biden, telling us about blasting UFOs and ghost objects out of the sky, and the balloon he didn&#39;t shoot down when he should have."
"Our open border says much more about our sovereignty..."
"The clear message of Americas sovereignty is a wide open southern border. "
"Speaking about the <a href=""https://www.foxnews.com/category/world/world-regions/china"" target=""_blank"" rel=""noopener"">Chinese spy craft</a>, PJ said, &#34;We waited until it had gotten TONS of information for my boss WingPingDing, and then we shot it down, sending a clear message, which is:.&#34;I am still in your pocket and will do whatever you tell me to do to keep you from sending Fox news copies of those checks I cashed.  So, just keep doing anything you want, and I&#39;ll keep doing nothing in response, because I have dementia and a very full diaper,&#34; PJ said."
"The military didn&#39;t detect it, it was reported BY CIVILIANS!!! "
"Come on, China. you could send an entire military group through southern border, thx to dimentia Joe. We have no sovereignty in the ground."
"Biden is a Chinese operative "
"Biden is caught in a web of his own making created by influence peddling.  Watch the Mark Levin segment from Hannity from 2/15. Especially interesting on how reduced our spending is for the defense of the country.  "
"It was shot down AFTER it crossed the United States, taking photos, and sending them to Beijing. Joe, you are a joke as president."
"Watched his time on the air earlier.  That is all it was as he read everything from a prompter.   He didn’t have any real thoughts if his own.  Disappointing. "
"But the southern boarder sends a clear message of our &#34;lack of sovereignty&#34;"
"Don’t you think that if the other three balloons were owned by private companies that they might raise their hands and say “hey, you shot down my balloon”?"
"It shows we are slow to react because we have a President and administration that is by far the worst ever in our history. It also shows Biden does not know how to lead or defend our sovereignty. Hopefully China was able to get all the information sent back by the balloon and if not just contact Hunter and he has a direct line to Joe."
"Sovereignty??? With a wide-open southern border??"
"ya the Biden administration showed China that they could invade our airspace anytime they wanted. "
"It is scary to think about what has to happen before something is done."
"Sovereignty!!! With millions of criminal illegals crossing the border, that Sovereignty?"
"It’s terrifying that our sovereignty means nothing upon entering the country - weather as a person or as an adversarial country’s spy mission. It’s only after you traverse the entire width of the nation with ample time to send information on to satellites and whatnot that we might decide sovereignty applies. "
"It sends a message alright. &#34;If you&#39;re going to do something bad, you better do it while I&#39;m still in office.&#34;"
"It sends a clear message alright. That we are weak and venerable. Nothing says illegitimate more than Biden himself. "
"Well I hope the Chinese got the message loud and clear because the American people are more confused than ever. "
"If he was a tough leader, he would have shot it down when entering Alaska, period."
"biden&#39;s clear message to China is that <strong>China OWNS biden.</strong>"
"Really...and what about the millions of illegals your administration has deliberately allowed into our country, Mr. Biden?  I think that sends a &#34;clear message&#34; about what you intend for America&#39;s sovereignty."
"Pres Biden: &#34;And then we shot it down, sending a clear message, clear message&#34; - Clear message that we will respect their surveillance mission and won&#39;t shoot their property until they&#39;ve finished with their mission"
"A &#39;clear message&#39; about our sovereignty?  How about all the balloons that have NOT been shot down?  How about the foreign INVASION at our southern border?  There&#39;s NOTHING clear about this regime except WEAKNESS."
"AFTER it had transmitted all it&#39;s spy data to the Chicoms."
"&#34;Sends a clear message&#34;?   Too little, too late is about the message it sent Joe...."
"The clear message the American people see is that Biden needs to be removed from his position. "
"yeah it says puppet joe is too afraid to take any immediate action. puppet joe is a national security risk all by himself."
"Biden: &#34;Look, America is tough on her enemies. We&#39;ll make sure they have all the intelligence they need before we act. We&#39;ll sell them land right next to our military bases, just to prove a point of how tough we are.&#34; "
"The message is...go ahead China "
"It&#39;s sad to think that Joe thinks he sent a message to the Chinese after the balloon accomplished it&#39;s mission and then it was shot down.Sort of like finding the empty armored car after the robbery. Congrats!"
"What American president said we should be helping China expand and we should never see them as a threat? Was that just the bribery talking, or was it the dementia? Both?"
"Why do we let him live?"
"just read the headline and shot coffee out my nose."
"...as they flow by the millions through out southern border. "
"The backdrop for Biden should have been a picture of the southern boarder with millions pouring in.  Nothing says sovereignty like a massive unchecked invasion.  "
"Laughable coming from Biden"
"Fox and all the other US media that fell for the balloongate distraction are carrying water for Biden and the Democrats. They should have been reporting on Seymour Hersh&#39;s bombshell news about how Biden, Blinken, Nuland and Sullivan orchestrated the blowing up of the Nordstream2 pipeline -- the biggest act of state terrorism this century. FOX, WaPo, and the NYTimes did a great job of covering for this terrorist president by waving balloons in front of gullible Americans. So when Germany&#39;s political scene goes ballistic, as it will soon because unlike here they&#39;re talking about it over there, Americans will be in the dark because their media -- left, right and center -- keeps them there."
"So, clearly he is suffering from dementia….or “China payment induced dementia”. 1st, he lets a device (the size of a bus) travel across the nation, completing its spy mission before acting. Then he goes after other similar devices, even north of our border. This past week at a briefing, “senior military and national security officials confirmed that the downed balloon was connected to a major surveillance program operated by China&#39;s military. The program uses dated balloon technology along with modern signal surveillance techniques.” Basically confirming what most thought…… AND……MOST IMPORTANTLY……followed with China demanding the equipment be returned, claiming it belonged to them, not the US.  However, today sleepy said it was not the Chinese government, but private business from there, that owned the equipment (someone should explain communism to him)……then he goes back out to say how he sent a clear message to China and our other enemies. 🤔 Clear to who? His statements are so buddy and confused that the message isn’t clear to anyone! What a befuddled old man. He’s making us into a world wide comedy show. Dementia Joe….. Mr. Magoo ain’t got nothing on you!!!!"
"Now China&#39;s going to have to take the cost of their spy equipment out of your 10%, Big Guy."
"It says American sovereignty is for sale. Biden is doing deals.Biden is compromised "
"We no longer have a southern border and Brandon claims he’s defending our sovereignty?  That’s rich!"
"&#34;sending a clear message, clear message...We will act to protect our country. And we did&#34;?????Surely even he understands that the message we sent, by allowing it to continue over Alaska, Canada, and then the entire continental US, is that we WON&#39;T protect our country."
"Trump and Desantis in 2024!"
"Biden stated that if they don&#39;t accept CRT and Wokeness as the law of the world, we will shoot down everything that flies in the air, including corporate and civilian aircraft! Got it!"
"We know that they are lying, they know that they are lying, they even know that we know they are lying, we also know that they know we know they are lying too, they, of course, know that we certainly know they know we know they are lying too as well, but they are still lying. Solzhenitsyn continued by saying, “In our country, the lie has become not just a moral category, but the pillar industry of this country.”"
"He continues to prove he&#39;s not fit for office."
"It&#39;s now been revealed that the US watched the Chinese spy balloon for days before it traveled over Alaska and then Canada, and eventually over the US.  Records go back and prove that the US even knew the exact launch point of the balloon in China.Instead of shooting it down before it crossed over into US airspace, biden allowed it to complete it&#39;s spy mission and then shot it down after it&#39;s mission was completed. That&#39;s like closing the barn door after the horses have already ran away.What it tells our adversaries about US sovereignty is that biden is not serious about protecting it.  Just look at the southern border as proof."
"it says you&#39;ll let anybody violate our sovereignty unless it looks bad in the press."
"A clear message would have been to shoot the spy craft down before it made feet dry."
"Maybe but, you accepting compensation from Russia, Ukraine and China doesn’t."
"Xi didn&#39;t want the thing anymore after it hit the coast, Brandon did him another favor"
"China loves Biden. He and his family are their best employees!"
"A clear message alright, that our president is week, waits for an entire week to figure out what to do (after the spying is complete) and then decides to shoot it down after taking a bunch of heat. "
"The violation of our sovereignty is unacceptable. We will act to protect our country. And we did,&#34; Biden said.
If Joe and the Democrats truly believe this they would close our southern border. "
"China Joe is past his expiration date . "
"Somewhere in Montana is much more safe than the coastal waterways, as there are far less people there . "
"corn pop was a bad dude..."
"He’s the only person on the planet that believes what he says!"
"A clear message?... we didn&#39;t catch your prior ones... let it drift across entire country... and are bumbling around to shoot at anything now. Clear that they don&#39;t fear our sovereignty."
"Typical liberal thinking CLOSE the door AFTER the horse has LEFT the barn. Great job Bidumb I feel so SAFE now."
"Pop Biden&#39;s head! Red dot special!"
"He meant convoluted."
"It was a fuzzy message.  A clear message would have been to shoot it down when it was first detected."
"I know Slojo is getting up there in age and looks like Walter from Jeff Dunhams show but please stop it!!!!!  The only thing this &#34;display&#34; of defending our Sovereign Airspace was let the world know we would allow it!!!!!!  Join me fellow Americans in riding this debacle down the drain!!!!!!"
"A clear message would have been shooting it down as soon as it was detected in US airspace not after letting it fly across our country. "
"Oh pulleeaassee, we have a clown car leading this nation, we are the weakest we&#39;ve ever been"
"His legacy left will be as the WORST president in America’s history. Congratulations!"
"Yeah, except the DOD watched by satellite as the balloon was launched in China and followed it across the U.S before shooting it down."
"Biden really showed China.........He showed them how weak &amp; pathetic his administration  truly is. "
"The Chinese should have rolled the balloon in from Mexico. The border guards would have helped."
"My question is: How long did he wait to give the order, after xi gave him permission to take it down?"
"What is clear is that Trump or any other administration would have shot it down when it hit the Alaska coastline. Biden is not a president but a commander and thief."
"Biden is Never going to cross China on anything.  They completely own him and his family.. and his party.I think that might be the point of all this: helping Joke &#34;save face&#34; in the public eye."
"After crossing country, give me a break man."
"He&#39;s kidding, right? If he really cared about our sovereignty, he would have shot it down before it reached our western shore."
"The &#34;clear message&#34; is that Biden will draw a red line after a week of surveillance."
"&#34;After it crossed the entire United States&#34;. Nuclear Facilities. They knew about it prior to it entering US Air Space. "
"Biden is absolutely the worst thing that ever happened to this nation!"
"Biden is a Chinese menu item..."
"Yes, the message is how this country is led by --------------&gt; 🤡"
"This guy is so weak and incompetent that it is obvious our enemies do not fear or respect him"
"Spoken by a ChiCom Wuusie. "
"The clear message is you can do anything you want to America without consequence or interference."
"The clear message? That China can walk all over Diaper Joe."
"The clear message is you can do anything you want to America without consequence or interference."
"Spoken by a ChiCom Wuusie. "
"Right, Joe! Just the same way your border policy sends a clear message!"
"It sends a clear message to gather as much information as you can before reaching the Atlantic. "
"Mr. Biden you are correct.  The US needs a real President."
"clear message? yeah, clear as MUD. The gaslighting from him and his administration is uncanning. "
"Biden will go down in history as the worst president that the United States has ever had. "
"<em>Sovereignty?</em> I love what they&#39;re telling puppet Joe to say these days. Come on out to Yuma and we&#39;ll show you Creepy&#39;s &#34;sovereignty.&#34;"
"The clear message is &#34;come on in. We are an open book. Your espionage equipment is safe with us. Just let us know when your done.&#34; 😳😳😳😳"
"a clear signal that China can do whatever it wants. "
"Only to Brandon does letting a spy craft traverse your whole country while doing nothing appear &#34;decisive&#34;. I bet that the Chinese and Russians have a different view....stay tuned."
"Biden waited until the Chinese spy balloon mission was complete then shot down the spy balloon "
"The message is you can totally complete your spy mission and fly across the entire continental United States and then after the mission is complete he will shoot it down and gaslight the American public. "
"I&#39;ll agree the message was clear: What US sovereignty?"
"You let a chinese spy balloon overfly some of our most sensitive areas, yet you take down the balloons moored at the southern border to provide security. What does that say?"
"Pure Puppet Parroting. Who&#39;s in charge of our WH?"
"It was AFTER, so it shows incredible weakness."
"Walter, you are forgetting the southern border. We know the puppet, who is the puppet master."
"Sends the message we are week. We won’t shoot it down over unpopulated territory, but what if the balloon looses its helium falls to earth with its payload as big as three school busses and landed on a school or a playground or killed some because we are too afraid to shoot it down before it entered our airspace over Alaska? What would O’Biden say then? "
"*Joe, the only message being sent is the one that identifies you as completely incompetent. Hardly a news flash. China pulls your strings, such as they are."
"A &#34;clear message&#34; would have been shooting it down the minute it was spotted, not letting it travel over the US.    You could have shot it down sooner, over a vastly unpopulated area.   This shows we are weak."
"President DkHed"
"Great message, act like you are mad AFTER 
the Chinese complete their spying .
What is this place, once called America 
The twilight zone"
"Chi will get his revenge. "
"We will act to protect our country, unless they just walk in."
"Yeah Joey, you sent the message that you&#39;ll let a spy ballon meander across America&#39;s skies for days before you wake up and do anything.  It tells the world we are indecisive and lack control of our borders.  It sends the message that we have a weak, indecisive, and likely compromised leader.  Worst president in U.S. history."
"Yeah! His message to China: I’m supporting your take over of the USA!!!"
"Biden “to all foreign countries you can rest assured we will possibly/maybe shoot down your spy vehicles as soon as they complete their missions and transmit their data/drop their biological weapons or nuclear packages but not before under any circumstances."
"More like a clear message of Brandon’s weakness "
"He is quite the jester."
"The clear message it send is, Biden is owned by China, which is why he let it complete the spy mission before it was shot down."
"Brandon and Clear in the same sentence!! LOL LOL LOL LOL LOL 💩💩💩💩"
"No, it says &#34;Fly on over anytime my owners, I will never let them interfere with your mission&#34;!!!"
"It sends a clear message of Brandon’s Incapability."
"lies......he didn&#39;t say that......HE RED THAT..!!!!!...written by his handlers ...."
"How much dirt does Xi have on China Joe?"
"A clear signal about our sovereignty…like charging an admission fee to thieves after they have already rifled through my whole house and taken what they wanted. "
"Cmon man...what is wrong with letting our pals take hundreds of photos and listen in to our military and nuclear launch sites? they are not bad folks, folks"
"Remember while voting, if Trump loses, Nancy wins, Clapped wins, 49 other DBs win, big tech interference wins, Hillary, Obama, Brandon, Schiff, Schumer, etc, wins!! F I B WINS. Think it over then vote."
"&#34;Biden says Chinese spy craft shot down after crossing US sends &#39;clear message&#39; about America&#39;s sovereignty&#34;YOU can violate it any time but we might shoot ya down as you are leaving!"
"It shows a clear message in his mind only."
"What? The spy balloon traverse the Country from sea to shining sea. "
"What a liar and traitor.  This balloon could have easily and safely been brought down over an unpopulated area.  Plus then it would be easier to recover."
"Allowing it to roam in USA space for 4 days was worse..Joe..cold feet!!"
"&#34;Biden says Chinese spy craft shot down after crossing US sends &#39;clear message&#39; about America&#39;s sovereignty&#34;.Only under a president as weak as Biden would we need to send a &#34;clear message&#34; about our sovereignty."
"President <a href=""https://www.foxnews.com/category/person/joe-biden"" target=""_blank"" rel=""noopener"">Biden said</a> the U.S. military shootdown of the Chinese spy craft in early February sends a &#34;clear message&#34; about America&#39;s sovereignty.  Yeah! The same message that&#39;s being sent by leaving our southern border wide open!!! The United States....here for the taking!"
"And the next balloon we will shoot down too, of course, after it gathers all the info needed. Cornpop is a genius."
"Exactly.  Just like the sovereignty of our southern border."
"It only took a couple thousand miles... He didn&#39;t want it shot down. He has ties to China."
"<em>President </em><a href=""https://www.foxnews.com/category/person/joe-biden"" target=""_blank"" rel=""noopener""><em>Biden said</em></a><em> the U.S. military shoot-down of the Chinese spy craft in early February sends a &#34;clear message&#34;</em><strong>That we aren&#39;t gonna do anything until it traverses the continental US and gathers as much info as it can? Then we&#39;ll shoot down?</strong>"
"&#34;&#39;clear message&#39; about America&#39;s sovereignty&#34; Seriously? Like the foreign invasion at our southern border you Democrats own? You are truly a danger to America, the ACTUAL &#34;biggest threat to our democracy since the Civil War!!&#34; And note to illiterate &#34;Democrats&#34;, we aren&#39;t a &#34;democracy&#34;. We are a democratic republic. And I know, it&#39;s a surprise to you, but there is &#34;difference&#34;."
"&#34;...a &#34;clear message&#34; about America&#39;s sovereignty.&#34;Like the southern border clear message."
"yes, china, we will clear the airspace for you.  No more of our pesky balloons. &#34;The Jet Boy&#34;  Biden"
"This has to be a joke lol…"
"What sovereignty Mr. Biden?"
"What a farce.  This guy talks about American sovereignty and at the same time has compromised our sovereignty by opening our borders to hundreds of thousands of illegals who bring danger to our communities in the form of criminals and drugs.  What a two faced liar Biden is...the definition of a career politician."
"good grief. this from the senile president who intentionally totally ignores our own open border. we have criminals, terrorists, gang members, and drugs coming over 24/7 and biden shipping them all over the US in the dead of night.  but, not to worry, we have spying balloons also flying over and also being ignored for days before he even bothers to take any actions. what a failed leader we have.  "
"I feel much safer now...Let m see your War Face Joe!Arrrrrrrrrr!"
"Yes, and that message is: &#34;Invade our airspace and as long as it is from china, we&#39;ll allow it to complete its mission before we authorize shooting it down.&#34;"
"Biden didn’t even DO anything until the news headlines turned on him."
"To Joe Biden&#39;s Chinese Financiers...if you want the &#34;weather balloon&#34; back....as we say in Texas:&#34;Come and Take It&#34;"
"A day late and a dollar short, China Joe. "
"I saw a balloon 🎈 last year over Savannah! Just like the one shot down. Nobody said anything… "
"HE&#39;S A TOUGH GUY, SEE!THIS ADMINISTRATION&#39;S GOT EVERYTHING UNDER CONTROL, SEE!"
"No such &#34;clear message&#34; issued by Ole Joe regarding America&#39;s borders."
"Let&#39;s see....our lives don&#39;t count after china get out military secrets "
"Biden says Chinese spy craft shot down after crossing US sends &#39;clear message&#39; about America&#39;s sovereignty;China should think inflatable illegals and float those across the border..."
"Yep it sure does Sleepy just like our sovereign southern border."
"The world can see Biden’s clear message on America’s sovereignty! It’s up for sale."
"Based on the headline Biden is living in an alternate reality. "
"The Chinese spy craft was allowed to cross the U.S. before being shot down over the ocean.  However too much too late. The Chinese got all the information they needed by that time.  What a joke!  "
"China should have sent their balloons over the Mexican border and the powers that be never would have noticed them!"
"Predators sense weakness. Then strike."
"What message does all the chinese spy/college students send."
"But, the southern border is ok to let 5 million in?  Laughing "
"5 days of balloon spying makes 1 weak"
"The only reason Biden is talking today is to get Fox New’s liberal commentators off his handler’s back. "
"American sovereignty, like our wide open southern border?"
"&#34;How do we write the most embarrassing, humiliating and clearly dishonest speech possible?&#34;"
"Yes it sent a clear message the Communist Joe is willing to compromise our sovereignty "
"5 days of balloon spying makes 1 weak"
"American sovereignty, like our wide open southern border?"
"&#34;How do we write the most embarrassing, humiliating and clearly dishonest speech possible?&#34;"
"Yes it sent a clear message the Communist Joe is willing to compromise our sovereignty "
"Why don&#39;t you tell the millions coming over our southern border that? How many of the &#34;got aways&#34; are spys and terrorists?"
"Yes it sure does!! Shows we have no sovereignty!!!"
"Progs are you ok with the explanation?"
"Just like the southern border!  Wide open "
"The balloon fiasco of the last couple of weeks has indeed sent a clear message to the world ...The message is that President Joe Biden and his corruptDemocrat regime have their collective heads inserted!! "
"Yeah sure Biden. You let the Chinese gather all the information first and than shot it down. Reminds me of shutting the gate after the horse got loose! "
"Waiting while it meandered across the U.S., sent a clear message that this administration is WEAK"
"biden is nothing but a tool for the war machine . "
"Funny headline"
"Sure Joe, now it&#39;s time for your nap..."
"A clear message would have been shooting it down BEFORE it crossed the country."
"Ya, it says Biden is on their side.  He let them get all their data and then says he is a hero for shooting it down. "
"As illegals pour across our border... That sovereignty?"
"It sure does.  It tells the Chinese and anyone else in the world that you can do whatever you want and the Dementia Ridden puppet of China will do nothing."
"Hey Joe Where you going with all that Chinese money in your hands "
"I guess, Biden asking for his 10% didn’t work. That’s why he shot the Chinese Spy Balloon. "
"Took him over a week to get the story (lie) straight."
"biden sold America out! He didn&#39;t shoot down the balloon until it got all the information the Chinese wanted from our secure military bases. Treason!!!!!"
"Wonder if an intruder came in his home, stripped naked his wife then left, he would call it a successful defense of his home !!!"
"What Slow Joe is telling the world is that he&#39;s <em>non compos mentis</em> and America is weak."
"&#34;America&#39;s sovereignty&#34;, are you kidding?!? Biden destroyed America&#39;s sovereignty!"
"Easy to tell when Obiden is lying, his lips are moving."
"I bet Joe Biden is on that list of visitors to Epstein’s island. His daughter said he like taking showers with little girls"
"Resident Briben will say whatever his Chicom puppetmasters tell him to say."
"All lies"
"“clear message&#34; about America&#39;s sovereignty”. Yeah, America is weak “I did that” says our pathetic “leader”.  "
"XI is running the show. Biden and Democrats are traitors. Make Benedict Arnold look like a patriot "
"Next time try shooting it down once it enters US airspace Einstein!"
"So the Buffoon waited until what was clearly a Chinses surveillance balloon was over water before shooting it down out of a concern for the safety of civilians but immediately shot down 3 other flying objects which they concede both that they don&#39;t know what they are and could be civilian aircraft.  Man you have to stay up very late at night to be this incompetent.  "
