"I think we should pull our embassy out of China, cancel all trade deals, and bring back pharmaceutical and other manufacturing back to the US. Its time to cut all ties, and truly see that we are in the precursor of war with China. The chance to fix relations with China is over, its time to pull out and prepare for what is eventually coming."
"Of course no mention that they VIOLATED OUR AIRSPACE. They can stick it. Where are the leaders we need so badly? Why is there no one condemning China in the strongest possible terms for violating our sovereign airspace as a blatant act of aggression that will not be tolerated?  "
"If this was a maneuverable airship then China could have simply maneuvered it out of our airspace and sent apologies. What are the chances that the prevailing winds carried this balloon over every one of our strategic missile bases allowing it to hover over each one? That would be a meteorological miracle.  "
"They obviously don&#39;t understand that their sovereignty doesn&#39;t extend into other countries airspace. "
"It’s way past time to bring all US companies back into the US. Cutoff all funding to China and impose huge tariffs on all incoming goods. "
"China, China, China, of course you can spy, we spy. But here is the way it works, if you get caught spying and violating another country&#39;s sovereignty in the process, you lose your spy stuff. That&#39;s the way it works. There is no special rule of international law which says China gets to violate the sovereignty of other countries - so deal with it and stop complaining. It makes China look small, very small and petty!"
"China knows that they can push Biden around and he won&#39;t do anything."
"It’s hard to tell the difference between the chicoms and democrats. Both commit wrongs then scream that they were the ones wronged. Exactly the same. "
"Bout time to start playing Cowboys and Chinese.  "
"China acts a lot like a spoiled child, not a good look on the world stage. Whatever our corporations are doing in china needs to come to an end. "
"Don&#39;t send things like that over here.  Period."
"Bring back our factories and jobs. Bring back our tariffs on China. Then add more funding to our military. Elections have great consequences remember that."
"So we violated their sovereignty, by shooting down their spy balloon as it traversed through our airspace? Nobody but Biden would buy that one!  🤪"
"They do have a point. china has bought and paid for the airspace between brandon&#39;s ears."
"That doesn&#39;t parse. Sending aircraft into our airspace is violating our sovereignty. Shooting down aircraft in our airspace without permission is just enforcing our own sovereignty, not violating any else&#39;s sovereignty."
"The Chinese are very good at accusing others of what they themselves do.  They are very much like the democrats in that respect."
"I sure hope this administration is working on backup plans for items we need, like pharmaceuticals when things hit the fan!  "
"Why is everyone worried about our inability to produce our own goods. For those of you that weren’t around when we did that…… we absolutely can produce our own goods. In fact, we can do that cheaper than China. We have the technology and the ability to do that. Stop listening to the Democrats and the corporations who simply don’t want to put in the effort to make that happen."
"So the Chinese are claiming that the ballon is Chinese territory no matter where it is?So is this there new attempt at plastic islands just in the sky instead of the pacific? That would mean that China just made a war declaration and tried to claim US territory. "
"China is mad because they paid Joe for access and then some dude from Montana eyeballed the thing and blew their cover. Very serious but still funny. "
"Everyday the United States gets closer and closer to isolating and alienating china. And I consider that a very good thing."
"Sort of like Japan claiming that we violated their sovereignty by shooting down a few of their planes on December 7th 1941."
"That proves it; They already think they own the world..."
"Then keep your toy balloons over your sovereign airspace wu."
"&#34;<strong>sovereignty?&#34; </strong>How about<strong> OUR </strong>sovereignty? Our airspace? Goes to show they believe (thanks to Biden) we are a colony of theirs. "
"Yeah, it was an off-course weather balloon.  That&#39;s why it had a solar array and cameras and coincidentally flew and hovered over some of our most sensitive air force bases and missile fields."
"We should send a series of drones over Beijing and see how China really feels about sovereignty."
"Does China feel they have sovereignty over the U.S.? They may own the Biden&#39;s but they do NOT own We the People!"
"The only people that are remotely interested in what these people have to say are the Russians, North Koreans and Iranians....everyone else see&#39;s China for what it is.. (except Uncle Joe who&#39;s gotten rich from them)"
"Each time China utters some off-the-wall accusation it kinda&#39; reminds you of a liberal Democrat.   "
"Parliament? who wrote this? That would assume some sort of democracy. China is a communist dictatorship. That&#39;s an assembly hall for the comrades.  "
"Our Democrats and the CCP use the same playbook. Always accuse others of that which you are guilty. "
"Hey China, your sovereignty does not extend to US air space. "
"I thought they said it wasn&#39;t theirs. "
"Intentional or unintentional is irrelevent.  Their junk entered our airspace and we had the absolute right to shoot it down.  China has no sovereignty on this side of the Pacific.  They don&#39;t have a leg to stand on.  End of discussion."
"Relax, the balloons were just headed to a garage in DE so that they could find a place next to a &#39;Vette to park."
"Please.. let’s just cut to the part where The USA stands up and outs China in its place.  It won’t be easy, to fight against all the technology they stole from us and it will be bloody, but it will bring great satisfaction to have crushed the CCP into the virus laden dust they are at the core."
"Its time to be done with China"
"If this was just an innocent civilian weather balloon that went off course, why the aggresive Chinese response to the US shooting it down?"
"Biden is the weakest president this country has ever had. The world is watching and other leaders are going to start testing his boundaries as well.  Putting partisanship aside I would welcome any other democrat in his place. We can’t do worse.Under Biden, it now costs me $100 to fill up my tank, $3000/month to rent my apartment (not even in a nice area), and my grocery bill is eating away at my savings. Very few things are still affordable - Car insurance ($23 per month from Insurance Panda), my electric bill ($22/month thanks to Solar Melon), and gym ($15/month from Planet Fitness).  But I’m sure those will go up too. Even crime and murder rates are through the roof.Joe Biden has been on the wrong end of almost every important decision and or event in his 50 years of destruction as a public servant."
"Xi&#39;s father was a political prisoner of the very party he worshipped as he grew up.  Now he leads that party.  He&#39;s the most-quietly corrupt leader in the world, second only to Joe Xiden.   "
"Wait a minute  -- Xi told us this was NOT a government aircraft -- was he lying then, or is he is lying now/"
"America has lost all integrity in global politics period! You put “another” old guy in charge that has zero understanding of todays world and no I’m not referring to all the “feelings” we have to take serious now days"
"&#34;Chinese parliament accuses US of violating sovereignty with spycraft response&#34;   <strong>And who gives a flying fig?</strong><strong>   </strong>"
"🤣😂🤣 That&#39;s rich!!! That&#39;s like Bien saying, &#34;I take classified documents seriously.&#34; 
Yeah, he takes them alright!!!!! 🤣😂🤣"
"Well, let&#39;s &#34;accidentally&#34; send a &#34;weather balloon&#34; over Chinese air space and see how THEY respond.  If it was truly an accident, they would have contacted US officials the moment it started heading our way.  The thing should have been confiscated the moment it entered US air space."
"If China had honest intensions, they would have alerted the US that their balloon was off course. You can&#39;t tell me they don&#39;t know the locations of them..."
"If we had a strong President, he or she would be telling US businesses to get out of China NOW. Put aside your greed. We are headed to war."
"The CCP lost any expectation of &#39;sovereignty&#39; of that spy craft when it entered U.S. airspace. "
"China inserts objects into our air space and then accuses us of violating air space? Obviously, something has been lost in translation. 

If the FBI had been doing their jobs, our current flock of China bribed democrat politicians wouldn&#39;t be in office."
"So China claims the USA violated <em>their </em>sovereignty by downing CCP aircraft over USA airspace.  I am sure China Joe will issue an apology."
"there&#39;s only one solution. QUIT FLYING SPY BALLOONS IN U.S AIRSPACE!  that would take care of this particular issue. "
"Yes UFOs are real and there are aliens out there, but don&#39;t worry their intelligence quota is as low as a Democrats&#39;."
"Seems the ccp and the dems think alike."
"We can blame Biden for China but ignore all of our American Companies still making China billions a year! None of this makes sense....these American companies are why China is so powerful and this has been happening before Traitor Joe took office...."
"China is trying to force a conflict but this time involving Taiwan . China desperately wants control of Taiwan. "
"Things were much better when we made our own can openers."
"The Chinese Communist Party sanctions Lockheed Martin Corporation (LMC), Raytheon Missile and Defense Companyi. prohibiting the above-mentioned enterprises from engaging in China-related import and export activitiesii. prohibiting the above-mentioned enterprises from making new investments in Chinaiii. prohibiting the entry of senior management personnel of the above-mentioned enterprisesiv. disapprove and revoke the work permits, stay and residence status of the senior management of the above-mentioned enterprises in Chinav. Imposing fines on each of the above-mentioned enterprises in the amount of twice the amount of each enterprise&#39;s arms sales contracts to Taiwan since the implementation of the Regulations on the List of Unreliable Entities.The Chinese Communist Party is tired of playing the card of restricting rare earths every day."
"So we&#39;re wrong for our response to their spy balloon?
Ever notice how democrats talk like this too?
Democrats = communists.
"
"China lost some desired data !"
"The Chinese government is obviously Wong."
"The balloons were merely returning Biden&#39;s classified documents he had given them earlier...Seriously though, the FBI is not doing its job by avoiding the connections between China and the Bidens --- for all we know we have a compromised spy in the oval office and a courier in Hunter Biden"
"It was a maneuverable airship with several electric fan type engines, controlled remotely. It hovered over some of the U.S. ICBM sites using those engines. When it was publicized, the same craft flew at its top speed toward the Atlantic Ocean. "
"Aww look at that... the new kid wants to play war."
"How about we send a &#34;weather&#34; balloon over to China with a 10 Megaton Nuke tethered to the instruments.  That way when they shoot it down we will be notified that they have invaded our sovereign territory."
"Typical China gaslighting rhetoric, tell them to shove it where the sun don’t shine! "
"let&#39;s send balloons over china and claim it was accidental "
"<strong>Of course it does ! Biden promised free access !</strong>"
"China’s Parliament?  😂.    Just a bunch of old guys in suits waiting for Panda Express to open !  "
"China can come and get it anytime! LOL "
"The entire world better wake up. The Chinese have one goal. World domination. The Chinese are mad because they got caught spying. What&#39;s next? "
"I don&#39;t think anybody cares what China thinks"
"This is just typical China posturing. Makes no sense at all but they do it anyway as an avenue to continue poking the bear. "
"Get ready for war, its comming.   Problem is, we cant beat them.  With a woke army, woke leadership, few wapons left.  We need to crank up production of pea shooters and sling shots.  Grabyour kids BB gun and donate it to the military.  China has been buying up businesses and farmland for a purpose.  Dont expect the products from that farmland to be sold in local markets. They intend on colonizing this country, enslaving the population to work the fields, send the goods back to China. We will be starved and worked to death.  Thats how China deals with population control.   They will take care of the homeless issue.  The homeless will disapear along with anyone else found to be non productive.  You wont even be able to vote for the Democrats.




"
"Yes, we do keep an eye on other countries, and we lose airplanes when we get caught.  China has brought down one of our manned planes and so has Russia.  It&#39;s unfortunate the Chinese balloon wandered into our airspace, we responded appropriately, but late."
"Perhaps China has claimed the atmosphere as its sovereign property."
"If the US violates Chinese airspace, then China can shoot down those objects.  Just like we did.  "
"Hey Joe, this is the CCP…….we are going to send a spy balloon over your military installations next week so make sure you don’t shoot it down until we are done, okay? The just act like you don’t care……you csn even then shoot down some harmless weather balloons to keep people happy. We will then act like we are offended…..okay? Also, did Hunter get the last wire transfer?"
"Ooops, sorry. We were test firing a missile and it &#34;unintentionally&#34; hit your spycraft."
"It’s obvious where the Left in this country get their tactics and playbook from…just falsely accuse your adversaries of doing what you’re actually perpetrating."
"It’s obvious where the Left in this country get their tactics and playbook from…just falsely accuse your adversaries of doing what you’re actually perpetrating."
"Who knows how long China has been sending craft like this over our country. Makes you really wonder how COVID spread so fast. "
"The world needs a regime change in China."
"China immediately fought back after Covid too.  That caused the whole World turmoil and monetary costs.  No more letting them slip, they should be hit as hard as possible over invading our Airspace with a surveillance ballon!"
"&#34;In fact, it is the United States that wantonly interferes in other countries’ internal affairs, violates their sovereignty, and conducts surveillance on other countries.&#34; and I would look him in the eye and say &#34;we will do what we want to do and you will let us&#34;."
"Covid was unintentional also."
"Who cares what China has to say."
"Melt down all the metal pieces and then put everything into a trash compactor. Send it back as a giant cube along with a bill for shipping and handling. "
"our admin is too ignorant to realize that with every ccp statement about America that they are dying with laughter. "
"come and get it...."
"Like we care."
"This is the country that lied about Covid and people worldwide died.  Evil"
"china owns more of our government than the american citizens do"
"How rich:   US violated China&#39;s sovereignty by shooting down a MANEUVERABLY spycraft over US airspace.  Guess they think only they should have sovereignty  - over the globe.   Beijing needs a massive, spectacular wake up call."
"i don&#39;t know what is going on, but the Albuquerque International Balloon Fiesta has been canceled.  "
"Just tell them well send it back shredded when we are done with it. "
"&#34;Smoke &amp; Mirrors&#34;, China is taunting for a response.&#34;Smoke &amp; Mirrors&#34;, Joe&#39;s mind is smoked and doesn&#39;t recognize the guy in the mirror."
"Chinese &#39;sovereignty&#39; allows them to fly spy balloons over our country?  More like Chinese arrogance."
"China deflecting again, pretending to be the victim. Saw that coming."
"it&#39;s time to go to WAR WITH CHINA 🇨🇳 "
"The ChiComs have absolutely no ethics or shame.  Their statements border on Monty Python material for their ridiculousness."
"China’s sovereignty and security, Really?!!? What about ours that was breached by their balloons? Scre% their histrionics. Shoot down anything of their that enters our air space and then reverse engineer the package."
"Just like the democrats they always twist the narrative. "
"China has no respect for Biden, they own him."
"I would send the 7th fleet to the Taiwan straight. Them launch a few balloons over China air space."
"Up your’s China"
"LOL, any vote in communist China is fraudulent, vote my way or have a terrible accident off the 25th floor balcony "
"The FBI is conducting the investigation?  Well, that won’t go anywhere.  They’re incompetent and corrupt.  "
"What&#39;s the difference between the Chinese parliament and the Democrat party? Nothing!"
"...yeah...yeah...yeah...and alec baldwin didn&#39;t pull the trigger either..."
"Trigger happy? Bring it on, we&#39;ll show you and your government what trigger happy is."
"They are behaving like Japan did, right before they bombed Pearl Harbor.  And why do we still manufacure anything there?"
"They are probably confused that their puppet Biden has not given the balloon back. "
"So like Brandon…China isn’t responsible for their actions like driving on the wrong side of the planet and in another country’s airspace.   What is it with people these days…. 😀.   If their Moms were around they would be taken behind the woodshed.   "
"Hay you got to admit, that Joe a pretty smart cookie, he picked a VP that&#39;s so terrible, theirs no chance of Being assassinated, or impeached,I&#39;m telling youAlong with that dual citizenship, he going make out like a Bandit,in style"
"Who are the white coats?  "
"What about the sovereign people of Taiwan..."
"How about we all agree that Beijing gets a free swing at Mar-a-lago."
"Hey nips, the only people you’re reaching with your statement are in the White House. Meaningless."
"Joe did it , right LeBron? Not us."
"Remember the mighty Rome. The Godless always heads for a fall. "
"This is good news. Maybe t they wil “force” us to be less dependent on them. "
"China is right, look how the US is still illegally occupying Syrian lands."
"First of all, it is US airspace, not China&#39;s.
Second, it isn&#39;t &#34;accidental&#34; when it&#39;s being guided to certain areas!!!!
Third, just because they say it was accidental doesn&#39;t mean we won&#39;t shoot it down.
Biden tried for his boss, Xi, but there was just too much attention, he HAD to shoot it down."
"Intentionally or not who cares."
"they are not wrong. US is always in everyone&#39;s business. "
"Jeff Bezos and Amazon need to stop buying all their junk from China."
"The EVIL of the Communist  Chinese Government can not be overstated."
"Maybe china is mad at their paid spy in the Oval Office "
"At what point can a sitting US president be charged with treason?"
"Anything that belongs to China HAS no &#39;soverienty&#39; in US territory. That was lost once it left China!! Not hard to understand if you think about it."
"China has violated the sovereignty of America with their puppet Joe Biden."
"It was a routine training mission and the pilot accidentally pushed the missile switch, sorry!"
"I think this is a good time for Trump to close his Chinese bank accounts."
"Sorry...but he&#39;s not wrong"
"Send a few spy balloons, calling them weather balloons into China&#39;s air space and see what Xi does."
"China is just using this as an excuse to invade Taiwan. "
" Amazon is one of the biggest purveyors in Chinese trinkets boycott Amazon and see what happens."
"Suggest the US send a drone skywriter to the edge of China&#39;s airspace and smoke out a great big middle finger. You left your toys in OUR back yard, pal. Possession, 9/10ths, and all that."
"Maybe you should ask next time when you fly into our airspace uninvited. "
"Accidental but, over our air space and we accidentally shot it down. 
Sounds like Democrats, blam them for our mistake and make them defend it."
"Which is True, USA thinks they are a GOD send to the Entire world and their egos are untouchable.."
"So….NOTHING WILL HAPPEN."
"America is no angel in global affairs,  but China is positively evil. Lying and spying  is such a norm for them that I wouldn&#39;t trust anything its government says."
"Have we heard anything yet from China Joe about this invasion?  Nope someone sends out the puppets who are pitiful st best!"
"Oh , now there is a surprise!"
"What makes Jina feel they can do what they want over US airspace😂 I’m surprised Montana citizens didn’t shoot down the first one themselves"
"Democratic Party is branch of the Chinese Congress--Gen. Milley even shares US war plans"
"Do you suppose that these chinese, sawed off, communist, half wits are aware that we are laughing at them? Dear God, please let them try something militarily. Please, I am begging them. Start something."
"U know what they say about words don&#39; ya...they are easy and cheap!"
"We literally went from the greatest nation to a bad joke all in less then two years Way to go Dem adults in the room"
"Hey China, remember Hiroshima, times 1000!!!"
"Shooting balloon double-plus ungood!These guys are so used to spouting Newspeak that now they&#39;re using it to criticize the US???"
"AMERICA should be reaming China out for endangering the lives of all Americans by sending an object as big as 3 busses over their heads ."
"Do something about it China.... LoL "
"hilarious! please take your ball, and go home :/"
"Face it we married China so we could have cheap big screen TV&#39;s"
"Pretty mouthy for a crew that should be paying $50T in reparations to the rest of the world."
"Let them cry"
"Apparently China&#39;s sovereignty includes the entire world. Pretty arrogant."
"Shooting balloon double-plus ungood!These guys are so used to spouting Newspeak that now they&#39;re using it to criticize the US???"
"AMERICA should be reaming China out for endangering the lives of all Americans by sending an object as big as 3 busses over their heads ."
"Do something about it China.... LoL "
"hilarious! please take your ball, and go home :/"
"Face it we married China so we could have cheap big screen TV&#39;s"
"Pretty mouthy for a crew that should be paying $50T in reparations to the rest of the world."
"Let them cry"
"Apparently China&#39;s sovereignty includes the entire world. Pretty arrogant."
"Brah, brah, brah..."
Ewww....scary!
"China should zip it and float their ridiculous balloons somewhere else."
"Keep violating it!"
waaaaaa
"Nuke em. "
🤣
"Nuke em. "
🤣
waaaaaa
"I think we should pull our embassy out of China, cancel all trade deals, and bring back pharmaceutical and other manufacturing back to the US. Its time to cut all ties, and truly see that we are in the precursor of war with China. The chance to fix relations with China is over, its time to pull out and prepare for what is eventually coming."
"Of course no mention that they VIOLATED OUR AIRSPACE. They can stick it. Where are the leaders we need so badly? Why is there no one condemning China in the strongest possible terms for violating our sovereign airspace as a blatant act of aggression that will not be tolerated?  "
"If this was a maneuverable airship then China could have simply maneuvered it out of our airspace and sent apologies. What are the chances that the prevailing winds carried this balloon over every one of our strategic missile bases allowing it to hover over each one? That would be a meteorological miracle.  "
"They obviously don&#39;t understand that their sovereignty doesn&#39;t extend into other countries airspace. "
"It’s way past time to bring all US companies back into the US. Cutoff all funding to China and impose huge tariffs on all incoming goods. "
"China, China, China, of course you can spy, we spy. But here is the way it works, if you get caught spying and violating another country&#39;s sovereignty in the process, you lose your spy stuff. That&#39;s the way it works. There is no special rule of international law which says China gets to violate the sovereignty of other countries - so deal with it and stop complaining. It makes China look small, very small and petty!"
"China knows that they can push Biden around and he won&#39;t do anything."
"It’s hard to tell the difference between the chicoms and democrats. Both commit wrongs then scream that they were the ones wronged. Exactly the same. "
"Bout time to start playing Cowboys and Chinese.  "
"China acts a lot like a spoiled child, not a good look on the world stage. Whatever our corporations are doing in china needs to come to an end. "
"Don&#39;t send things like that over here.  Period."
"Bring back our factories and jobs. Bring back our tariffs on China. Then add more funding to our military. Elections have great consequences remember that."
"So we violated their sovereignty, by shooting down their spy balloon as it traversed through our airspace? Nobody but Biden would buy that one!  🤪"
"They do have a point. china has bought and paid for the airspace between brandon&#39;s ears."
"That doesn&#39;t parse. Sending aircraft into our airspace is violating our sovereignty. Shooting down aircraft in our airspace without permission is just enforcing our own sovereignty, not violating any else&#39;s sovereignty."
"The Chinese are very good at accusing others of what they themselves do.  They are very much like the democrats in that respect."
"I sure hope this administration is working on backup plans for items we need, like pharmaceuticals when things hit the fan!  "
"Why is everyone worried about our inability to produce our own goods. For those of you that weren’t around when we did that…… we absolutely can produce our own goods. In fact, we can do that cheaper than China. We have the technology and the ability to do that. Stop listening to the Democrats and the corporations who simply don’t want to put in the effort to make that happen."
"So the Chinese are claiming that the ballon is Chinese territory no matter where it is?So is this there new attempt at plastic islands just in the sky instead of the pacific? That would mean that China just made a war declaration and tried to claim US territory. "
"China is mad because they paid Joe for access and then some dude from Montana eyeballed the thing and blew their cover. Very serious but still funny. "
"Everyday the United States gets closer and closer to isolating and alienating china. And I consider that a very good thing."
"Sort of like Japan claiming that we violated their sovereignty by shooting down a few of their planes on December 7th 1941."
"Then keep your toy balloons over your sovereign airspace wu."
"That proves it; They already think they own the world..."
"&#34;<strong>sovereignty?&#34; </strong>How about<strong> OUR </strong>sovereignty? Our airspace? Goes to show they believe (thanks to Biden) we are a colony of theirs. "
"Yeah, it was an off-course weather balloon.  That&#39;s why it had a solar array and cameras and coincidentally flew and hovered over some of our most sensitive air force bases and missile fields."
"We should send a series of drones over Beijing and see how China really feels about sovereignty."
"Does China feel they have sovereignty over the U.S.? They may own the Biden&#39;s but they do NOT own We the People!"
"The only people that are remotely interested in what these people have to say are the Russians, North Koreans and Iranians....everyone else see&#39;s China for what it is.. (except Uncle Joe who&#39;s gotten rich from them)"
"Each time China utters some off-the-wall accusation it kinda&#39; reminds you of a liberal Democrat.   "
"Our Democrats and the CCP use the same playbook. Always accuse others of that which you are guilty. "
"Parliament? who wrote this? That would assume some sort of democracy. China is a communist dictatorship. That&#39;s an assembly hall for the comrades.  "
"Hey China, your sovereignty does not extend to US air space. "
"I thought they said it wasn&#39;t theirs. "
"Intentional or unintentional is irrelevent.  Their junk entered our airspace and we had the absolute right to shoot it down.  China has no sovereignty on this side of the Pacific.  They don&#39;t have a leg to stand on.  End of discussion."
"Relax, the balloons were just headed to a garage in DE so that they could find a place next to a &#39;Vette to park."
"Please.. let’s just cut to the part where The USA stands up and outs China in its place.  It won’t be easy, to fight against all the technology they stole from us and it will be bloody, but it will bring great satisfaction to have crushed the CCP into the virus laden dust they are at the core."
"Its time to be done with China"
"If this was just an innocent civilian weather balloon that went off course, why the aggresive Chinese response to the US shooting it down?"
"Biden is the weakest president this country has ever had. The world is watching and other leaders are going to start testing his boundaries as well.  Putting partisanship aside I would welcome any other democrat in his place. We can’t do worse.Under Biden, it now costs me $100 to fill up my tank, $3000/month to rent my apartment (not even in a nice area), and my grocery bill is eating away at my savings. Very few things are still affordable - Car insurance ($23 per month from Insurance Panda), my electric bill ($22/month thanks to Solar Melon), and gym ($15/month from Planet Fitness).  But I’m sure those will go up too. Even crime and murder rates are through the roof.Joe Biden has been on the wrong end of almost every important decision and or event in his 50 years of destruction as a public servant."
"Xi&#39;s father was a political prisoner of the very party he worshipped as he grew up.  Now he leads that party.  He&#39;s the most-quietly corrupt leader in the world, second only to Joe Xiden.   "
"Wait a minute  -- Xi told us this was NOT a government aircraft -- was he lying then, or is he is lying now/"
"America has lost all integrity in global politics period! You put “another” old guy in charge that has zero understanding of todays world and no I’m not referring to all the “feelings” we have to take serious now days"
"&#34;Chinese parliament accuses US of violating sovereignty with spycraft response&#34;   <strong>And who gives a flying fig?</strong><strong>   </strong>"
"Well, let&#39;s &#34;accidentally&#34; send a &#34;weather balloon&#34; over Chinese air space and see how THEY respond.  If it was truly an accident, they would have contacted US officials the moment it started heading our way.  The thing should have been confiscated the moment it entered US air space."
"🤣😂🤣 That&#39;s rich!!! That&#39;s like Bien saying, &#34;I take classified documents seriously.&#34; 
Yeah, he takes them alright!!!!! 🤣😂🤣"
"If China had honest intensions, they would have alerted the US that their balloon was off course. You can&#39;t tell me they don&#39;t know the locations of them..."
"If we had a strong President, he or she would be telling US businesses to get out of China NOW. Put aside your greed. We are headed to war."
"The CCP lost any expectation of &#39;sovereignty&#39; of that spy craft when it entered U.S. airspace. "
"China inserts objects into our air space and then accuses us of violating air space? Obviously, something has been lost in translation. 

If the FBI had been doing their jobs, our current flock of China bribed democrat politicians wouldn&#39;t be in office."
"So China claims the USA violated <em>their </em>sovereignty by downing CCP aircraft over USA airspace.  I am sure China Joe will issue an apology."
"there&#39;s only one solution. QUIT FLYING SPY BALLOONS IN U.S AIRSPACE!  that would take care of this particular issue. "
"Yes UFOs are real and there are aliens out there, but don&#39;t worry their intelligence quota is as low as a Democrats&#39;."
"Seems the ccp and the dems think alike."
"We can blame Biden for China but ignore all of our American Companies still making China billions a year! None of this makes sense....these American companies are why China is so powerful and this has been happening before Traitor Joe took office...."
"Things were much better when we made our own can openers."
"China is trying to force a conflict but this time involving Taiwan . China desperately wants control of Taiwan. "
"The Chinese Communist Party sanctions Lockheed Martin Corporation (LMC), Raytheon Missile and Defense Companyi. prohibiting the above-mentioned enterprises from engaging in China-related import and export activitiesii. prohibiting the above-mentioned enterprises from making new investments in Chinaiii. prohibiting the entry of senior management personnel of the above-mentioned enterprisesiv. disapprove and revoke the work permits, stay and residence status of the senior management of the above-mentioned enterprises in Chinav. Imposing fines on each of the above-mentioned enterprises in the amount of twice the amount of each enterprise&#39;s arms sales contracts to Taiwan since the implementation of the Regulations on the List of Unreliable Entities.The Chinese Communist Party is tired of playing the card of restricting rare earths every day."
"So we&#39;re wrong for our response to their spy balloon?
Ever notice how democrats talk like this too?
Democrats = communists.
"
"The Chinese government is obviously Wong."
"China lost some desired data !"
"The balloons were merely returning Biden&#39;s classified documents he had given them earlier...Seriously though, the FBI is not doing its job by avoiding the connections between China and the Bidens --- for all we know we have a compromised spy in the oval office and a courier in Hunter Biden"
"It was a maneuverable airship with several electric fan type engines, controlled remotely. It hovered over some of the U.S. ICBM sites using those engines. When it was publicized, the same craft flew at its top speed toward the Atlantic Ocean. "
"Aww look at that... the new kid wants to play war."
"How about we send a &#34;weather&#34; balloon over to China with a 10 Megaton Nuke tethered to the instruments.  That way when they shoot it down we will be notified that they have invaded our sovereign territory."
"Typical China gaslighting rhetoric, tell them to shove it where the sun don’t shine! "
"let&#39;s send balloons over china and claim it was accidental "
"<strong>Of course it does ! Biden promised free access !</strong>"
"China can come and get it anytime! LOL "
"China’s Parliament?  😂.    Just a bunch of old guys in suits waiting for Panda Express to open !  "
"The entire world better wake up. The Chinese have one goal. World domination. The Chinese are mad because they got caught spying. What&#39;s next? "
"I don&#39;t think anybody cares what China thinks"
"This is just typical China posturing. Makes no sense at all but they do it anyway as an avenue to continue poking the bear. "
"Get ready for war, its comming.   Problem is, we cant beat them.  With a woke army, woke leadership, few wapons left.  We need to crank up production of pea shooters and sling shots.  Grabyour kids BB gun and donate it to the military.  China has been buying up businesses and farmland for a purpose.  Dont expect the products from that farmland to be sold in local markets. They intend on colonizing this country, enslaving the population to work the fields, send the goods back to China. We will be starved and worked to death.  Thats how China deals with population control.   They will take care of the homeless issue.  The homeless will disapear along with anyone else found to be non productive.  You wont even be able to vote for the Democrats.




"
"Yes, we do keep an eye on other countries, and we lose airplanes when we get caught.  China has brought down one of our manned planes and so has Russia.  It&#39;s unfortunate the Chinese balloon wandered into our airspace, we responded appropriately, but late."
"Perhaps China has claimed the atmosphere as its sovereign property."
"If the US violates Chinese airspace, then China can shoot down those objects.  Just like we did.  "
"Hey Joe, this is the CCP…….we are going to send a spy balloon over your military installations next week so make sure you don’t shoot it down until we are done, okay? The just act like you don’t care……you csn even then shoot down some harmless weather balloons to keep people happy. We will then act like we are offended…..okay? Also, did Hunter get the last wire transfer?"
"Ooops, sorry. We were test firing a missile and it &#34;unintentionally&#34; hit your spycraft."
"It’s obvious where the Left in this country get their tactics and playbook from…just falsely accuse your adversaries of doing what you’re actually perpetrating."
