"i hate to even think of how much more damage biden will do to us in the 2 years left, if we are still alive ...there&#39;s enough bad guys let in over the open border that they can attack us from inside as well as outside... then biden sold all our reserve oil and destroyed our energy..we&#39;re sitting ducks.."
"My question is how much RAN Software is already imbedded in US Communications Equipment that gets Regular Updates or Upgrades from China? 🤔"
"&#34;China has repeatedly insisted that the U.S. actually shot down a weather balloon that had drifted off course&#34;funny how that &#34;off course&#34; put it over our military installations and crossed the whole of our country until the chinese gave the veggie in chief permission to down it for pr purposes."
"Kamala has been around the Chinese spy family known as the Biden&#39;s for the last 2 years."
"Christ, they sent the Camel for a security conference!"
"In the meantime, we&#39;re stuck with Brandon in charge "
"Has anyone met anyone (in person) who claims they voted for Brandon?"
"gotta burn that jet fuel."
"Don&#39;t worry, I am sure Harris will get to the &#34;root causes&#34; of their spying.  "
"Please leave the great cackler over there."
"Kamala and Pelosi representing the USA!!  What could go wrong??"
"Harris - she’s even a bigger joke and more useless then Biden and probably less respected, if that’s even possible!  "
"Who ever is governing behind the Biden-Harris curtain, I hope they are seeking some good advice."
"I can’t wait for the intellectual pronouncements from Harris to come out.  I’ll keep checking You Tube.  🤪😜🤣"
"Another conference for Kamala Harris to embarrass OUR country while on the world stage. "
"China will learn much from cackles."
"oh invading a countries air space is part of the guardrails huh "
"Calling all assassins.......two for one deal! Red dot special!!!!"
"According to our administration, the U.S. seeks competition with China. Meanwhile, China seeks domination over the U.S. "
"Those two are looking at properties for sale now that they have ruined this country.... probably looking in the same area Hunter and Joe bought.,..I mean why bother going to another country when you won&#39;t secure your own "
"No worries - we are sending Harris to release your stress.Let the Germans cut their own throats!!! They depend on Russia pipeline, Chinese telecom and probably Chinese food as well.EU should have heeded Trump&#39;s sound advice to rid off their Russia energy dependency but because of personal hate, EU is willing to risk their own people&#39;s lives."
"They are sending Pelosi with Kamala to make sure Kamala doesn’t embarrass the USA.
 again. Pelosi will be acting VP for this! "
"And I thought the Germans were clever!....what fools they are.In 2003, Cisco sued Huawei accusing the company of stealing their router technology.In the same year Fujitsu caught one of Huawei’s employees allegedly trying to steal information off a rival product at the SuperComm trade show.Six years later, Motorola sued Huawei over allegedly misappropriating trade secrets.The FBI obtained emails revealing that in July 2013, Huawei offered bonuses to employees based on the value of information they stole from other companies around the world, and provided to Huawei via an encrypted email address. In 2014, T-Mobile sued Huawei claiming the company stole tech from its Bellevue, Washington headquarters. The lawsuit accused Huawei employees snuck into a T-Mobile lab and stole part of Tappy, a smartphone testing robot.In 2019, a Canadian IT engineer residing in Taiwan reported his Huawei Mediapad M5 has been spying on him via apps on the device. Few weeks before the reported incident, a Huawei P30 Pro was discovered to be querying servers in China.In 2019, Poland’s counterintelligence agency has arrested and charged an employee of Chinese tech giant Huawei over spying allegations.Huawei have already stated that if asked, they would hand information over to China."
"That explains why Heel&#39;s Up Harris can&#39;t get anything done. She&#39;s just a courier for China Joe&#39;s cash drops."
"VP Harris should be going to the border with Congressional delegation instead of Germany"
"Harris doesn&#39;t know how to keep her mouth shut...she talks all our secrets away "
