"Cotton is of course correct. Harris regurgitates what people tell her to say. Her history of repeatedly turning down daily intelligence briefings and being otherwise oblivious to the needs of the nation has become her hallmark. Most VPs are out among the people for their President. In her case, I really believe the WH staff bottles her in her office as much as possible, and I don&#39;t blame them. Tokens are seldom useful to those who employee them...especially when they seldom try and fail when they do try."
"Let&#39;s be realistic: Rest in Peace America 1776-2008 it was a great run until the Dems destroyed you...The destruction of our Country is intentional and well planned it will continue, those in power know exactly what they are doing. Their goal: Turn America into a 3rd World Country eliminate the Middle Class and Law Enforcement at Local and State levels institute a Federal Police Force...Socialism. President Thomas Jefferson saw only one cure....&#34;When once a Republic is corrupted, there is no possibility of remedying any of the growing evils but by REMOVING the corruption and restoring its lost principles; every other correction is either useless or a new evil.&#39;&#34;"
"Lets be honest!  This is what happens when you send a VP who has done nothing to help anyone and is still trying to find out what her job entails.  However, she is still getting a great salary for doing absolutely nothing.  Great job if you can get it!!"
"<strong>The troubling reason why Biden is so soft on China</strong>—Peter Schweizer, New York Post, May 11, 2020In 2013, then-Vice President Joe Biden and his son Hunter Biden flew aboard Air Force Two to China.Less than two weeks later, Hunter Biden’s firm inked a $1 billion private equity deal with a subsidiary of the Chinese government’s Bank of China. The deal was later expanded to $1.5 billion.In short, the Chinese government funded a business that it co-owned along with the son of a sitting vice president.If it sounds shocking that a vice president would shape US-China policy as his son — who has scant experience in private equity — clinched a coveted billion-dollar deal with an arm of the Chinese government, that’s because it is. ...”Without the aid of subpoena power, here’s what we know:The businesses of Hunter Biden and his partners created a series of LLCs involved in multibillion-dollar private equity deals with companies owned by the Chinese government.The centerpiece of these deals is Rosemont Seneca Partners, an investment firm controlled by Hunter Biden and his associates: Chris Heinz, who is John Kerry’s stepson, and Heinz’s longtime associate Devon Archer [currently in prison].   The trio founded Rosemont Seneca in 2009 and quickly began making deals through a series of overlapping entities under the Rosemont name....”Less than a year after opening Rosemont Seneca’s doors, Hunter Biden and Archer were in China meeting with top Chinese officials.”"
"She’s in Bed with China just like Biden and Obama "
"She has no idea where China IS, much less knowing they are a threat. "
"Why would she? China pays well. Ask Hunter&#39;s Daddy."
"The cackling empty pantsuit is still looking for her school bus"
"What docyou expect.  Harris isnt qualified to brush her teeth"
"Kamala Harris couldn&#39;t even find China on a map, let alone comment on it."
"Cotton slams VP Harris for &#39;refusing to acknowledge&#39; scale of China threatIs there really anyone out there who thinks that harris has the mental capacity to understand such things?"
"How about Cotton acknowledging his role in Trump&#39;s insurrection?"
"Cotton. LOL"
"Does ANYONE at this stage not believe that this administration is completely compromised by China?The tens of millions that the Biden family has received for absolutely NOTHING tangible in return should be a great example!Half of hunter’s business partners are in jail and the other half are officials from the CCP!The junkie son of the US puppet president is working the entire country over and the FBI have literally covered it up since shutting the laptop story down pre election by stopping big tech reporting on it and 51 intelligence agents signing a letter saying the laptop story was all “Russian Disinformation!”What a disgrace the US has become!Next you’ll see treasury changing their rules so Republicans can’t do congressional oversight on the HUNDREDS of flagged financial transactions by the Biden’s. Oh, hang on.MAGA "
"Harris who? Invisible and useless"
"&#34;Harris says she has nothing scheduled with China&#39;s top diplomat, Foreign Minister Wang Yi.&#34;  Just picking up the check. "
"The cackling camel has no brain."
"What does he expect... all Kamilla has accomplished happens under the desk."
"Big mouth Cotton needs to focus on his bottom of the barrel state. 48th in education and 47th in health care "
"Her puppet masters are the Chinese so what should the Senator expect?"
"Cotton is of course correct. Harris regurgitates what people tell her to say. Her history of repeatedly turning down daily intelligence briefings and being otherwise oblivious to the needs of the nation has become her hallmark. Most VPs are out among the people for their President. In her case, I really believe the WH staff bottles her in her office as much as possible, and I don&#39;t blame them. Tokens are seldom useful to those who employee them...especially when they seldom try and fail when they do try."
"Let&#39;s be realistic: Rest in Peace America 1776-2008 it was a great run until the Dems destroyed you...The destruction of our Country is intentional and well planned it will continue, those in power know exactly what they are doing. Their goal: Turn America into a 3rd World Country eliminate the Middle Class and Law Enforcement at Local and State levels institute a Federal Police Force...Socialism. President Thomas Jefferson saw only one cure....&#34;When once a Republic is corrupted, there is no possibility of remedying any of the growing evils but by REMOVING the corruption and restoring its lost principles; every other correction is either useless or a new evil.&#39;&#34;"
"Lets be honest!  This is what happens when you send a VP who has done nothing to help anyone and is still trying to find out what her job entails.  However, she is still getting a great salary for doing absolutely nothing.  Great job if you can get it!!"
"<strong>The troubling reason why Biden is so soft on China</strong>—Peter Schweizer, New York Post, May 11, 2020In 2013, then-Vice President Joe Biden and his son Hunter Biden flew aboard Air Force Two to China.Less than two weeks later, Hunter Biden’s firm inked a $1 billion private equity deal with a subsidiary of the Chinese government’s Bank of China. The deal was later expanded to $1.5 billion.In short, the Chinese government funded a business that it co-owned along with the son of a sitting vice president.If it sounds shocking that a vice president would shape US-China policy as his son — who has scant experience in private equity — clinched a coveted billion-dollar deal with an arm of the Chinese government, that’s because it is. ...”Without the aid of subpoena power, here’s what we know:The businesses of Hunter Biden and his partners created a series of LLCs involved in multibillion-dollar private equity deals with companies owned by the Chinese government.The centerpiece of these deals is Rosemont Seneca Partners, an investment firm controlled by Hunter Biden and his associates: Chris Heinz, who is John Kerry’s stepson, and Heinz’s longtime associate Devon Archer [currently in prison].   The trio founded Rosemont Seneca in 2009 and quickly began making deals through a series of overlapping entities under the Rosemont name....”Less than a year after opening Rosemont Seneca’s doors, Hunter Biden and Archer were in China meeting with top Chinese officials.”"
"She’s in Bed with China just like Biden and Obama "
"She has no idea where China IS, much less knowing they are a threat. "
"Why would she? China pays well. Ask Hunter&#39;s Daddy."
"The cackling empty pantsuit is still looking for her school bus"
"What docyou expect.  Harris isnt qualified to brush her teeth"
"Kamala Harris couldn&#39;t even find China on a map, let alone comment on it."
"Cotton slams VP Harris for &#39;refusing to acknowledge&#39; scale of China threatIs there really anyone out there who thinks that harris has the mental capacity to understand such things?"
"How about Cotton acknowledging his role in Trump&#39;s insurrection?"
"Cotton. LOL"
"Does ANYONE at this stage not believe that this administration is completely compromised by China?The tens of millions that the Biden family has received for absolutely NOTHING tangible in return should be a great example!Half of hunter’s business partners are in jail and the other half are officials from the CCP!The junkie son of the US puppet president is working the entire country over and the FBI have literally covered it up since shutting the laptop story down pre election by stopping big tech reporting on it and 51 intelligence agents signing a letter saying the laptop story was all “Russian Disinformation!”What a disgrace the US has become!Next you’ll see treasury changing their rules so Republicans can’t do congressional oversight on the HUNDREDS of flagged financial transactions by the Biden’s. Oh, hang on.MAGA "
"Harris who? Invisible and useless"
"&#34;Harris says she has nothing scheduled with China&#39;s top diplomat, Foreign Minister Wang Yi.&#34;  Just picking up the check. "
"The cackling camel has no brain."
"What does he expect... all Kamilla has accomplished happens under the desk."
"Big mouth Cotton needs to focus on his bottom of the barrel state. 48th in education and 47th in health care "
"Her puppet masters are the Chinese so what should the Senator expect?"
