"<strong>1. The Biden administration is DESPERATE to downplay the serious damage that has been done to our national security, and they are spinning mightily.</strong>   <strong>2. I did not find their highly legalistic rationalizations for impotently doing nothing as this balloon traversed our country one bit credible. The impediments the Biden administration has suggested were in play are, quite frankly, ASININE.</strong> <strong>3 It’s clear that this balloon was launched by China for the purpose of espionage. If you look at the flight path of this balloon, it’s obvious that it deliberately went over sites that are extremely sensitive from a national security perspective.</strong>We must stop voter fraud and restore election integrity! "
"Carlson added that he had spoken with fellow primetime commentators Laura Ingraham and Sean Hannity minutes earlier and that they were &#34;highly upset.&#34;&#34;At this point we&#39;re getting hurt no matter what,&#34; he wrote, according to the filing.Pfeiffer replied that &#34;many on &#39;our side&#39; are being reckless demagogues right now.&#34;&#34;Of course they are,&#34; Carlson wrote. &#34;We&#39;re not going to follow them.&#34; He went on to say that Trump was good at &#34;destroying things. He&#39;s the undisputed world champion of that. He could easily destroy us if we play it wrong.&#34;"
"The most prominent stars and highest-ranking executives at Fox News privately ridiculed claims of election fraud in the 2020 election, despite the right-wing channel allowing lies about the presidential contest to be promoted on its air, damning messages contained in a Thursday court filing revealed.The messages, included in a legal filing as part of Dominion Voting System’s $1.6 billion lawsuit against Fox News, showed that Tucker Carlson, Sean Hannity, and Laura Ingraham brutally mocked lies being pushed by former President Donald Trump’s camp asserting that the election was rigged.In one set of messages revealed in the court filing, Carlson texted Ingraham, saying that Sidney Powell, an attorney who was representing the Trump campaign, was “lying” and that he had “caught her” doing so. Ingraham responded, “Sidney is a complete nut. No one will work with her. Ditto with Rudy [Giuliani].”The messages also revealed that Rupert Murdoch, the chairman of Fox Corporation, did not believe Trump’s election lies and even floated the idea of having Carlson, Hannity, and Ingraham appear together in prime time to declare Joe Biden as the rightful winner of the election.Such an act, Murdoch said, “Would go a long way to stop the Trump myth that the election stolen.”"
"What we&#39;ve learned from the Dominion case about Fox News hosts knowingly pushing out Trump&#39;s Big Lie on election fraud to their audiences, knowing it wasn&#39;t true while stoking the flames, should lead to a real reckoning. This is not the free press the Founding Fathers envisioned."
"Yes, Sean we need answers. How about answering the question about why you said you disbelieved the 2020 election fraud conspiracy in private white you promoted this theory on the air?Let&#39;s start with that one. While we&#39;re at it, let&#39;s ask Dummy the same question. How about it Tucker?"
"The CCP has provided the Univ. of Delaware and Penn over $60 million for programs related to Biden, for which he collects over $800k a year in salary and doesn&#39;t show up. Why? What&#39;s that money buying? Why are classified documents turning up in those rooms? Why did the Chinese give Hunter tens of millions?"
"NEWS about HANNITY that he&#39;d rather you not ask questions about:<strong><em>HANNITY ADMITS HE KNEW TRUMP LIED AS LEGAL EARTHQUAKE ROCKS FOX NEWS EMPIRE</em></strong>"
"I agree that we need answers but this administration there will be no answers.   Biden will do whatever it takes to ensure that China is condemned for invading our  air space and spying on us.   We know this is happening but Biden will never allow it go further because he is so deeply indebted to China.    The non-thinking democrats in this country have elected a man who is totally beholden to China."
"Now that the Dominion discovery is coming to light, we need &#34;answers&#34; about Hannity."
"think Hannity will talk about the Dominion Lawsuit? Fox propaganda presented as news conned a lot of folks"
"We needs answers about Sean Hannity and the TRUTH! 😂"
"I am waiting for the Jeffery Epstein client list to drop."
"Hannity is a joke"
"Biden only wants to check the boxes and get his check from XI."
"Screaming for Biden to do something, then screaming why did he did something?"
"How about The Orange Man, Kushner and their new Saudi fortunes first?"
"We will not get answers. Ever."
"Listen to Hannity, Carlson and the rest of the Fox &#34;Stars&#34;: Trump LIED about winning the 2020 election......REAL Republicans and Independents will never vote for this traitorous insurrectionist......."
"Awww shut up, Sean! "
"repubs harangued him not not shooting the balloon down, now you whine he did?  we see who&#39;s full of hot air...... "
"<strong>1. The Biden administration is DESPERATE to downplay the serious damage that has been done to our national security, and they are spinning mightily.</strong>   <strong>2. I did not find their highly legalistic rationalizations for impotently doing nothing as this balloon traversed our country one bit credible. The impediments the Biden administration has suggested were in play are, quite frankly, ASININE.</strong> <strong>3 It’s clear that this balloon was launched by China for the purpose of espionage. If you look at the flight path of this balloon, it’s obvious that it deliberately went over sites that are extremely sensitive from a national security perspective.</strong>We must stop voter fraud and restore election integrity! "
"Carlson added that he had spoken with fellow primetime commentators Laura Ingraham and Sean Hannity minutes earlier and that they were &#34;highly upset.&#34;&#34;At this point we&#39;re getting hurt no matter what,&#34; he wrote, according to the filing.Pfeiffer replied that &#34;many on &#39;our side&#39; are being reckless demagogues right now.&#34;&#34;Of course they are,&#34; Carlson wrote. &#34;We&#39;re not going to follow them.&#34; He went on to say that Trump was good at &#34;destroying things. He&#39;s the undisputed world champion of that. He could easily destroy us if we play it wrong.&#34;"
"The most prominent stars and highest-ranking executives at Fox News privately ridiculed claims of election fraud in the 2020 election, despite the right-wing channel allowing lies about the presidential contest to be promoted on its air, damning messages contained in a Thursday court filing revealed.The messages, included in a legal filing as part of Dominion Voting System’s $1.6 billion lawsuit against Fox News, showed that Tucker Carlson, Sean Hannity, and Laura Ingraham brutally mocked lies being pushed by former President Donald Trump’s camp asserting that the election was rigged.In one set of messages revealed in the court filing, Carlson texted Ingraham, saying that Sidney Powell, an attorney who was representing the Trump campaign, was “lying” and that he had “caught her” doing so. Ingraham responded, “Sidney is a complete nut. No one will work with her. Ditto with Rudy [Giuliani].”The messages also revealed that Rupert Murdoch, the chairman of Fox Corporation, did not believe Trump’s election lies and even floated the idea of having Carlson, Hannity, and Ingraham appear together in prime time to declare Joe Biden as the rightful winner of the election.Such an act, Murdoch said, “Would go a long way to stop the Trump myth that the election stolen.”"
"What we&#39;ve learned from the Dominion case about Fox News hosts knowingly pushing out Trump&#39;s Big Lie on election fraud to their audiences, knowing it wasn&#39;t true while stoking the flames, should lead to a real reckoning. This is not the free press the Founding Fathers envisioned."
"Yes, Sean we need answers. How about answering the question about why you said you disbelieved the 2020 election fraud conspiracy in private white you promoted this theory on the air?Let&#39;s start with that one. While we&#39;re at it, let&#39;s ask Dummy the same question. How about it Tucker?"
"The CCP has provided the Univ. of Delaware and Penn over $60 million for programs related to Biden, for which he collects over $800k a year in salary and doesn&#39;t show up. Why? What&#39;s that money buying? Why are classified documents turning up in those rooms? Why did the Chinese give Hunter tens of millions?"
"NEWS about HANNITY that he&#39;d rather you not ask questions about:<strong><em>HANNITY ADMITS HE KNEW TRUMP LIED AS LEGAL EARTHQUAKE ROCKS FOX NEWS EMPIRE</em></strong>"
"I agree that we need answers but this administration there will be no answers.   Biden will do whatever it takes to ensure that China is condemned for invading our  air space and spying on us.   We know this is happening but Biden will never allow it go further because he is so deeply indebted to China.    The non-thinking democrats in this country have elected a man who is totally beholden to China."
"Now that the Dominion discovery is coming to light, we need &#34;answers&#34; about Hannity."
"think Hannity will talk about the Dominion Lawsuit? Fox propaganda presented as news conned a lot of folks"
"We needs answers about Sean Hannity and the TRUTH! 😂"
"I am waiting for the Jeffery Epstein client list to drop."
"Hannity is a joke"
"Biden only wants to check the boxes and get his check from XI."
"Screaming for Biden to do something, then screaming why did he did something?"
"How about The Orange Man, Kushner and their new Saudi fortunes first?"
"We will not get answers. Ever."
"Listen to Hannity, Carlson and the rest of the Fox &#34;Stars&#34;: Trump LIED about winning the 2020 election......REAL Republicans and Independents will never vote for this traitorous insurrectionist......."
"Awww shut up, Sean! "
"repubs harangued him not not shooting the balloon down, now you whine he did?  we see who&#39;s full of hot air...... "
