"Failing to secure our airspace and borders or to enforce immigration laws is a violation of the constitution and a dereliction of duty, and must, at a minimum, result in the removal of those who refuse to comply with the law."
"Just before Joe Biden took office, you did not worry about foreign enemies attacking America, and didn&#39;t have to take out a loan to buy groceries or fill the tank with gas. Now, Our enemies have no respect or fear of America and people&#39;s retirement savings are being depleted and many retirees need to return to the workforce. That is the state of the nation."
"I suppose some are naive enough to believe all of these &#34;shoot downs&#34; are amazingly coincidental after Biden let the Chinese Spy Balloon float across the entire country. The truth is, this is all just a distraction to draw attention away from the myriad crises and scandals plaguing the Biden administration."
"We have strategic gaps in securing US airspace and US borders because we have large gaps in leadership - that is no leadership from the white house at all."
"The only solution to begin to try and save America at this point is Impeachment x 2."
"<strong>Obama was the beginning of the end for these United States of America.</strong> He promised to Fundamentally Transform the United States of America and using Biden as his third term Barack Obama is pulling the strings that shall turn America into a Third World Country paving the way for Russia and China to achieve their goal of World Domination."
"What&#39;s the point in securing the US airspace, when you refuse to secure the border?"
"I remember the good old days when we had low fuel prices, low inflation rates, low interest rates, low grocery prices, low energy bills, low crime rates, a secure border and a president who cared about our citizens. Sadly that ended on January 20 2021."
"Military effectiveness is achieved in great part through constant training. Chasing down suspicious airborne contacts would certainly provide training. How will this training have a negative impact on readiness? "
"I remember the 80s when we would take those things down and no one knew. Dod not even tell our wives. "
"China, or whoever is sending these things, is just probing our defenses.  Now they know about what they can get away with and likely will stop...for a while.  Then they&#39;ll test us again, to see if we&#39;re still paying attention."
"Can we secure our ground borders first?"
"Ive been a jet mechanic at China Lake out in Ridgecrest CA, the stories I&#39;ve heard from pilots for years are definitely not balloons. This is tech that they&#39;ve never seen and can&#39;t explain. Those who have seen it, seem to always get transferred to different duty. I&#39;m beggining to suspect that the &#34;UFO&#34;s are ours and we are now engaging our own tech to not risk it getting out"
"—Peter Schweizer, New York Post, May 11, 2020In 2013, then-Vice President Joe Biden and his son Hunter Biden flew aboard Air Force Two to China.Less than two weeks later, Hunter Biden’s firm inked a $1 billion private equity deal with a subsidiary of the Chinese government’s Bank of China. The deal was later expanded to $1.5 billion.In short, the Chinese government funded a business that it co-owned along with the son of a sitting vice president.If it sounds shocking that a vice president would shape US-China policy as his son — who has scant experience in private equity — clinched a coveted billion-dollar deal with an arm of the Chinese government, that’s because it is. ...”Without the aid of subpoena power, here’s what we know:The businesses of Hunter Biden and his partners created a series of LLCs involved in multibillion-dollar private equity deals with companies owned by the Chinese government.The centerpiece of these deals is Rosemont Seneca Partners, an investment firm controlled by Hunter Biden and his associates: Chris Heinz, who is John Kerry’s stepson, and Heinz’s longtime associate Devon Archer [currently in prison].   The trio founded Rosemont Seneca in 2009 and quickly began making deals through a series of overlapping entities under the Rosemont name....”Less than a year after opening Rosemont Seneca’s doors, Hunter Biden and Archer were in China meeting with top Chinese officials.”"
"The inability to detect slow movers has been a known gap for years. Improvements have been made and we are finally seeing things that have been violating our airspace for a long time. It will take a while to sort out what the real threats are and develop the right tactics."
"Okay, it was reported this balloon was so big it would hold 3 buses . God forbid it did not have any bombs that could have been a disaster for us "
"Like the border, this administration couldn’t care less who is in or over the US!MAGA "
"Deriliction of duty, period."
"Biden could care less about securing our borders OR airspace."
"I agree that “the U.S. has strategic gaps in securing airspace” especially in the case of <strong>the Chinese spy balloon which was a real threat</strong> and POTUS would not give the order to shoot it down. But the rest of this article about balloons is just a lot of hot air (no pun intended). Like Senator Kennedy from Louisiana said a couple of days ago, <strong>&#34;these flying objects have been known to the U.S. for years...&#34;</strong>  In fact Senator Kennedy, they have been around for about 70 years and likely longer than that. We are not being told the truth as to what these “objects” are and we will never be told the truth until certain factions within this country and other countries get ready to make that announcement. Until then, just<strong> ignore them,</strong> <strong>they are friendly, they pose no harm to us or our airspace.</strong> And <strong>Joe Biden should not be giving the order and the military should not be shooting them down!</strong>"
"After all those so called &#34;expert&#39;s&#34; claimed Russian Disinformation was more than a probability on the laptop story. The word &#34;EXPERT&#34; has lost its weight with me!"
"Why is Hunter still on the loose?"
"Apocryphal accounts of this train derailment fail to reveal toxic emissions by sophisticated, synthetic chemicals. This circumstance suffers from carbon monoxides, arsenic, strontium, and krypton that in time could kill humans."
"Anyone find it odd Congress opens an investigation into the entire Biden crime family and all of a sudden objects are getting shot out of the sky everyday, and I believe there is only footage of one of them."
"&#34;strategic gaps&#39; in securing US airspace,&#34;Is that like the &#34;strategic gaps&#34; in securing the US Borders?!!!!"
"Those who sincerely love this country with all their hearts and souls, know Bidenhas let the country down. It would take years to recover the damage, he hasdeliberately caused.  "
"how do they think they are going to secure the airspace when they can&#39;t secure one stretch of border?????"
"Hmm... the cathedral either needs the show or they are legit concerned about a foreign power threatening them (doubtful). Besides the rising crime is more a &#34;strategic concern&#34; to the average citizen than China or Russia."
"There is ZERO reason that first balloon was able to travel across the entire country before being shot down.  China completed their mission thanks to the ineptitude of Joey and his cohorts.  

If it weren&#39;t clear before that Bumblin&#39; Joe doesn&#39;t have America as a priority,  then open your eyes.  
Joey may as well go out to his Corvette in the garage and hand over those classified papers to China.  "
"Trump 2024"
"The only reason this dismal admin is saying anything now is because now people are actually looking up and seeing our enemies taking advantage of us with no recourse."
"Gomez&#39;s take that [everything worked great, we just don&#39;t know where they came from] and [if they don&#39;t pose a threat, we shouldn&#39;t destroy them because of wear on aircraft] is ridiculous. Readiness and effectiveness is maximized by practice and drills. We have mechanics, aerospace companies making product, and a defense budget to more than compensate for &#34;wear and tear&#34;. Complete nonsense."
"When I see Biden picture my body wants to hurl."
"The gap is in our so-called “leadership” that sold out to China long ago. "
"UFO! Stop blaming Extraterrestrials."
"Put pudding head up to the podium! I want to hear him explain this. WE USED TO HAVE A PRESIDENT!"
"We couldn&#39;t have a worse prez at a worse time in our country&#39;s most serious time of need. "
"OBiden has a strategic gap in his pull ups. "
"<strong>Maj. Gen. John Ferrari (ret.), who spent 32 years in the </strong><a href=""https://www.foxnews.com/category/us/military/army"" target=""_blank"" rel=""noopener""><strong>Army</strong></a><strong> and is now a nonresident senior defense fellow at the American Enterprise Institute, said the situation has shown the U.S. has &#34;strategic gaps&#34; in securing airspace.</strong>I am sorry general, but I disagree. I see this as incompetency from our Government and Military. Contrary to what many in our Government and Society believe, our enemies are <strong>real</strong> and they are <strong>dangerous</strong>. Our enemies are ruthless, calculating, and in some cases totally unprincipled. When it comes to war, high moral standards and touchy-feely attitudes do not win. With growing shortages and economic difficulties around the world, we had better adopt a hardened attitude and posture with our enemies. We need to demand from our politicians accountability and a strong defense or we will pay a terrible price not too far down the road."
"WE USED TO HAVE A PRESIDENT!"
"Really - I thought this is what we have been paying for: &#34;We are entering a new era in that we now have to take very seriously the monitoring and defending of our airspace.&#34;"
"It’s not about getting ready. It’s about staying ready.……"
"We can have the most high-tech radar systems in the world, and they&#39;re not effective if the twenty-year-old radar operators are playing with their iPhones instead of paying attention. "
"What they supposedly most likely shot down was of this world. Just trying to create a new bogeyman."
"The security gap is between Biden’s ears."
"In addition to a strategic gap in air defense there is also the void between Biden&#39;s right and left ears....."
" Why are they refusing to release the gun camera video?"
"Is it true that the military was aware of the Chinese Spy Balloon over our territory for at least 3 full days, before they told Biden?"
"Behind the scenes, Biden has telephoned Xi and apologized profusely for shooting down the balloons."
"How many commercial airlines were taken down by balloons in the last ten years? Go crunch those numbers and get back to us. "
"Few people we know agree with Biden&#39;s performance.  Talk is cheap.  The Media just runs at the mouth.  Nothing good is happening in this country, under thisterrible leadership."
"Let me get this straight. We&#39;re gunning down UFO&#39;s, while the border is wide open? Looks like a big time distraction ploy to me. "
"Joe Biden, his administration and military leadership has failed the American people because they All sold Us out to China. "
"All they do is lie. They think they’re in the 1950s were you can just state anything in the newspaper would print it and be the only source. They seem to forget we have Internet we all communicate no fighter jet shoots down a benign object. They’re evaluations told them that it was some kind of a threat. Otherwise we’d be shooting stuff down every day of the week. They have no idea if this was man made or from outside this world I bet they don’t ever recover it in order to hide it or they’ll substitute something in for it. We cannot trust them. They lie too much."
"The US urgently needs to address this Balloon 🎈 Gap.  Maybe about $20t will cover it."
"We need a Department of Tracking Big Balloons.The DTBB. Have Hunter run it, he has a lot of experience being high as a kite."
"No worries they’re just scouting for  a new 9/11 target and of course this administration has no idea how to stop it. "
"ET GO HOME!(And that goes for the rest of the invaders streaming into the USA across our southern border, courtesy of the Democratic Party.)"
"The last 3 were probably weather balloons."
"LGBFJB.Pass it on."
"Joe is the best communicator that they have in the White House and, actually, KJP is correct on this count!"
"Well...when nobody is manning the detection consoles because they are attending some woke diversity training...what do you expect?"
"Biden worried about balloons or aliens, when the border is still wide open?What kind of President is Biden?"
"And suddenly just like that a balloon magically appears, knocking Biden&#39;s classified documents stories off the front page..."
"Strategic gaps? Aka biden administration! "
"At this stage is there ANYONE who doesn’t think this administration is compromised by China?The treasury had to literally change their rules to stop Republicans doing congressional oversight on the Biden’s.The US government with their FBI and DOJ lackey’s are far more corrupt than North Korea, Russian and the Chinese governments!MAGA "
"Fourth........ It would appear that we need to adjust our satellites imagery / algorithms to capture smaller imagery at various altitudes.... We have the capability, strange it has not been accomplished......Dial it up...........USAF Ret.  "
"So what happened to our ability to shoot these down with lasers?  Biden is truly useless and not acceptable to being president. "
"Strange the Chinese knew where to send their balloons to exploit those gaps"
"The elephant in the room in this discussion is what needs to be addressed. Just how did the Chinese Communists discover this simple error in our radar system to protect our Nation and our People???? That is the question here and that is what needs to be discovered. For obviously, we have ChiCom agents deep within the structure of our national defense. They should be rooted out and charged with treason and should be given the ultimate penalty such a charge carries."
"I don&#39;t believe for a second these pilots so not know what the objects are. Anyone who shoots knows what they are shooting at. Biden, yikes."
"Biden has totally destroyed our country. "
"The answer is always spend more money that we don&#39;t have."
"It shows what happens when people vote based on emotion and when you check boxes for every member of your cabinet. Merit &gt; orientation "
"Let me answer for the White House, It was Trumps fault. Thank you"
"The US is stuck in an endless cycle of Republicans getting whipped up into jingoistic fervor by propaganda outlets like Fox News, themselves having ties to wealthy people with interests in the defense industry.   An example of this cycle is the warmongering rhetoric that led to the invasion of Iraq. Back then it was metal cylinders, now it&#39;s a balloon. "
"We need to use discretion if we believe objects to be extraterrestrial in nature. They could be a million years more advanced than we are. "
"Instead of ICBM&#39;s or cruise missiles, the Chinese can attach nukes to balloons and let them drift across America for <strong>6 days</strong> before detonation. "
"Brandon’s asthma is keeping him from defending the country.  Again."
"Wealthy Republicans with interests in the defense industry use propaganda outlets like Fox News to whip up nationalistic and warmongering hysteria, which eventually results in Republicans starting a forever war. This inevitably results in huge profits for defense contractors, money which should have been spend instead on infrastructure and schools. It&#39;s the circle of evil."
"Wealthy Republicans with interests in the defense industry use propaganda outlets like Fox News to whip up nationalistic and warmongering hysteria, which eventually results in Republicans starting a forever war. This inevitably results in huge profits for defense contractors, money which should have been spend instead on infrastructure and schools. It&#39;s the circle of evil."
"Did Republicans really just try to plunge the world into another cold war over one lost balloon? The GOP&#39;s constant warmongering driven by the military-industrial complex is the biggest threat to the free world in a generation."
"Psssst... &#34;At any given moment there are approximately 5,000 aircraft traversing the U.S. skies. The FAA is a year-round, 24/7 operation, responsible for <strong>5.3 million square miles</strong> of U.S. domestic airspace and 24 million square miles of U.S. airspace over the oceans. There are 43,290 average daily flights in and out of the U.S.&#34;"
"Let me interpret, We need a bigger budget, to fight the ufos"
"Fox is saying people want to hear from the President about these balloons….. why?   He’s going to lie!!!!"
"It is balloon!"
"Joe&#39;s always asking the ghosts that keep him company, &#34;Why don&#39;t they like me?&#34;"
"Way to go Barry &amp; Joe! "
"AMERICA WILL NEED TO PUT BIDEN IN PRISON AND START SECURING AMERICA FAST .TRUMP 🇺🇸 "
"And the false flags red glare"
"I haven&#39;t felt safe since they stole our election to put a dementia patient in the White House."
"Spending a million to shoot down a balloon doesn&#39;t sound economically feasible to me."
"John Kirby lies better than does KJP.  He has better hair too."
"They were all Cinese spy balloons and this administration knows that. They are just trying to cover up the screwup blunder they made with not shooting the first one down when they should have. And now they refuse to give straight answers."
"So now we&#39;re just shooting down things with $400,000 missiles that we don&#39;t know what they are and that the pilots can&#39;t identify as well.  Anything to keep Biden&#39;s classified documents off the front page."
"A gap. There&#39;s one between Bidens ears."
"In other news what&#39;s the Republican plan for the border crisis, the rise in crime, and inflation? These were all issues they ran on in the mid-terms requiring immediate action yet not a peep. As a matter of fact, the border situation doesn&#39;t even make the news at FOX anymore."
"Sounds like we found the gaps that have been exploited for years and are now closing them. "
"Maybe if we didn’t have a weak President and a President’s son who have been bought and paid for by the Chicoms, we wouldn’t have these problems? Strength projects power, weakness gets you invaded by balloons."
"This is the most tainted &amp; corrupt administration in the history of our country…"
"We should change the nation&#39;s motto from Land of the Free (ain&#39;t NOTHIN free here) to Come on in!"
"Has Biden appointed a Balloon Tsar yet?"
"All right, Beatrice, there was no alien. The flash of light you saw in the sky was not a UFO. Swamp gas from a weather balloon was trapped in a thermal pocket and reflected the light from Venus."
"If the powers that be (Gen. Milley and Austin) were more security conscience and less WOKE we would not have sieves on our borders (both northern and southern)."
"John Kirby is a serial practitioner of the arts of deception and a straight faced professional liar. We want to know EXACTLY what the four objects that were shot down were. If the US or its tools were flying balloons over China, I want to know that as well."
"I&#39;m just sitting out here watching airplanes...    "
"When Clinton disbanded SAC that is when we became vulnerable a shortly thereafter 9/11.Then Bush had the chance to stand it back up, modernize SAC and realign its mission.Instead, he started the Department of Homeland Insecurity! "
"Never been better. Market up 30% generally since 2020 election and up personally 20% already this year- will be voting Blue. "
"Pete where are you? Make an announcement about how you are handling the situation. Please Pete, give us something.  **Please insert the name Joey B where it says Pete."
"Really shouldn&#39;t be shooting things down that you don&#39;t know what they are. What if the UFO was aliens coming down to give us the cure for cancer? Or what if the UFO was aliens and now they&#39;re irate that we destroyed one of them and are now going to wipe us out? Thanks Biden, the gaffe machine strikes again."
"I remember back in the day looking up into the nighttime skies over Albuquerque, NM, and seeing Telstar floating by with my naked eye.  I thought I could shoot it out of the sky with my trusty Red Ryder 200-shot range model carbine with the thing in the stock which tells time."
"So trump sold his stolen documents about &#34;Nuclear&#34; to China and they are sending the balloons to check it out before they wire the money to his China bank account."
"The need for a cost effective take down has to be made pronto. 400k per missile is mind boggling."
"If that is  a setback spying from coast to coast unchecked I would hate to see what victory would look like."
"The &#34;Gap&#34; is between Joe&#39;s ears....."
"The mightiest and best equipped military on planet Earth was tested and failed detection of a potentially dangerous entity.. China knows that and so does the rest of the world&#39;s countries. Can the US be relied on? Are we safer under Joe Biden&#39;s command?"
"It reveals the lack of command our name carries "
"Clearly we need a new arm of the military -- a balloon force -- and we need to spend at least $100 billion on it."
"Biden&#39;s eyes look like there&#39;s plenty of Chinese in his lineage. The Biden Crime Family are long-standing members of the Chinese Communist Party and will never say anything negative about them or do anything to jeopardize them in any way. Joe Biden is working for them here in America and supports their every move. Biden needs to be removed as soon as today and replaced with an American who can put sentences together and count to ten.   "
"Sippy Cup does NOT shoot down the legit Chinese spy balloon until AFTER the Chinese get their data. Then he shoots down US and/or Cdn weather balloons to make himself look “tough”. Can we better define COMPROMISED and INEPT with those actions? NOPE"
"Hopefully the aliens in these UFOs don’t ask us “take me to your leader”. "
"9/11 has taught us nothing...  That a terrorist can fly a plane into our airspace and destroy anything they want before we figure out what to do.  Sad..."
"<strong>The GOP/Neocon cycle of evil:</strong><ol><li>Defence industry profits start dwindling</li><li>People with interests in the defense industry order Fox News to bang the war drums</li><li>Republican President starts a forever war over something trivial like metal tubes or balloons.</li><li>Republicans get bored of money being drained in the forever war.</li><li>War ends in defeat, then go back to step 1.</li></ol>"
"Criminals used balloons too, to get drugs into prisons. Fentanyl is a drug I don&#39;t want in the air."
"For those of you that don’t feel safe and don’t think President Biden is securing the border or airspace, I’d like to remind you that no one is forcing you to stay here. You are all invited to no longer live in the US. "
"The  &#34;Gap&#34; is between Biden&#39;s ears"
"Joe Biden now has his legacy. He&#39;ll have started a war to show his LBJ style machismo, given Hollywood a script for a dark comedy, gave Walter Lance some grist for a new comic book, made a good career for his son and lastly but still significant, began the end times Tribulation period. Let&#39;s see Obama or Clinton match that. A legend in his own mind. &#34;UFO&#39;s to the right of me, UFO&#39;s to the left of me, Here I am stuck in the middle with Joe&#34;"
"Biden des NOT protect our borders, our air space, our water.....NOTHING.....USA is the ONLY country in the world now with NO BORDERS!!!!! LET THIS SINK IN...THE ONLY COUNTRY BIN THE WORLD WITH ZERO BORDERS.......I wish some Dem would respond and tell us all why this is OK.........we will wait........."
"My goodness! How huge must the &#34;gaps&#34; have been during the Trump administration? When Chinese surveillance balloons freely traversed our continent with impunity - on multiple occasions - with nary a sighting by the Trump administration, let alone even &#39;trying&#39; to shoot one down? They never even Knew. So, again, how big must THAT &#34;gap&#34; have been?"
"Security measures were put in place after 9/11 that allowed hijacked aircraft to be shot down in a timely manner.  Apparently the security measures don&#39;t apply to balloons or people crossing the border illegally. "
"Sounds like an excuse to spend $200 billion studying the issue..."
"Fox News always has the best fake experts."
"I Think the Big Guy should run in 2024. Afterall, the vast majority of Republicans will back him in the primaries.Go Brandon Go!!"
"funny you should mention capability .....an F-16 was shooting at a balloon with an AIM-9 Sidewinder missile ....and missed!  Did you hear me??? Missed a ballon with a missile!!!  old drunk dude could have hit with a dart!!!"
"UFOs?  Everything the government knows about them is hidden from scrutiny in Area 51."
"I learned of Wag The Dog recently from Snowden. It’s where mass media uses stories , diverts the public , tells part of a story, ignores the real facts about government corruption affecting everyone’s lives. Instead focus on race, gender, etc…"
"Phileas Fogg is shaking his head, somewhere...🤫😏🃏♠️🎈"
"Joe&#39;s the best President right now!"
"Here is my question with China hating us Russia hating us and  North Korea hating us why wasn’t a radar system turned up to the max capacity and allow the people monitoring system to decipher whether or not it is a threat it’s 2023. I’m pretty sure our defense system has the capability to deciphering threats from non threats I could be wrong and another thing, why is the FBI investigating a balloon? I wouldn’t trust the FBI to investigate what a dad packed his kids for lunch when his wife was sick seriously?"
" Remember when Russia was behaving themselves , North Korea was playing nice , Taiwan was breathing easy , Afghanistan was pulling ahead and we were no longer dependant on oil imports and China was crying because they were going to get slapped with import tariff&#39;s ... who was that guy ?? Just a couple of years ago.."
"Thank you Brave Biden for securing our airspace and our country. You have shown the world that we will not surrender unlike the last empty suit in office."
"I have full faith Joe will fumble the nuclear football if we ever need it."
"&#34;The balloon episode has shown that we do have strategic gaps in the Will to secure and defend our airspace,&#34;There, fixed your quote for ya’ "
"NORAD? Mystery Babylon. Tracking Santa Claus. Chinese balloons, etc., etc."
"We are not a country without borders, we are a land mass.  Anyone should feel free to enter and exit as they please.  We have no leader of the land mass, it is open land!"
"When you consider that this could have been a low level attack with nuclear weapons from several characters with the animus to do just that we may have been lucky !   This could have been a dress rehersal !"
"Today&#39;s U.S. military isn&#39;t focused on unconditional defense of America. "
"For the first time in my life, I feel that our military is not ready. Thanks biden supporters. "
"Perhaps this is training being revealed or a setup to see who pulls what. This may be a ruse for distracting from the president and his familial issues investigated, and the many economic  inflation and border mishandling’s "
"Reconstruct words in the sentence so that it comports to their perceive notion of what it SHOULD say... "
"Can’t secure our air space or the border What will we find out next"
"If our country is being protected by an air force that doesn&#39;t know what it is shooting at, maybe we should just surrender to the first party we come across..."
" The strategic gap is between Bidens ears."
"I thought Articles of Impeachment would have been drawn up by now, what happened?"
"So, it took 4 experts to deduce that with the jello head and his fenced in freak show in the WH, we have gaps in our national security. That sure is impressive, lol. "
"Clearly, our Air Force is no match for a balloon. They&#39;re such technological wonders."
"Were the 3 most recent &#34;UFOs&#34; metallic balloons?Also there is a percentage of the population that believe UFOs come from outer space. It appears the administration is trying to spook the outer space UFO believers "
"Kurt the Cyber Guy says to update your iPhones and iPads to the latest iOS. Joe says that he didn&#39;t know his wee wee pads were upgradeable."
"I hear there are literally trillions of insects buzzing around that go largely undetected and unreported. What’s the military doing???"
"clean up on ice field nine!"
"So, it took 4 experts to deduce that with the jello head and his fenced in freak show in the WH, we have gaps in our national security. That sure is impressive, lol. "
"Were the 3 most recent &#34;UFOs&#34; metallic balloons?Also there is a percentage of the population that believe UFOs come from outer space. It appears the administration is trying to spook the outer space UFO believers "
"Clearly, our Air Force is no match for a balloon. They&#39;re such technological wonders."
"Kurt the Cyber Guy says to update your iPhones and iPads to the latest iOS. Joe says that he didn&#39;t know his wee wee pads were upgradeable."
"clean up on ice field nine!"
"I hear there are literally trillions of insects buzzing around that go largely undetected and unreported. What’s the military doing???"
" I bring you a warning: Every one of you listen up....  Watch the skies. Everywhere. Keep looking. Keep watching the skies.” That, is a quote from  “Scotty” Scott from the 1951 sci-fi classic <em>The Thing From Another World</em>....There&#39;s plenty of &#39;sabre&#39; rattling going on these days.......why?  Do I have to tell you that Joe Biden is America&#39;s weakest most incompetent president in the history of the United States...Like sharks smelling blood in the water, countries that hate smell weakness .... And just like in the ’50s and ’60s, when the  Cold War had people on edge and the U.S. became fascinated with UFOs, Americans have good reason to watch the skies and everything else."
"99 Luft Balloons"
"Are you a hunter? Do you know one?Ask yourself or one you know.How many unidentified targets have you ever shot?Lol, they have video if in fact they did shoot down anything.You&#39;re being played like a cheap fiddle. "
"What did they say about the Trump administration never looking up once in four years? "
"Who here actually believes the military has no idea what the last three objects they shot down were?"
"The only gap this shows is the gap between Traitor Joe’s ears. "
"They knew it was coming, and let it have free reign.  You can&#39;t spin this fact."
"we  are so incompetent under biden "
"Haley got four hours-does she have a cleaning gig with Lake. "
"As if it wasn&#39;t evident by the Afghanistan debacle,this balloon fiasco proves our woke Pentagon is dangerous to America. Couple that ineptness with the useless government and you have a recipe for disaster."
"(Are they coming <a href=""https://www.foxnews.com/category/world/world-regions/china"" target=""_blank"" rel=""noopener"">from China</a> or somewhere else? I am eager to learn more details about what was actually shot down after the first balloon to see if all of these objects are intelligence-related or not.) What difference does it make WHERE they come from? There are several countries that hate America as much as the democrat party does and know we are suffering a military weakness directly associated with the democrat party! BTW....how long is going to take before you genius&#39;s figure out if the balloons are indeed spying devices?????????????"
"Diversity hires &gt; qualified people to run national defense. That&#39;s the Brandon way!"
"Yes the gap was between Obama and Biden "
"Not sure we want to scramble the F-22s to shoot down a car dealership’s escaped advertising balloon. "
"so our national security depends on an F-16 who cannot hit something with a $400,000 missle?"
"Sounds like poor decision making when a heat seeking missile is used to bring down an object without heat.  The missile missed….."
"How many objects are up there flying right now?"
"I&#39;m sure Brandon feels that we are not worthy of being informed about content of these objects!"
"If I let loose a large balloon over Northern Georgia, where I live, I wonder where it would end up!"
"evidently these gaps have always existed ... "
"I would think that you must identify an item and determine it&#39;s danger prior to shooting it down.  This was a failure with the spy balloon.  And, seemingly, all of the following shootdowns."
"maga hunter Jack Smith subpoenaed Mark Meadows!"
"Republicans will be chasing balloons all the way to &#39;24 and beyond into the big wide blue, and they will keep losing and losing and losing."
"What do you expect, democrats can run a city why would anyone vote for them to run the country? "
"One Administration flew over the cuckoo&#39;s nest (after stealing an election)."
"Someone needs to write a song about shooting down &#34;99 Ballons in the Sky&#34; and sing it to the tune of 99 bottle of beer on the wall."
"For the first time i am embarassed to be an American.  Joe Biden is a traitor that is focused on the destruction of the Country."
"President Biden is closing the &#34;strategic gaps&#34; that Trump wasn&#39;t worried about while he was playing golf."
"Biden is just mudding the water so he can please the Red Chinese, and deflect his classified document issue, the collapsing border issue, the fentanyl issue, the inflation issue, the crime issue, the march into communism issue, etc, etc.,etc."
"Biden’s future targets include the Goodyear blimp, Santa’s sleigh, and The Songbird. "
"Joe&#39;s mind is formidable."
"So we just fired two $400,000 missiles trying to take down one floating garage sale balloon, claiming we didn&#39;t know what the last three objects were.  You da man, Biden!"
"The Biden administration is incompetent.  "
"Fox-$100-here are your lines. "
"Republicans tried to beat the war drums over one balloon drifting off course? This is why Republican warmongers remain the biggest threat to the free world."
"Jill longs for the day that she can share her bed with Gavin Newsom."
"What if these so called UFOs were dropping something on up. Like COVID or worse. "
"This is what you get when you focus on pronouns and “racial equity” instead of your actual job. "
"Can we get Biden in the air ?"
"Dunno bout all that however, they are planning on releasing the Marburg then blaming Russia cause the alien invasion aint working like they hoped."
"Joe will address the country today to explain everything and calm the conspiracy laden MAGA mind. "
"PROSECUTE OBAMA "
"Where&#39;s the classified materials story, or the Biden crime family stories.  This deflection look over there stuffs getting old."
"The first step in securing our country is to get rid of this woke and corrupt Biden administration. "
"In four years, the Trump administration never even looked for any. Trump only looked for his friend Putin or his next Big Mac. "
"You guys need a Department of Tracking Big Balloons.The DTBB. Have Hunter and Trudeau run it, they both have a lot of experience being high as a kites, and drug addled Trudeau is very comfortable giving Senile Joe shoot down orders."
"I loved it when the media was pushing that the objects being shot down were aliens.  That&#39;s just silly.  Why would aliens try to get past the air force when they can just continue to walk across the southern border?"
"Joe&#39;s fun.  I can&#39;t wait for his teleprompter to quit and/or he left his schiff-colored talking points in the restroom."
"News Flash-&#34;Fox News&#34; isn&#39;t news."
"Lol @ UFOs.. whatever it takes to take your eyes off the end game. "
"While the Republicans look skyward millions of illegals are crossing the border. Look squirrel!"
"When the pentagon is headed by a woke BLM type…."
"Great headline, Fox 🙄"
"..Strategic  Gaps  exist , Geographically ,  Ideologically  , and   mentally.....thanks  joe!..."
"OR there&#39;s no gap and the Chinese just started sending these balloons and drones on Biden&#39;s watch because they know he&#39;s weak. "
"Biden and his corrupt handlers and  administration know exactly what is going on. Traitor-ism…."
"Where in the world is Jim Acosta?"
"Ancient Aliens was right!"
"Joe&#39;s always angry which is number twelve on the list of ten signs of dementia."
"The usual suspects.."
"Take Away from this whole thing: Our current government is both highly dishonest and highly incompetent."
"Apophis II , coming to a theatre near you !"
"Joe needs Eurolift."
"If these are UFO&#39;s, we may have finally found out where Democrats come from."
"WHAT WE HAVE LEARNED IS EVEN THOUGH PRESIDENT BIDEN HAS CONTINUALLY FAILED TO PROTECT THE AMERICAN CITIZENS AND OUR NATION&#39;S NATIONAL SECURITY AS OUR COMMANDER AND CHIEF. 
GOD ALMIGHTY HIMSELF IS PROTECTING OUR NATION AND IT&#39;S PEOPLE. 
GOD IS OUR ONLY HOPE IN A WORLD FILLED WITH EVIL. "
"Administration can’t even secure out borders let alone our airspace "
"Biden is the top dog so what do you expect."
"Now Biden and his usless cronies at the pentagon are shooting down anything.....really...used car lot ballons...."
"Democrats have failed us again. Pete was too busy &#34;chest feeding&#34; to be bothered."
"Pureeeeeeeeeeeeee bloods."
"Gee, Biden may start an intergalactic war!!! "
"Wonder why they use the term UFO instead of spy craft.  Must be a media brainwash tatic."
"seek help, there wasn&#39;t any under Trump, if there was it would have been leaked to the press. Liberals made things up and leaked it to the press. Stop making things up, you have a mental illness"
"i saw the loch ness monster"
"WHAT WE HAVE LEARNED IS EVEN THOUGH PRESIDENT BIDEN HAS CONTINUALLY FAILED TO PROTECT THE AMERICAN CITIZENS AND OUR NATION&#39;S NATIONAL SECURITY AS OUR COMMANDER AND CHIEF. 
GOD ALMIGHTY HIMSELF IS PROTECTING OUR NATION AND IT&#39;S PEOPLE. 
GOD IS OUR ONLY HOPE IN A WORLD FILLED WITH EVIL. "
"Administration can’t even secure out borders let alone our airspace "
"Biden is the top dog so what do you expect."
"Now Biden and his usless cronies at the pentagon are shooting down anything.....really...used car lot ballons...."
"Democrats have failed us again. Pete was too busy &#34;chest feeding&#34; to be bothered."
"Pureeeeeeeeeeeeee bloods."
"Gee, Biden may start an intergalactic war!!! "
"Wonder why they use the term UFO instead of spy craft.  Must be a media brainwash tatic."
"seek help, there wasn&#39;t any under Trump, if there was it would have been leaked to the press. Liberals made things up and leaked it to the press. Stop making things up, you have a mental illness"
"i saw the loch ness monster"
"Possibly  we should give Mack the Knife a high flinging airplane and let him use his jackknife on these balloons."
"If we have hundreds of the flying above us, daily, as they&#39;ve stated, why are we shooting them down, now?"
"Congress has too many old people with no energy &amp; fried brains."
"I doubt that China or anyone is fixin&#39; to load a nuke onto a balloon. "
"Trump was clearly utterly clueless"
"I&#39;m amazed at how easily a mentally incompetent President is able to distract the Republicans. Actually no, I&#39;m not."
"More evidence that Terrorist-joey is incompetent and needs to be replaced!!"
"Brandon does remind me of Scarecrow in Wiz of Oz... Both missing a brain"
"LOL. Biden shoots down chinese spy balloons and you people are upset??????? "
"lol ufo another scam brought to you by your corrupt government "
"Dummy Obiden is some commander in chief..."
"Democrats have the sickness."
"Joe Biden; Kamala Harris; Nancy Pelosi; Karine Jean-Pierre; John Fetterman; and now Dianne Feinstein. We&#39;re doomed."
