"I liked the off season stuff that had once in a while, like the Fastest Man competition. I would watch it if I caught it on TV back in the day. Big Daryl Green fan. Not sure doing the skills competition now is going to help the Pro Bowl. "
"The NFL should just do away with the Pro Bowl once and for all and replace it with a weekend long event that incudes a skills competition, celebrity golf tournament, awards banquet and (of course) lots of after hours parties and bags full of swag for the WAGS.Attendance should be mandatory (similar to teams off-season &#34;fan fests&#34;) and involve a lot of fan interaction.  If not, any player that declines to attend should not be replaced.  Fan voting should also play a significant role as it does in the other major sports.This way, a guy like Huntley should be recognized by his fan base for coming off the bench and keeping his team in the hunt while their MVP-caliber QB was down."
"The Pro Bowl should go the same route as the Runner Up Bowl."
"The <strong>Pro Bowl </strong>has been a <strong>joke </strong>for decades and NO true professional player should participate in this <strong>lame </strong>attempt to be relevant as an actual sporting event."
"Lol. And the beat goes on, and the beat goes on."
"NFL is a mess."
"I liked the off season stuff that had once in a while, like the Fastest Man competition. I would watch it if I caught it on TV back in the day. Big Daryl Green fan. Not sure doing the skills competition now is going to help the Pro Bowl. "
"The NFL should just do away with the Pro Bowl once and for all and replace it with a weekend long event that incudes a skills competition, celebrity golf tournament, awards banquet and (of course) lots of after hours parties and bags full of swag for the WAGS.Attendance should be mandatory (similar to teams off-season &#34;fan fests&#34;) and involve a lot of fan interaction.  If not, any player that declines to attend should not be replaced.  Fan voting should also play a significant role as it does in the other major sports.This way, a guy like Huntley should be recognized by his fan base for coming off the bench and keeping his team in the hunt while their MVP-caliber QB was down."
"The Pro Bowl should go the same route as the Runner Up Bowl."
"The <strong>Pro Bowl </strong>has been a <strong>joke </strong>for decades and NO true professional player should participate in this <strong>lame </strong>attempt to be relevant as an actual sporting event."
"Lol. And the beat goes on, and the beat goes on."
"NFL is a mess."
