"<ol><li>I&#39;m a veteran of the last &#34;Cold War&#34; and I don&#39;t see much difference between then and now, except the names of some players have changed. </li><li>Actions speak louder than words. The Biden administration can&#39;t confront China over violating our &#34;sovereignty&#34; then leave the southern border wide open. We can&#39;t have sovereignty without borders. </li></ol>"
"&#34;Antony Blinken bat down the idea that the United States is in a &#34;Cold War&#34; with China, claiming that relations between Washington and Beijing can’t be reduced to a &#34;bumper sticker.&#34; &#34; The H E double L it can&#39;t. China, Russia and Iran are mortal enemies of the U.S. We&#39;re in a defacto state of war with Russia, China and Iran are supplying munitions and support to Russia, we&#39;re in a defacto state of war with China both economically and air/sea based militarily."
"Would China allow a US Spy Balloon to fly over its airspace for 5 days?  Would China allow the US to buy large plots of farmland?  Would China allow thousands of US Professors to invade its Universities?  Would China allow the US to traffic Fentanyl within its Border?  We are definitely in a Cold War and China is Winning! "
"This is why China has the upper hand. China acknowledges, and acts as if, they are in a cold war. The US acts as if a few dollars can set everything on a good path."
"Blinken and the rest of Alzheimers Joe&#39;s defense structure will deny this cold war until it suddenly becomes hot. And with the de-population of the military over the poison rona shot, we are weak. I don&#39;t want to learn Mandarin, and I am sure Xi won&#39;t let me keep my IRA."
"unfortunately,  we are not in a cold war with China,   we are being aligned with China.   thru a corrupt administration,  China now has established a foothold inside the US at the highest levels "
"I disagree. I think that the bumper sticker:

Biden sold US to China 

pretty much sums it up. "
"Unfortunately Joe Biden doesn’t have anyone in his administration who identifies as qualified."
"Biden has put us in a dangerous position. He has given away our armaments without ramping up to replace them. He has depleted our war time reserves and cut our ability to process oil. He has also demonstrated a lack of interest in defending our homeland against invaders. The constant push to disarm the citizenry is bizarre. Our individual armaments are a strong deterrent. We should all have fully auto rifles and free ammo on the shelf."
"How many years of covert and overt chinese aggression (Korea) and basic subversion for someone to realize what&#39;s going on? Not these guys, that&#39;s for sure."
"Lived and served through the Last Cold War. This is nearly a mirror image. Anything to the contrary is smoke and mirrors. "
"Everything about Joe Biden can be reduced to a bumper sticker..."
"Our leaders are globalists. China&#39;s leaders are strongly nationalist, and they see us as misguided and weak."
"Blinkin tip toeing because he knows his boss Joe is compromised. Can’t have Xi telling us the reason they paid the Bidens millions of dollars."
"Joe Biden has spent the last 50 years sending our jobs overseas eliminating jobs and small towns across America and helping China with access to our country and technology. Decades as a Senator, 8 years as Vice President and now President and now we are paying for it."
"I disagree, everything about this administration can be reduced to a bumper sticker: LET’S GO BRANDON"
"When another country is seeking to dominate you financially, militarily, and politically…just what is that called, Mr. Winkin Blinken and Nodding Joe?"
"the problem is that there is no diversity in the biden administration; every single one is incompetent."
"Translation = The Biden admin couldn’t be happier with the trade deficits with China, the intellectual theft, the likely invasion of Taiwan and the new world order China will control. "
"One thing China, Russia and the Ukraine all have in common is Hunter Biden who made tens of millions off of all of them selling out America and peddling his VP daddy’s influence. "
"As usual Blinken makes no sense. Soon we should be stealing secrets from the Chinese. We can start stealing their industrial secrets and implant spies in their universities and corporations. Maybe even get a job driving one of their government officials around. Maybe find out how they make balloons."
"Antony Blinken is constrained by his feckless Boss that&#39;s issue number one. Second issue is Blinkens personal global perspective of being an appeaser and pleaser an actor timid in character.
We most certainly are in a Cold War with Communist China and have been for some number of years."
"In the midst of all the tension with nuclear super powers Russia and China, when was the last time Biden personally reached out to de-escalate WW3 tensions with either Xi or Putin? For the sake of humanity, talk and negotiate peace and stop the escalation to nuclear war."
"Why not? We have a president with the awareness of a bumper sticker"
"I wish Anthony Blinken was a bumper sticker."
"We aren’t at war with them, but they’ve been at war with us since 1972. "
"Biden has already mailed China a check for the damages using tax payer dollars, and China has already mailed Biden back his 10% of that 🤷🏻‍♂️"
"I think everything should be reduced to a bumper sticker. For example, Don&#39;t Mess with Texas."
"But the Bidens already have bumper stickers that read &#34;I ♥ China&#34;"
"We can if the bumper sticker is still made in china."
"Can anyone really picture Blinken talking tough to China."
"I agree with Blinkin, when your boss and his family is on China&#39;s payroll, it is hard to be in a cold war situation..."
"It has been theorized that the US is now in a cold war with balloon hobbyists as a result of their shooting down toy balloons. 
The hobbyists have filed suit seeking damages totaling $50 US dollars which they claim they have spent for ballons, helium, string, and ribbon used for the tails. 
When presenting their case some of the claimants were visibly shaken testifying the balloons were received from Santa or as birthday gifts. 
Efforts have been made to contact the DOD and DOJ for comment but they have declined to respond. "
"One would think the Secretary of State would have at least some basic knowledge of history (other than his bank account and the Democrat party).  “Cold war” is a term denoting a war without troops shooting at each other (which would be a “hot war”).  While there are no armed battles between US/NATO troops and PLA/N troops, every other aspect of war is being conducted by China against the US, and has been for years now.  That our “leaders” refuse to admit it doesn’t make it any less so!"
"What does a bumper sticker have to do with reality. Do you have any idea...oh never mind. November of next year can&#39;t come soon enough. China&#39;s capabilities are breathtaking in scope but Blinken doesn&#39;t seem to grasp that fact. They have stolen the information to make them what they are from us, the United States of America. We have made them what they are. "
"THE BLINKEN/CHINA/DEMOCRAT CONNECTION:Allow a China Spy Balloon to fly over America for a week. Vote to allow China to vote in our elections. Allow 2,000 Chinese Nationals through our border in just the last month.Allow China to buy up 400,000 acres of our farmland. Allow China to infiltrate our universities, indoctrinating our children. Joe removed Trump&#39;s Section 301 tariffs on China products that could be made in America. The U of P, which runs the Penn Biden Center, where Joe&#39;s stolen Classified Documents were found, has received millions from Chinese donors since Joe Biden became president.Secretary Blinken founded WestExec Advisors, that helped corporations and academic institutions &#34;pursue interests&#34; in China.DNI Avril Haines and Jen Psaki were on WestExec&#39;s payroll. Blinken was also director of the Penn Biden Center when China&#39;s money flowed in.CIA Director Burns underwrote $2 million from CCP-tied business.UN Ambassador Greenfield through the Stonebridge Group has worked for the Chinese government.Over 20 other top officials in the Biden administration are compromised by the Chinese Communist Party.Swalwell was colluding and sleeping with a Chinese spy while sitting on the Intelligence Committee.Feinstein hired a Chinese spy as her &#34;driver&#34; for years.Hunter was receiving a $10m annual fee from a Chinese billionaire for &#34;introductions alone&#34;, with &#34;10 held by H for the big guy&#34;.WAKE UP DEMOCRAT VOTERS!!"
"For once blinken is right. You can&#39;t be in a cold war when your leader is in the pocket of your enemies"
"C’mon man, no war with China with the Big Guy on the CCP payroll and don’t overlook his shady dealings w/ Ukraine. Brandon won’t even help Americans in Ohio because “He doesn’t work for them”. "
"It is clear China is trying to maximize its position with respect to Ukraine.  It is time the US divest all investment in China.  Bring our manufacturing home.  China and Russia are our adversaries.   They want to be so let them be.   If we want to win we need to invest in science education in this country.  Period.   "
"Cold War with China? Just make products &#34;MADE in USA&#34; - China&#39;s Economy and military superiority dream will die ASAP. Problem is US billionaires investments will not permit to happen"
"Is there anyone, anyone at all, serving in this administration who is doing a good job? Blinken is a disaster. "
"I can reduce the US China relationship to a bumper sticker. If you care about national security and America-&#34;BUY AMERICAN!&#34; That is the ONLY slogan we ever need."
"Blinken continued:  &#34;We&#39;re way too busy heating up the war with Russia to worry about a cold war with China!&#34;."
"Yes, we ARE at a Cold War with China and have been for YEARS! China didn&#39;t send those spy balloons over MT, ND, SD for no reason with ground penetrating radar. All those so-called missile sites that were &#34;supposed&#34; to be decommissioned; they weren&#39;t! There are still there, underground and that is what China was looking for. Anybody that thinks the U.S. military was going to take out some of our best defenses, at the end of the cold war with Russia was lying to themselves.  "
"Sure it can be.  Just bring back our jobs and we will supply ourselves.. But you make more money in taxes by bringing products in our ports . "
"As long as China continues to funnel cash and Fang Fangs to the DC politicians and corporate executives, they will say the relationship is &#34;complex&#34;.   They are all happy to help destroy average US Citizens."
"Dear Blinky; Just because China is trying to destroy the U.S. is no reason to worry! You are on the right track in helping them to achieve their goals! How are you compensated for your efforts? How can I cash in on this popular effort to gain as much money as possible before China destroys the American way of life? Ask Joe for more good advice, he is the most honest person in D.C."
"Of course Blinken is correct in that we cannot reduce relations with China to a bumper sticker.  Biden sold us out to the Chinese long before he was installed.  Blinken know this, but he is not allowed to say it.  "
"We might as well have Andy Cohen or Ryan Seacrest as Sec. of State.   "
"Well..not when your boss is paid off by them..but for the rest of us..yes..it can. "
"If Blinken can be part of reducing the federal government to a circus, how tough can a bumper sticker be?"
"meanwhile, Winken has his fingers crossed behind his back and Nod simply agrees."
"I&#39;m sure glad China hates LGBT.  I&#39;m sure glad China is friends with Iran, Afghanistan, and other Islamic nations that hate LGBT. Russia is beginning to see the light and pass laws criminalizing various aspects of LGBT. These nations are role models.  Turkey has a choice. Turkey can be a Muslim country or Turkey can be a Satanic pervert nation. I declare, Turkey has a duty to quit the LGBT Alliance (NATO.)  I&#39;m an American.  Turkey can be a good country and go to war against Europe and America, or Turkey can be an evil country and be friends with Europe and America. Africa should reject Turkey if Turkey stays in LGBT Alliance. "
"challenged Blinken, &#34;If it&#39;s not a Cold War, what is it?&#34;
Do you miss his mean tweets yet?
Thanks, Joe!"
"B&amp;B: Brandon &amp; Blinken - they were both well paid by the Chinese at the Penn-based &#34;think tank&#34; where the classified documents were found. It&#39;s hard not to wonder what part of national security those particular classified documents pertained to..."
"Just go to any college campus and look at the pool of poetential soldiers the west currently has. Trust me, neither China or Russia are afraid."
"Don&#39;t look now Blinken, but China declared a cold war with the free world by their actions decades ago."
"The bumper sticker reads &#34;Biden is owned by China&#34;."
"This administration enjoys picking fights because they can’t solve problems."
"Biden has had more bipartisan bills accomplishments from both sides in congress than Trump did…NATO is more unified than ever under Biden compared to Trump.At the orders from Putin, Trump was slowly exiting from NATO which is what Putin was waiting for to invade Ukraine.Trump had secret one on one meetings with Putin that were not documented.  It is unprecedented to have meetings with other leaders that are not documented.(corruption at its best)"
"Why not, the whole Biden administration is."
"Here is what we need to do, slowly bring the corporate tax rate back to 35% and then give huge incentives to corporation that bring back production lines from overseas back to the US. "
"It kinda can!"
"A bumper sticker has more integrity and courage than little blinky."
"Relations between Xi and Biden can&#39;t be written on a bumper sticker, but they can be written on a check."
"Anyone that thinks the Biden administration will be successful hasn’t been paying attention the lastCouple years "
"I saw a bumper sticker yesterday that said &#34;I did this&#34; with Joe&#39;s mug on it...pretty well sums it up."
"Joe&#39;s getting paid by China, of course not...😏🃏♠️"
"As for Taiwan, first of all, there are almost NO &#34;taiwanese.&#34;  It&#39;s all chinese, on both the mainland and on taiwan.  It is NOT china against &#34;taiwanese&#34; on taiwan.  Taiwanese are only like 2% of the population.  They were mostly wiped out by the japanese from 1895 to 1945, when japan had taken taiwan from china for 50 years.  Then in 1945 taiwan was returned to china, when japan surrendered in WW 2.   It is even official US policy that taiwan belongs to china."
"If NATO goes too far in Ukraine,China will just move up the schedule and jump in 100%.They already sell electronics that Russia is using to build missiles and tanks - selling weapons is a small step from there.  Ukraine isn&#39;t the only one who has friends helping them with support."
"<blockquote>..So that’s why I saw you can’t reduce this to a bumper sticker or to a label.</blockquote>&#34;Don&#39;t blame me I voted for Trump&#34; sounds like it might work."
"I&#39;ll bet Blinken spent most of the meeting apologizing to Yi "
"How can we win a cold war with a country that we buy almost everything from? "
"The dynamic duo of Biden and Blinken and their stern warnings strike fear into the hearts of our enemies."
"He’s busy blinking “SOS”… seriously just look at his eyes… dot…dot…dot…dash…dash…dash… OUR PRESIDENT HAS DEMENTIA! Great job Biden voters! Awesome… dot…dot…dot… YOU take YOUR seat. "
"It&#39;s safe to assume blinkin got dressed down again like the first time he met with the chinese "
"There will be consequences for Biden and NATO losing their war against Russia..The world is watching The West riding arrogance, bad planning and hubris to an Epic Fail.  Another Biden Disaster."
"No Polls Needed, the World does not respect the Weak and Failed Biden Administration."
"We learned nothing from the pandemic, and here is Blinken kissing up to the communists.  Biden sold us out long before he was installed.  "
"We&#39;re just a bumper sticker, a &#34;blink&#34; away from WAR with China. "
"We&#39;re just a bumper sticker, a &#34;blink&#34; away from WAR with China. "
"Blinken, like Merrick Garland is an extremely dangerous man. When have either of them ever been right? Neither should occupy any public office, much less the powerful ones they hold. We&#39;re in a world of hurt. "
"Blinken would love it if the USA became a vassal to a new Chinese empire. He’s doing everything in his power to achieve that goal. "
"What he really means is, I haven&#39;t concluded my business dealings yet. "
"Our company has factories in China. We make engine components. The big 3 and several other companies are getting anxious about China and Russia and the sanctions that most likely are coming and seeing how that would affect their assembly lines. They want our company to take the work back to America. Good for us. But we have been in a war with China and now it&#39;s coming to a head. Our politicians and such should never have given American jobs to China. You can thank the Federal government for this mess. They&#39;ve been in bed with communists for decades hoping to get rich."
"Is there a single, American Loving Patriot in the Biden Administration?"
"The Biden/Harris regime can headline their foreign policy plans under &#34;Denial&#34;."
"Blinken is not to be trusted.  He is one in the same with the communists.  "
"I&#39;ve seen street pimps treat their employees with more respect than what blinky got from his."
"It’s a very well known political term in a real situation d.a."
"America is more than overseas military invasions, gun violence, police brutality, and domestic terrorism, China is more than Maoist era communism, Muslim oppression, the Great Firewall, and island building in the South China Sea. The chances of a full blown Cold War grows greater by the day if nationalists and media outlets solely reinforce these stereotypical talking points to manufacture consent for more conflict. "
"Blinken is as corrupt as Biden. Doesn&#39;t want to see his or his friends&#39; Chinese investments harmed in any way."
"Cliff Notes version: &#34;It&#39;s not a cold if we don&#39;t sneeze...and if we do...um...just hayfever season, maybe?&#34;"
"When the Biden crime family offered up America to the highest bidder, China was more than happy to take them up on their offer."
"Sure it can. Bumper sticker, Buy American!"
"Sad to say but with this administration the next couple of years would be the best time for China and Russia to start a war with us"
"China is this administration’s ally. "
"Joe Biden...bought and paid for."
"&#34;<strong><em>We will make no distinction between the terrorists who committed these acts and those who harbor them</em></strong>&#34;Russia is a terrorist state."
"This bureaucrat is Winkin&#39;, blinken, and noddin&#39; with our enemies."
"The world should show solidarity with China and shoot down American weather balloons that fly all over the world. America is rich. America has been very rich for seventy years.   America has lots of weather balloons from universities, air carrier corporations, Air Force, and other federal agencies. Europe has a pattern of doing what America does and visa versa. The world should destroy American and European balloons."
"Would that bumper sticker say, &#34;Made in China&#34;..? 😏🃏♠️"
"Maybe not a &#34;bumper sticker&#34; but it can be reduced to capital investment...right Tony?"
"I shudder to think about what would be happening if the Trump criminal enterprise was dealing with Ukraine/Russia/China. Trump began 2016 with a top team of experienced Generals all of whom quit in disgust. Biden has a good team of experts and works closely with Austin and our military."
"Who has forgotten it was Blinken during the Obama years that allowed ISIS to surge - IT IS SURGING AGAIN and again due to Blinken and showdown puppetmaster Susan Rice"
"Anthony Blinken is George Soros&#39; handmaiden doing exactly what he was paid to do, kowtow to China"
"Biden administration doesn&#39;t want to upset the Chinese."
"China has lost their mind.   Singular.  A single mind rules China and he is not right in the head. To so single mindedly pursue conquest of Taiwan and risk millions of lives to plant a flag on soil that has never known the mainland&#39;s flag is foolish.  And will get many of us killed for no good reason."
"Lemon will get out of this one. He will eventually implode. There&#39;s a pattern of behavior here."
"Chinese don&#39;t want a cold war, Americans don&#39;t want a cold war. The only people who want a cold war are Republicans with financial interests in the defence industry."
"Anybody checking Blinken&#39;s bank accounts? Are there any large, strange deposits like Hunter always gets? "
"This guy hates America. He does not put this country first. He puts his political agenda that someone else gave him first. Traitor. "
"Clearly Blinken is delusional and absolutely hates reality because he&#39;s nowhere near it. We are a worldwide laughing stock for wokeism and weakness. However, don&#39;t forget everything done in the last 2+ years was completely intentional and on purpose to hurt and fundamentally change America."
"The &#39;spy balloon&#39; is just a diversion for something else we have planned. China has about 100 spy satellites watching over us already and gets far more information from them than any balloon can give them."
"Biden pulled our military out of Afghanistan with people hanging onto aircraft. He gave our military equipment to the Taliban. Then he gets us in a cold war with China and he&#39;s heading wide open to a war with Russia. Thanks Joe. And thanks for ruining our energy grid."
"“…the idea that the United States is in a &#34;Cold War&#34; with China, claiming that relations between Washington and Beijing can’t be reduced to a &#34;bumper sticker.&#34;”
———————— 
Biden did that the day he took office. "
"He’s right. With china invading our airspace with at least 1 spy ballon, it’s not a cold war. It could easily be called an act of war. Brandon did nothing when putin invaded ukraine(the second time while brandon was in White House) so he’s unlikely to irritate his bankrollers in china. Hence the spy balloon getting clearance and balloon club getting shot down with millions in cost of rockets. Don’t they have guns that shoot bullets costing dollars instead of hundreds of thousands "
"Biden and Blinken are afraid of hurting China&#39;s feelings.  They cannot act in the best interests of America without first consulting the Chinese.  "
"Joe’s new world order"
"Africa and South America should buy up Russian, Chinese, and Iranian war materials and blast the LGBT (nato) corporate enterprises out of their countries.  China, Russia, and Iran can make anything the LGBT States make, and they fan make it better and more cost effectively than America and Europe.  "
"BLINKEN, WINKIN&#39; and NOD. &#34;OUR&#34; government has to wake up. "
"Complacency gets us killed.Just like Clinton&#39;s &#34;Head&#34; under the desk gave us 9 11."
"I don&#39;t sense that China shares in America&#39;s globalist agenda. I see China more as a civilizationist country, albeit communism, focused on the greater good of the country, people, and culture. Regardless of methods."
"Well we could call it an extremely unfriendly and volatile conflict. It does not change what it is"
"China has a better government than we do. China hates LGBT; furthermore. China&#39;s government knows more about right and wrong than our government. We need China&#39;s help. China should attack out government and its military."
"You are a part of the problem Mr. Blinken!"
"Uh oh, Blink&#39;s in denial about China."
"blinken has no blinking idea"
"It&#39;s not what a democrat says that worries me it&#39;s what they do that worries me.."
"How cold does it have to get before they call it cold."
"Blinken is as inept as a 2-year."
"Blinker, a typical deep stater that loves Kung pow chicken.  "
"Wow!  What are these &#34;consequences&#34; Blinked-again talks about?  China acts as if it is a Cold War; we also should.  Economic, military and diplomatic sanctions against China up the ying-yang are called for."
"Actually, not a cold war, Joe is trying to start a bidding war."
"&#34;We protected the sensitive information that it was trying to surveil.&#34; You threw some netting over the silos and planes, you stopped it from recording response time? &#34;We got information about the balloon.&#34; Three days ago, it was &#34;intelligence,&#34; now it&#39;s &#34;information&#34;?"
"Blinkin needs to tell the truth or, if he really believes what he said, come out of denial after being excused from his position."
"Spy balloons, tariffs, manufacturing moving out of China, China providing support to Russia, Chinese Fentanyl flooding the U.S.Either Blinken is incompetent, or this fits his liberal agenda."
"&#34;More than 40 countries have had these balloons go over their territory..&#34; So how many US spy satellites have gone over these countries?"
"Of course we are not in a cold war.  China does what it pleases.  Biden does what pleases China.  "
"China owns the Biden regime. They have given tens of millions to Biden and his various causes. They have given millions to Blinken. This is public knowledge. "
"communist Biden will put America in war"
"Ok, Blinken.  As a regular American, I want everything CCP related OUT of our country.  Cold War or not.  And, quit letting CCP military in through Biden’s open borders!"
"I hate to break the news to you Blinkin it can be reduced to a bumper sticker…it read “Biden/Harris”"
"China is actively working to destroy the US. That is a fact. That this administration is also actively aiding and abetting China should be a national scandal "
"No One really thought that old blinkee was going to say anything differently did they?  Progressive socialist have been selling us down the river for decades."
"The beta male administration. "
"He&#39;s a failure. He should resign immediately and take the entire cabinet with him."
"Blinken is not exactly a strong Secretary of State.....more like a Biden sock puppet!   We are in a cold war with China and our leadership is not showing any strength to them at all.....and strength is all they respect!!"
"Does anyone trust this guy?"
"Zero out all china held usa debt to pay for their sick deliberate bio attack."
"If you can read the next 128 lines, of course it fits in a bumper sticker.<ol><li></li></ol>End.   "
"A bumper sticker on Blinken&#39;s car reads, &#34;My other brain is Joe Biden&#34;"
"The Biden administration is a bumper sticker. The bumper sticker says &#34;incompetent.&#34;"
"Xi&#39;sPuppetJoeBiden "
"Blinken, now there is somebody you want dealing with China. Incompetent, doesn&#39;t scratch the surface.  We&#39;ll all be speaking Mandarin. "
"Worms wiggle "
"Bumper stickers.....you mean like Black Lives Matter?"
"No one in the Biden administration has the slightest clue of what is going on in the world! The Chinese intend to bury the US, after they have stolen all of our intellectual property.  And Joe and Hunter Biden are helping them."
"Blinkey was paid a million dollars per year by the Biden BS Center, largely funded by China..."
"A disastrous  administration. What word comes after disastrous?"
