"Yep the “country of freedom”, that means ALL of the Bill of Rights including the Second Amendment.
It also includes the Tenth Amendment most ignored by the courts, which if honestly interpreted would mean striking down entire federal departments which have no constitutional authority to even exist. "
"<em>And when I came here just two years ago, it&#39;s just a blessing for me and for my son because I love this country, and it&#39;s the country of freedom, and it felt like now, I feel so safe and secure here, I just want to share and want to empower women here,</em><em>.</em><em>YOU MAY BE TOO LATE... LEFTIES ARE IN CHARGE, SO YOU MIGHT END UP EXACTLY WHERE YOU WERE.</em>"
"Fang Fang certainly made tne sacrifice."
"It works because most politicians will do anything to get their “ego” stroked. "
"I think the Democratic Party has been infiltrated by Communist China top to bottom. They have all sold their souls for cash. Hunter and Joe, Dianne Feinstein, Eric Swalwell, and more. The Communist have bought our universities and turned them into indoctrination centers. They own the teachers unions and are destroying education. They are destroying us from within. We need to stand up and say not any more. "
"&#34;her mission to empower women to get what they want using her Soviet-style training&#34;So it was a bad thing when the Soviets were making her do it in Russia, but now she is teaching the same thing here and it has somehow morphed into a GOOD thing?Plus looking at her, I suspect there was also lots of vodka involved in these &#34;seductions&#34; she participated in..."
"I foresee a fall from an open window in her near future. "
"<em>“I love this country, and it&#39;s the country of freedom,”</em><em>Too bad more democrats don’t feel that way.</em>"
"I&#39;m a foreign business economist,  grew up in Brooklyn NY, most of my classmates were Russian. I have to say that Russia has a good grip on their culture. There is no Woke, no equity, they work hard and do what is expected to be productive for their country. We need to learn a thing or two from them."
"Eric Swalwell wants to know if she’s single. "
"Her training seems to have been very effective. She still doesn’t question the morality of using these techniques."
"I wish she could have see real freedom in this country when it existed 25 + years ago.  Definite not the same country now as it was then."
"You never heard Harris complaining about how she traveled up the ranks."
"The movie Red Sparrow depicts the former life to which she refers.   I&#39;m glad she found her way out of it."
"Thank goodness the core of the Biden administration is not susceptible to her charms. Mayor Pete, Rachel Levine, and Sam Brinton can not be manipulated by her! See how far ahead Biden was thinking!!!!"
"Fighting human and drug trafficking? Besides being exploited these girls were likely used as honey traps to get information from other countries particularly the US. "
"Russia and the USSR defines so clearly what evil is and was. We grow our own in the form of Democrats. God help us in the struggle against the Democratic Party."
"It’s embarrassing that an ex-KGB spy loves the United States more than most democrats."
"&gt;&gt; &#34;When I came here two years ago... I just felt so safe and secure...&#34;You mean when Trump was president?Yeah.  A lot of people feel that way.Not anymore."
"Democrats in America are now Communists. "
"Consider this , &#39;Glasnost&#34;was a brilliant trade craft/PR pivot on the part of Gorbachev. In one fell swoop , our media , and Reagan, welcomed the influx of thousands of Russian operatives(&#34;emigres&#34;) with open arms .They just walked right  into all facets of the US societal mainstream .A dream scenario ,for our longtime adversary ,realized."
"Let’s see. She was born in 1984. The USSR was gone in 1991. No more KGB , but other agencies followed in its stead. Gorbachev transformed the Soviet Union and was hated for that by many. But where did she grow up? From 1986 till 1991 there were tremendous changes at play, and toddlers were not used for seduction, I am pretty sure. Nor could they be trained for that. Former refugees from communist lands , like me, live in and love the United States. Maybe more than some Americans do , who do not realize the preciousness Of this country and its freedoms. Probably she does as well. But something to me does not add up in her story. "
"Aliia was forced into her previous life of crime and betrayal... Why is Joe doing it?"
"Just thinking that she is still a Russian asset. 
Using major reverse Psychology"
"She thinks she invented the system of “advancement through allowing men to use your body for pleasure”?  Oh…that’s rich. This has been going on since the dawn of man.   I’m pretty sure cavewomen even used this “secret”."
"No lesson needed… the Biden clan could be seduced by a trans with giant prosthetic chest as long as there is lots of $$$!"
"Eric Swalwell  is getting wood just looking at her photo and probably has a full folder of classified documents ready to give to her the minute she whispers in his ear...Bet there are several other members that would do the same thing....Top security has become a Joke especially in congress, they will sell their souls for money or almost anything."
"Great story! Even as divided as we are this is still the best country to live in."
"if you want to be seductive, start with a jar of cold cream, a soft washcloth, and a bar of soap."
"Honey trap diplomacy going strong 4,000 years and counting."
"The real trick? Knowing that tactic is being deployed against you while taking full advantage. Then dumping them in the end. Just don&#39;t leave behind physical evidence to be used against you for blackmail purposes."
"I was an E5 and I would have told her everything I knew for a shot at that before she found out I knew nothing"
"They say Kamala took the introductory course."
"I&#39;m guessing some American women don&#39;t want to be empowered in that way."
"How many face lifts and lip injections has she had ? "
"Did Eric Swalwell tap this one to?"
"Maybe Swallwell can give some pointers on his seduction experiences with the Chinese techniques of Fang to compare with the Russian technique.  He could even reveal pillow talk pointers and odds are he has some experience with the Russians too."
"Teaching women to get ahead by sacrificing their bodies sounds like something our VP did. No competence required."
"The Soviets always knew that the best, easiest way to get any U.S. top secret, to include &#34;the bomb&#34;, was through an American&#39;s zipper and or wallet. Worked every time. Call her out for whatever reason you like, but you can&#39;t deny the truth. "
"Karmala already knows all these techniques."
"Don’t discount the golf ball- garden hose class"
"IMO There is no ex. Once KGB, always KGB."
"The Chinese sure learned from the KGB. Eric Swalwell can testify to that."
"Our KGB / DOJ, FBI are not so subtle these days they just get a democrat judge to issue a warrant based on lies and then raid a former presidents home ."
" But can you really trust her or is apart of the act.  People play on empathy as a weapon and the Russians are just as good if not better at phyops.      "
"Amazing to see the influence of Genghis Khan even today within the bones &amp; eyes of Slavs.  It&#39;s cray..."
"Thought that was Madonna for a minute..."
"Once KGB , always KGB"
"Eric Swalwell says wow that&#39;s what Fang Fang has done to me for years while I gave up every classified American secret I could to the Chinese. Now he wants this one to be his girlfriend so he can give all those classified secrets to the Russians too."
"This gives added meaning to the <em>old</em> saying: &#34;I&#39;m from the government, and I&#39;m here to help.&#34;"
"From her picture it appears the first thing you do is put on as much makeup as your face will hold.  "
"We use Dianne Feinstein for work like this."
"I’m afraid it will not be the country of freedom much longer with sick democrats in control and republicans that can’t unify to stop the destruction of America and freedom by democrats."
"She is more Mongolian in appearance than Russian. Do not trust her either way."
"Right now, there is probably a guy at the CIA who is creating a Calendar appointment in Outlook that says, &#34;Contact this woman. Extend job offer to her.&#34;"
"Once a  Temptress always a Temptress. "
"Is that a cat on cocaine? "
"Only in the woke world we live in today, could this be sold. This woman said &#34;<em>I had to </em><strong><em>SACRIFICE</em></strong><em> my body constantly, right? When I fled my country and I lived in so many countries like Italy, France, the United Kingdom, Switzerland, Greece,&#34;, BUT, All I heard was, &#34;I </em><strong><em>PERFECTED</em></strong><em> my trade by sleeping my way across Europe to get here and ruin morals here in America.&#34;.</em>"
"Not exactly attractive!"
"Ask Swalwell if he thinks China or Russia trains better seductresses. "
"I betcha the KGB reimburses for implants as a job-related expense."
"It worked for Kamala too."
"There are some 20 press documented cases of Russian Military and Business leaders who have fallen down stairs, fallen out of windows, fallen off roof tops, or just been murdered with their family this past year in Russia. Those are only the cases documented by the foreign press. There are probably 10x that number that don&#39;t get documented. Putin is starting to resemble Stalin."
"women always have had and continue to have all the power...it very simple but feminists have destroyed that power by denying they have it. "
"We don&#39;t need her. We have a congressman who could do that from the receiving side and the vice president that could do it from the other side."
"if I was young and single (I am neither), and if, by some strange twist of fate, I hooked up with a woman with a Russian accent, I guarantee you, I would be sleeping with 1 eye open at all times... "
"Is there such a thing as an &#34;EX&#34; KGB spy?"
"By all means - sleep your way to success! If it worked for Kamala it might work for you too!"
"While on the subject of advancing oneself by sleeping with the boss -- I just wanted to note that I went through my mortgage tax forms this weekend for the 2022 tax season -- an there are errors there, as if whoever prepared the tax form has never met a calculator, much less ever obtained any bona fide qualification in bond math or real estate finance.So now I have to go through the Amazing amount of bureaucratic paperwork, so that the mortgage company, which changed its service provider three times in 12 months, can resend me a correct form 1098, that actually ties to the statements that they themselves had sent, and I had paid, for the last 12 months. Ok that is all -- lets keep talking about how unqualified people can advance themselves faster by sleeping around."
"I wonder what she hopes to accomplish by speaking to the media.."
"According to cumala, it involves developing the suction of a Dyson."
"Thank you for coming to America  to help us against the woke crowd."
"I don&#39;t trust this Woman. Once KGB, Aways KGB. Even if she Gave-Up 100 Russian-Moles &amp; she was Deloused for a 100 Days- I studied  Soviet Union History, The KGB, Soviet Intelligence-Soviet Spec Opps ect...These Spies don&#39;t change, even if They are Fed-Up with their Oppressive Nation- They are still spies to the day they die. "
"Paul Pelosi has information for her."
"Next up Fang Fang and the CCP and how she infiltrated the House Intelligence Committee by seducing Congressman Eric Swalwell."
"I wouldn’t trust her with anything. No thanks "
"So glad Moose and Squirrel have avoided being caught by her and Boris."
"I wonder how many times she&#39;s been &#34;under the knife&#34;."
"Unfortunately, she will probably have an “accidental “ fall from a 20 story building in the near future.   "
"Kamala must have been KGB."
"Unfortunately, she will probably have an “accidental “ fall from a 20 story building in the near future.   "
"Hmmm. There must be better looking women in Russia than this. Oh well, I guess the phrase, any old Port in the Storm holds true. "
"Kamala must have been KGB."
"Sometimes it takes an outsider from another country, to remind people here in the US how much we have to be thankful for, our liberties and freedoms are sometimes taken for granted, after seeing how some people have to live in other countries through out my travels, it always feels good to be home here in the USA.  "
"Yeah, American women have been doing it for a while now.  Just look at the Ho in the WH."
"Powerful men are easy prey because they like their egos stroked, among other things!"
"Guys give you stuff for having relations with them?"
"Shaken not stirred - Natasha! "
"In Russia, women are taught inside the military investigation department, “if you know the art of seduction, you can use it in the office, you can be in any negotiations, you can really make your career much better”. In America, this same indoctrination can be learned from watching tv shows &amp; movies. How do you think Kamala made it to V.P.?"
"Sounds like the equivalent of the Hollywood casting couch "
"A very distant relative of Genghis Khan."
"Wow, I am sorry, but she makes Diane Feinstein look good -- maybe they should put six pounds of makeup and lipstick on Diane so we can compare apples to apples!"
"One of the greys "
"So… since when is there ever someone that’s ever ex-KGB?"
"Bizarre article…"
"That&#39;s how the Chinese bought Biden through Hunter&#39;s moral failings.Now they can fly spy balloons over our military bases with impunity."
"Personally, I&#39;d like to &#39;advance the career&#39; of someone who is Not going to try to f&#39; my board, executives, and middle management for good measure.Actual competency in outlined qualifications, and professionalism, are the ticket to Career advancement."
"Swallwell did the Chinese version"
"Good God! Someone should teach her how to find a good plastic surgeon."
"Don&#39;t trust her as far as I could throw her, extremely deep state operative."
"Yeah I slept with her last week. She was kinda loose . I was wondering . But she did talk me out of a taco and shot of fireball ."
"Kamala Harris slept her way to the top. Does this mean that she&#39;s a Russian spy?"
"Boris was seduced by Natasha."
"&#34;<em>it&#39;s the country of freedom, and it felt like now, I feel so safe and secure here,&#34;</em>Better enjoy it while it lasts. Woke Democrats are moving in. You know, &#34;there goes the neighborhood.&#34;"
"Want to seduce a man?Lose the yoga pants/oversized sweatshirt look, drop 40-50 lbs, and get an education.  I would say that about 20% of women might understand how to make themselves ready for the public.  The rest dress down due to a lack of expectations for them from their Man."
"I think very few people need this kind of instruction. The world is full of people who manipulate and seduce. "
"I smell Russian collusion and disinformation. Where&#39;s James Clapper?"
"what ever happened to simple honesty and decency? there shouldn&#39;t be any manipulation at all."
"She came here 2 years ago for freedom then Biden got elected and now she is in the same boat as before! Or is she using double speak to detract that she is still spying in plain view?"
"She has to be careful speaking out in this police state with Biden and Garland in charge. Could be worse at the moment, she could be in Canada or the UK and be thrown in jail by their thought police. Coming to a country near you courtesy of the democrat party."
"Ex-KGB? I doubt it. Sent here by the KGB is more likely. "
"By about 2066 the ONLY places in the <strong>world </strong>that will be majority White are Russia, Poland, Hungary, the Czech Republic, Iceland, Lithuania and Slovenia."
"I welcome the Russian Agent to the US but, it appears the US has become a retirement home for former KGB agents.  Instead of empowering women through seduction, maybe she should speak about how to increase the family unit.  Come to think of it, I believe the US is a retirement for foreign agents."
"Some people you may come across have studied and practiced ways to achieve their intended effect on others. Especially on social media. They make it part of their profession. Narcissists do it as a way of life. Don&#39;t be a victim.Regarding some of the darker stuff from Russia, the movie Red Sparrow depicts it. An intense and violent film, though. Definitely not for children or sensitive types."
"God bless you young lady. May you and your family here enjoy America before it turn’s totally socialist. "
"Nope if she was training in the art of manipulation etc by a foreign country and here in the US shes got to go. Sorry but she was programmed to do a good and using the i no longer do it story doesn’t pass the sniff test"
"We are to find this person and take lessons from her? Why do we need this?A former spy is not going to help with my empowerment."
Melania?
"Keep her away from Swallwell..... Once  KGB, Always KGB...."
"Communist China is a thousand times more of a threat to the USA then weakened Russia! Pushing a false Russian threat when the Communist Chinese are in War with us Now…and the Biden Crime Family are major players threatening our Country!"
"She should give lessons in face painting. "
"America is the worst place on Earth, except all other places. If only the Left could see what the rest of the world sees. God Bless America!"
"<em>&#34;</em><strong><em>Ex-KGB spy gives lesson in Soviet-style seduction&#34;</em></strong>Is step 1 applying so much make-up that you look like a plastic clown?If you&#39;re going to give lessons on seduction you should at least be attractive. "
"Next story, she fell out of a 20 story building while bird watching. "
"<em>&#34; And when I came here just two years ago, it&#39;s just a blessing for me and for my son because I love this country, and it&#39;s the country of freedom, and it felt like now, I feel so safe and secure here, I just want to share and want to empower women here</em><em>I bet she votes Republican....she doesn&#39;t want communism in the US either</em>"
"&#34;...<em>if you know the art of seduction, you can use it in the office, you can be in any negotiations, you can really </em><a href=""https://www.foxnews.com/lifestyle/gen-z-blue-collar-work-america-expert-shares-benefits-learning-trade"" target=""_blank"" rel=""noopener""><em>make your career much better</em></a><em>. &#34;</em>Who is surprised ?"
"Feminism thrives on the unGodly attitudes and behaviors of sinful men. The Godly role of housekeeping and child raising has been diminished to such a degree that many women feel unworthy or unimportant in their relationships leading them to turn towards feminism. While different, women&#39;s roles inside the family are equally important to the role men have and until men start to praise women&#39;s efforts on a national level not much will change; America no longer supports traditional values as a whole and that&#39;s a problem."
"I can’t see this woman seducing anyone with good eyesight!"
"Put your trust in an EX KGB spy.. they wouldn&#39;t mislead you any more than the evening news now would they?"
"That is one strange looking face."
"If you are a fat, middle aged, balding government employee with a couple security clearances working in a sensitive area,  and a young beautiful girl approaches you at some convention, don&#39;t think it is because you are so charming and desirable."
"<em>&#34; And when I came here just two years ago, it&#39;s just a blessing for me and for my son because I love this coutry&#34; </em>UH OH, the libs aren&#39;t going to be happy about this..."
"Is Swaldwell in the house?"
"Once they roll out ESG she&#39;s going to have a serious case of deja vu!"
"Red Sparrow!"
"So now we have a “ex” kgb spy allowed in our country.  Oh well no big deal, we have Chinese, Ugrainians, and all the immigrants coming in from our southern borders and we must not forget we put a Muslim president in office and in our Congress and the Senate, more Muslims!  No need to worry NOT!!  WAKE UP PEOPLE!!!"
"If you date anyone from Eastern Europe, just make sure they shave their upper lip."
"Don&#39;t feel safe. Putin will still kill.  look what happened in the UK  don&#39;t think Biden will protect you, he doesn&#39;t protect the US Citizens. 🤣"
"Hmm what&#39;d she use to look like? Back when people found her attractive..."
"I would still be careful of red sparrow, in mother russia, seductive spy takes you~"
"Her and kamala where in the same program?"
"Maybe a few makeup tips for her....."
"She probably has a voice like James Earl Jones. "
"Lesson Number 1....Go to your local hardware store and purchase a concrete trowel to use when applying makeup."
"Traitor Swalwell says the Chinese tactics are similar!!!"
"<strong>Russians and Poles and Hungarians and Ukrainians and Czechs are our FRIENDS</strong>.The ONLY LONG TERM solution is for us whites to leave. We must be realistic. If we stay we will be absorbed. Our daughters will marry Hondurans and Vietnamese and African Americans and Pakistani and Salvadorans and Nicaraguans."
"Eric Swalwell wants to know if she’s single. "
"Had a few thousand face lifts, have we?"
"the government should give her to russia in exchange for paul whelan "
"You don’t think the US does the exact same thing?"
"Too bad democrats are destroying the country so many of us legal immigrants, naturalized citizens, love.  Every day the USA becomes more and more like the countries we left behind. And it is insane that the ones destroying the country are young, white, middle class, well educated boys and girls..the ones that have the most to lose when this country becomes another third world communist country.  "
"Madonna’s younger sister !!!! Ouch !"
"Honestly men fear for their lives In America because 97% of American women have earned an online PhD in false accusations,"
"Eric knows all about this!!"
"Fangfang&#39;s the best, ask Eric swallwell. "
"I guess she doesn&#39;t live in New York or Chicago if she feels safe and secure."
"Don’t paint with a broad brush. Justice Thomas, Senator Scott, Col West, Thomas Sowell and millions more love this country"
"Never forget modern Democrats are communist enemies. "
"Train my wife please."
"Sounds like a real man user"
"Never forget modern Democrats are communist enemies. "
"Give her congressman Eric Swalwell&#39;s address."
"She will probably “ fall” from a hotel window in a week. "
"Hunter probably hit that."
"The Bolsheviks used women to take over Russia by promising them free day care, house cleaning and cafeteria style feeding.   In others words the freedom of responsibility of being a wife and mother, so what happened after Nov 7, 1917?  Nothing changed and those who spoke up got the long train ride to the Gulag in Siberia.   "
"They did that in the 60s because in the AF we were briefed on it"
"UN agenda 2030 also has empowerment of women  in it. Yay the United States is just as communist as Russia."
"Let her give lectures to all members of congress."
"If she were important to the Russians, she&#39;d have been gone long ago. "
"VODKA,  AND MORE VODKA, before I&#39;d tap THAT!"
"Yeah really basic corporate strategy here. "
"She looks like GRANDFATHER CLOCK
From The Captain Kangaroo Show."
"First lesson is stay away from the face lifts. "
"Has anyone noticed that she was 18 in 2002. How does that make her KGB? She was seven when the USSR fell. Unless the current regime is basically the same as the old this doesn&#39;t make any sense. And if that is the case what does that say about those supporting Russia currently in their war?"
"She must be running out of tricks for cash she&#39;s coming out.on the open market"
"<strong>Less than 50% white: </strong>Canada 2036, US 2042, France 2060, Germany and England 2066."
"You remember it was the left/democrats who were completely aligned with the Soviets and have also supported every regime that placed women as second class citizens. Good job democrats. "
"😶what the ... no thank you"
"she&#39;s probably still spying for Russia!!!
you just don&#39;t walk away from something like that!!"
"Sounds like Eddie Murphy&#39;s SNL skit, &#34;How to be a Ho&#34;......."
"&#34;No&#34; Fox, I will NOT disable my AD Blocker!"
"Donnie is looking for another Russian bride"
"Kind of scary looking!"
"Paul McCarty sang about her in his James Bond movie song &#34;Secret Agent Man&#34;"
""
"some very intelligent and handsome man is going to conquer and teach her a lesson.she is nothing but a manipulator. don&#39;t fall for it fellas "
"Does someone know where Swalwell is? He&#39;s probably trying to find her phone number. "
"Don&#39;t ruin it by talking.   Just take off your clothes.  "
"Ask Hunter."
"...trained to use their bodies... translates to mean, trained to scrub the chrome off a trailer-hitch. Red Swallows  :)  hahahahahaha"
"Those commanders were just telling her that, so they could &#39;ride&#39; it on out! "
"No thanks"
"Please keep her away from Swalwell."
"How much for a KGB Steamer?"
"Is this woman Russian or Chinese?"
"KGB, democrats.....same difference.  Both crooked and self serving."
"Women have been using their &#34;art of seduction&#34; since the cave-man days to get what they want by prostituting themselves in one way or another. Even married men fall victims to the desires of their wives. Nothing new here."
"The real strategy at this point is invasion of US China NK Iran Israel Poland and Russia by opposing forces. Nations won’t use nukes in their own soil and occupation is the only thing that will stop global nuclear war at this point. Toughest Kids on the block. Eventually they are going to fight. The World is about to change."
"Anyone wearing a hijab or burka for the interview needn&#39;t apply for this position. "
"<strong>&#34;A Programed Russian KGB Spy&#34;</strong> She will say and do whatever she was PROGRAMED to say and do. "
"If Russia is as great as Tucker says it is, why did she move to the US?"
"Let&#39;s see her try that at my house!       Please."
"I&#39;m just not into women who look like as fake and plastic as a mannequin so she&#39;d fail to get my attention.   "
"Equity is communism. So the entire Democratic party has gotten full doses of persuasion and manipulation from KGB-esque agents, mostly via social media. "
"From Russia with Love !! "
"Should have showed her how to apply warpaint."
"She should also mention the tactics of communism that are now prevalent in this country "
"Mike Tyson approves."
"KGB Seduction technique works very well, but only on politicians, bureaucrats, and corporate boards and their stooges."
"Her father thought a lot of her, didn’t he."
"Swallows….wow what a play on words as she corrected him"
"Still a Russian spy "
"Sounds like one side of the story. I wonder who’s giving Russia lessons on us?"
"THE COLD WAR IS OVER. It&#39;s not East vs West anymore. It&#39;s nonWhite vs White. Whites are under attack. <strong><em>All European diaspora and all native Europeans including RUSSIANS are our friends.</em></strong>"
"So she’s encouraging women, in our current “woke” culture, to sleep their way to the top.  🤣🤣"
"Sounds like she was groomed by Hollywood."
"Maria butina and Madison cawthorn’s wife were her classmates"
"Yeah , well maybe she’s still a spy. You can never trust a Russian spy"
"And I thought I had problems. "
"club them in head drag to house. kgb style?"
"Let&#39;s see, maybe we know this tale from Adam and Eve?"
"Nope. She is past her prime.  Next."
"She thinks this is something new here !?"
"Yes. Just yes. I’d double bag it, but yes. "
"Alienish looking."
"<em>&#34;I feel so safe and secure here&#34;</em><em>give her a gun and set her loose in chicago, memphis followed by new orleans.</em>"
"Oh how funny, women have been trying to empower each other for years, and to no avail, most women&#39;s biggest problem is they think to much with there hearts, and not there brains, always chasing the empty pot of gold, they let the word love control there hormones and the way they think, so they end up making poor decisions, and a lot of women keep jumping out the fire then back in the pan,"
"I&#39;d like to know her thoughts on the democrat party. "
"She better remember to keep looking over her shoulder, never go out alone &amp; have plenty of witnesses on hand. The good ole USA is not as safe as she thinks it is."
"Is it just me or have any of you noticed that a lot of Russians appear to be half white and half Asian..."
"hunter biden had several Russian prostitutes/spys.  Imagine that."
"&#34;I will tell you everything I know&#34; --- Sgt. Schultz "
"So it all started when she was 18? So she had 17 relatively good years..."
"That is one odd guest to invite on your TV show. "
"Weird article."
"Russia is less corrupt than the current U.S. Let that sink in. State run media, police force, education system, corporations…everything. The U.S. is now what the USSR always strived for. "
"Didn’t really talk about the art of seduction. Nothing to learn here"
"I don&#39;t care if she got naked &amp; did jumping jacks."
"Soooo...  What are the lessons?"
"She&#39;s got that hot looking Mongolian look but sinister to the core!"
"I don&#39;t care if she got naked &amp; did jumping jacks."
"eric swalwell probably went there.used goods"
"Soooo...  What are the lessons?"
"Sorry honey there are no doubt thousands of pole dancers who are MUCH better looking."
"She&#39;s got that hot looking Mongolian look but sinister to the core!"
"Good for the GOP asking for funding for Ukraine! Putin&#39;s walls are starting to crumble! USA success!USA! USA! USA!"
"She’s one of the greys.
Alien/human hybrid."
"It&#39;s good to know seduction? it will help your career? ok lady I&#39;d like to interview you for a week in the Bahamas "
"<strong>Ex-KGB spy gives lesson in Soviet-style seduction. I&#39;ll bet she can and has. Wonder who she has and got America&#39;s secret&#39;s</strong>"
"Anyone remember Maria Butina, the Russian agent who got deported back to Russia, who seduced every older Republican operative at NRA events. A hot young Russian lady who loves her guns and loves to flirt with old, extreme right Republican gentleman in influential positions. It took the FBI about 30 seconds to determine something was off with her, not that her targets ever noticed."
"Nadia looks like the puppet in the Saw movies."
"Looks like a dude playing Madonna in a blonde wig. "
"Your ideology seems to have worked so well in Russia.  Maybe she could go back to Russia and help out the motherland."
"She looks like Ronald McDonald 🤡"
"This is hardly news..ps.. she creepy looking"
"This woman states she is 36 years old. That means she was most likely born in 1986.The KGB whom she claims to have worked for ceased to exist as from 3rd December 1991.This means that she was spying from birth till she was 5 years old.I am impressed!"
"Swalwell disagrees: Chinese spies are much better."
"Wow. What the heck is that thing?"
"Kgb girl has gotten atrocious plastic surgery. Difficult to look at!"
"I&#39;ll tell you everything I know if you&#39;ll sleep with me."
"Once a KGB spy...Always a KGB spy."
"At this point, we are equals to the Chinese and Russians.  The only difference is that our government lets us believe we are in control of it"
"What&#39;s wrong with her face? Looking at her up close would scare me soft."
"Who paid for that terrible face job?"
"<strong>Russians are our friends</strong>. In the long run, we must align with them. Russia may be our survival."
"not dressing like a purple haired, fat, androgynous liberal to start ."
"From Russia with Love. "
"I actually know Russian women and have been to Russia many times..
Never heard anything remotely similar to this nonsense."
"I wouldn&#39;t trust her with a 10&#39; pole. Double agent, goes both ways, lol."
"It doesn&#39;t sound like those techniques worked out too well for her in the end."
"My first wife knew all that stuff…. &amp; she never had any KGB training at all."
"Fox, why would you Promote an “ex” spy on your site?"
"Looks like alien "
"Well we won for a While, It was a good run, good luck Russia &amp; China. Careful with the Small hats."
"Wow. She looks like a bad painting. "
"Imagine this! There&#39;s no such thing as an &#34;ex&#34; spy!On top of that why is she living here?If she spied any way at any time on any American or military she should be extradited back home. That&#39;ll tell us if she&#39;s still an &#34;ex&#34; or not. If she disappeared well know she WAS an &#34;ex&#34;. If not she&#39;s still a spy!!!"
"All it takes is an invasion. Bio weapons, Nukes, they are all ready here, a lot of them. You invade sparse populations, nuke the big cities. Fly in nukes to occupied territories. Send in a million troops. Or a significant number. West Texas, Alaska, Utah, California Desert. Maine, Actually I’d probably join them after what the government did to my family in a divorce."
"She and Kamala Harris can offer workshops starting in 2025."
"Ahhhhh... the art of lying, seducing, and destroying lives.  Seems like she was the one lied against, seduced, and destroyed in her younger years and now she wants others to learn how to destroy lives.  What a woman.  I feel sorry for the kid she is teaching those things to. "
"She looks more alien than Elon musk does"
"Little heavy on the face lifts but may be a fun date. "
"She could seduce me, but sadly, the only secret I have is where my junk food stash is."
"That a robot  ? "
"I hope our own intelligence agency doesn&#39;t coerce women into sacrificing their bodies. It wouldn&#39;t surprise me, though."
"I laughed , I cried  , it became a part of me !"
"Or...you could take the Velvet Jones course on &#34;I wanna be a Ho&#34;"
"I think I will refrain from commenting on this story for fear of being banned by Fox and condemned by feminists and the Me Too people."
"I would have to be drunk. It looks like gravity is pulling her face upward"
"She is as fake as her plastic face. People who may have actually done all that she claims would have a very different demeanor."
"this is an alien, right? "
"Weird story, that."
"me luv you much comrade...give me hunter secrets...yum"
"LMMFAO! if a guy were to try these tactics he be labeled a PERVERT! Or at least end up in HR! Double Standards being accepted yet again!"
"Her job is safe and secure in America."
"Hmm…Phen-Phen wannabe "
"She looks like a cartoon character. A poorly drawn one! "
"Wasn&#39;t too many years ago when males dominated this country and abused women workers.  Even our military has had a lot of problems.  People are people the world over...."
"The point of this story is...?"
"Soviet union was the first to establish no fault divorce and abortion paid by the state. They taught the theory of glass of water - if a man wants to drink he does not go back home to drink, so why does he need to go back home to have sez with his wife.It was all to make men weak and easy to manipulate. Based on that they used seduction to manipulate men who were taught that giving in to own weakens is okay. They made men effeminate. That&#39;s what Russia sold to the western world. Now marxism is controlling the world. You don&#39;t believe? You had an example of what happened during covid. How many people senselessly are pumping in snake oil into their vains because the government tells them it is safe and effective?"
"I would like to test her skills. "
"Too bad liberals refuse to listen to people like this lady from Russia or the lady from North Korea.... They are telling us where we are going and no one listens..."
"Who paid for that ridiculous eye job? "
"I&#39;LL DO HER."
"Yikes! "
Yikes!
"Worked for Kamala."
"A real good book, first of the trilogy"
"Uh … what?"
"Hideous "
""
"<strong>US Whites must align with them. Russia may be our survival. </strong>US Whites have more in common with Russians than we do with South Americans, Mexicans, Africans, Asians, and Middle Easterners. Most Russians are Europeans with similar social fabric, identity, character, demography, and culture with those of us in the US or Europe."
"A lot of women do this naturally. Not much training involved."
"Lay off the cheek filler !!"
"she gone"
"Bad face lift"
"I have been seduced, and I liked it. I spread the Johnny Appleseeds of Liberty. It&#39;s a Patriotic duty.. I feel the the &#34;Bombs Bursting in air. It&#39;s so emotional that I need a tissue or three."
"<strong>Good lord folks I hope ole Eric Swallows-Well... doesn&#39;t see her!!!</strong>"
"REALLY? 🤮 "
"the fbi will hire her: code name - black widow"
"Yikes. "
"the fbi will hire her: code name - black widow"
"REALLY? 🤮 "
"<strong>Good lord folks I hope ole Eric Swallows-Well... doesn&#39;t see her!!!</strong>"
"Yikes. "
"“Once Donald Trump gets indicted — and he will be indicted — he will throw every single person under the bus, including his own family members, if it will reduce his prison term by just one day or one hour,” Kirschner said.
“So hold on tight because that’s coming.”"
"So why bother even talking about this?  Relatively speaking, the ‘cancel culture’ population is very small.  Social media and msm are the only thing that makes them appear powerful and large.  Kinda like Oz with his large booming voice until someone pulls the curtain back and exposes who he really is.  Elon Musk started doing that when he changed the rules at twitter. Time to complete pulling the curtain back and quit caving to a minute few snowflakes!"
"Yeah, her mission is to make some $$$ giving out useless information. Just join “Only Friends”. "
"thats a dude"
"Strange looking, but what man wouldn&#39;t want to force those lips open with his tool?"
"Prostitution and seduction are not &#39;synonyms&#39; -- just to fact-check, based on those who do ok not for &#39;career-advancement&#39; purposes.All one needs to be a successful prostitute, is__1) skin thicker than a rail car, and__2) willingness to [...] whomever (if the price is right)Seduction is literally the opposite"
"She didn&#39;t study Democrats Communist methods. "
"How did I guess which network she&#39;d get along famously with?"
"God gave women something straight men can&#39;t resists."
"Republicans would be more comfortable living in Russia under Putin.  Far right wing white Christian kleptocratic totalitarian state, where there is zero opposition media.  It&#39;s their Utopia"
"What red blooded American REAL male would be interested in THAT thing?"
"I have been watching &#39;The Americans&#39;- this is not going to end well for her."
"Trump wants her, and not as his secretary. "
"Take the money. Bribes work better. Money talks, nobody walks. "
"I&#39;m sure Tucker will love her"
"That&#39;s a man baby!!!"
"the gal who plays her in the movie, now there&#39;s the spy Politicians and Military brass would want to mingle with to commit adultery."
"I have some information she might be interested in."
"I&#39;d give up any secret to be with her! "
"Where can I apply for a personal lesson? 🤔"
"Sorry lady. The seduction would end the second you started speaking that Klingon you call the Russian language. I&#39;d rather stuff a wood chipper in my ear than listen to you gargle up a single sentence."
"Looks like Madonna in a blonde wig."
"I&#39;d do her!!"
"She has fake eyelashes eyebrows she’s not a blond lets see her without makeup "
"Melania Reunited with her Sister😁"
"I guess the spy business pays well, how many face lifts can one have?"
"MelaniaReunited with her Sister"
"she came on time to joint the liberal communists democrats."
"In another example of Russian seduction, Republican party official Jesse Benton sentenced to 18 months in prison for funneling Russian money to Trump campaign."
"By 2060 native French will be less than half of France. By 2066 Britain and Germany will both be less than 50% White. Canada by 2036. In 1950, Europe population = 3X Africa; By 2050, Africa Pop = 3X Europe"
"Fox has a literal Russian spy just walking around their studios?  Doesn’t sound smart to me"
"Using what you got.. and how far are you willing to go? The art of living!"
"Fox is used by Russia too, namely tuckums. "
"Sparrows, Honey Pots and Honey Traps!"
"With whom would two White parents feel more comfortable their kid marrying if everything else were the same: a European Russian or a {Nicaraguan, Vietnamese, Syrian, or Kenyan}?"
"Great dad!"
"The word apocryphal comes to mind."
"Maria Butina was an expert in this field. 6 out of 10 on her best days, but still bedded the &#39;whose who&#39; of the Republican party."
"Swalwell loves Fang Fang long time. "
"No, not thank you!  I do not need to sell my body in order to advance my career like the socialites and Hollywood women do!"
"This sounds like Red Sparrow "
"I think her training would fail on me. "
"She looks like a man, man!"
"So her sole purpose for coming to America is to &#34;empower women&#34; based on her clear as mud backstory.Empower American women to do what exactly?"
"Where does FOX NEWS find these freaks.?  it really is a carnival act."
"lemon face"
"The Barroness from Cobra. Washington is Run by Cobra we all know this. They even wear Blue! "
"Kamala does it better"
"She looks very plastic "
"And now she&#39;s seducing America..."
"The Real Black Widow "
"Facial filler overload &gt;.&lt;"
"It’s called prostituting yourself. Or deception. Or lying.  Yes, it works. Women in America do it all the time from Tik Toc to the boardroom. "
"Now this stuff is a fun read.Player vs the abusers."
"Most likely, NSA, CIA, FBI and DNC are spying on  her."
"And I hope I’m there to catch her!!! "
"Okay, I am where do I go to learn the art of seducing women -- do they teach that in Russia only? I need a raise in my social security!"
"She liked Vladimir&#39;s extravagant parties, he was always Putin on the Ritz. "
"Worlds oldest profession "
"Putins own words  “No such thing as ex kgb “ anyone surprised fox would have access to a Russian spy."
"Did she say they don&#39;t call themselves &#34;Red Sparrows,&#34; but rather &#34;Red Swallows?&#34;  "
"Someone tell the KGB it’s not working.  Everyone knows Russia is lame. "
"Is Tucker still parroting Russian media propaganda every night nearly word for word? Or did that stop when Trumps BFF invaded Ukraine?"
"The job description is Honey Pot. "
"What’s wrong with her face??  Eww. "
"are we &#34;for&#34; or &#34;against&#34; this?"
"White Americans have more in common with Russians than we do with South Americans, Mexicans, Africans, Asians, and Middle Easterners. "
"I wonder when Tucker Carlson is going to move to Russia or Hungary. The two countries that seem to exhibit his idyllic form of soft totalitarian Fascism."
"Born in or around 1986"
"Kind of a short article....not sure where it was going."
"Can’t decide if she is pretty or weird or just pretty weird."
"Sounds like 1984 Soviet high-ranking officer Dad made a deal to get the KGB off his back."
"That&#39;s it? That&#39;s the end of the story? No small freebies or tidbits?"
"Another lip job gone bad. Probably 1 out of 50 look attractive. But yet women look in the mirror or selfie camera saying &#34;look at me!&#34;"
"How do we know she&#39;s not a deep plant?"
"All women manipulate.  It&#39;s all about a power game that men will cater to them and they have the upper hand and control."
"White Americans have more in common with Russians than we do with South Americans, Mexicans, Africans, Asians, and Middle Easterners. "
"are we &#34;for&#34; or &#34;against&#34; this?"
"Kind of a short article....not sure where it was going."
"Can’t decide if she is pretty or weird or just pretty weird."
"Born in or around 1986"
"That&#39;s it? That&#39;s the end of the story? No small freebies or tidbits?"
"Another lip job gone bad. Probably 1 out of 50 look attractive. But yet women look in the mirror or selfie camera saying &#34;look at me!&#34;"
"How do we know she&#39;s not a deep plant?"
"Sounds like 1984 Soviet high-ranking officer Dad made a deal to get the KGB off his back."
"All women manipulate.  It&#39;s all about a power game that men will cater to them and they have the upper hand and control."
"Did I miss the lesson? "
"She could teach Kamala a thing or two 🤔 😏 "
"AS A VICTIM.... She&#39;s gonna receive every benefit of America   &#34;Woke&#34; She&#39;s smart enough to take advantage of the &#34;Ignorance&#34; of &#34;Woke&#34; I hope she&#39;s also going both ways, Double Agent you might say."
"And that&#39;s it? Hey Fox, where&#39;s the rest of the story?"
"<strong>JOE BIDEN : THATS THE BIGGEST MEMBER OF CONGRESS I EVER SAW</strong>"
"FOX runs a story like this and has the nerve to criticize Don Lemon.  "
"She looks like an AI character.   We should follow her every word"
"Yup. I&#39;d hit it."
"I&#39;d tell her all of my secrets."
"Brings to mind Swalwell and Bang, Bang."
"gee, I wonder if she ever snuck into Mar-a-Lago from the secret entrance at the back??"
"Those that can, do -Those that can&#39;t, teach."
"Red lipstick on a woman is all it takes!!!"
"Svetlana ain&#39;t exactly lighting my fire , Nyet !"
"Ummm… seduction?  You mean prostitution, right?"
"How do you know she’s not a double agent? Thanks Fox for helping Putin! "
"She’s tapping Dem/Socialist/Communists/Leftist/Woke losers, working them for classified info. Right Swalwell?"
"Part of China spy network in US"
"Never trust a person who has had plastic surgery like that."
"Maybe it was the plastic surgery that gave her away "
"Back to the US, back to the US, back to the USSR"
"this lady looks right up donnys alley, 4th wife possibly "
"All is fine and well until she mysteriously ingests a couple drops of plutonium-210. "
"😂🤣😂does this young Russian think women haven&#39;t used her &#34;techniques&#34;for centuries? ladies learned what they had starting with Eve,it&#39;s been a technique or whatever you decide to call it,but it all boils down to what any particular woman defines using and abusing their bodies,,some snag one man and never stray,he&#39;s unlucky,he will have to support her forever because of one night of being tricked by a woman using her &#34;techniques&#34;,other women work at The Mustang Ranch and are happy to use their techniques to make millions like this Russian did,,but she didn&#39;t get most of the cash,,kinda like all the American girls the  black slavemassa&#39;s have locked up in motels hooked on drugs using their techniques to get men in the sack for 5 minutes,,that&#39;s all they get for cheap,the men gotta pay more for better techniques ,but the ladies know all that ,they invented techniques way before this young girl was trained "
"I would not feel so safe if I were her! She will be much easier to eliminate!"
"She say - First I had to learn how to breathe through my nose"
"Is she Russian or Japanese or Korean? "
"And she&#39;s no longer a spy, right?"
"This story feels like it just fell off a cliff without an ending.  "
"Woah!  If that chick is an example of Russian seduction...I&#39;m not even into spying...dang!!"
".... yeah, I&#39;ll give it a try  !!! .... :)"
"Is that Ivanka ?"
"She is a former ‘RedSparrow’ KGB spy. "
"Safe lol, If you talk, they will come....."
"Sounds all made up for attention "
"Interesting to know Melania’s story after she quits working for FSB"
"The Dems want her to run in disguise as a repub. "
"Bidens not interested he&#39;s still watching reruns of cuties "
"Russian spy trafficked by her own govt. Then promotes the art of deception. Nope. not cool."
"I thought ALL women were born with these skills."
"Where are the male seductors? Is this not in the kgb playbook?"
"I&#39;m guessing she was hot 40 years ago."
"A balloon ride from China."
"American Military Cannot Be TrustedTrust Putin🤗🦧🐡🎃🏌️"
"American Military Cannot Be Trusted Trust Putin🤗🦧🐡🎃🏌️"
"Red Corner. Starring Joe Biden as Richard Gere. Co starring Hunter Biden as Richard Gere and introducing Ashly Biden as the double agent daddy backstabbing Richard Gere showering femme fatale that brings down the Biden Rickshaw empire."
"I do believe that Chinese spy&#39;s are better looking. "
"KBG training. No wonder Putin seduced Trump so easily."
"Yeah, no kidding. Run what you brung. This is America. Land of Opportunity. "
Ew!
"Who wants to move to Russia....Russia.....Russia????......  And some people think they have it bad here......"
"Once a traitor, always a traitor.
Oh look.. Some guy with a nicer car over there."
"Now there is a woman I would trust , NOT"
"A penetrating story."
"Putin is a master in the art of psychological warfare. He got Trump to eat out of his hand."
"wow, that&#39;s a lot of face."
"No lessons given…"
"Sounds like she&#39;s perfectly suited for the Dem-Lib Party NOW."
"I would take her over Ashley. She has better DNA."
"Women: The art of seduction!"
"Why is this garbage being interviewed and in this country at all?"
"<strong>It&#39;s the manual for the DEMOCRAT COMMUNIST PARTY: TODAY!</strong>"
"Can anyone verify this story I didn’t think so "
"She must be a spy still working for her country I won’t trust her or anyone who came from the terroristnationofrussia 😂 deport her now "
"Republicans in America are basically communists at this point "
"Fox loves Russia, especially Tucker. "
"Plenty of censoring going on about this fake."
"Feels safe until some guy wearing a dress takes her down"
"Poorly written article with a deceptive title. What&#39;s the actual &#34;lesson&#34;  she was giving?"
"The only bad thing about that video is Kilmeade."
"<strong>It&#39;s the manual for the DEMOCRAT COMMUNIST PARTY: TODAY!</strong>"
"Women: The art of seduction!"
"Why is this garbage being interviewed and in this country at all?"
"Can anyone verify this story I didn’t think so "
"She must be a spy still working for her country I won’t trust her or anyone who came from the terroristnationofrussia 😂 deport her now "
"Fox loves Russia, especially Tucker. "
"Republicans in America are basically communists at this point "
"Plenty of censoring going on about this fake."
"Feels safe until some guy wearing a dress takes her down"
"The only bad thing about that video is Kilmeade."
"Poorly written article with a deceptive title. What&#39;s the actual &#34;lesson&#34;  she was giving?"
"Ex, ?"
"Melania&#39;s story "
"Ok I am seduced"
"I am head of CIA "
"Ivana came back from the grave😂"
"she may be russian, but those no mistaking those eastern siberian genes."
"How do I contact this lady? I could use some traiining."
"Really, Fox? "
"Me love you long time, comrade!"
"In Putin Trump Trusts🤗🦧🎃🐡🏌️"
"Once KGB always KGB"
"She looks like an AI."
"They got a better chance with those cute Asian girls"
"She’s got a bad case of Botox "
"She looks like she has had too much plastic surgery and Botox.  "
"Lesson # ! : Try not to look like The Joker"
"Kinda feels like a incomplete article "
"Dang, that is one frightening lookin thang!  "
"I&#39;m sure Hunter has hit it"
"She’s a scammer and fox fell for it "
"Fox promoting how to be a ho now???"
"Females are the ones who Created the WOKE....because Females are more gullible to lies because they more often than not believe their feelings are Truths, being Relatve Thinkers."
"🤭🤭My God, but what an ugly thing, scares me on a dark night.🤣🤣"
"I Vant To Marry Trump"
"I bet she has Russian Agent Orange&#39;s P-tapes. "
"Did she go to sandwich school, No?Then I got no use for her, take your plastic self back to Russia."
"I want to take her seminar.)))"
"Huh ?"
"Democrats "
"She a sparrow! "
huh?
"I am head of the kgb"
"lol, most men are easily seduced by hot chicks. It’s probably not that difficult for her… "
"Why are all the Russian woman gold diggers?"
"She looks like MTG after a face lift and Botox."
Freaky
"Even Fetterman wouldn&#39;t take a run at that hog."
"Fox is trying to do a rigged hoax on you with this article."
"Never trust a Russian.  "
Spyho
"Fang Fang.  Questions?"
"She looks Chinese not Russian "
"Vah J.J. is the ultimate weapon of mass destruction! "
"She&#39;s so creepy!"
"Let me guess..
She&#39;s a criminal in Russia..
Ran off to the west to escape.
Like Bill Browder and co."
"We let in the strangest people."
"I wery much Vant to marry a Trump😬"
"That picture looks fake"
"Lesson 1) Be good at sucking the chrome off a bumper.Does she really need an article for her talents?"
"She looks weird "
"She looks like ivanka trump if she had cheap bad plastic surgery "
"I’m sorry lady, I would not sleep with you, maybe George soros or Biden who want’s to smell your hair."
"What’s more dangerous than a pistol held to your head. This woman that’s what 🤔"
"why is she here
send her back to Russia
she fake everything to stay here"
"She looks like a caricature. "
"How would an ugly person know this?"
"Fox woman are much prettier bye Natasha "
"If women weren&#39;t born with that space between their legs men would be hunting them for sport. "
"Likes that money..
&#39;uck the homeland."
"<strong>Russia is a terrorist state.</strong>"
