"&#34;<a href=""https://www.foxnews.com/politics/blinken-bats-down-idea-us-cold-war-china-relations-cant-be-reduced-bumper-sticker"" target=""_blank"" rel=""noopener""><strong>Blinken bats down idea US in &#39;Cold War&#39; with China, says relations can&#39;t be reduced to &#39;bumper sticker&#39;</strong></a><strong>&#34;</strong><strong>Gen. Keane: China spy craft shows how serious Beijing is in achieving ‘regional and global domination”</strong><strong>Me: I think I will believe the General.</strong>"
"Since 2012, over 6 trillion dollars has exchanged between China with the export and import business. The largest trading partner would indeed affect their GDP. Once, they start sending lethal weapons to Russia all bets of trading will shrink, precipitously. Why? China can afford to walk away from those dollars and their people will not starve. Are kidding? "
"RIP to the Northern Illinois Bottlecap Balloon Brigade&#39;s ~$80 ham radio transmitter balloon, likely the victim of friendly fire by a $143,000,000 USAF F-22 firing a $485,000 AIM-9X Sidewinder missile during the Great Balloon Panic of 2023."
"The Chinese Government resorts to worldwide industrial pollution, cheap weather gimmicks, and distribution of low-rated, inferior street narcotics.  "
"Chinese nationals invading across Biden&#39;s open border is up 800% this year. Biden&#39;s intentional duriliction of duty to defend America&#39;s sovereignty is TREASON."
"I was so hoping to see pictures of all that WMD and maybe a shot of a real extraterrestrial that fox and the <strong>trumpthumpers </strong>assured would be found. "
"If Biden wins again in 2024 consider enrolling in a &#34;Chinese as a second language&#34; course.  "
"If you ask me to stop eating Chinese food - that&#39;s crosses a red line!"
"Joe Biden will let his buddies at the CCP let his happen since Joe Biden AKA name is ChinaJoe."
"Do the magats know that Rupert Murdoch&#39;s second wife is Chinese?"
"I see balloons all the time, this is ridiculous. "
"CHINA IS STRONGER THAN AMERICA NOW !"
