"Record high inflation, stock market tanking, unprecedented millions pouring across our borders.. our country is spiraling amidst a multitude of crises created by Biden and his handlers and all they can do is try to spin it as if everything is great? Disgusting and I hold everyone who votes for this accountable.`Everything Trump said would happen is happening with Biden - cut oil production, lockdowns, inflation ,and immigration amnesty. My health insurance bill is up to $650/month. My gas is up to $5.50 a gallon, grocery bill up big, my rent is $3000/month, only things cheap still are car insurance ($23/month from Insurance Panda), electric bill ($22 from Solar Melon), and my gym ($15/month from Planet Fitness), but I’m sure those&#39;ll go up soon too.`Gas prices are still double what they were BEFORE he took office; and Brandon calls that an accomplishment???"
"The Democrats will give him a standing ovation.
He popped a Chinese spy balloon after it had completed its mission."
"I can hear Joe now. &#34;I ordered that balloon shot down. It wasn&#39;t happening fast enough, so I jumped into my personal F-22 got up to altitude and unleashed my personal side winder on it. It was grand!"
"I hope not to many people are counting on hearing the truth. We’ve been waiting over 2 SOLID YEARS AND HAVEN’T HEARD A WORD OF TRUTH FROM THIS ENTIRE ADMINISTRATION!!! What transparency??❤️🤍💙"
"I bet he can’t do the whole speech without saying something about Trump "
"In its Entirety, Biden’s State if the Union Address could go down as the Biggest Lie in American History! "
"Walking to the podium toting a helium balloon of a smiling President Xi would be a nice touch."
"TDS infused speech...."
"Yes, he will take a victory lap in declaring that he shot the Chinese Balloon down.  He will not address why it wasn&#39;t shot down over water in the West Coast of the country as opposed to waiting for days to shoot it down over the East coast.  "
"ALTERED State of the Union"
"Biden is still making edits to the speech - yeah right - he writes all his own speeches - huh?"
"&#34;<strong>Biden to make &#39;reference&#39; to Chinese spy flights&#34;</strong><strong>Wonder if Biden will tell us how much valuable information China gained about our military infrastructure while the balloon slowly floated over sensitive sites.  He gave the Chinese (and probably the Russians) attack co-ordinates if a war should start</strong>"
"Trumps Fault Again?"
"When asked about &#34;The balloon&#34;, Joe responded by saying, &#34;Come on guys why are you bringing up ancient history? Everyone knows that the thing that landed in Roswell wasn&#39;t a weather balloon.&#34;"
"His reference will of course be that Trump is to blame. "
"I hope this isn’t another lame attempt at creating more UNITY, we all can see how that’s been working for him!!❤️🤍💙"
"The surveillance flight first crossed Alaska&#39;s Aleutian Islands on Jan. 28, but the North American Aerospace Defense Command did not take immediate action because the balloon was &#34;not demonstrating hostile act or hostile intent,&#34; said Air Force Gen. Glen VanHerck.The Russians had NO problem shooting down a Korean Air Liner (Flt 007) with 269 passengers that inadvertently entered their airspace in 1983, yet we&#39;re afraid to take down a balloon?!"
"Set to make a reference, so in other words, he&#39;s going to make up a story about the time he was a meteorologist and had to drive the big semis full of equipment to the AMTRACK station, where he rode right next to someone who was never there, every day. Where&#39;s Jackie?"
"Biden will tell nothing but lies and talk gibberish. Let&#39;s go Brandon!!"
"&#34;You down with CCP? Yea you know me.&#34;
Joe &#34;Xi&#34; Biden, tonight"
"America is being bought by China as we speak. Americans who sellout to China are traitors. "
"If the teleprompter says so, other wise be can&#39;t remember his name."
"Watch bidens bank accounts around next year compared to today.  He will make a few billion off the earthquake in Turkey just like Hillary and Jeffrey Epsteins boy Bill &#34;if the cigar fits&#34; Clinton did off of Haiti.  Clinton foundation is based on the backs of crushed people.  "
"Yeah, I ain&#39;t going to watch this mess.  I&#39;d rather watch my toe nails grow. "
"Put Biden in front of a hot mic, without an emergency disconnect, and there is no end to the possibilities!"
"OK, folks. Every time Joe says the economy is better because of him, you get 1 shot of Jack Daniels. Same for every time he blames the Trump administration for ANYTHING or everything that is wrong with the country. No one will be left standing after the first 30 minutes."
"The Curse Oak Island is on at 9"
"I told them to take it down and they told me to sit down…..that’s how that should start….."
"Biden will say... &#34;look people... it was just a ballon. No joke&#34;. Then say its Trumps fault for everything. "
"Does China send biden the speech or does China Write the speech in the oval office, inquiring minds want to know? "
"According to the media, an USAF General says they missed one before. It begs the question, &#34;How do we know how many were missed&#34;? was it one or 16? One is beyond troubling. Any more is a disaster, and there should be some heads rolling."
"What can he really say... &#34;Ooops I failed as Commander and Chief&#34;?!"
"I&#39;m pretty sure the Chinese spy balloon had writing on it stating......&#39;Biden/Harris 2024&#39;"
"Even Democrats don’t believe him anymore.  They feel duped as well"
"There won’t be many who can stand to watch Senile 46 for more than a minute."
"The Chinese balloon was definitely off course.  It hit South Carolina instead of its intended target of Bidens beach house.  His 10% will have to come via fedex rather than balloon."
"President&#39;s State of the Union address tonight. I can&#39;t listen to Joe speak, It makes me too uncomfortable, do to dementia on display."
"even though it happened on Joe&#39;s watch, it will be Donald trumps fault , that is all joe knows how to do is deflect blame to others and have no solutions of his own (or his handlers have no solutions either ! )


the only thing norad is good at is tracking santa clause "
"Never have watched any political speech by anyone because all they do is lie and tell you what you want to hear and then do the exact opposite."
"Biden speaking at the state of the union 
It was nice of Xi Jing to send me such a big party balloon for my big speech here tonight "
"Always trying to look good when you are at the bottom of the heap.  What a waste."
"Ashley says Daddy said I do it best!"
"This will be his &#34;we got Bin Laden moment&#34;  .LOL!  So sad."
"biden emboldened china to do this,joe and hunter are on the chinese payroll"
"Just another episode of Storytime with Biden. I&#39;d rather watch the WWE.  It&#39;s more believable."
"After letting it drift around for over this country for over a week, why would he bring that up?  "
"Biden is going to make reference that the Chinese are now offering travel the world in eighty days in their balloon. "
"Biden said it was his birthday balloon and slipped out of his hand when he was getting his face painted by the circus clown,and wanted it back."
"Stay alert and pay attention because this &#34;reference&#34; will be very short, and brandon will blame it all on trump"
"Let me guess.  He’s going to sun it up as just sight seeing tour.  "
"<strong>Biden to make &#39;reference&#39; to Chinese spy flights in State of the Union address, he will lie</strong><strong>as he does every day.</strong>"
"How much Aricept will they have to pump into GUTLESS joe before his speech"
"It only took several days to make a decision 🤪"
"Will not watch.  I don&#39;t understand gibberish.  CC doesn&#39;t translate it."
"Summary: Another MASSIVE and extremely dangerous dereliction of duty from the WORST PRESIDENT IN N THE HISTORY OF AMERICA....The silence is deafening….Dem policies have…1)     Opened our borders to the largest invasion in our history of criminals, terrorists, COVID carriers, the unvaccinated, drug dealers and more killing tens of thousands of Americans.2)     Damaged the oil industry severely causing a worldwide economic crisis.3)     Created numerous, useless and ineffective mandates that started a worldwide economic crash, didn’t slow COVID, destroyed industries and cost people jobs4)     Closed schools, damaged education and continues to be a blight on millions of children nationwide even though children are virtually unaffected by COVID.5)     Released violent criminals and refuse to uphold the law allowing thousands of murders, burning medical facilities, churches and other arsons, openly threaten judges, violently attack free speech, violent riots, vandalism, looting, assaults nationwide6)     Destroyed women’s sports by forcing them to compete against men7)     Removed, demonized, attacked, undermined, and threatened parental rights even trying to get parents listed as domestic terrorists by the FBI8)     Killed 13 service members and turned over billions in weapons to terrorists in AfghanistanAnd the Dems say nothing….The silence is deafening…"
"&#39;Up in the sky, it&#39;s a bird, a plane, no it&#39;s a Chinese weather balloon&#39;."
"Joe: &#34;Hey man, I flew one of those in Scranton so know what I&#39;m talking about. No big deal.&#34;"
"He will address the Chinese spy balloon briefly, while completely failing to mention his many illegal, and anti-American, deeds. He will, of course, lie about everything as his sociopath/psycopath mentality makes it impossible for him to do otherwise. "
"He will lie, deflect, and blame the Magas rather than admit failure.Bottom line: are we better off now than before Dementia Joe took over. In all areas, no. Only indoctrinated libs will say yes."
"Com’ on man , just my business partner flying a weather balloon. "
"I am sure he will find some way to blame the Trump administration. "
"What is with joe&#39;s new baseball cap?I see he has ditched his old stylized obama logo cap."
"Yet another BIDEN FAILING THAT WILL GET SPUN BY THE DNC AND BLAME TRUMP!! Nothing but another SMOKE &amp; MIRROR SHOW!!❤️🤍💙"
"HE HAS TO SKIM OVER IT. ANOTHER EPIC FAIL. MOST OF THE LECTURE WILL BE TRASHING HALF OF THE COUNTRY."
"All GOP should walk in with a single white helium balloon. "
"what&#39;s he gonna say if his dementia acts up ? maybe nice job comrades"
