"Biden is the weakest president this country has ever had. The world is watching and other leaders are going to start testing his boundaries as well.  Putting partisanship aside I would welcome any other democrat in his place. We can’t do worse.`Under Biden, it now costs me $100 to fill up my tank, $3000/month to rent my apartment (not even in a nice area), and my grocery bill is eating away at my savings. Very few things are still affordable - Car insurance ($23 per month from Insurance Panda), my electric bill ($22/month thanks to Solar Melon), and gym ($15/month from Planet Fitness).  But I’m sure those will go up too. Even crime and murder rates are through the roof.`Joe Biden has been on the wrong end of almost every important decision and or event in his 50 years of destruction as a public servant."
"Just another of Biden&#39;s incompetent administration member&#39;s doing what they do best, &#34;nothing&#34;. The airline passenger carrier&#39;s were given $15,000,000,000 in COVID aid. You have to wonder what they did with our tax dollars, when you see their total incompetence over the holiday travel season?  This administration should demand the return of those unspent tax dollar&#39;s, especially whatever was given out as bonuses to the people running the show. But we know better don&#39;t we? "
"Buttigieg.  Another bad biden decision.   There are so many though. "
"“There is No Evidence that having Chinese Spy Aircraft flying through US Airspace poses a threat to Commercial Aircraft both now or in the future. We welcome our CCP friends just as we welcome the Millions of Unvetted Illegals crossing the Border” "
"Pete responded “ stop pushing, it hurts”."
"Stop asking Pete difficult questions about airplanes. He&#39;s still trying to understand his son&#39;s stroller and how it&#39;s assembled. "
"More evidence of how we currently ave the most CORRUPT and INEPT federal government in our nation&#39;s history.  God, help us."
"Anyone bother asking Pete why there have been 2 near mid-air collisions over US airports in the past 2 months? "
"Our country is in the hands of people like Biden, Harris, Mayorkas and Buttigieg. How does that make you feel?"
"As usual, the Rear Admiral is clueless."
"Ever notice how Pete looks like a lost little boy half the time? That would be because he is."
"Little Petey flies private, does not have a clue about commercial flights."
"They were told to stop any aircraft flying too close to the balloon by their Chinese handlers. Once the balloon had successfully traversed the continental US then it was allowed to be shot down, but the Chinese needed to gather all the info they could first. And they did."
"Pete was put in charge of this typically self running department. In two years he has managed to push us back two decades. "
"Mayor pete is an expert at NOTHING."
"You wrote Pete a letter.  You’re going to be waiting around a very long time for a response.  I heard it will be delivered via SouthWest. Which means never.  "
"Pete is to busy with puttin stuff in his seat. "
"Pothole Pete is looking to replace Kamala as Bidumb&#39;s VP, so he is going to avoid making decisions that could be used against him on the campaign trail. He probably hopes the alphabets and their sycophants will ignore his mistakes and lack of action, and vote for him based on &#34;other&#34; criteria."
"What does Pete know about safety? He and his partner are some of the rare few who had a baby while having male on male sexual relations. "
"Princess Pete is busy hunting choir boys and cub scouts"
"Hes exactly what you get WHEN YOU DONT HIRE ON MERIT!!  PRETTY PETEY took months off for MATERNITY leave instead of doing his job."
"Why would anyone ask this character a question regarding anything?"
"Pete is busy trying out the latest woke Rainbow Camouflaged Lingerie range that is being rolled out in the US army. Pete says that it is not true that it is more difficult for soldiers to retreat in high heels."
"Mayor Pete the most unqualified individual at the transportation department "
"Guy doesn&#39;t have a clue He was home breastfeeding his kid."
"Just more ineptitude by the worst (liberal) administration in history. Sadly, something we see every day now. "
"Petes busy on trying to figure out his breast pump.."
"U.S. military detected the balloon over Alaska’s Aleutian Islands on Jan. 28, but the Pentagon only disclosed the airship’s presence on Thursday when it was over Montana, and only after the balloon had been observed by someone on a commercial aircraft and people on the ground. Otherwise, the American people would have never known."
"Someone ask Petey why he couldn’t fill potholes and why not fixing roads in a small town qualifies him for any higher office?, "
"He&#39;s just as clueless as Joe&#39;s press secretary."
"BIDEN NEED BE ARRESTED AND CHARGED WITH TREASON. "
"Time for another paternity leave, Alfred E. "
"I understand that Butti can make change for a nine dollar bill with three&#39;s."
"only thing buttyslam knows about traffic is how to get rear-ended!"
"Buttajerk was hired for diversity, not competence, and it shows. "
"Buttigeig the South Bend, Indiana blunder. This guy couldn’t run a pop stand."
"Petey, Anderson and Donna LeMon do 3-ways."
"Little Petey has NO clue - Inept, Unqualified, and Negligent as Secretary of Transportation, a job provided by Biden to stop him from running for Prez and Biden LOVES Perverts. Little Petey is too busy &#39;Chest-Feeding&#39; his babies to be bothered with flights of Spy Balloons, or air traffic ......."
"Well let&#39;s face it, he&#39;s the Secretary of Transportation because he liked trains as a kid. Seriously, those are his qualifications. He reward for dropping out of the presidential race was his appointment to Secretary of Transportation.  Nice job, kind of like Hunter, no experience, just knew the big guy."
"This person belongs on the cover of Mad Magazine….that should have been the height of his success."
"Mayor Pete, please report to the cockpit.Oh boy!!!!!"
"Meanwhile, the air linez that have received billions from the taxpayers, are beholden to Biden and the diversity mess.  Typically major airline pilots in this country have had a fascination with aviation since birth.  The people they’re selecting to train to fly airliners today are based on checking boxes, and they don’t have the mechanical aptitude to parallel park a car.  Follow the taxpayer money to the political agenda, yet again.  "
"Let&#39;s see.  Ballon flying at 60,000 feet and commercial aircraft get to 30,000 feet so ground the airlines.  Another manufactured crisis."
"Buttigieg unqualified for his job, but got it anyway because he checks the box in today&#39;s political environment.  This is current state of the goverment.  God help us all."
"little pete should go back on paternity leave and stick to breast feeding"
"Why would you even bother to ask Mayor Pete about air safety in regards to Chinese Spy Balloons? All he&#39;ll do is make something up and lie to your face about it. "
"Buttigieg says the DoT is following his leading from his behind."
"How much more of this nonsense to we need to endure"
"Buttigieg &#34;Pothole Man&#34; who live in the altered reality of the Biden WH. No one believes you Pete, shut-up and go away!"
"The FAA does not control airline operations, or their scheduling systems, so I&#39;m not sure what that has to do with anything.  Military activity taking precedence over civilian flights is nothing new.  There are MOAs and TFRs all over the country.  I&#39;d rather wait to take off than fly through an area where missiles are being fired."
"I don&#39;t trust Buttigieg&#39;s judgement, he thinks he is some guy&#39;s wife. This just sounds bizarre to me."
"Wives like mayor pete should be at home barefoot and pregnant."
"Buttigieg is useless and has always been. Add him to the list of walking up the &#34;diversity&#34; lane to get where he is today. He is actually worse than &#34;The Big Guy&#34;."
"Great idea appointing someone  transportation secretary with zero experience in logistics/transportation.  Worked out almost as good as our current VP. "
"most incompetent administration ever"
"Buttigege....his only expertise is in Subways..... And installing Backup warning devices.."
"PB needs to get out of the way and let the big boys take over."
"This guy is a twit and knows nothing about transportation a common mistake by Biden not hiring qualified people."
"Buttigieg says.... &#39;I don&#39;t know anything about it, I was at home breast feeding my mate.&#39;"
"Pete Butterbutt is just another completely incompetent cabinet pick of China Joe.
everytime an emergency comes up  Petey is nowhere to be found, probably home breast feeding &#34;his baby&#34; or trying on his new Lacey G-string. and to think, some people wanted Petey to be POTUS."
"Pete is even useless to his husband.The administration of ineptitude is on full display this week."
"Who? What? Why? The nefarious incompetence "
"And we expect a rational answer from someone who has only qualified for his position by CHECKING A BOX?? ❤️🤍💙 STOLEN ELECTIONS HAVE CONSEQUENCES!!❤️🤍💙"
"buttigieg, harris, kjp, yellen, etc. OBAMA/BIDEN:  &#34;IF YOU LIKE YOUR JOB, YOU CAN KEEP YOUR JOB&#34;"
"More lies planes were diverted all over the country!"
"A total incompetent One and his admin in my lifetime"
"Bootajuge as transport secretary should start blowing up cHinas balloons, considering his boss would be happy to allow it…"
"Buttigieg, the &#39;King of Leprechauns&#39;, will explain how the balloon was safe and belonged to a little boy in his neighborhood."
"These guys both take it in the head to make money !"
"Ask the guy that knows nothing about the subject.....great idea."
"Overheard convo, “I can’t believe you interrupted my breastfeeding for a Chinese balloon”."
"Don’t ask Buttigieg anything as he knows nothing."
"I don’t like butiegg or whatever his name is, but that balloon files 60k’ well out of flight paths of all aviation."
"Biden and his cronies must go now. Impeach and prosecute these low life deserters."
"Buttigieg doesn&#39;t have a clue. C&#39;mon man. He&#39;s like Biden. Always talking nonsence and never answers a question."
"He gives good head though . "
"butplug doesn&#39;t have a clue about how to do his job. none of joes tokens do. 
"
"The only thing But-A-Jig knows about is the best brand of But-Butter..."
"BWAHAHAHAHAHA! Asking Pete to handle any part of this is like asking Biden to lead starving wolves to fresh meat.  Pete can&#39;t handle ground transportation, pot holes, or getting groceries to us on time, and they think HE is capable of even an inkling of input as to how the Chinese flew over is simply preposterous.  LOL"
"Buttigieg is but one example of Brandon filling cabinet posts with incompetent buffoons who have no experience, but do have a social perversion that he wants to exploit.  He&#39;s almost as bad as that cross dressing &#34;non binary&#34; Kleptomaniac who&#39;s handling our nuclear waste.  God help us all."
"Awww.  Now the REPUBLICANS ARE AGAINST SAFETY.  GO FIGURE."
"Is buggig back from maternity leave already?"
"Petey Butt has no clue!!!!!!"
"This past year or so the airlines have struggled more than at any time prior.  Thanks Buttigieg you big bone head. "
"This goofy box checking moron’s only focus in diversity, equity and inclusion.  Maybe that’s why the FAA has had 2 close calls this month!"
"At least Briton has the Baby Trump Ballon for protection."
"He needs to take it easy on his manjina. Focus on work, not guy parts. "
"Resign or impeach him now . "
"Pixie Butterbutt has never accomplished anything positive."
"The GOP has no limits on how many ridiculous investigations they will launch"
"Don&#39;t worry, &#34;Buttplugger&#34; has a &#34;back-end&#34; plan in mind."
"He&#39;s too busy practicing his deep throat hobby...... "
"Buttigieg....... LOL"
"The only Thing this queer knows about transportation is how he likes it up his Hersey highway "
"This fudge packer has no idea"
"Why ask the Dunce, Pothole Pete Bootyjiggle is only a President Potato Talibiden appointee.  Dumb as the rest."
"Pete Buttigieg is a Sausage Muncher and nothing more "
"Just one of the many unqualified losers in this clown show of an administration. "
"Buttgig is an idiot and in way over his head"
