"The balloon was used primarily for weather purposes. Primarily but not total. That means it could be used for weather and something else. If Costa Rica wasn&#39;t the destination, then where was? "
"Xi tested and measured the response of the only nation that might stand in its way of moving on Taiwan. The delayed and weak response of the US shows that it can be brushed aside.  We desperately need leadership."
"The U S military told us yesterday, scuse me, Saturday, that they had tracked the balloon since before it left Chinese airspace. As it neared our territory, who told the president, and when ? Not til it was over Montana ? This means that the military I was in, no longer exists. When the military can do as it pleases, then its no longer ours. Bt I don&#39;t believe that is the case. When the republicans haul in the crews who did the monitoring, and no one saw any other balloons. Then that leaves us with what conclusion ? The Biden administration is lying again."
"No one should believe China.  Weather balloons are  not  the size of 3 buses,  and have solar panels."
"TWO accidental Balloon missions just happened to &#34;go off course&#34; - sorry not sorry Xi says. There should be worldwide condemnation."
"Odd that China admitted it was an Intel operation and felt compelled to apologize to Costa Rica, but we only got denials and threats... 🙄"
"China was also origin of pandemic that benefitted democrats. "
"Of course they apologized.  What kind of intel are they going to gather in Costa Rica?  It was supposed to fly over San Diego...."
"PR stunt by China, of course our media will fall right into their hands."
"See, they admitted they were spy balloons,  not weather gathering "
"For &#34;weather&#34; studies. Yeah, right. More like to see whether or not US still has a backbone and plan the next move."
"&#34;China insisted that the balloons flown over the U.S. and Costa Rica were primarily used for weather studies.&#34;if this had even an ounce of truth they would have simply worked with the US to further climate research for the world. we just had a global meeting to do just that."
"China said it was “civilian” balloons but China has total control of everything Chinese related… so any intel these balloons collected could be passed on to Chinese intelligence agency for their use. I’m not buying that these were innocent occurrences…"
"We just want to apologize for collecting all the strategic information we needed...  I&#39;d guess China is plotting the military response if U.S. intervenes in China attempting to seize Taiwan..  Damaging the Panama Canal will be one of the responses, trapping U.S. Ships on either side...   If China seizes Taiwan, the U.S. and Latin America should agree to seize all China land assets in the Americas...  "
"China keeps saying the balloons deviated from their intended flight paths; but, what was the intended flight path?  They have not said."
"“The balloon was first spotted Feb. 1 <a href=""https://www.foxnews.com/category/us/us-regions/west/montana"" target=""_blank"" rel=""noopener"">over Montana</a>.”Actually, it was spotted entering Alaska days earlier. Why it wasn’t addressed then only Joe Biden can explain."
"Maybe they really were weather balloons.......to test the weather patterns for other things they might have in mind: such as a similar balloon carrying a nuke, or releasing a biological or chemical agent that culd utilize the weather pattern to impact the whole U.S. There are so many reasons why even allowing the balloon to finish its course across the US was a very bad idea."
"Keep a close eye on Biden admin and who gets money from China.  Nancy already had hers."
"Very effective strategy….Just do it and apologize later. "
"please excuse me for being obvious, but one cannot apologize for its latest example of a pattern of INTENTIONAL conduct. one can only be held responsible. "
"Costa Rica gets an apology and China just laughs at us ... this is what happens when your current President is compromised and has to walk on egg shells for fear of embarrassing material leaked. "
"Wow, who knew China could spin its narrative so easily.  They&#39;ve learned so much from Biden during their partnership, I see.  "
"China has made a major foreign relations blunder with these spy balloons. Instead of calling them weather ballons they should have called them &#34;climate change monitoring stations&#34;. Dems would have begged them to send more. "
"The Chinese government must be very interested in how &#34;weather&#34; is affecting north and south America."
"Xoe Biden isn&#39;t the president of Costa Rico and China has more to fear from Costa Rico than the United States under the Biden administration."
"Of course they received an apology from China. The leaders don&#39;t work for China. "
"Everything CHINA does is by accident. This is what two and three-year-olds say when they get caught."
"If the balloon drifted from its intended course, what was that course?What parameters and calculations were used to estimate that course and what caused the calculations to be that far off?"
"But, but, but, they said they’re sorry…
Typical lib tactic. Perform the activity or say the words, knowing it’s wrong and then say you’re sorry.
They do this in politics all the time."
"So when do sanctions start against China?"
"I think China erred on these balloons . Atmospheric disturbances will always be there and the possibility that these balloons will go stray to the determined path/course is highly possible . They should have had informed the world before these were launched."
"So China killed millions when they created Covid in their labs, and now they are spying across the world……and still the world does not punish China…..WHY?"
"US pilot Garry Powers was shot down in the USSR. Eisenhower said it was a weather plane. It was a U-2 spy plane. It’s part of the not so Cold War. Is that the conflict that China wants? "
"&#34;apologized for the incident.&#34;Like breaking into a bank, stealing everything in the vault, and when you get caught, you say your sorry, and all is forgiven. ( You get to keep the money of course.) "
"Xi had Biden’s full approval and gave him time needed to fulfill his quest ! 🤡"
"Civilian purposes, like their man made islands in the Pacific..."
"Costa Rica gets more respect than USA?   Wait a minute. Why apologize for a weather balloon?"
"They &#34;apologized&#34; for the balloon, lying that it was gathering weather data and that they had limited ability to control it. It take little time to find information on winds aloft, giving the speed and direction at various altitudes. It is used all the time for other purposes.But they weren&#39;t spying on Costa Rica. At 60,000&#39; it was still in good position for gathering information from the Southern US. "
"Just wondering, have the Chinese said WHERE these balloons were supposed to go? And how were they supposed to retrieve them?They were most likely electronic surveillance that can&#39;t be done by satellite. Able to &#34;ping&#34; US installations looking for a response, also possibly subterranean radar of some sort trying to probe our installations. The size and scope of these balloons alone indicates they are up to something.Babylon Bee headline: &#34;China Assures Warships Headed for Taiwan Are Just Meteorological Warships&#34;....."
"Of course not one word from Communist Canada, as Trudeau allowed that CCP flight."
"so what, the apology is for the fact that they got away with it?"
"Guys, don&#39;t be so mean to China. I&#39;s a birthday balloon. Aren&#39;t all the birthday balloons coming from China anyway? Why single out this one? Just because it has a built in hi-res camera and a GPS tracking system?Come on, the Russians are the bad guys. China&#39;s military is our ally."
"Costa Rica begged China to build their National Soccer Stadium after they canceled their relationship with Taiwan. 
They take a lot of money from China and export a large amount of coffee etc .
They don&#39;t really care.
They have nothing to spy on any way unless you want to see tourist beaches and coffee, and pineapple plantations "
"So why did China not alert the US that they were going to fly a balloon over the US?    "
"Ah, China &#34;apologized&#34;. Well, that&#39;s good. No harm done then. I mean, it&#39;s not like the CCP let a SPY SATELLITE out because they meant to let it out. It slipped."
"Primarily weather studies ? Interesting way to say, we Primarily have a gov&#39;t?"
"Sure they did. I&#39;m beginning to see why the elderly get scammed so easily...."
"I suppose that apology to Costa Rica included words to the effect that they were sorry - the route was supposed to take the balloon over the US."
"China apologizes after they gather all the intelligence info they wanted, good grief!!"
"When you own a human like China owns Biden, you never have to apologize for anything, even a balloon that floats over someone else&#39;s country."
"Costa Rica, just like Biden failed to defend their air space, mainly because they have no planes that can fly that high! China will soon enslave those that cannot defend themselves."
"Not sure why the dems don&#39;t just physically remove Joe and Kamala then apologize to the nation. These two make them all look bad."
"There is absolutely nothing of consequence to see over Latin America. You say “excuse me “ to those you do not intend to fight. "
"If it was first spotted over Montana that is a sad statement about our abilities."
"China apologized ?  Oh.   Well.   That makes it OK then, doesn&#39;t it?"
"They apologize to Costa Rica and not us.   Telling."
"They apologized because it was supposed to fly over the US."
"Ya we’re sorry.  That balloon was meant to go over America "
"Chinese spokesman... &#34;we are sorry that you spotted our spy balloon flying over your country.&#34;"
"Diabolically comical. How does one apologize for spying? It makes you think PeeWee Herman is on the other end saying &#34;SORRY&#34;...its getting real. Not over..."
"China knows it has Joe in their back pocket buying all the Hunter paintings"
"I&#39;d like to hear an apology from Latin America for sending millions of invaders streaming across our southern border....!"
"China needs to go to Staples and have a bunch of apology cards printed up. This is getting out of hand"
"If there were balloons over America under Trump,  there would have been another impeachment 
Grow up"
"China insisted that the balloons flown over the U.S. and Costa Rica were <em>primarily</em> used for weather studies. and the secondary uses were...?"
"We are sorry we spied on you you. It was an accident. 🤣🤣🤣😂😂😂"
"Joe, china plays you like a fiddle."
"No doubt. It was probably intended for the U.S. also!"
"So there was no need to apologize to the the USA. I find that very curious "
"Not first spotted over Montana ,NORAD seen it long before that,JB was aware"
"It deviated from flying over the U.S.,  again..."
"We need a hard full stop on anything China. We have to pull our businesses out of China, we have to cut the umbilical cord to China, and immediately begin producing those things in the U.S. that we stopped producing, and that China now owns and controls. We need to deport every Chinese national in the U.S. we need to seize every Chinese held asset in the U.S. none of this will happen, it is too late. We are dependent on China. If we did any of that, China would retaliate with nukes probably. We have Andes this country over to them, over the last 40+ years. Meanwhile the marxists have taken over America. And we the American people stood back and let it happen. We allowed our elected leaders to do it. We have gotten fatter and lazier off of the “cool” technology and cheap labor that comes from China. Our business have grown and made profits from China, all while their business was being stolen from them by China. Meanwhile we keep re electing the people who are responsible for inviting China in. And we are all addicted to the phones and the things that we get from China. We have known for years this was happening. When you sit back and really consider the state of the world today, the future is not very bright."
"China has alot of investments in Latin America, sure LA will accept their apologies, owned by China "
"Can someone make sure the ladies at THE VIEW read this article. They cursed at the GOP&#39;s response of the Chinese Spy Balloon that crossed over our nation, calling them hysterical and a bunch of nonsense over The View&#39;s so-called intelligence of it being only a &#39;Weather balloon &#34;. THE VIEW NEEDS TO BE CANCELLED AND ISSUED A PERMANENT GAG ORDER!!
DISNEY ... THE VIEW IS AN EMBARRASSMENT TO YOUR COMPANY!!"
"China apologizes for errant balloon trajectory...

Brandon&#39;s response...

&#34;Well I&#39;M satisfied... now let&#39;s get a bite to eat.&#34;&#34;"
"China doesn&#39;t apologize...it was a stunt to see how far they can push..."
"So China initially says it was a Weather Balloon that got loose and flew off track, and their News (Propaganda) Papers mocked us for shooting it down.  Now China apologizes to Costa Rica and admitting it was a Spy Balloon..   Don&#39;t worry folks China Joe is paid to look the other way.    "
"Costa Rica? Now there’s a real military powerhouse. I wonder how many people know that the US provides their military safety?"
"An apology?What good is that?You apologize for an accident, not for something done on purpose. And that is exactly what China is doing. "
"We’re sorry… “It was supposed to fly over the United States…"
"We’re sorry… “It was supposed to fly over the United States…"
"It was just scientific new virus experiments.  But this time a long way from Wuhan."
"😂😂😂 Well they did say sorry. They don’t mean it but they said it "
"Then why not warn about the mishap? It was off course way before it made it to the Americas."
"Yeah, I bet observation of the Panamá Canal and area around it were not of interest at all."
"&#34;China told Costa Rican officials that the balloon&#39;s flight path deviated from where it was originally supposed to go and that it had a limited ability to correct the error&#34;.Yeah, it was probably meant to fly over Texas..."
"The Spy Balloons were an accident, the Covid-19 Virus was an accident.  ** &#34;China does not do anything by accident&#34;.  "
"Spying on Costa Rica?  Were they gathering intelligence on vacation homes?"
"China respects Costa Rica and it&#39;s leaders.  That&#39;s the difference in this case."
"We should fly weather balloons over china that accidentally get misguided by air currents. See what they do"
"China apologized? That and $14 will get you an egg and cup of coffee. Worthless."
"Ah so sorry reada barroon brow of course, it total accident noting to see here aso aso."
"Fair enough. China has a critical interest in the weather over Costa Rica."
"PRC has more respect for the leadership of Costs Rica than Biden Amerika. This is the new global reality."
"So, again, &#34;...the balloon&#39;s flight path deviated from where it was originally supposed to go...&#34;Since it was still aloft, it would inevitably cross land SOMEWHERE in the western hemisphere.  So just whose sovereign airspace WAS in the intended flight path???"
"You can&#39;t believe a word that comes from the CCP...and you can&#39;t believe a word that comes from the DNC...one in the same, very sad"
"sorry like it was an accident or mistake? Is that how our government is viewing it, because I see it as planning to do a preemptive strike."
"oh thats good they apologized and made it all better.. 👍🏽❤️ "
"What good is it for China to apologize for intel operation after they have surveilled all of your communications and mapped your military assets?  What a disaster."
"Did they stop laughing long enough to apologise?"
"Apologized for intentional action, what a slap on the face. Costa Rica is a peaceful Country and been swindled into accepting propaganda from a communist giant. "
"China never tells the truth."
"So what did they say, &#39;we&#39;re sorry that you have nothing to offer&#39;?"
"I wonder how detectable it would be if it were some version of blue or even transparent, rather than white."
"Oh yah, we&#39;re sorry but we found out everything we wanted to find out!!"
"Oops, my bad, Latin America. That was supposed to go over the US, too. Thank you for not shooting it down. We need to send it up again. "
"This do not happen under Trump as the marxist&#39;s first claimed to attempt to make it seem acceptable and appease their Chinese brethren. Brandon sold Xi most of our oil reserves as well. who is the real threat to democracy? every last marxist, they call themselves democrats."
"The flight over Costa Rica probably was an accident as there is nothing of any strategic value there to spy on.  It is likely that if the balloon was for intelligence gathering that it was originally intended to enter U.S. airspace off the coast of Southern California to transit the southern part of the U.S. and probably got pushed too far South by upper atmospheric winds."
"&#34;Sorry, that was supposed to fly over the United States&#34;"
"China is more afraid of Costa Rica than the U.S.  Way to go Biden, Austin and the Democratic party."
"Is there anyone left in Costa Rica or did they all migrate across our border?"
"Traitor Joe is compromised!"
"Sorry because Costa Rica doesn&#39;t have a military  &#34;sorrywrong country sorry&#34; "
"Got some nice pics of the Panama Canal to put in their future plans books just in case their navy needs to get to Venezuelan oil."
"They apologized?  Oh OK, everything&#39;s good then."
"Simple solution China, &#34;Hi America, just an FYI, we lost a balloon, and it&#39;s headed your way.&#34;"
"Yeah, I can say &#34;I&#39;m sorry&#34; holding a knife behind my back, too. "
"Ok let us send some intel balloons over china then ."
"A real president that beilieves in freedom would not have allowed a Chinese balloon within the airspace of either the south or north American continent, their marxist brethren did however.who is the real threat to democracy? every last marxist, they call themselves democrats here in the US."
"I spy on your country but I apologize for it"
"The balloon was mostly peaceful! Where have we heard this before?"
"Under our current socialist woke dumpster fire Administration, everybody better order Chinese language lessons from Babel"
"China&#39;s theme song is Brittany Spear&#39;s &#34;Oops I Did It Again&#34;"
"What most Americans don’t realize China owns this country now. The Socialist Democrats own 23 States and every major city in the U.S. so we’re well on our merry way to collapse. "
"Well there, you have it folks. They apologized, nothing to see here keep moving along. See anything familiar? Of course you don’t."
"China is coming for us. Make no mistake"
"Democrats are the marxist brethren of the CCP, it is that simple."
"I&#39;ll bet that they didn&#39;t apologize for an &#34;intel operation.&#34; I&#39;ll bet they apologized for an innocent balloon that strayed of course. They could never admit that they were doing an intel operation."
"Actually.. I can believe &#34;Weather (ie Air Quality) &#34; studies...They are looking for where they want to live next!!!!"
"Sorry Costa Rica, Balloon went astray, it was meant for the United States…."
"Chinese Apology Meaning: “Weather studies,” as in, we wonder weather they care or notice if it was gathering military intel ??"
"Sure, it&#39;s weather related. They want to know if it&#39;s clear for war. Oh, what a beautiful day for battle, they said. "
"Looks like they are searching for access points."
"An apology from China is totally meaningless."
"apologized??? We don&#39;t want apologies - stay out of our air space - period!"
"Of course it did was supposed to go to the U.S"
"That was so nice for China to apologize.  Then what! "
"The Americans have emphatically voiced their opinion on China poking around our sovereignty. Zero tolerance.  Now the elected officials need to represent that!"
"is it a coincidence that china lies as badly as the brandon administration, hmmm?"
"If you can’t control them then you shouldn’t be flying them 🤦‍♂️"
"I find China to be quite sweet to be honest."
"they wont apologize to us. only keeps making threats that go unchecked by this weak whithouse we have now. "
"...yes, of course...the feared nation of &#34;Costa Rica&#34;....."
"How nice of them to apologize for spying. "
"It&#39;s the in your face moment that gets your attention the most. But after a while you will get use to it. China is only studying their investment. Kind of the stock market, but with a lab. You dig."
"And once again the United Nations is worthless.  "
"Where&#39;s our apology, China?  And while you&#39;re at it, apologize for foisting China Joe on us too."
"They apologized because they were trying for Panama, instead........"
"Commit the act and then apologize. That&#39;s how it always works"
"Did they actually say that were sorry, or did the simply &#34;regret&#34; the incident?"
"I would not discard Chi na already knowing all she wants about the US. No need for baloons? "
"It is unfathomable to me, that the former Democratic Party would want and encourage this type of incursion on the sovereignty of our nation or any other nation for that matter. Would JFK or LBJ have allowed this type of thing? Carter would have out of incompetence and weakness…sound familiar? The difference now is that the marxists inside the former Democratic Party have taken it and the U.S. over."
"If China invades Taiwan, our military wont know who to shoot at first, the Chinese or Biden."
"We are so sorry that our destination US spy balloon veered off course and entered your country. "
"Yea....like Costa Rica has so many air bases and missile sites."
"It&#39;s because you are insignificant, Costa Rica...😏

They meant to spy on someone who mattered...🤫🃏♠️"
"Costa Rica has borders."
"China say, &#34;Sorry we got caught&#34;"
"it&#39;s Costa Rica. what are they gonna do??"
"Kind of like Dr. Pepper’s apology for her Breakfast Tacos comment.  Empty and meaningless.  "
"You believe Communists lies? "
"Where&#39;s our apology, China?"
"Does everyone else keep seeing how the communists keep saying that they are “primarily” atmospheric monitoring balloons? What are they secondarily used for?"
"&#34;So sorry, balloon go wrong way ... &#34;  "
"And Costa Rica bought that? Figures. And our so called &#34;Commander-in-Chief&#34; and our entire defense system was fooled by a centuries old military tactic known as a &#34;Trojan Horse&#34;. NOTHING unidentified should ever enter our sovereign territory unchallenged. NOTHING! EVER! The Chinese have seen the way we protect our southern border and have decided to test our skies. And they succeeded. Wake up America. Stop quibbling over elections, wokeness, racism, etc., etc.,etc., and start protecting yourself. Whatever happened to the age old first line of defense: Shoot first and ask questions later?"
"Costa Rica being the most US-friendly central american country, it was informative for China to check for anything that is potentially US-associated there…"
"Biden is going to kneel to China and apologize to them!"
Lol
"China weather balloons predict a storm&#39;s a coming"
"In contrast to the behavior of a responsible nation, China never gave us any advisory that their balloon may have gone off course.  China may have apologized to Costa Ric, but notice they never apologized to the U.S.!  I guess they feel we don’t merit an apology because we shot down the offending “weather balloon” after over a week of floating over some of our most sensitive militry facilities.  Nothing abnormal or suspecious there!  "
"@Fox, You keep saying “The balloon was first spotted Feb. 1 in Montana.”  This statement is NOT true. This is the first time it was seen by a CIVILIAN. The balloon was being tracked by the US government LONG before Feb 1. "
"We’re sorry for violating your sovereignty and getting vital information about your country. Lol"
"China only apologized to Costa Rica since they couldn’t get any kind of useful intelligence there. "
"Hey Costa Rica sorry, but thanks for the intel!!!"
"Why didn’t China preemptively warn the US (and Canada) that control of the balloon’s trajectory had been lost and it would pass into our airspace? "
"Apology not accepted. By the way, does anyone have a clue where this second balloons? Why isn&#39;t there concern? Who will take it down? "
"China has given Costa Ric billions for infrastructure."
"China is nobody&#39;s friend, even other communist countries, China wants world domination."
"Next they’ll tell us that at his birthday last June Xi accidentally let go of the strings attached to 70 balloons they gave him to celebrate, and they’ve been drifting around the world ever since. So if anyone shoots them down it’s because they’re xenophobic and hatefully against the natural human joy of celebrating birthdays. "
"China&#39;s in control now. They now dominate.The people in the White House are corrupt, they purposely let this happen."
"It was supposed to film the Panama Canal. A strategic asset to the US for transiting to the pacific. For when they attack Taiwan."
"China: “Oh we’re sorry. That balloon was meant for North America.”
Btw, words are cheaper. Deeds and actions speak louder and reflect truth. "
"Are there top secret bananas?"
"A balloon! Just one step above a RC car with a Go-Pro strapped to it, and it traveled across most of the country uninhibited. Disgrace."
"An apology from Communist China for a spy balloon over S. America, how gracious of them to make that gesture.  We&#39;ll be seeing more floating above the USA now that Joe and the gang are in power."
"Chiquita loves Xi."
"😂🤣😂. Yeah, we sent a balloon over your airspace, collecting information, but we’re sorry. We will never do it again. They’re sorry that they were caught. Nothing more."
"LOL, it only says two things : 1) they don’t have the ability to shoot it down. 2) China is lying. Remember, NOTHING, I mean NOTHING, coming out of CCP’S mouth is worth believing. I used to live in China!"
"You know how to determine when China or Biden is lying?  Their lips are moving."
"Costa Rica has no military and is protected by the USA.  Hence this was another test of our resolve, a move to plan out their real attack.  Biden failed.  He should have blown this balloon up as well once it left Costa Rica’s shore."
"I&#39;m sure it was a very heart-felt apology and that it will never happen again...."
"Of course they apologized. They were not intending on spying on them, this balloon is for America only."
"Has the ccp said where the 2  flight paths were to start?  "
"Costa Rica got an apology. The United States got nothing except for Biden who got his 10%. "
"It was meant to fly over the lower 48. "
"The way China is gobbling up the world&#39;s resources, I wouldn&#39;t be surprised if these balloons weren&#39;t mapping out natural resource deposits."
"The US is more a banana republic than is Costa Rica."
"Biden will apologize to China in the SOTU  tonight "
"China sure is having a great deal of wayward &#34;weather balloons&#34; flying everywhere all of a sudden. "
"Maybe the balloons were to promote the song 99 Luftballons?"
"China is awesome. Much better culture and government than here in western culture. At least dads don’t lose their children to woke feminist legal systems like they do here at a rate of 7800 a day!"
"In China - Civilian = Chinese Communist Govt."
"Costa Rica showing the US how to behave in an adult manner."
"well ok then. so as long as they apologized.....has everyone gone nuts?"
"China apologize to US? Surely you jest. -- Joe is apologizing to Xi that such a fuss is being made. Xi to Joe, &#34;Don&#39;t worry, little buddy, when we get there, we&#39;ll punish those who won&#39;t take a knee, just as your progressives are doing now. Can&#39;t wait for the pre-2024 election rioting, looting, murder. Good times.&#34; "
"Biden is responsible for EVERY fentynol death in the US of A, EVERY ONE."
"I guess an apology is all it takes sometimes. "
"White balloons for a gender reveal? That different.  🎈"
"China owns Costa Rica.  Bought and paid for decades ago."
"Chinese spy Balloons never traveled across the US during Trumps term. General Vanherck, in charge of NORAD, and the director of national intelligence John Radcliffe said that it did not happen. Among others. This is made up by the admin to try and deflect. "
"Costa Rica is a banana republic..bought and paid for by Xi…"
"China apologized to Costa Rica? Then obviously the head of that country wasn&#39;t bought off with 10% like some other nations&#39; rulers."
"Well then.  An apology makes everything all right.  "
"china constantly spies on the USA and steals data electronically, why would the USA trust china to say it is a weather balloon? "
"Oh sorry! "
"There you go. China apologized, That makes it all better.🙄"
"They know better than messing with Costa Rica. Costa Rican military could be a sleeping giant you don’t want to wake up. "
"China will share the weather data it collected with Costa Rica.  "
"Costa Rica doesn&#39;t have a military, China could tell them anything they felt like."
"Xi Jinping - &#39;My bad.&#39;"
"Believing the chinese is like trusting the devil. Panda boy is willing to sell you his ocean front property in South Dakota for the right price. I heard Biden is in line to buy it!"
"Why would China be doing weather studies of North and Central America?!?Where are all the &#34;weather&#34; balloons flying around the Far East???"
"Spy balloon probably used in conjunction with Chinese police stations in other countries."
"How nice- they apologized- Give them A little time to analyze the data they’ve put together on YOUR country.. Then  we’ll see if they’re still so nonchalant about it when they come walking across your borders"
"So sowwy…"
"China apologized to Costa Rica saying it was a weather balloon that went off programmed course. Chinese didn&#39;t have live control apparently. "
"BIDEN administration: Relies on advice from military advisors.  Shoots balloon down safely over water..TRUMP administration: What balloon? "
"China wants their coffee. They already get whatever they want from the U.S.  "
"when you get caught … Also even if china did not, what is costs rica going to do about it"
"KEPP YOUR POWDER DRY"
"It looks to me that China is going to evade America through Alaska down or through 1000 America up that&#39;s where the balloons were my friends"
"To bad the Ballon was sent to the democratic FBI for them to cover up Biden and Xis partnership into selling US secrets. Must have ran out in his office and garage where hunter Biden actually had Chinese at Bidens house."
"China is like a dog marking it&#39;s territory right now..."
"They said “we were just looking for a good vacation spot” "
"They said sorry that Balloon was to pass over the U.S. as well."
"oh so that means we can fly balloons over China and then we just apologize for it and it won&#39;t be for them at all okay good to know"
"HUH?The apologize to Costa Rica and turn around and threaten the U.S. after doing the same thing."
"Kinda makes you wonder what China was really doing? Drop and drug movements?"
"What do you spy on in Costa Rica , lizards ?"
"The spy balloon found numerous banana plantations in Costa Rica....."
"What do you spy on in Costa Rica , lizards ?"
"Kinda makes you wonder what China was really doing? Drop and drug movements?"
"Well then all is forgiven? "
"Best send Maverick in to take care of this. "
"The spy balloon found numerous banana plantations in Costa Rica....."
"They were sorry there was no Intel to collect..."
"The last time this happened Jules Verne was the reporter at the scene..."
"China only apologized as they were off course from the US."
"Costa Rica doesn&#39;t even have a military.  So why was the balloon over their country????"
"The 3 Chinese Balloons that crossed US airspace during the Trump Administration is now being attributed to an &#34;Awareness Gap&#34;.  They got that right.  Donny was too busy kicking his golf ball back into the fairway to be &#34;aware&#34;."
"<strong>Rubber-biscuit award to Costra.</strong>"
"Oh I can see that apology....We are sorry we got caught.....orSorry you noticed....."
"All aircraft MUST file a flight plan when entering any other country&#39;s airspace. Balloons included, except of course the little red ones on Blowhard Joe&#39;s Depends."
"So earlier we heared that the US was using technology to block all transmissions from the satellite.  We most likely have the technology.  So we have not heard anything else.  Im sure I read it on Fox news.  Hmmmmm…………."
"What kind of Intel do you think they can get from a weather balloon at 60,000?? They have dozens of satellites and thousands of spies already here. You guys will believe ANYTHING! "
"“We are so so sorwe.” We will buy rocol products and finger ricking good items from your country. What went wong?” "
"Report from Chinese weather balloon: Cloudy with a chance of missiles."
"China is a peaceful and good natured country unlike warmongering Russia."
"We got balloons, let’s send some over China and see what happens!"
"we are sorry...that we got caught....but never fear..we got what we wanted "
"Just keeping an eye on their drug competitors...👀👀👀🤔🤔🤔

Eyeing new territory to expand their military bases...🤬🤬🤬"
"Why didn’t they ask someone to shoot it down? Why are they allowing a China to get away with it? Possibly a no Italy gift was made instead? "
"China to Costa Rica: &#34;We are sorry&#34;China to Biden: &#34; How dare you interfere with our weather balloon !!&#34;"
"Ya right. Sorry Costa Rica. That Balloon was meant for the US. "
"that&#39;s all it took for Costa Rica......an apology????"
"So...where is the Costa Rican balloon now ?"
"China said, &#34;sorry, not sorry&#34;.  All good then, right?"
"Oh they did better with Brandon and son... they sent $$$$ and a note that said OOPS, we got caught - sorry, "
"Beijing Bought Biden. "
"Joe said: Come on man  Look at the lable on the balloon jack! It says: “Wheather Barroon Totary not for Sprying”"
"damage is done already what does an apology do, nothing!"
"China might be spying on the DEA (DHS) activities as they spend time in Costa Rica.  "
"China needs some bananas so, yes, they did apologize."
"Wow such respect joey has instilled on this country from foreign leaders. Costa Rica gets an apology and we get a threat to shoot down a plane. Good job joey"
"We are sorry our balloon flew over your meager country since we wanted it to fly over the USA."
"Where was the balloon supposed to go?"
"Looking at the map, where is Latin America?"
"biden...

&#34;well I&#39;m satisfied!&#34;"
"Thought it was only a weather balloon?!?!?!"
"Doubt chinas too worried abt Costa Rica"
"we shut it down ... "
"Xi was like, “ oh joe Biden said it was ok!”"
"Wasn’t that nice of China? "
"Ofcourse they sorry it was supposed to fly over the usa"
"China said sorry huh? Because outside of coke plantations Costa Rica has nothing of value to look at"
"What were they going to do? Throw a coconut at it? "
"Xi being politically correct. "
"&#34;We so sorry.&#34;   &#34;&#34;Ready the troops!&#34;"
"Sure the did!"
"Latin America is known for corruption. So I wouldn&#39;t expect any action against China at all. "
"In exchange for how much? "
"So solly."
"let&#39;s face it Costa Rica is not a world super power "
"Trump must have been golfing when  three balloons crossed our country."
"&#34;No, no, just a civirian barroon! No spy, no spy! We would never arienate our friends in the US, would we? Then where would we get all our technorogy from, eh? Hehehe!&#39;"
"The world has a duty to destroy the LGBT NATO States.  WW3 should be fought over LGBT.  It&#39;s the right thing to do. "
"Ooops sorry you caught us spying on you were sure you will give us a pass "
"I believe it is our duty to encourage WW3"
"Please accept our apologies for gathering intelligence on your country. 😂"
"It could be used for anything… spreading a new deadly virus germ warfare!!! "
"If you go on Breitbart, a General VanJerck says NORAD missed spy balloons on Trump&#39;s watch. Check his bank account. Who pulled VanJerck out of the woodwork to come to Biden&#39;s defenses. He&#39;s as bad as Silly Milley.  In the real world...back in the day..., if you can&#39;t or won&#39;t do your job, you join the ranks of the unemployed."
"China checking out it&#39;s biggest threat."
"Yeah sure they did....."
"Hey MAGA....the balloon saga is over"
"Well, China said sorry. Opps. You should all believe it."
"With ol-china joe at the helm should we be learning Chinese?????????????"
"SO WHAT?"
"I don&#39;t support America but I do support WW3"
"Sorry nothing to see here"
"balloon saga......over"
"China, NK, and global Islam hate LGBT.   Russia doesn&#39;t like LGBT.  these nations are my allies. "
"Heckle any chinese you see today."
"Costa Rica? Are they spying on the Americans that go down there for prostitution and drug use. Big party atmosphere for foreigners there as tourists "
"Fox creates lie after lie to cover up their lie"
"Excusa Prease, We so sorry!"
"Pop goes the Weasels! "
"No big deal, Chinese Gtound Hog Day. Biden saw his shadow and filled his diaper."
"China lies!! "
"OOPSIE!   We so sowwy. "
"Sorry nothing to see here"
"balloon saga......over"
"China, NK, and global Islam hate LGBT.   Russia doesn&#39;t like LGBT.  these nations are my allies. "
"Heckle any chinese you see today."
"Costa Rica? Are they spying on the Americans that go down there for prostitution and drug use. Big party atmosphere for foreigners there as tourists "
"Fox creates lie after lie to cover up their lie"
"Excusa Prease, We so sorry!"
"Pop goes the Weasels! "
"No big deal, Chinese Gtound Hog Day. Biden saw his shadow and filled his diaper."
"China lies!! "
"OOPSIE!   We so sowwy. "
"OOPSIE!   We so sowwy. "
"The balloon was used primarily for weather purposes. Primarily but not total. That means it could be used for weather and something else. If Costa Rica wasn&#39;t the destination, then where was? "
"Xi tested and measured the response of the only nation that might stand in its way of moving on Taiwan. The delayed and weak response of the US shows that it can be brushed aside.  We desperately need leadership."
"The U S military told us yesterday, scuse me, Saturday, that they had tracked the balloon since before it left Chinese airspace. As it neared our territory, who told the president, and when ? Not til it was over Montana ? This means that the military I was in, no longer exists. When the military can do as it pleases, then its no longer ours. Bt I don&#39;t believe that is the case. When the republicans haul in the crews who did the monitoring, and no one saw any other balloons. Then that leaves us with what conclusion ? The Biden administration is lying again."
"No one should believe China.  Weather balloons are  not  the size of 3 buses,  and have solar panels."
"TWO accidental Balloon missions just happened to &#34;go off course&#34; - sorry not sorry Xi says. There should be worldwide condemnation."
"Odd that China admitted it was an Intel operation and felt compelled to apologize to Costa Rica, but we only got denials and threats... 🙄"
"China was also origin of pandemic that benefitted democrats. "
"Of course they apologized.  What kind of intel are they going to gather in Costa Rica?  It was supposed to fly over San Diego...."
"PR stunt by China, of course our media will fall right into their hands."
"See, they admitted they were spy balloons,  not weather gathering "
"For &#34;weather&#34; studies. Yeah, right. More like to see whether or not US still has a backbone and plan the next move."
"&#34;China insisted that the balloons flown over the U.S. and Costa Rica were primarily used for weather studies.&#34;if this had even an ounce of truth they would have simply worked with the US to further climate research for the world. we just had a global meeting to do just that."
"China said it was “civilian” balloons but China has total control of everything Chinese related… so any intel these balloons collected could be passed on to Chinese intelligence agency for their use. I’m not buying that these were innocent occurrences…"
"We just want to apologize for collecting all the strategic information we needed...  I&#39;d guess China is plotting the military response if U.S. intervenes in China attempting to seize Taiwan..  Damaging the Panama Canal will be one of the responses, trapping U.S. Ships on either side...   If China seizes Taiwan, the U.S. and Latin America should agree to seize all China land assets in the Americas...  "
"China keeps saying the balloons deviated from their intended flight paths; but, what was the intended flight path?  They have not said."
"“The balloon was first spotted Feb. 1 <a href=""https://www.foxnews.com/category/us/us-regions/west/montana"" target=""_blank"" rel=""noopener"">over Montana</a>.”Actually, it was spotted entering Alaska days earlier. Why it wasn’t addressed then only Joe Biden can explain."
"Maybe they really were weather balloons.......to test the weather patterns for other things they might have in mind: such as a similar balloon carrying a nuke, or releasing a biological or chemical agent that culd utilize the weather pattern to impact the whole U.S. There are so many reasons why even allowing the balloon to finish its course across the US was a very bad idea."
"Keep a close eye on Biden admin and who gets money from China.  Nancy already had hers."
"Very effective strategy….Just do it and apologize later. "
"please excuse me for being obvious, but one cannot apologize for its latest example of a pattern of INTENTIONAL conduct. one can only be held responsible. "
"Costa Rica gets an apology and China just laughs at us ... this is what happens when your current President is compromised and has to walk on egg shells for fear of embarrassing material leaked. "
"Wow, who knew China could spin its narrative so easily.  They&#39;ve learned so much from Biden during their partnership, I see.  "
"China has made a major foreign relations blunder with these spy balloons. Instead of calling them weather ballons they should have called them &#34;climate change monitoring stations&#34;. Dems would have begged them to send more. "
"The Chinese government must be very interested in how &#34;weather&#34; is affecting north and south America."
"Of course they received an apology from China. The leaders don&#39;t work for China. "
"Xoe Biden isn&#39;t the president of Costa Rico and China has more to fear from Costa Rico than the United States under the Biden administration."
"Everything CHINA does is by accident. This is what two and three-year-olds say when they get caught."
"If the balloon drifted from its intended course, what was that course?What parameters and calculations were used to estimate that course and what caused the calculations to be that far off?"
"But, but, but, they said they’re sorry…
Typical lib tactic. Perform the activity or say the words, knowing it’s wrong and then say you’re sorry.
They do this in politics all the time."
"So when do sanctions start against China?"
"I think China erred on these balloons . Atmospheric disturbances will always be there and the possibility that these balloons will go stray to the determined path/course is highly possible . They should have had informed the world before these were launched."
"So China killed millions when they created Covid in their labs, and now they are spying across the world……and still the world does not punish China…..WHY?"
"US pilot Garry Powers was shot down in the USSR. Eisenhower said it was a weather plane. It was a U-2 spy plane. It’s part of the not so Cold War. Is that the conflict that China wants? "
"&#34;apologized for the incident.&#34;Like breaking into a bank, stealing everything in the vault, and when you get caught, you say your sorry, and all is forgiven. ( You get to keep the money of course.) "
"Xi had Biden’s full approval and gave him time needed to fulfill his quest ! 🤡"
"Civilian purposes, like their man made islands in the Pacific..."
"They &#34;apologized&#34; for the balloon, lying that it was gathering weather data and that they had limited ability to control it. It take little time to find information on winds aloft, giving the speed and direction at various altitudes. It is used all the time for other purposes.But they weren&#39;t spying on Costa Rica. At 60,000&#39; it was still in good position for gathering information from the Southern US. "
"Costa Rica gets more respect than USA?   Wait a minute. Why apologize for a weather balloon?"
"Of course not one word from Communist Canada, as Trudeau allowed that CCP flight."
"Just wondering, have the Chinese said WHERE these balloons were supposed to go? And how were they supposed to retrieve them?They were most likely electronic surveillance that can&#39;t be done by satellite. Able to &#34;ping&#34; US installations looking for a response, also possibly subterranean radar of some sort trying to probe our installations. The size and scope of these balloons alone indicates they are up to something.Babylon Bee headline: &#34;China Assures Warships Headed for Taiwan Are Just Meteorological Warships&#34;....."
"so what, the apology is for the fact that they got away with it?"
"Guys, don&#39;t be so mean to China. I&#39;s a birthday balloon. Aren&#39;t all the birthday balloons coming from China anyway? Why single out this one? Just because it has a built in hi-res camera and a GPS tracking system?Come on, the Russians are the bad guys. China&#39;s military is our ally."
"So why did China not alert the US that they were going to fly a balloon over the US?    "
"Costa Rica begged China to build their National Soccer Stadium after they canceled their relationship with Taiwan. 
They take a lot of money from China and export a large amount of coffee etc .
They don&#39;t really care.
They have nothing to spy on any way unless you want to see tourist beaches and coffee, and pineapple plantations "
"Ah, China &#34;apologized&#34;. Well, that&#39;s good. No harm done then. I mean, it&#39;s not like the CCP let a SPY SATELLITE out because they meant to let it out. It slipped."
"Primarily weather studies ? Interesting way to say, we Primarily have a gov&#39;t?"
"Sure they did. I&#39;m beginning to see why the elderly get scammed so easily...."
"I suppose that apology to Costa Rica included words to the effect that they were sorry - the route was supposed to take the balloon over the US."
"When you own a human like China owns Biden, you never have to apologize for anything, even a balloon that floats over someone else&#39;s country."
"China apologizes after they gather all the intelligence info they wanted, good grief!!"
"Not sure why the dems don&#39;t just physically remove Joe and Kamala then apologize to the nation. These two make them all look bad."
"Costa Rica, just like Biden failed to defend their air space, mainly because they have no planes that can fly that high! China will soon enslave those that cannot defend themselves."
"There is absolutely nothing of consequence to see over Latin America. You say “excuse me “ to those you do not intend to fight. "
"If it was first spotted over Montana that is a sad statement about our abilities."
"They apologize to Costa Rica and not us.   Telling."
"China apologized ?  Oh.   Well.   That makes it OK then, doesn&#39;t it?"
"Ya we’re sorry.  That balloon was meant to go over America "
"They apologized because it was supposed to fly over the US."
"Chinese spokesman... &#34;we are sorry that you spotted our spy balloon flying over your country.&#34;"
"Diabolically comical. How does one apologize for spying? It makes you think PeeWee Herman is on the other end saying &#34;SORRY&#34;...its getting real. Not over..."
"China knows it has Joe in their back pocket buying all the Hunter paintings"
"China needs to go to Staples and have a bunch of apology cards printed up. This is getting out of hand"
"I&#39;d like to hear an apology from Latin America for sending millions of invaders streaming across our southern border....!"
"If there were balloons over America under Trump,  there would have been another impeachment 
Grow up"
"China insisted that the balloons flown over the U.S. and Costa Rica were <em>primarily</em> used for weather studies. and the secondary uses were...?"
"We are sorry we spied on you you. It was an accident. 🤣🤣🤣😂😂😂"
"Joe, china plays you like a fiddle."
"No doubt. It was probably intended for the U.S. also!"
"So there was no need to apologize to the the USA. I find that very curious "
"Not first spotted over Montana ,NORAD seen it long before that,JB was aware"
"It deviated from flying over the U.S.,  again..."
"We need a hard full stop on anything China. We have to pull our businesses out of China, we have to cut the umbilical cord to China, and immediately begin producing those things in the U.S. that we stopped producing, and that China now owns and controls. We need to deport every Chinese national in the U.S. we need to seize every Chinese held asset in the U.S. none of this will happen, it is too late. We are dependent on China. If we did any of that, China would retaliate with nukes probably. We have Andes this country over to them, over the last 40+ years. Meanwhile the marxists have taken over America. And we the American people stood back and let it happen. We allowed our elected leaders to do it. We have gotten fatter and lazier off of the “cool” technology and cheap labor that comes from China. Our business have grown and made profits from China, all while their business was being stolen from them by China. Meanwhile we keep re electing the people who are responsible for inviting China in. And we are all addicted to the phones and the things that we get from China. We have known for years this was happening. When you sit back and really consider the state of the world today, the future is not very bright."
"China has alot of investments in Latin America, sure LA will accept their apologies, owned by China "
"Can someone make sure the ladies at THE VIEW read this article. They cursed at the GOP&#39;s response of the Chinese Spy Balloon that crossed over our nation, calling them hysterical and a bunch of nonsense over The View&#39;s so-called intelligence of it being only a &#39;Weather balloon &#34;. THE VIEW NEEDS TO BE CANCELLED AND ISSUED A PERMANENT GAG ORDER!!
DISNEY ... THE VIEW IS AN EMBARRASSMENT TO YOUR COMPANY!!"
"China apologizes for errant balloon trajectory...

Brandon&#39;s response...

&#34;Well I&#39;M satisfied... now let&#39;s get a bite to eat.&#34;&#34;"
"China doesn&#39;t apologize...it was a stunt to see how far they can push..."
"So China initially says it was a Weather Balloon that got loose and flew off track, and their News (Propaganda) Papers mocked us for shooting it down.  Now China apologizes to Costa Rica and admitting it was a Spy Balloon..   Don&#39;t worry folks China Joe is paid to look the other way.    "
"Costa Rica? Now there’s a real military powerhouse. I wonder how many people know that the US provides their military safety?"
"We’re sorry… “It was supposed to fly over the United States…"
"An apology?What good is that?You apologize for an accident, not for something done on purpose. And that is exactly what China is doing. "
