"Well, the Biden Administration just sent a very strong message to the CCP by allowing a Chinese Spy Aircraft to float across the US for 5 days!  Maybe we can follow it up with a Strongly Worded Letter from UN Secretary Linda Thomas Greenfield! "
"&#34;the next 30 years could be devastating for our nation.&#34; 

We don&#39;t have 30 year left for this nation.  I  doubt that we have 10 if we don&#39;t get the liberals out of office. "
"We&#39;ve already suffered a devastating two years under Biden."
"If the US stays on the path set by the biden admin, the US won’t make it another 10 years, let alone 30.  But somehow I believe thats the idea…"
"China trade with US needs to be stopped until they get the idea that they need us more than destroying us."
"We’re also in for a devastating 30-years if we don’t secure our southern border soon!  🤔"
"Still wondering why they used a missile instead of a few rounds from the guns into the ballon itself and try for a slow deflation and slow decent. Unless they wanted to make sure it was completely destroyed and all evidence with it. "
"Or are we a threat to the now wealthy and Tech savvy China that our own trade policies have created? "
"Why don&#39;t we just make semiconductors here instead of relying on Taiwan?"
"&#34;Immediate action&#34;? &#34;Deter&#34;? Chairman Rogers is merely indulging in propagandist histrionics.  If he is genuinely serious, then he needs to be less hysterical and more specific "
"The Dems are the threat. They ALL need to go. Vote as if your children&#39;s lives depend on it.....because it does. "
"CCP money talks and the Bidens&#39; listen."
"the time to deter china was in the 90s, when clinton gave the chicoms guidance technology for its icbms...."
"Stop the grandstanding hearings, and do something.Do something other than the usual rino rhetoric and photo ops.Americans sent you to the House to stop funding these dim libs, and you continue the redundant hearings and fake angst. Pass legislation that stops funding brandon&#39;s nightmare, and win the battles you can."
"We&#39;ll just have to make sure the left suffers more."
"&#34;The most challenging security threat in 30 years&#34; is ignoring the 20 year war on terrorism our country has waged. "
"Guess which industry has given millions to Mike Rogers?Yep, the Defense Industry.  Hmmm..."
"China&#39;s less of a threat than Biden is to American citizens. "
"That ccp congress reminds me of democrats in America&#39;s congress. All falling in line with totalitarian policies.... or else. "
"The rise of Africa in the next 30 years will be more of a problem than china if you actually look at population and economic trends"
"Is 30 years how long it will take before the radiation levels return to normal in the US after the nuclear war with China?"
"The biggest threat to our country is reckless spending. "
"I say we launch 1/2 of our nuclear arsenal right now, without warning, directly at China.  No way they could respond in time.  No build up...straight to DEFCON 1.  "
"How &#39;bout dealing with all the corrupt politicians, their spouses, spawn and friends at the same time? They are the &#34;inside&#34; part of the Chicom operations and need to be cut out like a cancerous tumor.........and disposed of."
"Right wing extremist are more of a current threat than China is.

Right-wing extremists have already started the attack by targeting our power grid.

That&#39;s more of an immediate threat than a China balloon taking pictures."
"Then how come we are spending all of our resources in Ukraine?"
"In 30 years, the communist regime there will not be in power."
"Joe shot down the Chinese balloons.  Trump didn&#39;t when they flew over Florida.  Wow."
"With the way America is going, yes, learn to speak Chinese now! "
"The biggest threat the American People face is it&#39;s dems and republicans in the ruling class."
"Get ready for a fight then."
"The cross burners are scared of the yellow folks"
"More fearmongering from right-wing terrorists."
"Sounds like we need a nice global nuclear war. It would solve most problems, like removing all crime ridden, democrat infested cities and ending global warming (nuclear winter)."
"Well, the Biden Administration just sent a very strong message to the CCP by allowing a Chinese Spy Aircraft to float across the US for 5 days!  Maybe we can follow it up with a Strongly Worded Letter from UN Secretary Linda Thomas Greenfield! "
"&#34;the next 30 years could be devastating for our nation.&#34; 

We don&#39;t have 30 year left for this nation.  I  doubt that we have 10 if we don&#39;t get the liberals out of office. "
"We&#39;ve already suffered a devastating two years under Biden."
"If the US stays on the path set by the biden admin, the US won’t make it another 10 years, let alone 30.  But somehow I believe thats the idea…"
"China trade with US needs to be stopped until they get the idea that they need us more than destroying us."
"We’re also in for a devastating 30-years if we don’t secure our southern border soon!  🤔"
"Still wondering why they used a missile instead of a few rounds from the guns into the ballon itself and try for a slow deflation and slow decent. Unless they wanted to make sure it was completely destroyed and all evidence with it. "
"Or are we a threat to the now wealthy and Tech savvy China that our own trade policies have created? "
"Why don&#39;t we just make semiconductors here instead of relying on Taiwan?"
"&#34;Immediate action&#34;? &#34;Deter&#34;? Chairman Rogers is merely indulging in propagandist histrionics.  If he is genuinely serious, then he needs to be less hysterical and more specific "
"The Dems are the threat. They ALL need to go. Vote as if your children&#39;s lives depend on it.....because it does. "
"CCP money talks and the Bidens&#39; listen."
"the time to deter china was in the 90s, when clinton gave the chicoms guidance technology for its icbms...."
"Stop the grandstanding hearings, and do something.Do something other than the usual rino rhetoric and photo ops.Americans sent you to the House to stop funding these dim libs, and you continue the redundant hearings and fake angst. Pass legislation that stops funding brandon&#39;s nightmare, and win the battles you can."
"We&#39;ll just have to make sure the left suffers more."
"&#34;The most challenging security threat in 30 years&#34; is ignoring the 20 year war on terrorism our country has waged. "
"Guess which industry has given millions to Mike Rogers?Yep, the Defense Industry.  Hmmm..."
"China&#39;s less of a threat than Biden is to American citizens. "
"That ccp congress reminds me of democrats in America&#39;s congress. All falling in line with totalitarian policies.... or else. "
"The rise of Africa in the next 30 years will be more of a problem than china if you actually look at population and economic trends"
"Is 30 years how long it will take before the radiation levels return to normal in the US after the nuclear war with China?"
"The biggest threat to our country is reckless spending. "
"I say we launch 1/2 of our nuclear arsenal right now, without warning, directly at China.  No way they could respond in time.  No build up...straight to DEFCON 1.  "
"How &#39;bout dealing with all the corrupt politicians, their spouses, spawn and friends at the same time? They are the &#34;inside&#34; part of the Chicom operations and need to be cut out like a cancerous tumor.........and disposed of."
"Right wing extremist are more of a current threat than China is.

Right-wing extremists have already started the attack by targeting our power grid.

That&#39;s more of an immediate threat than a China balloon taking pictures."
"Then how come we are spending all of our resources in Ukraine?"
"In 30 years, the communist regime there will not be in power."
"Joe shot down the Chinese balloons.  Trump didn&#39;t when they flew over Florida.  Wow."
"With the way America is going, yes, learn to speak Chinese now! "
"The biggest threat the American People face is it&#39;s dems and republicans in the ruling class."
"Get ready for a fight then."
"The cross burners are scared of the yellow folks"
"More fearmongering from right-wing terrorists."
"Sounds like we need a nice global nuclear war. It would solve most problems, like removing all crime ridden, democrat infested cities and ending global warming (nuclear winter)."
