"I remember when politicians made a name for themselves by passing good legislation, I miss those days when things got done. "
"I remember years ago..there were actually more normal politicians.  The woodwork is really producing some strange politicians ( both sides of the aisle)."
"I must be getting old. But I remember Reagan and Tip O’Neil working together, accomplishing things, and Clinton and Newt actually getting things done. It must be a thing of the past."
"Funny stuff.  It should have had a little solar panel array suspended underneath!"
"The repubs need to learn that you have to keep the pressure on just like the democrats did against Trump. Anything is acceptable. Doing nothing is not acceptable. When you do nothing you lend credibility to biden and the democrats and their turmoil and confusion. Just like democrats, show no respect whatsoever. How could you, they&#39;re destroying America. How do you respect that??????? I don&#39;t remember anyone calling pelosi&#39;s ripping up Trump&#39;s speech right there in front of everyone a stunt. "
"If Fox wasn’t too busy making motion headlines and covering all things Tom Brady, Harry &amp; Megain, they would discover that Eric Schmitt is a Republican from  Missouri and not Mississippi. This is only going to get worse as the education system continues to decline."
"Pentagon: &#34;Mr. President, there is a large balloon hovering over our military base.&#34;Joe: &#34;I love balloons&#34;. "
"I wonder if that white balloon she was carrying was &#34;made in China.&#34; Most everything in America is. Go to Walmart or Dollar Tree and good luck finding items not made in China. Even most of the masks we wear are made in China to protect us from the virus created in China. Oh, and those free covid test we can get in the mail. Made in China. Ironic isn&#39;t it?"
"I want to thank the people who will listen and let me know about the salient points. I can’t watch it. I’ll watch Gutfeld or Tucker. "
"Whether or not we think Biden has done more damage to our country,  at home and abroad,than any president in history, even Jimmy Carter, we should pray he is able to finish his current term , the alternative,  at this point in time,  is simply too scary to consider !Our worst nightmare, Kamala as president !!"
"Someone should notify the cadaver in chief that his party still controls the Senate. He made reference to Chuck Schumer that he was the minority leader in the Senate.  "
"Someone wake me when the Empty Suit finishes telling us all how great a job that he and Corn Pop have done these last couple of years.  I have to get back to more important things like my Gilligan&#39;s Island reruns!"
"I lasted about 6 minutes. Just can&#39;t stand listening to him speak. And don&#39;t believe a word he says so I found other things to do."
"You go Marjorie, great stuff!!"
"Doesn&#39;t anybody have a sense of humor anymore? MTG and Lauren B obviously don&#39;t take themselves too seriously. Congress is made up of &#34;representatives&#34;, that&#39;s what a republic is. Contrary to popular belief, the US is not a democracy, its a republic. Be serious when it counts, represent you constituency, break from the party line if its not what you were elected to do, Need more of that, not less."
"After LiberaIs and progressives (aka Marxists) have called Republicans every name in the book and routinely used fascist tactics of hate and violence against people with whom they disagree politically and culturally,  a white balloon is tame by any standard.  "
"Not a fan, but that&#39;s pretty funny. 😂Lighten up, people."
"Wouldn&#39;t it be great if they popped a balloon every time Biden tells a lie?? It would get pretty noisy in there."
"after pelosis tearing up the speech stunt anything goes"
"State of the disaster would be a better name with Biden to blame."
"That’s absolutely hilarious. More tasteful than Pelosi ripping up Trump’s speech for sure. "
"Really, 12 million jobs half on the nation still not working, every wereyou go, there is a job opening, a large group of the millennian are still living with their parents and not working but remember (nothing lastlast forever), 10 to 20 years from now, when the parents are gone, they will have no were to stay, no savings, no assets, and later in life when is time to retire, they will collect the minimum, or nothing, very sad?VOTE RED ON 2024 AND BEYOND."
"Marjorie Taylor Greene/Mike Lindell 2024!!"
"Every Republican should bring a balloon and float their ideas across to Old Joe."
"Outstanding!  Hilarious!  I wish a couple hundred Republicans had  walked into the House of Reps with balloons!! "
"We&#39;re making progress...highest inflation in over 40 years!"
"I love her sense humor. And she is not lying.  I am glad she has the guts to remind ALL Americans just how weak 
this administration is against China. Trump would have shot it down as soon it was seen in Alaska or before. Of course dems lied when they said this same thing happen during Trumps administration, it sure didn&#39;t.  "
"I would have hoped all 222 or so members would have had a white balloon. "
"Marjorie Taylor Greene&#39;s controversial and baseless statements, as well as her endorsement of violence against political opponents, are at odds with the values of democratic societies and are a cause for concern. Her rhetoric can be harmful, as it can spread misinformation and incite division and hatred.In a representative democracy like the United States, elected officials have a responsibility to represent the interests of their constituents in a manner that is respectful, fact-based, and consistent with the country&#39;s democratic institutions and values. Marjorie Taylor Greene&#39;s behavior falls short of these standards and undermines the credibility of the political system.Her actions and statements have been widely criticized and have led to calls for accountability and condemnation from across the political spectrum. For these reasons, many people believe that Marjorie Taylor Greene&#39;s behavior is a source of embarrassment for the United States."
"Can you imagine how many meds they pumped into him today,  to stay up this late..."
"Congresswomen Greene,Boebert and Mace are amazing. I enjoy watching you make radical leftists head spin. "
"Well, I have seen a lot of these things. Some were spectacular, some false but delivered with skill like Clinton and Obama, some humbling by taking responsibility, and a couple that was delivered by one of the two great presidents of the twentieth century and the greatest communicator and best loved in Ronald Reagan.The one tonight set about to blame falsely the prior administration for the problems created by this one, and then tried to portray the disasters as successes. An address filled with lies that were finally called out a couple of times by the Republicans so accused. This eighty year old then had the gall to double down on the failed policies in a look toward a future he will not have any part of, but will saddle many generations with the horrible consequences. As a former teacher, I cannot bring myself to declare Biden&#39;s speech an F for both truthfulness and delivery. That is only because no one has ever earned a G until now."
"Now if we can only get a picture of Biden holding onto the balloon."
"The behavior of most of these so called adults, both Democrat and Republican, are an embarrassment to our Country.  They all need to stop these childish antics and work toward real solutions to this Nation&#39;s growing problems!!"
"I think it’s funny. And if anyone deserves to be mocked, it’s Jotato. "
"BREAKING:  Elon Musk offers to Buy the Democrat Party from Communist China"
"I think Biden is a big dummy and definitely the most embarrassing leader for the US ever.  But this disrespect in public has to stop.  This is the government of the United States, not a rival football team.  Stop taunting, yelling, yawning, tearing up speeches, etc of the other party’s President.  "
"Biden is the dad of that banjo playing kid in Deliverance. I&#39;m convinced."
"Joy Reid is working on her article right now, explaining how MTG&#39;s balloon is a symbol of white supremacy."
"I usually dont care for Marjorie,  but LOVE IT!  "
"&#34;Instead of making the wealthy pay their fair share, some Republicans want Medicare and Social Security to sunset every five years,&#34; Biden remarked. &#34;That means if Congress doesn’t vote to keep them, those programs will go away.&#34;MTG booed that? SO MANY Republicans are on record stating just that. Hmmmm"
"He&#39;s rushing through his speech/ teleprompter...before the meds wear off"
"AOC just Tweeted, <strong>The balloon in her hand, has more &#39;intelligence,&#39; than she&#39;ll ever possess in her lifetime... </strong>"
"At least we don&#39;t have to worry about the Speaker ripping up his copy of the SOTU."
"She rocks ! "
"Is Green fighting and representing her constituents and getting things done in her state?They love her and overwhelmingly voted her for a second term..."
"All the repubs should have had balloons!"
"I think Biden is spewing enough hot air tonight to fill up several of those Chinese balloons!"
"When will the parties reach across the aisle shake one another’s hands and get to work for their constituents? Finger pointing and whining is not getting it done right now, while we’re in the worst economic times since Jimmy Carter? "
"I think MTG is just what the Republicans need! I wish my prayers had been answered to win her hog hunting trip! She is a fierce patriot and I will fight along side of her any day of the week! #Letsgobrandon"
"The GOP better leave the silly antics alone, and come up with serious proposals to move this country forward."
"Someone should have popped the balloon then turned to Biden and said &#34;that&#39;s how you deal with an unwanted balloon&#34;."
"There will be a 15 minute intermission during the SOTU. Biden needs an ice cream break. "
"I would&#39;ve filled the balloon with natural gas. No, not <em>that </em>natural gas."
"Why are the most prominent members of the GOP all professional wrestling rejects? Until the party takes itself seriously, why would any of us?"
"I am not in favor of clowns disrupting the State of the Union presentation. They should not be allowed in. Greene and Biden should have been turned away at the door."
"Reading these comments is a little concerning...I didn&#39;t realize there were people who actually liked MTG, even on Fox"
"Every republican should have brought and released a white balloon when Biden was introduced. He wouldn’t have made the connection."
"And to think some people don&#39;t take MTG seriously. It baffles me..."
"Like them or not,Marjorie Greene and George Santos are the most popular Republicans and the faces of the party now.They are the future of this party and deserve your respect!"
"Sorry, MTG, not everyone can become a professional vegetable like Joetato."
"No harm done, the balloon simply signifies what&#39;s between Biden&#39;s ears.👂"
"Taking the high road doesn&#39;t work anymore. The liberals have found that out a long ago."
"During the State of the Union tonight, even McCarthy was shushing Greene during her childish and clownish outburst. "
"All Republicans should be holding laptops..."
"I Invented Balloons.......-signed George Santos"
"I&#39;m sure Crazy Joe&#39;s going to say the countries in wonderful shape"
"Did they call Katie Porter&#39;s book at Speaker McCarthy&#39;s speech a &#34;stunt&#34;?"
"Biden also took a empty balloon to the SOTU, its sitting on top of his shoulders and pretends to be a full head."
"Where are her parents? Someone needs to come pick up their kid from day care. She&#39;s lost. "
"She&#39;s a great congresswoman, wish we had her here in New York!"
"The balloon story is not important, the cover up is, our government trying to not tell the public for several days, that is the problem we should be talking about..."
"If only someone could have popped it with a space laser…"
"For all of the unhelpful, ignorant reactions of Republicans, in the end, the balloon was shot down, landed in shallow water (not like the deep water near Alaska) and the debris was collected, with no American lives or property affected.No, your AR-15 doesn&#39;t shoot up to 60,000 feet, the Air Force has no way to &#34;snag&#34; a huge balloon, helicopters can only operate up to 10,000 feet, etc.Perhaps the &#34;Jewish Space Laser&#34; could have shot it down, MTG."
"Loved it... every GOP should have had one at the SOTU..."
"She makes Americans proud.   We need more RNC members like her."
"Look! A helium filled rubber sack! And a balloon, too!"
"Joe still usually gets an ice cream cone with his balloon ..."
"Let’s go Brandon 👏"
"MTG is a hoot. Gotta love her."
"I Invented Balloons.......-signed George Santos"
"Did they call Katie Porter&#39;s book at Speaker McCarthy&#39;s speech a &#34;stunt&#34;?"
"Biden also took a empty balloon to the SOTU, its sitting on top of his shoulders and pretends to be a full head."
"I&#39;m sure Crazy Joe&#39;s going to say the countries in wonderful shape"
"The balloon story is not important, the cover up is, our government trying to not tell the public for several days, that is the problem we should be talking about..."
"She&#39;s a great congresswoman, wish we had her here in New York!"
"Where are her parents? Someone needs to come pick up their kid from day care. She&#39;s lost. "
"If only someone could have popped it with a space laser…"
"For all of the unhelpful, ignorant reactions of Republicans, in the end, the balloon was shot down, landed in shallow water (not like the deep water near Alaska) and the debris was collected, with no American lives or property affected.No, your AR-15 doesn&#39;t shoot up to 60,000 feet, the Air Force has no way to &#34;snag&#34; a huge balloon, helicopters can only operate up to 10,000 feet, etc.Perhaps the &#34;Jewish Space Laser&#34; could have shot it down, MTG."
"Loved it... every GOP should have had one at the SOTU..."
"Look! A helium filled rubber sack! And a balloon, too!"
"She makes Americans proud.   We need more RNC members like her."
"Joe still usually gets an ice cream cone with his balloon ..."
"Let’s go Brandon 👏"
"MTG is a hoot. Gotta love her."
"I loved it. Classy yet poignant and sassy. The ultimate sarcasm! It was nice to not see Nan up there being a little dictator and ripping up the Speech. She’s sketchy. "
"MTG should be considered and embarrassment to the GOP in particualr, and America in general. For her to heckle and interupt a SOTU addrress is exemplary of her as a low rent citizen. The GOP should look to ditch her ASAP.  "
"Patriot!  Nothing to tease her about except that the balloon should have been much larger. "
"That is an awesome idea. "
"I’m a Republican and a Trump fan. I’m not a fan of Taylor Green…at all. Not big on Boebert either. They are just disrupters much like AOC. "
"Good for her."
"Lol.  Someone had to do it."
"Well, at least there&#39;s one balloon that&#39;s not going to be picking up any intelligence.  "
"i think the balloon bit was good.  beats ripping  up a speech."
"Like her or not, that’s hilarious.  "
"Talk about the border crisis Joe"
"Greene embodies everything wrong with American politics today. "
"They should have filled the place with white balloons "
"I was hoping to see a few “Let’s go brandon” t-shirts, hats, and banners.  I’m a bit disappointed."
"When her only skill is being a performance artist, she has to perform. Isn&#39;t she special,"
"She’s a trip  🎈 "
"Wow...how do these children get into the United States government? (No offense to children.)"
"Biden is jeered and mocked by millions of Americans.Election fraud has consequences."
"That’s hilarious. Good for her"
"That balloon is not in as bad taste as when snarky Piglooesy tore up Trump&#39;s speech."
"He found Sarah...1 point."
"&#34;I&#39;ve served as long as any of you&#34;...he says...and accomplished the least."
"I&#39;m listening now to see how many times Biden stumbles and trips over his tongue. "
"The whole Republican side should have had balloons! "
"I wanted to see all of them bring one to show a sign of unity."
"I like Greene&#39;s balloon stunt. Appropriately creative."
"Awesome! Love the balloon "
"BLM...... Balloon Lives Matter."
"As &#39;stunts&#39; go, it was pretty innocuous.  Kinda clever, however.  "
"Need to find some conservatives who can act like adults and stop basically being billboards pushing people to vote Democrat. Too much to ask I guess. "
"<strong>EXCELLENT Rep. Marjorie Taylor Greene !!</strong> .......AWESOME !!   <em>(You GO girl)..</em>."
"What did/does Biden and the Balloon have in common. Both are/were filled with a noxious gas and worked for China."
"At what age will these young neo republicans stop with the sophomoric gimmicks and begin to govern like real adults?"
"Surprised Joe didn&#39;t try to shake the balloons hand ... or sniff it&#39;s hair ...."
"Love that Representative.   She is tough and does not let others intimidate her.  She fights for her district&#39;s wishes.  She uses humor to make a point.  No downside.  "
"Xi and Kim Jong-un were deeply moved with tonight&#39;s speech.To uncontrollable laughter."
"They all should have carried ballon’s into the house tonight.  "
"I think each term after the elections we should take the five worst congressman and/or senators from each party and throw them out of office. Boebert and Green would certainly be on the top of the list given their spectacularly low maturity level. Santos would be out as a chronic liar. Thankfully Polosi is already out, but there are definitely a number of Dems who would qualify as disrespectful showboating self-absorbed clowns. These bottom feeders make headlines for their Jerry Springer like antics, but tragically they make America worse. No corporation in American would tolerate their behavior, why should high office allow it?"
"&#34;A president for all Americans&#34;...he says...not me!"
"I’d like to solve the puzzle Pat. "
"No real Republican was teasing Marjorie Taylor Greene."
"Unfortunately, this person is my Rep in congress. She will never be taken seriously by either party as long as she acts like a two-year-old. "
"Love it, keep it up Marjorie"
"I am surprised that they even detected the balloon’s presence, apparently they are extremely easy to overlook."
"It has been disappointing seeing the GOP embrace this clown and give her a prominent role and committee assignments. We look like hypocrites calling out AOC and Ilhan Omar when we have Greene and Boebert, and anyone who denies that is denying reality. None of them should have a place in Congress."
"She should&#39;ve let the balloon go. Imagine the scene: a white balloon slowly circling above Biden..."
"No worse than AOC or any of the Squad."
"Surprised how many people have such strong opinions about a prop balloon. It&#39;s a joke. Find something worthwhile to be upset about..."
"Nothing wrong with what she did. Some didn&#39;t like it and that&#39;s OK too."
"The Dems have done this kind of stuff for years and get away with it. Nice to see somebody on the other side grow a…spine and send it right back at the libs. More, please!"
"She is scarier than Pennywise. "
"Embarrassing and immature.  Welcome to the Instagram Congress.  "
"She’s so unserious. High school mentality. This is who was chosen as the speaker pro tempore. "
"LOVE IT! ❤️ "
"AFTER SPEAKER PELOSI RIPPED UP THE STATE OF UNION MESSAGE IT WAS “KATIE BAR THE DOOR”! Decorum is gone, humor is theme for this waste of everyone’s time. "
"MTG is more of a game show host than a representative. "
"I love it. MTG is great! Beijing Biden not so much."
"It is wonderful. The circus is back in town and in the center ring we have Brandon the Lesser with clown to left and joker to the right.  "
"That’s all Republicans are capable of, heckling. Americans are under seige and they play games. Trump was the only one to take action which is why they wanted him out. Made them all look bad and hopeless as they are. America the Titanic is sinking and they are sitting around listening to the music complaining about inconveniences."
"So this is what she does when not luring children into a house made out of candy."
"McCarthy needs to tear up the speech!"
"I would have watched Biden&#39;s speech, but I left my hip boots at the dairy."
"I couldn’t sit there quietly while being lied to either, "
"They should let off a whole bunch of white balloons after Brandon is done with his hot air speech. That would be priceless 😃👍"
"Why does FOX think it was horrible ?I think it&#39;s hilarious"
"Restaurants here in Florida were jammed. No where we went had Biden&#39;s speech on their TV&#39;s. He is toast."
"The only thing higher than the balloon was Hunter.  "
"look yall at the timing of this. The country was in the middle of a Biden classified documents scandal and hunter Biden ties to China. China sends a balloon Biden let&#39;s it travel across our country and now it is the only thing in the news. It&#39;s a distraction a planned distraction. "
"Is it radio controlled so that it can float past the speaker podium in front of Joe during the speech?"
"Well the comments section here is about as serious as House GOP leadership takes governing. When we&#39;ve actually heard Republicans threaten to shut down Medicare and Social Security over and over again, when we&#39;ve heard Marjorie Taylor Green say that a grammer school got $1.6 million in critical race theory funding another $16 thousand in drag queen story hour funding, and the myriad of lies told by one Republican after another - - there&#39;s nothing you can believe coming out of their mouths. "
"She runs on a platform of owning libs and she’s great at it. I don’t even know what she believes in and I don’t care. Insulting and owning libs is all that matters. "
"was pres. Xi, joes 🎈handler in the gallery of special guests?"
"MTG brings the class every day."
"I thought the balloon was a great idea! Up,, up, and away, Joey."
"Once again Republicans have proven that the progressives have no sense of humor.  What happened to protest is patriotic?  Shame on the media for being one sided.   "
"Ed The Talking Horse holding a balloon.  How cute!"
"How about these folks take their job’s seriously.  The sophomoric behavior does nothing for the party. "
"Towing around a balloon is exactly the kind of mature, adult behavior we have come to expect from Marjorie Taylor Greene... and Pennywise, of course."
"They were going to mock Biden by dressing up like ice cream cones but figured he would try to lick them during the SOTU address."
"Her original plan was to bring laser gun."
"Marjorie, you don’t have to grandstand anymore."
"Boebert and Greene are two shining examples of exactly who I&#39;d never vote for in a million years. Shame that young mature Republicans who don&#39;t give into antics and conspiracy theories are no longer popular. Instead of focusing on policy and economic solutions, we get clown shows."
"Her and the rest of the clown show got owned in brilliant fashion. Biden got them to agree on tv to not cut Medicare and ss. There&#39;s smoke coming from the scorch marks. "
"Hey GOP do you still wonder why you had the worst midterm in 60 years. "
"There is no way any American could be proud of the fact that Marjorie Taylor-Greene represents them in Congress.   She is an embarrassment to the country.  "
"Lauren Boebert&#39;s reaction to Biden&#39;s plea for an assault weapons ban makes me like her all the more. "
"MTG reminds me of the the recently divorced drunk older women at the bar that has no idea how to act in a social situation. Sad. So sad. "
"every republican should have torn his speech up"
"Let&#39;s go Brandon balloon boy"
"She has a strong Pennywise vibe about her."
"Keep in mind that in these days spying is done by satellites, not by weather balloons. Despite this, it was political/military negligence to allow this."
"They dont have credibility If they don&#39;t mock Biden. "
"She helps the Democrats more than any Democrat does"
"&#34;My time in Congress has made my life miserable&#34; MtgI wonder why?"
"They didn’t tell Trump about his Chinese balloons because they couldn’t trust him "
"Donald Trump, Marjorie Taylor Greene, George Santos, Matt Gaetz, are the best late night comedy fodder we&#39;ve had in years! "
"Grow up "
"Poor MTG, there is only a vacuum behind those small black eyes and vacant grin."
"MTG is just so awesome!!"
"I personally think it was a great way to mock Biden without a single word being spoken!"
"That was an own for the ages"
"MGT is one of the reasons the Republican party has eroded to where it is now, and why the Democratic party has only strengthed. Sad times. "
"Good for her. "
"Joe owned 10% of that balloon"
"said if she was running the Insurrection they would have brought guns and they would have won....which I thought was interesting for someone who has taken and oath of office under the United States"
"Dignity, respect...2  things bidot will never have."
"Didn&#39;t watch the sIobering-fooI and I&#39;m sure I didn&#39;t miss anything!I look forward to watching Sarah Sanders rebuttal though!!"
"<strong>Rep. Marjorie Taylor Greene after balloon stunt</strong><strong>Got to love her Sense of Humor.....</strong>"
"😂Actually Brilliant!!!You go, girl!!!!"
"I think that&#39;s pretty funny. She should have written on it Chinese weather balloon "
"She is a child. She has taken the republican party to the lowest common denominator. This is how children act in middle school. I am a long time republican, and I have to admit I am kind of embarrassed when she takes the stage. It&#39;s worse than AOC on the left."
"I used to admire the GOP honor, dignity, and morals. Not so much after MJT, Gaetz Jordon, Santos etc... They just do not attract the sane ones anymore as evidenced by trump"
"The bridge was a good thing to fix. The problem is all the other unnecessary and unaffordable junk that  was added"
"Somebody please let her know that it’s ok to act like an adult. "
"The line “no billionaire should pay a lower tax rate than a school teacher or a firefighter” received an ovation from exactly one Republican."
"We’re gonna need a bigger clown car."
"Huckabee and MTG are the greatest leaders we have ever had.   Amazing minds"
"Haha I&#39;m from her part of the world. Yall better be glad were here"
"bidiot is getting serious...he&#39;s yelling!"
"Marjorie Taylor Greene is a child...and a perfect representation of the Republican Party."
"While our duly elected president is making Republicans give up their plans to take away your Medicare and social security, MTG is doing childish stunts.  Advantage: BIDEN"
"I APPLAUDE HER!! STRAIGHT TO THE POINT!! "
"I will no longer call the president &#39;Biden&#39;, I will call he gas-lighter-in-chief.  Gas lighter for short.   "
"Congress has been made a disgraceful place with people like Schiff and Swalwell. Someone should fill it a truck load of balloons "
"You rock, Ms. Greene!  You gotta be a blast to close a bar with."
"MTG is one of the main reasons the middle that decides EVERY election won&#39;t vote republican...get her and Gaetz out of there."
"If only MTG and Boebert can expend the same energy solving problems for the American people rather than pulling high school pranks, this country would be better for it."
"MTG IS A CHAMPION!"
"Divisive , delusional, dangerous.   So sad! Can’t stand to watch or listen to him.   "
"I would&#39;ve brought ice cream and cake.  You can&#39;t have balloons without ice cream and cake."
"but, but, but Trump...he says..."
"greene is getting obese"
"Too much craziness and hatred in this party.  This use to be the party of family values.  Proud to be a part of the party.  Now it is just angry people making things up.  Just to score points and get on FOX news"
"Joe never even mentioned showering with his daughter"
"Bernie wanted to borrow the static balloon to do his hair. "
"God everyone running our government is an absolute clown. From top to bottom, left to right. No wonder the world just laughs at us. "
"I bet Biden is more upset about MTG’s balloon than he was about the real Chinese one. "
"Now Republicans are pro-balloons?"
"Rep&#39;s elected trump...a complete clown...instead of recognizing that..they elected MTG who has to be one of the worse councilwomen ( she is a woman ? ) in history"
"That’s hilarious! Some elected leaders still have a sense of humor, I see. "
"Wow. Brandon can&#39;t stop lying about SSI. "
"Chinese balloons matter."
"Boebert and Greenecare way much better quintillion times better than all of the DC diplorable quads combined"
"She&#39;s a hoot!  
And an effective representative for her people. 
Love MTG!  "
"Whats the over/under on how many times bidiot forgets something?"
"Whats the over/under on how many times bidiot forgets something?"
"Sarah Huckasands has her Good Eye on that balloon "
"I thought tonight&#39;s State of the Union Speech would be interrupted by a helium balloon floating around the Chamber, which would immediately be shot down.By Alec Baldwin"
"serious question here.  Does anyone have a link or anything really where this balloon was identified as a &#34;spy balloon&#34;, and what evidence there is for this.I honestly have no idea how this was determined.  I&#39;m hearing a lot about Chinese balloons that flew over the US during the Trump administration, but also claims that these were not military or spy balloons, but weather balloons.<strong><em>So, exactly where is the evidence that the balloon that was shot down was indeed a spy balloon.</em></strong>Just looking for some journalism with investigative integrity here.  Or anything really, other than &#34;of course it was a spy balloon&#34; type comment.<strong>Thanks in advance.  I really would appreciate knowing what evidence so far has been provided that this was a spy balloon.</strong>"
"I have a mystery to watch, not on cable TV of course and I love it!!!!!!"
"Marge shows why homeschool, on average, just doesn&#39;t cut it."
"Such an attention wh0r€.  Truly unimpressive.  Now, back to the Republican members of congress that don’t go on podcasts and complain about how “miserable and low paying their job is”, but rather, simply sit quietly at their desks and WORK…..Like, adults.👍🇺🇸"
"I was just elected to govern the most backward, podunk state in the union.   I&#39;m the first woman to wear shoes"
"I’m reminded of the prophetic theme of Dr. Michael Savage’s book, “Liberalism is a Mental Disorder”.  It seems that Joe Biden is proof that insanity ensues from such a political orientation."
"The CCP isn&#39;t very smart. If they disguised their balloon to look like a giant ice cream cone Biden would never allow it to be shot down."
"She&#39;s a nut. Not sure how she gets the votes she does with the conspiracy theories she embraces. Nothing against the Republican party and it&#39;s policies. "
"No stunt required. It would only distract from Brandon’s own ridiculous behavior."
"She gave a great, Patriotic speech...and, hit ALL points Americans are concerned...and, talking about!!!"
"Funny!
Smart!!"
"a ceiling 🎈drop would have been hilarious"
"Marjorie has had to pick up a part time job selling balloons to supplement her meager $178,000.00 salary as a Congresswoman.  Never new it was that expensive to live in rural Georgia."
"Greene should have had a camera and antennas hanging under the balloon 🎈 "
"Way to go, Marjorie!"
"u go mtg"
"most of all, liberals hate to be laughed at or have their views and opinions ridiculed. a most excellent joke. well played mtg."
"I don&#39;t understand here all the hate and hostility is coming from for Gov Huckabee-Sanders or Margorie Taylor Greene.  I&#39;m guessing its just from a lot of triggered liberals with low/no self-esteem.  "
"Trump cult continues to embarrass America in front of the rest of the world. Congratulations to President Biden . Looking forward to a second term in 2024. "
"Loudmouth Marjorie Taylor Green pulling faces and booing a State of the Union Address before Congress? Green&#39;s face intellect and behaviors a salient warning of the risks andeffects of inbreeding. Deliverance territory."
"Good of Marge to take time away from her speaking engagements at neoNazi conventions to stage some childish political theater."
"Would have been more affective had her balloon carried it out to sea and got shot down.  "
"Heard some these Democratic congress people instead of the American Flag on their lapel, wore an &#34;ABORTION&#34; PIN with the O shaped as a heart! Now isn&#39;t that a terrific way to represent this country. Yikes, I wouldn&#39;t want to be in their shoes (or on their lapel!) when they meet their MAKER."
"Only RINO’s are giving this speech and legitimacy "
"Gotta love a woman with CHUTZPAH!!!! I LOVE IT!!! Made a mockery of the buffoon that he is. "
"She&#39;s live at Waffle House"
"MTG needs to settle down and stop all the theatrics.  Do your job. I am saying this as a Republican that I would like to see a change in leadership in the WH and Senate iin 2024.  For now- show them how to get the job done."
"Republicans look up to MTG as their role model because she behaves like a first grader."
"love white balloons"
"It’s all good…She made herself look bad at the SOTU.  Maybe she should have brought the balloon."
"they should all have laptops and white balloons, while they rip up the speech page by page going thru the lies this administration tells"
"Well after scrolling thru the comments I see Margorie&#39;s stunt did what she wanted it to do and upset the liberal trolls that have nothing better to do but point fingers and whine ."
"Green and Boebert. Beeuuutiful. And not in a good way."
"Oooohhhh...this oughta be fun...SOTU just coming on..."
"Hilarious, if you&#39;re 3."
"MGT is the present and the future of our conservative movement.  Trump / Green 2024.  For America."
"The trophy for the greatest expression of truth this evening: Marjorie Taylor-Greene screaming &#34; liar&#34; when Biden accused Republicans of wanting to cut SS and Medicare. "
"Joe crushed it.   He&#39;s still in charge.   Good to see."
"Pretty funny and apropos. She&#39;s got a good sense of humor."
"He thinks all the applause means he&#39;s leaving."
"She made a mistake with that balloon ... she should have chinese writings on that balloon"
"MTG.  The ring master for the new party of clowns.  Sad times for the GOP. "
"Majorie-Green;Proof that the Left &amp; Right can come together….Just look at her eyes."
"I think it&#39;s hysterical I think every single Republican should have had a balloon there tonight"
"Marjorie is officially an American hero!! We need a hundred more like her!!"
"Man hand holding that balloon. Reminds me of a Seinfeld episode. "
"Funny thing about these republicans, ranting about the deep state controlled by devious corporations.  Yet they don’t like that they pay tax’s.  "
"Wow, I thought she always used a broomstick and cauldron."
"I guess it’s only funny when a Dem does it. "
"Hunter wants the helium "
"i&#39;m not watching that clown. coming back later for the posts. make them good folks"
"Greene ~~ Boebert.  Despite being sharp dressers, neither girl is very classy.  But they&#39;re fun to watch."
"From the article: &#34;&#34;It’s just an innocent balloon,&#34; <a href=""https://www.foxnews.com/politics/marjorie-taylor-greene-trolls-bidens-state-union-white-balloon"" target=""_blank"" rel=""noopener"">Greene tweeted</a> with of video of her carrying a white balloon.&#34;It&#39;s like having a bunch of 12 year olds in charge of the monetary policy, that they don&#39;t understand. "
"<em>&#34;&#34;It’s just an innocent balloon,&#34;&#34;</em>Yeah, and it doesn&#39;t even check the weather."
"I spent my whole life trying not to be careless. Women and children can afford to be careless, but not men."
"Republicans tease, lol. Cutting social security and Medicare is not a tease. "
"Looking back, it&#39;s hysterical -- look how many liberals I&#39;ve triggered (and received thumbs down) just by two posts.  .If it is one thing for sure, Dems and libs have the LOWEST levels of Self-Esteem of any American in the USA -- they are all children, just whining and pounding their little fists in the sand, lol.JUST TOO FUNNY !!!"
"Imagine what they said about MTG behind closed doors. 🤭"
"I can’t take MTG seriously with these stunts. There are more professional ways to make a difference in the world. "
"<strong><em>LOVE IT...A BALLOON FOR BALLOON BOY JOE</em></strong>"
"You have to imagine that she has four balloons. Three that you can&#39;t see to match the ones that the clueless Trump Regime just let fly around over our country - and the fourth one that President Biden shot down like a boss."
"I bet Biden never saw that large balloon until it was almost out of the room!  And then he blamed it on Trump!"
"Personally, I think each and every republican should have brought in a balloon. It would have been the perfect payback for Pelosi&#39;s disgusting stunt."
"Look you got to have those who stand out and make a statement to those who just don&#39;t get it...More power to Her"
"I wish there was an image of Biden&#39;s face drawn, with a felt pen, on the balloon. Joe&#39;s head is smaller than the balloon, but his skull is thicker than the balloon&#39;s membrane. I&#39;m guessing there is more compressed air in Biden&#39;s head than in the balloon."
"WOULD!!!! "
"The kind of silliness that Greene has displayed is not the kind of stuff that makes the GOP look serious in helping steer the country along choppy waters."
"And the GOP wonders why they had the worst midterm in 60 years. Keep it up please"
"Walker/MTG 2024!!"
"Too bad Greene didn’t bring the balloon with her  - that would have been the elephant in the room!!  "
"Cold Pursuit 🥶 is such a great movie.  a great frozen train station. "
"I hear-tell the Chinese balloon was broadcasting the Fifth Dimension hit&#34;Up, Up and Away In My Beautiful Balloon&#34; . . ."
"Can you imagine the sort of intellectual powerhouses that voted for her?"
"The reason Jojo finally popped the balloon was because China didnt send cake and ice cream too🤣"
"That is so funny..."
"I hear Marge kept her wrestling gear that he wore back in high school"
"Stop the drugs at the border he says..."
"Stop the drugs at the border he says..."
"If Taylor Greene’s hair was a little more styled she’d look like a mule."
Twins
"Because who doesn’t love a white balloon? Am I right?"
"that’s a big balloon. Must have taken her a lot of blowing to get where she is."
"The Huckabee&#39;s sure Lie Good!"
"MTG and Boebert are the face of the Republican Party now.Feels so good that they found someone dumber than Trump."
"Marjorie, we love your humor, your spirit and your resolve. We love that you&#39;re stronger and tougher than every liberal male on the planet."
"Joe likes balloons.And the sweet little children."
"The most interesting “Weather Balloon “ since Roswell, New Mexico! Have to love Rep Green. She has more spine and “Stones” than ANYONE in Congress!"
"There are only TWO types of people that get excited to hold a balloon: Toddlers and Republicans. "
"China did it because they can. No reason needed. "
"I am starting to see what the MAGAs have been complaining about lately. FOXNews is starting to post more and more unflattering stories about Republicans. "
"I like Greene’s sense of humor. She just lets everyone know how it is. She  calls it what it is. Doesn’t hold back !"
"They should all be wearing white balloon pins on their lapels!"
"State of the stolen election.  ..speech"
"She’s got a great humor "
"Childish, but that’s all that her constituents understand."
"Greene and Boebert are just as bad as AOC, Omar &amp; the other one "
"All of the Republicans should have brought balloons and small fences."
"It&#39;s to bad it wasn&#39;t remote controlled with a GoPro on it....She could have flown it over Biden&#39;s head and gotten some video of his Cue Cards!!!"
"Train wreck."
"McCarthy shushed her in front of the whole Congress. Priceless."
"I wish one of the Dems had brought the Baby Trump balloon."
"Her only value to Americans is comic relief. "
"Marjorie Taylor Greene/George Santos 2024!!"
"Thy Court Jester of Congress"
"Two classless women. Their states should be proud."
"Don’t bag on MTG, of course she plays with balloons, it’s what clowns do"
"Go MTG.  I like to contribute to individual members that fight back and not the RINOS via the  WinRed site, and I support her for sure."
"Having a hard time with some of this article. Balloon was detected Saturday before crossing over Alaska. Biden wasn&#39;t informed until Tuesday. I guess if there was a missile attack Biden would be informed by the explosion. "
"Love it!"
"The first year that WILL not be listening to Joe Biden! I  am watching university of VA BASKETBALL game..my alumni.  There is no way I can listen to Joe...he tells the truth about zero."
"I wish these republicans would be as tough on the Biden regime."
"Hahaha...bidiot says &#34; face reality&#34;...what is his reality?  Pudding."
"Notice how most of the strange ones are women? At least the world’s greatest investor, Nancy Pelosi at 69% annual return, is normal. She wouldn’t try any stunts like tearing up the speech or use a smarmy hand clapping. Gasp. "
"What a week. We go from a giant hot air balloon, to a giant hot air Buffoon!"
"Country is on its last legs "
"Most ridiculous stunt I’ve seen 
We’ve got some strange pols today on both sides. The people who elected should be embarrassed "
"I won&#39;t watch it. Biden lies every time his lips move."
"No theatrics please. You&#39;re not at the Grammys."
"We can always count on Marge for a complete lack of class"
"Speaking of balloons I would m in nd taking a peak at AOCs balloons. She has a nice set."
"MJT THE GOP AOC."
"I liked her balloon and heckling."
"I wonder if it was full of forever chemicals to be dropped into the lakes and crops, like the real balloon did?"
"Sarah Huckabee looks like she’s ran off a 9 Volt Battery."
"Will these parasitic politicians ever return to the days when they actually work for the people that voted them into office?  TERM LIMITS NOW!!!!!"
"Nice balloon, Marge but why the long face?!"
"how many lawyers did joe🎈 bring?"
"LOOK AT ME!!look at me ...."
"I love what trump said about Rhonda Santis today.  He is a groomer of young girls."
"I like her antics. I’d love her up all night long!!!  When the polls closed, and first votes were shown, she was basically confirmed as the winner in the first minute!"
"I love her she’s REAL!!!!"
"I agree with her on most issues but she needs to take it down a notch. This is the sort of nonsense dems do. Pelosi tearing up SOTU. We are the adults."
"I&#39;m glad the GOP didn&#39;t sit there and let Biden get away with his lies."
"She also had a black balloon, but it didn&#39;t comply and got away."
"That picture looks like they are both looking to pleasure the President."
"Love it!!!"
"Nobody thought we&#39;d have a president with as low of IQ as Bush after he left office. Then the Republicans said hold my beer and gave us Trump, with an even lower IQ. Will the Republicans  give us Greene, who manages to be even less intelligent than Trump?"
"Eric Schmitt is a senator from MO (Missouri) not MS (Mississippi)."
"Should McCarthy rip up the SOTU speech at end like Nancy did? All in favor say aye. "
"So is that horse Sarah Sanders gonna bray the rebuttal?"
"Joe didn&#39;t disappoint, he lied for 1 hr, &amp; 20 min&#39;s. !!"
"It doesn&#39;t make a difference if you tell Walter (Jeff Dunhams dummy) anything! Dummy&#39;s can&#39;t think of speak on their own"
"Creative Approach."
"MTG was able to fill the balloon with the contents of her head."
"The only thing containing more helium than that balloon is Marjorie’s head. "
"I always like a pretty girl with big balloons. "
"Greene had so much hot air she had an overflow bag "
"Looked more like Kyrstan Sinema thought she was going to the Grammy&#39;s with that getup she wore tonight."
"It’s just a weather Barroon that fwue away. "
"Biden knows exactly why the spy balloon was there. We will soon see just how evil this administration truly is."
"did you ever notice how much MTG and Miss Piggy look alike?"
"Biden called Nancy Pelosi the best Speaker in history.Evidence, as if anymore was needed, that Biden&#39;s dementia is only getting worse."
" it&#39;s nice to be able to say something without words. "
"MTG is nothing but a bad meme - nothing else there."
"Schmidt is what&#39;s wrong with America today"
"This reminds me of late in the Obama adm.. in just the last few months of it.. china captured a Naval drone of the US in international waters.. Trump said we should just let them keep it.. but Obama ignored him and got it back.... for the life of me i can&#39;t understand how any red blooded American thinks FAT DONNY was good for America.. we&#39;ve seen the exact same behavior from him time after time again.. since then."
"Good for her😂😂😂"
"The LIBS are upset about the balloon because Xi didn&#39;t think it was funny!!!"
"MTG is such a 🐷Absolutely disrespectful and goes into the gutter to get attention.  "
"LOVE to see Lil Joey hooked up to a polygraph tonight !!  .......you CAN&#39;T make this stuff up"
"&#34;Baboon with a balloon&#34;. There, the headline is fixed."
"You should have busted the teleprompter with the Pelosi hammer."
"The balloon is from Disney World. Matt took Marge there on a date before Ron shuts it down for good"
"That balloon is the size of three Marjories."
"Republicans are outraged at Biden&#39;s wise and adept handling of the  balloon incident.So they bluster and mock and lie. It&#39;s all they&#39;ve got."
"MTG should of had 2 balloons, she is a genius."
"When even Lauren Bobert thinks you’re crazy.  "
"Republicans look up to MTG as their role model because she behaves like a bold first grader."
"So Pelosi can rip up Trump’s speech but GOP reps get the vapors over Greene’s balloon?  Typical."
"We recall MAGAS trying to end the country in this Chamber. "
"What has she done for her district?   Performance artist!  "
"The only political stunt is the 81M so-called ballots and the disastrous presidency—in a mere two years—of Joey Jr. Oh-biden. "
"Senator Johnson (R) suggests ending Medicare, social security as mandatory spending programs — Washington Post"
"BREAKING: Trump is posting pictures of Ron DeSantis and young girls on Truth Social. The 2024 battle has begun and it’s a GOP civil war. maga will destroy the GOP after 2024 when trump hands the Presidency to a democrat. "
"The last republican administration didn’t even notice the Chinese spy balloons flying overhead. So,  Greene attempting to mock liberals doesn’t even make sense. "
"For MTG it’s not about doing the peoples business. It’s about Fox News screen time. "
"MTG is amazing.She is a smarter version of Trump"
"Don&#39;t you know that giving someone like that a plastic bag is dangerous?  They could put it over their head and asphyxiate......Wait...On second thought....Never mind."
"We need more republican congressmen and congresswomen to stand up to Brandon and his cronies!   Brandon calls us fascists and racists and all the GOP congressional representatives do is try to be polite and quite.   We need stronger representatives!"
"MGT is embarrassing. Not to republicans, to humans."
"Marjorie Greene didn&#39;t need a balloon to demonstrate, her head is filled with air. Only more difficult to pop because of her thick skull"
"Joe just proved tonight that any fears that he&#39;s too old, are vastly overblown."
"Great gag and dig!"
"Love you Joe!  Talk about what you’ve done for the American people rather than pulling silly high school pranks."
"Marjorie, you do know that the balloon was taken down with Jewish space lasers right?"
"Swallwell is there with his latin name.  Gaseous Noxious Interupptus.  Frrrp."
"With her plastic surgery, she&#39;s still ugly."
"Takes one to know one,  love it"
"If anyone wants to know about MTG constituents just watch Deliverance again. Some down there say it&#39;s a love story. Then take a closer look at her. You can land the space shuttle on her forehead "
"That’s MAGAts for ya! "
"Of course the are, they don’t a woman getting attention from them. They want to put the woman in her place. Small minds, fragile ego"
"More helium in that balloon or MTG&#39;s head?"
"I refused to watch Biden&#39;s lies, did he at least have one truthful statement, Biden created one job, it was for Hunter!"
"MTG has nothing more than stunts.  Keep it up, her District apparently loves it.  "
"Joe is just taking a well deserved Victory lap. "
"Go green 😃"
"No wonder MSNBC and CNN have few viewers!  Their viewers come to Fox News for true reporting!"
"No intelligence picked up by that balloon."
"My lie meter says I can’t handle anymore, I’ll watch some paint dry."
"The balloon she’s holding is more intelligent than MTG."
"still rinos in D.C
"
"She brought a balloon but could not make an animal out of it. I&#39;ve never heard of a clown like Greene not able to do that."
"Lol. Joe Biden just addressed Paul Pelosi!? Paul got beat by his lover in his underwear high on ecstacy. "
"Trump trashed DeSantis today on his Truth social network today and actually called him a groomer LOL. The two QANON supporting congress women Boebert and Greene are at each other&#39;s throats. McCarthy is hanging on by a thread and Scott and others want to cut SS and Medicare. Republicans have some serious problems LOL."
"Marge grew that balloon in a peach tree dish."
"<em>&#34;Well, I won&#39;t be bringing a white helium balloon, if that&#39;s what you&#39;re asking,&#34; Boebert told The Hill. </em><em>.</em>Knock it off ladies. "
"MTG. That&#39;s a face only a zombie could love."
"She looks like a Cro-magnon woman but uglier. "
"Gotta love that woman 🇺🇸👍"
"Marjorie Taylor Greene is a mother. Think about that. Mercy. "
"They should shine a green light laser pointer at her and yell &#34;Jewish Space Lasers .... HAHAHAHAHAAA&#34;."
"Totally fitting for balloon brain Biden."
"Republicans shouldn’t even be allowed in the capitol building after January 6.  They can vote and do things remotely.  Why have that filth in one of America’s most important buildings?  Look at how they act.  Hooting and hollering like they are at a football game.  Republicans are the definition of disgraceful and disrespectful.  "
"Did she ever get to the bottom of that elementary school she said spent $5 billion on CRT?"
"Green is a true leader, the woman I would like to see in the White House along with President Trump."
"The original Baby Trump Balloon is in a British Museum."
"Biden&#39;s SoU speech is brilliant.   He is calling on Americans to achieve specific ends on behalf of the entire nation.   "
"How do we know it was a &#39;Chinese&#39; Balloon?  Our own government has been spying on us for years!"
"There’s a video of Biden screaming about wanting to shut SS and Medicare, he’s really passed because he said, this is the FOURTH time he’s tried it, but has failed"
"You know it&#39;s bad when Boebert is clowning on her."
"She’s more desperate for attention than Kanye at this point. "
"Her immaturity shows. These people are going to pass laws we have to follow."
"Maybe a Rhonda Santis/MTG 2024 ticket.  That would be great."
"So Trump dropped the bombshell that DeSantis is a Groomer! The GOP: “The Party Of Groomers &amp; Boomers” "
"Act like you’ve been there before. Can we please have a third party? So tired of the juvenile antics from both sides. "
"Joe looked good and sounded good."
"As if we needed further proof that MTG is an airhead...."
"Which one is the airhead ?"
"This lady seems a little off. I’ve googled the stuff the liberal media says about her… and it’s unfortunately true."
"Elected Democrats went past the Twilight Zone and entered the hate zone into the perversion zone calling it normal and creating sanctuary zones for abnormal/perversion acts."
"Well, it ain&#39;t like she was eatin&#39; chikin."
"America and the WORLD loves Marjorie Taylor Green!!!!!!!!!!!!!"
"When the balloon gets popped do some more of Joe&#39;s state secrets fall out?"
"Marjorie QAnon Greene found one of the 3 Chinese spy balloons that Trump missed. China wants it back."
"So cringe and embarrassing"
"Pretty much sums her up, a joke."
"How nice to hear The State of the Union from a Parallel Universe!"
"Pretty much sums her up, a joke."
"How nice to hear The State of the Union from a Parallel Universe!"
"Thumbs down expected. Greene is awesome "
"Hence the reason why the Republican Party is loosing its foothold in American politics. Everything is a joke. Grow up folks before you’re completely shut out.  "
"That photo.  Boebert and Greene look like they are desperately waiting for the proverbial ‘money shot’."
"LOL. I think she&#39;s a nut generally, but that&#39;s funny. "
"And Yet Trump didn&#39;t see a white balloon the size of three buses when it flew over his house."
"This woman is just here for the hits and sound bites to make her base happy. She will never put fort policies or ideas.    "
"Why is Biden calling himself a capitalist and then spending time arguing for Marxism? "
"The GOP is a party of trolls and children. We all know this, and Republicans think it upsets Democrats, which is hilarious. "
"Is Greene still in high school?"
"When “owning the libs” is your only agenda. "
"It&#39;s a Tax The Rich moment. "
"Well the MAGA crowd made the USA a laughing stock yet again."
"I have a freshly shaved face for Boebert to have a seat on."
"If only the US see into the future and see how much the south has drug this country down during the civil war. Maybe we&#39;d have thought better of it and not try to win back the south."
"Great, now Huckabeef is grandstanding with the echo chamber MAGA sqauking points. "
"How about instead of acting like clown and being “hilarious”, she grows up and begins taking her job seriously. "
"Looks like somebody handed the horse faced girl a balloon so she wouldn’t feel lonely at the grown up meeting."
"An absolute embarrassment to our country. Maybe the &#34;space lazers beamed from space and controlled by a prominent Jewish banking family with connections to powerful Democrats&#34; can help her with her mental illness."
"I’ve never seen a middle aged adult happily carrying a balloon whilst smiling… Republicans have the IQ of children. "
"Green should&#39;ve Had written in red CCP with &#39;We&#39;re watching you&#39; underneath it."
"Gotta love that woman Greene"
🚫🎈🌈🐀&#39;s
"This whole group regardless of party are trash. We are literally watching history happen."
"We need Senator Daines from Montana to stop by and mistake MTG for an antelope."
"I saw a photo online of Whoopi in a white tent.  LOL!"
"She gave a dose of the Dim medicine to the Dims. The rest of the Repubs should take notice! We are tired of RINOs and turning the other cheek!"
"She has the RIGHT IDEA....liberals and their FAILURES SHOULD BE LAUGHED AT.....for the CLOWNISH WAY THEY &#34;govern&#34;!!!"
"Even the GOP is calling out this Q-Nut"
"MTG failed almost as much as Sarah Huckabeest’s hate-filled response."
"Why are red hats so juvenile..."
"You just know when she sent her DNA to find her ancestors it came back 99.9 percent neanderthal!  "
"Instead she dressed up as Cruella de Vil. "
"I was hoping this time Boebert and Taylor Greene would yell &#34;you lie&#34; at each other."
"There are more Chinese in Washington than there are at a Panda&#39;s Grill...."
"MTG, everyone knows that’s a “look at me” stunt. That’s what a democrat would do. Grow up!"
"might be the best speech Biden has ever made. watch it."
"The face of the Republican party.  Scary looking troll.LOSING."
"I see Large Marge was sporting her new road kill skin coat."
"That balloon is how she moves her trailer. "
"Biden always looks like a grouchy old man who smelled something bad.  "
"Americans live in a country run by a bunch of 80 year olds and wonder why everything is just so ‘exceptional’."
"If you got nothing to bring to a party, a balloon will evidently suffice."
"Maybe she should be waking around with a Jewish space laser."
"THe best thing you can say about Marge &#34;3 toes&#34; Greene and Boobert is they are entertaining. Hopefully George Santos take over as the master of the circus, but until then, Rock on ladies."
"Biden only had the balloon shot down because the Chinese didn&#39;t put a long enough string on it."
"She should smuggle herself some common sense in a balloon crammed in her prison wallet."
"Of course, half the GOP is probably being paid off by China, at least we can trust MTG"
LOL
"MTG wanted McCarthy as speaker now she needs to join McCarthy, Harris in their laughter."
"She behaves like a bar drunk."
"99 white balloonsFloating through the US skiesPanic bells, it&#39;s red alertThere&#39;s something here from somewhere elseThe war machine springs to lifeOpens up one eager eyeJoe Biden sings a lullabyAs 99 white balloons go by..."
"Something tells me this horse Sanders will max out in Little Rock.    Daddy&#39;s word can get this pony only so far"
"jill looks shriveled"
"Can we all agree that, at the State of the Union speech, Kirsten Cinema&#39;s dress was super heinous ugly?Seriously, she looked like someone stuck an M-80 in an avocado."
"Hero 🇺🇲"
"For all the unhelpful comments of dems...well, thats normal."
"Privileged Sarah Huckabee banned CRT. What would she possibly know about Minority Oppression?"
"Oh... the horse is braying now"
"She should have tied a GoPro camera to the balloon, let it go in the room, and all the GOP politicians could have pulled out their guns and shot it down."
"Any Democrat could have responded with three orange balloons.CHECKMATE "
"Absolutely a disgusting display of childish behavior by Rep. Greene."
"Hope they show it on TV!"
"Kinda made me want to bring a big helium tank and a pair of handcuffs. Everyone wave bye bye to Marjorie!"
"She should have handed it to AOC and watch as both flew off into the sky."
"She should have released the balloon in the house chamber "
"She&#39;s the joke as are most republicans."
"Why would Greene think that is appropriate???"
"Marge is the clown show!"
"Gotta love a GA girl. Never a dull moment. "
"An ignorant lowbrow stunt like this does nothing to detract from a phenomenal SOTU given by our duly elected president."
"MTG Santos 2024"
"&#34;Look it up&#34;...the bidiot"
"MTG is a loud mouth animal but the MAGA cult loves it."
"$174,000 + TONS OF BENEFITS = FOR WORKING 164 DAYS A YEAR IS PEANUTS !!!!!MAGA = Marge Taylor Green-New Deal (Feb-2023)"
"MTG is such an embarrassment for the GOP and America."
"governing I serious work. she is a joke"
"Sure ,if you can&#39;t bring any policy sky scream and bring a balloon."
"I think that all of the Republicans should have brought white helium filled balloons, and popped them when our national vegetable  was done with his rant."
"$174,000 + TONS OF BENEFITS = FOR WORKING 164 DAYS A YEAR IS PEANUTS !!!!!MAGA = Marge Taylor Green-New Deal (Feb-2023)"
"Sure ,if you can&#39;t bring any policy sky scream and bring a balloon."
"governing I serious work. she is a joke"
"I think that all of the Republicans should have brought white helium filled balloons, and popped them when our national vegetable  was done with his rant."
"MTG is the greatest advertisement for vote blue"
"The shape of Marjorie’s face is reminiscent of a balloon and her head is mostly filled with empty air…so yeah, she was pretty on point!"
"Why they keep saying Chinese spy ballon when. China has already confirmed it was just a weather ballon ! 😂😂😂"
"No matter what side of the fence or what your beliefs are. Being an American and making fun of that in that sense is truly disgusting "
"I love both of those ladies! "
"Why isn&#39;t my spider showing up in this browser??!?!?! probably Soros again!"
"If this was a trial balloon for another run for election, it should have been shot down before its inflation. Imagine floating this turkey across America! That&#39;s almost as bad as allowing China full surveillance of the continent."
"Domain awareness gap."
"Sasquatch are running Arkansas now huh.....that&#39;s wild"
"MAGAs are literally children."
"MTG, that guy, likes to make a spectacle of himself. "
"mtg is an infant, and it&#39;s all she will ever be."
"I&#39;m good with having a few lunatics in Congress--it should represent the diversity of America--but is Fox gonna be MGT&#39;s mouthpiece now? That&#39;s two stories in one hour. "
"My god, does that woman do any REAL work? She&#39;s just a grandstander who is continually looking for pearls to clutch. I can&#39;t tell which is the bigger airhead in the picture."
"Santos admitted he was once in drag. He took off his dress and everybody saw he was male.When will Majorie take off hers?."
"Just proves shes a air head, that said the balloon probably had more intelligence inside it than she does.  Second thought, swap her with the balloon!"
"AOC popped the balloon because John Kerry said it was full of greenhouse gases. "
"Did Marge allow Kevin  to watch the speech tonight? "
"Republicans appear to be acting defeated today.I am amazed that a Sleepy old man walks over them every time"
"99 luftballoons, floating in the summer sky."
"I would butter her muffin.... nawimsayin "
"Honest question… was MTG a UFC fighter in her early years? Her cauliflower ears and puffy face scare me. "
"MTG, is such a hot mess, classless. Blist Republican celebrity who slept her way to office. "
"Marjorie Taylor Greene/AOC 2024!"
"Am I the only one that sees the picture of Boebert and MTG and think of howler monkeys?"
"Its the end of Days...Boebert a Voice of reason in the GOP....lol"
"Most dems leadership are born liars and good at spreading false information with help from their paid fake media"
"MTG= Juvenile Attention Seeking Behavior. 🤡 🐴"
"THIS CHINAMAN BALLON IS MORE DANGEROUS THAN 9/11OR VACCINES BUT NOT AS DANGEROUS AS BENGHAZI"
"That woman is a Sun-damaged Barbie doll and an embarrassment to the Republican Party. She is only about herself. "
"Southern girls like to have fun!!Classy move Greene...not only creative..but a lot of jealous women out there ..
For those out there that knows nothing about Myrtle Beach..
perfect move and theatrics for a Georgia Peach!!!"
"Horse Face puts on a good show and that&#39;s about it. "
"Those two are probably rinos on obidens payroll and took offense to their boss being insulted."
"MTG and GEORGE SANTOS....disgusting stain on America."
"Should have been a peach in a mint balloon."
"MJT is an attention seeking freak show."
"I&#39;m conservative, but cannot stand this woman. She&#39;s the republican version of Rashida Tlaib."
"The USA is a joke"
"Like Democrats have forgotten about the Donald balloons?"
"Its really best to make light of this administration by doing things like this balloon stunt.  There is NO WAY anyone takes anything else they do seriously anyway.   All Joe needs is three rings and a red rubber clown nose."
"Lies are all the Left has to make their insanity seem beneficial to America. They really are a threat to everything America has achieved, especially progress in race relations, prosperity, and security."
"And people wonder why her husband dumped her????  She’s a train wreck!"
"Daddy’s not in the White House anymore. It’s time for the children to grow up."
"well I blame the sinner beta men for this"
"This sore!!! That&#39;s hanging on to the GOP needs to go. We don&#39;t need an AOC opponent / opposite "
"MGT is such an embarrassment for the GOP and America."
"MO is Missouri for our Senator not MS - that is Mississippi"
"MTG is Mickey Rourke in drag. Prove me wrong. "
"Now we get the morbidly obese rebuttal.  "
"Joe is just crushing it."
"She’s definitely not our brightest."
"Northwest Georgia must be a lovely place. "
"Smoke shows of Women. Only wish most women if not all had the courage to fight back against the woke swamp. If you’re a man and you support Ukraine, Junk Fees, Pro-Abortion, and Tyler than you ain’t Black. "
"MTG has to be one of the Ugliest and Rep.ulsive Woman on the Planet. 🤢"
"It&#39;s funny to see how Marjorie-Taylor-Greene triggers so many Dems and liberals -- the fact they have to come on this web site and insult her, just proves the Dems and libs are shallow cowards with low-self-esteem, and she was successful triggering them.  Just too funny !!!"
"One of these is full of hot air, the other is the balloon "
"I thought she&#39;d bring one in"
"Yeah, I get it now. The stakes being that high I think I&#39;ll just stop commenting."
"hard to decide which one had more hot air, naaahhhh it was her!"
"Imagine some people voted for them"
"I promise it&#39;s not from China!"
"near record unemployment....he says ...among black and Hispanic people ...yeah....that&#39;s because millions of illegals have already infiltrated our southern border"
"What is wrong with her? Such a child"
"MtG is uglier by the day. A true Republican "
"The Greene-Boebert civil war continues. Place your bets."
"Suddenly MT Greene is no better than the SOTU Speech Ripper-Pelosi!  Enough of the childish antics!  Let the REAL clown have his moment up there!  He&#39;ll have America laughing at him and his cronies, in no time!! "
"Headline chasing ho"
"MAGA attacked our country like third world terrorists. "
"The safest time to shoot a balloon with a missile - is when Greene is holding on to it - minimum collateral damage.  "
"Senator Eric Schmitt is from Missouri, not Mississippi."
"And then she said, it&#39;s just a balloon why was I freaking out over one."
"MTG McCarthy this is what is driving the bus you are F.."
"Sheila Jackson Lee always trying to get a photo op. When Biden came in and when he left she was in the aisle trying to get on tv. What a joke. "
"2 little girls. Try acting like a adult now and then. "
"Isn&#39;t that being a little childish though? "
"It’ll be hilarious when they’re revealed to be actual lizard people…"
"MAGA attacked our country like third world terrorists. "
"And then she said, it&#39;s just a balloon why was I freaking out over one."
"MTG McCarthy this is what is driving the bus you are F.."
"Sheila Jackson Lee always trying to get a photo op. When Biden came in and when he left she was in the aisle trying to get on tv. What a joke. "
"It’ll be hilarious when they’re revealed to be actual lizard people…"
"Isn&#39;t that being a little childish though? "
"VP MTG🤗"
"2 little girls. Try acting like a adult now and then. "
"Kevin is having a blast..."
"Too bad that balloon couldn&#39;t take her out to space !!!"
"Maybe at the next SOTU she&#39;ll wear a William Wallace kilt and shout &#34;Freedom!&#34;  "
"1 hr.15 mins. into his speech, and his son beau is still dead he says."
"MTG = PAW ProfessionalAttentionWhore."
"She&#39;s ignorant.  No other way to say it."
"So an air head with balloon. I get it!! "
"MTG as president will infect liberals with GDS, far more debilitating than TDS."
"Why would she cosplay as a foreign intelligence gathering...Oh wait... "
"the ego on these people..."
"MTG is Mickey Rourke in drag. Prove me wrong. "
"MCPA……..Make Congress Professional Again !!!!!!!!!  🤪"
"I guess everyone has forgotten how much of a scrapper McCain was. Literally! "
"Impeach Darth Brandon now."
"They all look the same when you bend them over"
"you maga boomers LOVE to &#39;trigger da libs&#39; so whats wrong with this stunt?"
"Joe let us down again. He should have called in a sidewinder the second he saw her with a balloon.  Lol!"
"Watch Biden&#39;s SOTU address .. that&#39;s what leadership looks like you mo(R)ons."
"Even that trans Marge looks more womanly than this abomination"
"She’s a p o s "
"&#34;Ron DeSantis was having a &#39;drink&#39; party with his students when he was a high school teacher. Having drinks with underage girls and cuddling with them certainly look [sic] pretty gross and ephebophiliaesque,&#34; Trump posted."
"Lighthearted "
"My kind of gals.Have a few shots of whiskey with a guy, maybe a little two step on the floor, then beat up a few Democrats before getting thrown out.I love it!"
"All the female Pennywise needs is a different shade of color on that balloon…"
"Halarious. "
"Senile Joe&#39;s having a medical emergency - snorted too much of Hunters stash beforehand."
"Joe&#39;s cabinet  Pete buttibeig  wiping his hands on everyone and the &#34;woe that i could wave a magic wand&#34; no energy woman."
"More believable than Democrat women wearing white dresses 🙄"
"MTG is a joke. "
"Never hate your enemies. It affects your judgment."
"This is what happens when you dunk your tampons in muster!"
"Like her forehead, the joke fell flat.  Literally."
"Sarah speaking in tongues now"
"She forgot to wear her clown nose and giant shoes"
"Jill slipped the tongue to the VP&#39;s husband.  She can&#39;t break her mistress ways."
"Talk about who killed Tyree."
"She really looks like a person with the face of a horse.  Marjorie is captain horse head. "
"Turns out that Biden was MTGs daddy 😂"
Really?
"Everyone who voted for her should be deported "
"She should have gotten a really big giant balloon with the words...Biden..&#34;I&#39;m a Big Kid Now...!&#34; on it.  Then she should have released the balloon Mid Speech..., and stated Be Free Balloon, Be Free..., You&#39;re Free Now Joe&#39;s Balloon...You&#39;re Free..!&#34;  Greene may be Crazy, but she is More Funny than the Whole Squad and Democrat Party put together."
"Girls will be girls."
"What a ditz!"
"Just how is making yourself look like a clown a political statement.  MTG needs to grow up a whisker.  "
"Sad, blowing a white balloon is her best attempt at any sort of intelligent response."
"Very disrespectful "
"Mccarthy clearly asked republican to refrain from stunts leading up to the state of the union, but good old crazy Greene always shows her stupidity "
"Will Marjorie visit Fat Donny while he is in prison?"
"Fox viewers worship junky Marjorie and Lauren."
"YOU GO GIRL"
"She is a joke!!  Please run!!  "
"Politicians don&#39;t want to legislate, they want to be in the headlines for silly stunts like this."
"It&#39;s just immature.....grow up."
"<strong>&#39;between normal or crazy&#39;</strong>"
"She put on her big girl pants, what about the others "
"🎈 away. "
"Greene and Boebert... a perfect example of truly unqualified leaders.  Can you imagine Abe Lincoln palling around with those two clowns?"
"Thats funny"
"It&#39;s a good thing she didn&#39;t have a &#34;BOMB&#34; strapped to her Balloon... eh, libs?!!!!"
"Other Republicans are mad they didn’t think of the idea first.  MTG is a nut case, but you gotta love her humor"
"The Dems need to dump the squad and the GOP need to dump Greene and the other wingnut"
"Bum fight!"
"Ugly inside and out "
🤣🤣🤣
"MAGA clowns embarrass America every single say."
"She has no class, what an embarrassment. "
"This woman is a complete tool!!"
"MTG needs to hire a writer. That was pretty lame. "
"Even if MTG became president, I don’t think her fat face could fit on Mount Rushmore. "
"Is it true Trump won’t tap her as veep because she too ugly?"
"I love seeing hot women like Marjorie flex their muscles. I wish she would have showed up in a pink string bikini. Dam!"
"&#39;&#39;BALLOON .. CLOWN .. CIRCUS FREAK&#39;&#39; = Madge Taylor Green-New DealMAGA"
"Will Marjorie visit Fat Donny while he is in prison?"
"Fox viewers worship junky Marjorie and Lauren."
"YOU GO GIRL"
"She is a joke!!  Please run!!  "
"Politicians don&#39;t want to legislate, they want to be in the headlines for silly stunts like this."
"<strong>&#39;between normal or crazy&#39;</strong>"
"It&#39;s just immature.....grow up."
"🎈 away. "
"She put on her big girl pants, what about the others "
"Greene and Boebert... a perfect example of truly unqualified leaders.  Can you imagine Abe Lincoln palling around with those two clowns?"
"Thats funny"
"It&#39;s a good thing she didn&#39;t have a &#34;BOMB&#34; strapped to her Balloon... eh, libs?!!!!"
"The Dems need to dump the squad and the GOP need to dump Greene and the other wingnut"
"Other Republicans are mad they didn’t think of the idea first.  MTG is a nut case, but you gotta love her humor"
"Bum fight!"
"Ugly inside and out "
🤣🤣🤣
"MAGA clowns embarrass America every single say."
"She has no class, what an embarrassment. "
"This woman is a complete tool!!"
"MTG needs to hire a writer. That was pretty lame. "
"Even if MTG became president, I don’t think her fat face could fit on Mount Rushmore. "
"Is it true Trump won’t tap her as veep because she too ugly?"
"I love seeing hot women like Marjorie flex their muscles. I wish she would have showed up in a pink string bikini. Dam!"
"&#39;&#39;BALLOON .. CLOWN .. CIRCUS FREAK&#39;&#39; = Madge Taylor Green-New DealMAGA"
"She pretty much summed up her party. A bunch of clowns that take nothing serious.  "
"Elect a clown like MTG and get a clown show.  Sorry folks this is what the GOP has become. "
"A lot of lefty trolls tonight including the writer of this article."
"Nuke china now, while we can. "
"Quick! Go to the Clown Store and get me a balloon. "
"So this hag is the best you have?"
"What a joke BRAIN DEAD BIDEN IS "
"Is he talking about Americans being being played for suckers? L"
"MTG is the stereotypical trailer trash Deplorable."
"Until Republicans get lunatics like MTG out of their party, they&#39;ll be considered a joke."
"She&#39;s the AOC of Republicans. Yuck"
"She remembered her balloon, but forgot her clown nose."
🤣👏
"LoL.. Liberals should be embarrassed... Failures... Every one of them.. "
"The Cons are clowns. "
"What a joke BRAIN DEAD BIDEN IS "
"Is he talking about Americans being being played for suckers? L"
"Until Republicans get lunatics like MTG out of their party, they&#39;ll be considered a joke."
"MTG is the stereotypical trailer trash Deplorable."
"She&#39;s the AOC of Republicans. Yuck"
"She remembered her balloon, but forgot her clown nose."
🤣👏
"LoL.. Liberals should be embarrassed... Failures... Every one of them.. "
"The Cons are clowns. "
"😀 😆 🤣 😂 😹 "
🤡
"😀 😆 🤣 😂 😹 "
🤡
🤡
"😀 😆 🤣 😂 😹 "
