"Don’t give us more lip service….impeachment and convictions of him and Harris are the only acceptable resolutions.  This was an epic failure by the entire administration. They failed to provide basic security to the people, a duty that at its core is the entire basis of the Constitution.  This entire administration has committed a negligence of a criminal nature never seen before in the Homeland of the United States. "
"Ah yes, the sharply worded letter.  The GOP can pretend to be doing something without actually taking any action.  Doesn&#39;t look to me like anything has changed."
"A resolution is great, but how about we figure out how to make the pentagon actually do their job?"
"A deeper thought on this is, it was only one baloon. What if there were 100&#39;s of thousands with biological, chemical or, EMP capable payloads? A WW1 technology taking down a country run on electricity only. Where is our defensive strategies? Especially when the command decision came from the Vegetable in chief not to shoot it down. Do we not think the PRC was gathering intel on the weather patterns as well? What a poor representation of the people who choose to be governed by this deep state. "
"&#34;Resolution&#34;??   IMPEACHMENT.   Why hasn&#39;t milley been fired and court martialed?"
"forget resolutions, write article of impeachment, he won&#39;t be impeached due to the senate,  but it would be fun to see how many times the House can impeach Brandon. He has two years left, let&#39;s try for 24 times. Once a month,  let him break Trumps record. "
"A resolution.To condemn.This will change everything."
"Working on a resolution? What is there to work on? It happened....and everyone saw it. We need to get back to the basics and handle business swiftly."
"At least we knew under Biden Trump just let them sail across the country"
"That is the problem. They condemn, then they highly <strong>condemn, </strong>but never do a thing. It is all lip service."
"GQP doesn&#39;t rally around the flag unless they&#39;re using it to beat a cop."
"Scalise.  I applaud what your trying to do.  But all committees should be working on Articles of Impeachment.  America can not survive two more years of this."
"Wow , Republicans are so desperate to attack Biden , they&#39;ll literally try to turn anything he does into a phony scandal but they can&#39;t seem to find their new Benghazi or Hillary&#39;s Emails. 💯 Republicans ran on fixing inflation and gas prices but they know they can&#39;t do that so they&#39;ve focused on generating phony scandals and trying to get billionaires tax cuts. 💯 What a joke...💯💯💯💯"
"A resolution condemning him, so what? Why he and Harris are still in their positions is beyond me. We are letting criminals run this country."
"Bwahahahahahaa!!As if anyone actually believed they were going to address inflation!!🤣🤣🤣🤣"
"The Chinese have spy satellites orbiting the Earth just like the U.S.  These satellites can look at a vehicle on the ground and determine how much fuel is in the vehicle based on its heat signature.  With satellites with those capabilities, why would the Chinese need to use balloons to gather intelligence?  They are lying to us again, this was not a spy balloon."
"Wow, more bold action by the Republican party.  That should bring inflation down!"
"A congressional resolution is just a formal way of saying “Shame on You”."
"Oh no. Not a resolution. What ever will he do now?"
"Someone is salty that they aren&#39;t on the committee, so they want to waste everyone&#39;s time. "
"Starting at day one executive orders reversing Trump’s border policy, the Biden administration has been a series of blunders and screwups. Afghanistan withdrawal killed 13 service members and in response Joe Biden droned children."
"Takes too long.  I&#39;ll do it for you , Tex.<strong><em>&#34;We, the MAGAts of America, hereby resolve to mandate more investigations of Hunter and the Big Guy&#39;s 10%.&#34;</em></strong>"
"i, like most people made a new years resolution. how is that working out for you?"
"Most charitable take on Balloongate: Turning a No-Brainer into a Headscratcher.Which is why marxist governments can’t allow free and independent news outlets."
"Biden could demonstrate a new commitment to competence by firing General Milley."
"We outpsend other countries on military spending by a huge margin. What happened last week should not happen"
"All of these things that the Republicans are doing mean absolutely nothing. Biden is more corrupt than the Clinton’s !
And that’s difficult to achieve! There’s nothing that can be done. He’ll never be held responsible for his actions and he knows it!

The political circus hurts all of us hard working Americans!"
"The Biden administration owes it to the American people to prove the ballon was not a biological weapon "
"GOP needs to stop being so reactive.  They need a long term strategy and stop getting jerked around by the Democrats."
"but, but trump did the same thing. only it was undetected which means no one saw it. but schiff has video and audio of trump saying china told me to let it go. "
"Dereliction of duty. Impeachable. Resulting in a Jussie Smollett necktie."
"“ legislation”. They won’t ever get any legislation under MAGA Play House. "
"<strong>Steve Scalise...always crying during baseball games.</strong>"
"<strong>We all know what the state of the Union is So don&#39;t waste time with lies. Unity? You &amp; your party are driving us all part. You&#39;ll see the results sooner than you think Like on July 4th 2023 in D.C at the peaceful protest See you all there</strong>"
"How about you do something useful. You know, like his business dealings with Ukraine before the war and where the tax dollars he gleefully sends Zelensky goes. How about his absolute failure to protect our borders? How about something that will actually help Americans?  "
"That wasn&#39;t a spy balloon, they are lying to us yet again. Why would the Chinese need to send a spy balloon, they have spy satellites for that purpose. The Chinese like to develop deadly viruses. This balloon was a test run for a viral deployment system to spread a lethal virus across the U.S. A Balloon could float across the U.S. periodically dropping vials containing the virus. The vials could be constructed to explode at 1,000 feet with each vial spreading the viral material across a large cross section of the U.S. The Chinese are planning on using balloons to implement biological warfare against the U.S. Think about it.Joe Biden is an extremely weak man and is being paid $1+ million per year by the Chinese through the guise of the Penn Biden Center. The Penn Biden Center was setup by the Chinese and funded with $60 million from the Chinese. Joe Biden receives $1+ million per year from the Penn Biden Center (AKA the Chinese).This would have NEVER happened with a strong President like Trump."
"Resolutions....Committees....Investigations....GOP&#39;s TOTAL plans for 2023"
"<strong>Steve Scalise&#39;s brain hasn&#39;t worked quite right ever since that baseball game.</strong>"
"If we had an unbiased justice department, these congressional investigation would be unnecessary. DOJ would already be on it. Biden&#39;s handling of everything related to China, from COVID to the balloon has been criminal."
"Why do I have the feeling that while they work on a resolution to condemn, they are winking at Briben to increase the debt limit just like the dems demanded?"
"MAGA Play House. Not a thing accomplished or to be accomplished. "
"and guess what.  Nothing will be done even if the GOP was in control of both houses.  It&#39;s nothing but TALK with these people"
"Yet another G0P bill that will not pass the Senate or be signed by the President."
"MAGA Play House-we have a resolution. "
"Condemn, he should be thrown in jail.  "
"Resolution?  That&#39;s just above &#39;high five&#39; in Washington."
"Would you like to ride in my beautiful balloon? Would you like to glide in my beautiful balloon? We could float among the stars together, you and I"
"What about Hunter?  When does that investigation start?  Are we waiting for Cyber Ninjas to finish something?"
"Waste of time."
"Waste of time.."
"So when is somebody going to come out with technical proof this was a spy flight?"
"Hey, who woke up the GOP? Two years at Sleepy Hollow comes to an end."
"the thing was as big as 3 school buses and the GOP wanted it shot down over the US?"
"Articles of impeachment for not protecting the USA.  At the border, and now in the sky."
"Good !The best cure for TDS is to re-elect President Trump."
"WE ALL KNOW THAT WILL DO NO GOOD.  SO WHY BOTHER?"
"<a href=""https://www.foxnews.com/politics/scalise-says-gop-working-resolution-condemn-bidens-handling-chinas-surveillance-flight#&amp;_intcmp=hp1r_15,hp1r"" target=""_blank"" rel=""noopener""><strong>Scalise says GOP working on resolution to condemn Biden&#39;s handling of China&#39;s surveillance flight</strong></a><strong>, impeach traitor Biden and jail him.</strong>"
"Ladies and gentlemen, your Republican majority House hard at work!  🤦‍♂️ "
"It rained today in the South.....GOP Investigation started yet?"
"GOP is a VERY scared bunch!  What are they NOT afraid of?"
"I am so glad I never voted for China Joe."
"Condemn? It’s called impeachment…get after it."
"GOP working is an oxymoron"
"hope they start drafting articles of impeachment "
Good!
"Apparently, the Chinese Communist government is so broke they only made ONE balloon.  Sad, isn&#39;t it??   They only have ONE balloon??  Seriously???  The radar on my boat would have seen that thing.  And there is NO stinking way this is their first balloon.   "
"This is so sad and so ignorant.  When you secretly discover an adversary&#39;s intelligence asset, you monitor and exploit it as long as you can do so covertly.  You don&#39;t immediately destroy it.  "
"Basically &#34;shame shame everybody knows your Name&#34;.....lol"
"Biden, incompetence, Lies and coverups"
"FIRE GENERAL MILLEY. INCOMPETENT WOKE GENERAL"
"This is just one of 100&#39;s of other reasons to impeach this crooked and senile old man."
"FIRE GENERAL MILLEY. INCOMPETENT WOKE GENERAL"
"This is just one of 100&#39;s of other reasons to impeach this crooked and senile old man."
"Don’t give us more lip service….impeachment and convictions of him and Harris are the only acceptable resolutions.  This was an epic failure by the entire administration. They failed to provide basic security to the people, a duty that at its core is the entire basis of the Constitution.  This entire administration has committed a negligence of a criminal nature never seen before in the Homeland of the United States. "
"Ah yes, the sharply worded letter.  The GOP can pretend to be doing something without actually taking any action.  Doesn&#39;t look to me like anything has changed."
"A resolution is great, but how about we figure out how to make the pentagon actually do their job?"
"A deeper thought on this is, it was only one baloon. What if there were 100&#39;s of thousands with biological, chemical or, EMP capable payloads? A WW1 technology taking down a country run on electricity only. Where is our defensive strategies? Especially when the command decision came from the Vegetable in chief not to shoot it down. Do we not think the PRC was gathering intel on the weather patterns as well? What a poor representation of the people who choose to be governed by this deep state. "
"&#34;Resolution&#34;??   IMPEACHMENT.   Why hasn&#39;t milley been fired and court martialed?"
"forget resolutions, write article of impeachment, he won&#39;t be impeached due to the senate,  but it would be fun to see how many times the House can impeach Brandon. He has two years left, let&#39;s try for 24 times. Once a month,  let him break Trumps record. "
"A resolution.To condemn.This will change everything."
"Working on a resolution? What is there to work on? It happened....and everyone saw it. We need to get back to the basics and handle business swiftly."
"At least we knew under Biden Trump just let them sail across the country"
"That is the problem. They condemn, then they highly <strong>condemn, </strong>but never do a thing. It is all lip service."
"GQP doesn&#39;t rally around the flag unless they&#39;re using it to beat a cop."
"Scalise.  I applaud what your trying to do.  But all committees should be working on Articles of Impeachment.  America can not survive two more years of this."
"Wow , Republicans are so desperate to attack Biden , they&#39;ll literally try to turn anything he does into a phony scandal but they can&#39;t seem to find their new Benghazi or Hillary&#39;s Emails. 💯 Republicans ran on fixing inflation and gas prices but they know they can&#39;t do that so they&#39;ve focused on generating phony scandals and trying to get billionaires tax cuts. 💯 What a joke...💯💯💯💯"
"A resolution condemning him, so what? Why he and Harris are still in their positions is beyond me. We are letting criminals run this country."
"Bwahahahahahaa!!As if anyone actually believed they were going to address inflation!!🤣🤣🤣🤣"
"The Chinese have spy satellites orbiting the Earth just like the U.S.  These satellites can look at a vehicle on the ground and determine how much fuel is in the vehicle based on its heat signature.  With satellites with those capabilities, why would the Chinese need to use balloons to gather intelligence?  They are lying to us again, this was not a spy balloon."
"Wow, more bold action by the Republican party.  That should bring inflation down!"
"Oh no. Not a resolution. What ever will he do now?"
"A congressional resolution is just a formal way of saying “Shame on You”."
"Someone is salty that they aren&#39;t on the committee, so they want to waste everyone&#39;s time. "
"Starting at day one executive orders reversing Trump’s border policy, the Biden administration has been a series of blunders and screwups. Afghanistan withdrawal killed 13 service members and in response Joe Biden droned children."
"Takes too long.  I&#39;ll do it for you , Tex.<strong><em>&#34;We, the MAGAts of America, hereby resolve to mandate more investigations of Hunter and the Big Guy&#39;s 10%.&#34;</em></strong>"
"i, like most people made a new years resolution. how is that working out for you?"
"Most charitable take on Balloongate: Turning a No-Brainer into a Headscratcher.Which is why marxist governments can’t allow free and independent news outlets."
"Biden could demonstrate a new commitment to competence by firing General Milley."
"We outpsend other countries on military spending by a huge margin. What happened last week should not happen"
"The Biden administration owes it to the American people to prove the ballon was not a biological weapon "
"All of these things that the Republicans are doing mean absolutely nothing. Biden is more corrupt than the Clinton’s !
And that’s difficult to achieve! There’s nothing that can be done. He’ll never be held responsible for his actions and he knows it!

The political circus hurts all of us hard working Americans!"
"GOP needs to stop being so reactive.  They need a long term strategy and stop getting jerked around by the Democrats."
"but, but trump did the same thing. only it was undetected which means no one saw it. but schiff has video and audio of trump saying china told me to let it go. "
"Dereliction of duty. Impeachable. Resulting in a Jussie Smollett necktie."
"“ legislation”. They won’t ever get any legislation under MAGA Play House. "
"<strong>Steve Scalise...always crying during baseball games.</strong>"
"<strong>We all know what the state of the Union is So don&#39;t waste time with lies. Unity? You &amp; your party are driving us all part. You&#39;ll see the results sooner than you think Like on July 4th 2023 in D.C at the peaceful protest See you all there</strong>"
"How about you do something useful. You know, like his business dealings with Ukraine before the war and where the tax dollars he gleefully sends Zelensky goes. How about his absolute failure to protect our borders? How about something that will actually help Americans?  "
"That wasn&#39;t a spy balloon, they are lying to us yet again. Why would the Chinese need to send a spy balloon, they have spy satellites for that purpose. The Chinese like to develop deadly viruses. This balloon was a test run for a viral deployment system to spread a lethal virus across the U.S. A Balloon could float across the U.S. periodically dropping vials containing the virus. The vials could be constructed to explode at 1,000 feet with each vial spreading the viral material across a large cross section of the U.S. The Chinese are planning on using balloons to implement biological warfare against the U.S. Think about it.Joe Biden is an extremely weak man and is being paid $1+ million per year by the Chinese through the guise of the Penn Biden Center. The Penn Biden Center was setup by the Chinese and funded with $60 million from the Chinese. Joe Biden receives $1+ million per year from the Penn Biden Center (AKA the Chinese).This would have NEVER happened with a strong President like Trump."
"Resolutions....Committees....Investigations....GOP&#39;s TOTAL plans for 2023"
"If we had an unbiased justice department, these congressional investigation would be unnecessary. DOJ would already be on it. Biden&#39;s handling of everything related to China, from COVID to the balloon has been criminal."
"<strong>Steve Scalise&#39;s brain hasn&#39;t worked quite right ever since that baseball game.</strong>"
"Why do I have the feeling that while they work on a resolution to condemn, they are winking at Briben to increase the debt limit just like the dems demanded?"
"MAGA Play House. Not a thing accomplished or to be accomplished. "
"and guess what.  Nothing will be done even if the GOP was in control of both houses.  It&#39;s nothing but TALK with these people"
"Yet another G0P bill that will not pass the Senate or be signed by the President."
"MAGA Play House-we have a resolution. "
"Condemn, he should be thrown in jail.  "
"Resolution?  That&#39;s just above &#39;high five&#39; in Washington."
"Would you like to ride in my beautiful balloon? Would you like to glide in my beautiful balloon? We could float among the stars together, you and I"
"What about Hunter?  When does that investigation start?  Are we waiting for Cyber Ninjas to finish something?"
"Waste of time."
"Waste of time.."
"So when is somebody going to come out with technical proof this was a spy flight?"
"Hey, who woke up the GOP? Two years at Sleepy Hollow comes to an end."
"the thing was as big as 3 school buses and the GOP wanted it shot down over the US?"
"Articles of impeachment for not protecting the USA.  At the border, and now in the sky."
"Good !The best cure for TDS is to re-elect President Trump."
"WE ALL KNOW THAT WILL DO NO GOOD.  SO WHY BOTHER?"
"Ladies and gentlemen, your Republican majority House hard at work!  🤦‍♂️ "
"<a href=""https://www.foxnews.com/politics/scalise-says-gop-working-resolution-condemn-bidens-handling-chinas-surveillance-flight#&amp;_intcmp=hp1r_15,hp1r"" target=""_blank"" rel=""noopener""><strong>Scalise says GOP working on resolution to condemn Biden&#39;s handling of China&#39;s surveillance flight</strong></a><strong>, impeach traitor Biden and jail him.</strong>"
"It rained today in the South.....GOP Investigation started yet?"
"GOP is a VERY scared bunch!  What are they NOT afraid of?"
"I am so glad I never voted for China Joe."
"Condemn? It’s called impeachment…get after it."
"GOP working is an oxymoron"
"hope they start drafting articles of impeachment "
Good!
"Apparently, the Chinese Communist government is so broke they only made ONE balloon.  Sad, isn&#39;t it??   They only have ONE balloon??  Seriously???  The radar on my boat would have seen that thing.  And there is NO stinking way this is their first balloon.   "
"This is so sad and so ignorant.  When you secretly discover an adversary&#39;s intelligence asset, you monitor and exploit it as long as you can do so covertly.  You don&#39;t immediately destroy it.  "
"Basically &#34;shame shame everybody knows your Name&#34;.....lol"
"Biden, incompetence, Lies and coverups"
"FIRE GENERAL MILLEY. INCOMPETENT WOKE GENERAL"
"This is just one of 100&#39;s of other reasons to impeach this crooked and senile old man."
