"Military members have been screaming this for years. The amount of time and money for field training has decreased. The amount of time training for computer base training has increased. When I joined in 87 my ancillary training was on a single 5X8 index card. My training records for my day to day job and field training were about a dozen or so. When I retired in 2010 as an instructor, my ancillary training record was just as thick as my day to day instructor training packet. And you were in more trouble if you failed to keep a copy of a ancillary training session than missing training for your job."
"Remember - America was once the <strong>GREATEST</strong> country the world has ever seen.Joe Biden and his handlers from the Democratic Party and the World Economic Forum have destroyed our nation in a quick 18 months.Everything Trump said would happen is happening with Brandon - lowered oil production, lockdowns, inflation ,and immigration amnesty. My health insurance bill is up to $650/month. My gas is up to $5.50 a gallon, grocery bill up big, my rent is $3000/month, only things cheap still are car insurance ($25/month from Insurance Panda), electric bill ($22 from Solar Melon), and my gym ($15/month from Planet Fitness), but I’m sure those&#39;ll go up soon too.Can anyone name one good thing that has gotten better under senile Joe and the Democrats?It&#39;s time to Make America Great Again (MAGA)"
"While the Obama Clinton Biden Administration has been wallowing in the Woke Green Agenda, the CCP has been gaining a foothold in America!  Like him or not, Trump was the only one pushing back against China!  The Self Serving Career Politicians of Washington DC were doing nothing! "
"The world is laughing, not just China. They’re all laughing at Joe and the entire administration, Congress for being sellouts, the corporations and msm for coddling every minority group imaginable. Last but not least, We the people for allowing things to deteriorate so quickly."
"Calm down...Here in Illinois we took bold action.We&#39;ve now installed feminine hygiene product dispensers in the 4th through 12 grade boy&#39;s restrooms.  We are now battle ready."
"It&#39;s how you take a country without firing a shot. All going according to plan. "
"For centuries empires fell because of external forces causing them to fracture and crumble. However we are now witnessing an historical destruction of a once proud nation from forces WITHIN our country - the elites, willing to exchange the death of our country for wealth and power."
"It’s not only China that’s laughing at America "
"China designed the decline.....and planted the people in the appropriate places to make it happen. They know how to play the long game.....I&#39;ll give them that. "
"... Trump was the most refreshing thing to happen to US politics, political correctness and geopolitics in 20 years.  America could use more of what he still has to offer!"
"China isn&#39;t over 30 Trillion in Debt, America is. So Chinese Politicians must be a lot smarter than ours are. Have to be, they even get our Party Leaders to give them our Tax Money to ensure their people stay employed."
"The President, the Secretary of Defense, the Secretaries of the Army, Navy, Air Force should all resign for allowing our armed forces to deteriorate in today&#39;s war environment."
"Who’s driving the US “culture war”?  Every Member of the Democrat Party!  The CCP will defeat America without firing a shot! "
"US military equipment painted in rainbow colors won&#39;t end well. US military can&#39;t even get recruits to meet needs right now. "
"The &#34;melting pot&#34; worked in the early 1900&#39;s when immigrants truly wanted to assimilate into American culture.  Now you have an open-door policy that brings different races and cultures that don&#39;t necessarily want to leave the culture they fled from behind and literally bring their foreign flags with them.  Now they&#39;re after the majority for change.  That&#39;s why there is no unified America anymore."
"It takes massive wealth to influence and take down a country. Just follow the mega money trails and you can see who&#39;s funding the decline of America."
"As another poster pointed out, it&#39;s not only China that&#39;s laughing at us."
"Meanwhile Milly Vanilly is making sure we use the right pronouns…..we’re toast…."
"This is why I find it so comical that the Democrats accuse Republicans of colluding with Russia or China or any of our other enemies. Our enemies want Democrats in control, because they always weaken our military."
"China won&#39;t be laughing when Biden&#39;s new trans special forces Heel Team Six and The Pink Berets show up on their doorstep with a bunch of glitter bombs and sparklers.....wait....nevermind."
"Not just China, but Russia, North Korea, Iran, all of America&#39;s enemies are rolling on the floor in laughter awaiting the new &#34;woke&#34; version of our military to come sashaying out onto the battlefield."
"Most Americans are laughing and crying at the same time.  Our country has become a joke under Biden. "
"The &#34;woke&#34; people all over the civilian administration are treating the armed forces like a social experiment.  It was bad enough when the Army went co-ed in its basic training."
"Social engineering can degrade combat readiness, unit cohesion, and retention. "
"Just China? News flash, the entire world is laughing at the clown show our country has become with the infestation of wokeness destroying our society."
"China is not only laughing at our political leaders, they are laughing at our military leaders. Why do we Americans feel the need to announce to the whole world, and in particularly China, that we will be at war with them (Chinese) in three years? For what purpose does the announcement by the US general serve? Do we think that the Chinese will be scared by this announcement? The only purpose is to indoctrinate us weak-minded Americans to hate China for not articulable reasons. If we are to prepare, then prepare strategically and quietly. The public announcement alerts our adversaries unnecessarily and it completely contravenes the tenets of Sun Tzu&#39;s The Art of War, which I am sure the Chinese follow closely."
"our military leaders have no business playing politics. of course China is laughing at us. along with every country in the world"
"We can end China&#39;s ambitions today really , Get every country to stop buying goods from them , bring those jobs home , if the argument is about cheap labor and increased costs to us , that&#39;s a no brainer , just set up shop in South America , all the migrants coming to the border stop as they would all have jobs at home , we don&#39;t need China , just gotta convince Wall Street"
"Majority of Americans are laughing at it, too....  "
"It&#39;s not just china laughing at the US. The whole world is laughing at us!"
"China is also laughing at the fact that Dems did their bidding for them with the fraudulent elections disguised as COVID mail-in ballot protocols."
"Everything the Dems touch they destroy and that&#39;s not an accident. In order to &#34;fundamentally transform&#34; anything you must first destroy. The problem is the Dems have assumed they the ones who&#39;ll rebuild. Think the Chinese and Russians may have other ideas."
"Most people join the service because it is their best option at the time."
"The public is made up of a lot of prior military members and all of them that I know feel that senior leadership in all the branches need replaced down to the point where the woke culture began if its down to the Colonel level so be it, we need warriors not political activists in charge of our military.  Since we can&#39;t trust civilian leadership all service secretaries should have input from active duty personnel not merely appointed by someone like Joe Biden."
"When you look at this administration, how can you blame the Chinese for laughing at us?"
"Somewhere, a chinese general is saying, &#34;Hey, this will be easier than we thought..&#34;"
"China doesn&#39;t embrace WOKE and that is definitely making them stronger militarily and more unified. WOKE will destroy us."
"Part of the problem is Democratic voters just don&#39;t care as long as Democrats are running the circus.  I just saw in &#34;Real clear politics&#34; that Biden&#39;s approval numbers actually went up a little since the classified documents fiasco."
"Nothing he said is shocking, unfortunately... just frightening. US borders are wide open to absolutely anybody in the world. Of course, Biden has made America THE laughingstock of the planet."
"China is not worried about climate change or lgbtqabcfuck.  They will beat us without a shot fired.  We are destroying America from within.  Enjoy.  "
"Why are Party Members so afraid of every other country around the world? Is America really that weak? Can anyone conquer us anytime they want too? Wait that&#39;s right Cuba was going to do it.I forgot, your Party Leaders say be afraid and you have no other choice but to shake in fear."
"Our Pentagon brass are too busy pushing CRT and pronoun training to be worried about China.  And it&#39;s going to make Pearl Harbor look like a Sunday School picnic."
"We can all thank O&#39;blunder and Bidumb for this."
"Sgt yells to specialist. Robert go to the left flank and open fire on their position. Robert responds I am not Robert I am Roberta, and I am going to report you. Fine do it after you do what I told you to do. I will not go out there I might get captured and they hurt women. I thought you were a man no I am only a man when it benefits me, and it does not benefit me right now. I want to go home. "
"Republicans don&#39;t care that Americans are laughing at them for defending George Santos but are worried that China is laughing at us. I wouldn&#39;t expect anything less from this new Republican party. "
"CCP are the cause of these cultural wars in America.They pay to indoctrinate young minds in college and pay politicians to pass immoral laws to erode our society.The thing that the CCP does not realize is that when America gets backed into a corner, we tend to bite.Don&#39;t underestimate the American spirit, the majority of the US is asleep right now, but you will awaken a sleeping giant if you keep poking the bear."
"First thing that should happen is to ban all forms of social media and then reinstate the draft. Far too many people ,especially teenagers walking around with their faces pointing down to the ground"
"Can&#39;t wait until Biden gets his first Transgender General and Admiral.  Just think of the great confidence the troops will have knowing these highly qualified individuals will be leasing them into battle.  Just curious about which uniform they will wear."
"It will be tragic when these recklessly power-hungry Democrats manage to get us involved in a &#39;real&#39; war, which they&#39;re certainly making more likely with their endless adventures in the interests of their own wealth, privilege and power.  I think they&#39;ll be a bit surprised this time around to find public support for such a venture far less than they might expect, and the industrial base they&#39;ve done so much to erode far less capable of overcoming the damage inflicted by their folly.   "
"Then add a dash of Joe Biden leading the free world, and the laughter gets louder.  They didn&#39;t laugh at Trump when he slapped tariffs on their communist posteriors."
"Biden did this "
"Not just China.....ALL the world is laughing, friend and foe alike."
"I&#39;m kinda laughing too. If it wasn&#39;t for our nuclear arsenal, who knows what our enemies might try. Thank God for nukes."
"China&#39;s &#34; Societal Decline App&#34; Tiktok, has been teaching all Americans to try &#34;Challenges&#34; that are meant to mame or kill the app viewers. Ofcourse they&#39;re laughing at us, we&#39;re being controlled by them with SM Apps."
"<strong>What hurts combat readiness is soldiers who refuse the vaccinations that US soldiers have been getting for 200 years.  A Navy ship could not leave port a few years ago because half the crew was sick with COVID.  That is unacceptable.  </strong>"
"By looking at common sense and reality, this guy hit the nail on the head."
"WOW….it is amazing that backdoor money deals between Biden/Democrats and the Chinese have no influence or impact ???"
"China is ‘laughing’ as US culture war erodes combat readiness..So are most of the un-woke veterans in this country..."
"American Corporate Owners Love and Need China more than America. Now support them and buy their &#39;Made in China&#34; Products, if you don&#39;t, your Party Leaders will Borrow Money from China to make sure they can keep their Factories in China open, BAILOUTS help China."
"Vaccinated people are actually blaming non-vaccinated people for not warning them about the dangers of vaccination. The CCP has US warships chasing radar spoofing technology that looks like UFOs. "
"The same people who whine about wokeness are the same who whined about losing segregation."
"they have been laughing and the rest of the world since Biden took office. He and our government concentrate on appeasing the fringe lunatics while ignoring American needs and foreign policy! oh and his own needs are a priority too! "
"Meanwhile we are selling out the very ground we stand on to the Chinese. Selling land to the Chinese for farms some near military bases ( the proximity makes spying easier) , selling businesses to the Chinese ie GE, AMC theatres, Smithfield Foods, Legendary Pictures, Waldorf Hotels, Strategic Hotels, Riot Games, Sheraton Universal Hotel, Marriott Downtown LA, Motorola Mobility, Terex, Teledyne, TikTok, International Lease Finance Corp, Apptec Laboratory Services, Complete Genomics, Zonare Medical Systems, ASSA Properties, One Chase Manhattan Plaza, A123 Systems, Mochi Media, Quorum Systems, Goss International and the PC business of IBM are also owned by China. BBC reported in 2015 that <strong>China has an estimated $4 trillion</strong> of foreign reserves stashed away in various foreign investments. <strong>The United States has been the largest recipient of Chinese money back then.</strong><strong>So the next time you wonder why China has such influence, even in the US, you will already have an idea why..</strong>"
"Got to laugh at Biden supporters they got nothing to defend."
"That is right but it is only going to get worse until they change the way we vote. We need to go back to hanging chads paper where it can not be changed. But as Stalin said voter never elects people, the voter counters do."
"China is laughing at us? Why not , the rest of the world is &amp; rightfully so."
"Not just China is laughing. Most of the world along with half of this country&#39;s population also."
"People need to stop with the belief that our military &#34;leadership&#34; is anything more than just a smaller group of special politicians.Incompetent at war, just like at the start of WWII, we&#39;re going to be retiring a lot of Generals and Admirals when the war starts with the Chinese.On the other hand promotion opportunities will be greatly expanded"
"When will we have a war over here on our mainland? Missiles and drones will do it. Will we be fighting for the freedom of other countries for some one else always since 1812. Over there?"
"War General and President, Eisenhower, &#34;Beware the Military Industrial Complex&#34;.What a statement, why would a President try to warn the American People about it?What secrets did he find out? Was that the reason he said, I will not seek a second term as President? "
"Finally a man of reason who speaks the truth about our military and its&#39; &#34;woke&#34; so-called leaders at the Pentagon.  If we get a Republican President in 2024, he/she should fire every single General/Admiral at the Pentagon on day one."
"China and Russia must love what&#39;s going on. They simply sit back and watch while under Joe and the Dem party we eat ourselves up from the inside as part of Obama&#39;s &#34;fundamental transformation&#34;. Reminds me of the frog sitting in boiling water adage."
"americans aren&#39;t laughing. we are disgusted."
"The decline of our military started January 20, 2009."
"There won&#39;t be a war. China already owns the U.S."
"Here&#39;s the plan. Denigrate law enforcement. Encourage criminality. Push the alphabet agenda. Weaken the military. Remove as many guns as possible from law abiding citizens. The end result? China takes over America with help from Russia, North Korea, Iran, and terrorist groups based in the Middle East. "
"China is not laughing  - they now see what our advanced weapons can do when used by half trained troops."
"China is going to Get you. Make sure you buy their Products!China is going to Get you, use our Tax Money to Bailout their Companies.If any Corporation or Company uses Chinese Labor to make their Products. In case your Party Leaders forgot to tell you, they aren&#39;t American."
"China need only watch YouTube or AFV to see our fattest citizens unable to negotiate walking or jumping or upper body strength. Unless our Plan B with China is to lease them Canada, we best hope they&#39;re too greedy for War."
"I get a good laugh too. Be Afraid, cower down in fear, they&#39;re coming to get you. Since we have to be the weakest country in the world now. Since even the smallest countries of the world can get us anytime they want to, too. What has your Party done to our Great Country? Why have you let them do it?"
"It&#39;s not just China, the whole world is laughing at us."
"Army Boot Camp 2023:

We&#39;re going to start today with pushups, including partner hehehe. 

This afternoon, we have equity training for white soldiers only. All others will meet in chow hall for early chow.

After Chow, we will re- gather Co.69 and meet in drill hall for Proper pronoun usage so as not to offend our co-combat partners.

There will be no weapons training until the last week of our 5 weeks of training.

Ok, soldier people,double time back to barracks, and hit the rack at 2000hrs.

Tomorrow....Drag queen dance day for moral booster. Good night soldier people.
"
"What I want to know is how that Bidenflation working out for his woke voters?"
"“China has been working very hard to contain the Coronavirus. The United States greatly appreciates their efforts and transparency. It will all work out well. In particular, on behalf of the American People, I want to thank President Xi!” - Trump"
"They weren&#39;t laughing when our defense spending was upped."
""
"It is what it is. Next time install someone better. The country will be a lot better off once the wonder twins have been uninstalled."
"Cultural wars are just a distraction so we don&#39;t focus on the real problems that our so called leaders are ignoring."
"China can&#39;t even keep their own people safe."
"Come on... everybody knows you gotta spend trillions to make millions.  It&#39;s simple Bidenomics.If my boy Hunter can make millions delivering fingerpaintings to the enemy; you too can make millions delivering pizza.  I have the key to the train!"
"If you&#39;re concerned about the respect the US president receives from our allies google &#34;A brief history of world leaders laughing at Trump&#34;  One term, twice impeached low energy ex-president trump and the maga cult of personality are a laughingstock not just from the left but the majority of the planet and a growing number who identify as republican."
"China Joe is destroying the USA. For all of Trumps faults ( he had a few), the country and world, would be in a much better place if the 2020 election was not rigged and he won a second term "
"&#34;China is laughing...&#34;because their economy is tanking due to the real estate meltdown or what?"
"Biden is a complete failure "
"Everybody is laughing when China yells,  dance Joe Dance "
"They messaged each other ROR!  Raughing out Roud. "
"the whole World is laughing against America"
"We&#39;re already in a cyber war. Our country is in denial. China is winning bigly. Stop the ballot harvesting and stop the big guy from selling us out."
"A meaningful background, probably an interesting book."
"The guy lied on Fox about the 10,000 Nat Guard troops and then told the truth under oath. Trump never ordered them. If he lied about that…"
"Wow, China Bad, China Evil. Unless you&#39;re a American Corporate Owner, then China is Good.Then even your RNC/DNC Party Leaders will use our Tax Money to Bailout all of them, to make sure their Factories in China stay open, wow. I guess China isn&#39;t that bad, since our own Party Leaders help China Too."
"Sometime in the near future, and with the co-operation of Chief of Staff General Milley,  the Chinese will be pouring across the Bering Strait and entering the United States killing us with formerly Afghany M-16s."
"If we go to war with China, our military can call their soldiers the wrong pronouns; that will teach them!!!"
"93% of all dads who fight for custody in Texas lose their children “- Ken Paxton Study.  100% in China keep their children. Where’d you go Mr Groundhog? “China”"
"Republicans spend everyday trying to make America more like China with their anti woke, anti gay, anti trans, anti woman,  anti drag, anti democracy policies and rhetoric. "
"china has helped to gut the american military because it will cost less to defeat america then ."
"We’re quickly becoming the laughing stock of the world and a stench in the nostrils of…"
"The CCP doesn’t care about pronouns or “Wokeness”. But, the CCP it quite happy that the US is.
While the US is wallowing in its “Woke” agenda, the CCP is gaining influence in Africa, the Middle East and South America. "
"What matters is that they&#39;re laughing with us and not at us."
"America&#39;s youth in record numbers are so unhealthy, that in 10 years or a bit more, recruiting will be an unrecoverable problem for America. America is no longer seen as a world leader...thanks democrat voters."
"The military needs to pick a new boogie man. If there was A-war between the US If there was A-war between the US and China, all we would need to do is close down their ports. "
"This guy was on the job for a little over 2 months. Somehow this was left out of the story."
"Why is the solution to be more like China instead of more like America?"
"I think Pacific Command (PACOM) should take the lead on this.  They are the ones who have &#34;eyes on&#34; for the most part on China, but from a nuclear standpoint, definitely United States Strategic Command (USSTRATCOM)."
"They should laugh at us. We have ultra-liberal &#34;leadership&#34;."
"Republican&#39;s solution is to be like China "
"Another trump failure spouting off.  He was acting because he was totally unqualified."
"The rest of the world is laughing at us too. Said one who’s traveled to 31 countries."
"400 million, it’s not fighter jets but remember. Behind every blade of grass "
"If China is so evil, why do American Corporate Owners have Factories in China?  Why do they support China? Why does the Chinese Government allow them to set up shop in China?Then why do you Party Members allow your Party leaders to use our Tax Money to Bailout those same Corporations? Which makes sure the Chinese People stay employed. Maybe you&#39;re being lied to."
"There&#39;s not a single thing Democrats touch - that they do not destroy. "
"It was said before...  &#34;the way to weaken a nation is to divide it&#34;"
"I believe this is an issue but wish just once that these Fox stories didn&#39;t revolve around someone trying to promote a book."
"Maybe we all can get our rich dads to get us a fake doctor&#39;s note for our fake bone spurs so we don&#39;t have to go to war?"
"The Republican solution is to take military training advice from China. "
"Thanks, the cheaters getting Biden in the whole world is laughing."
"100% correct."
"To be clear, EVERYONE is laughing at General Milley and Joe Biden&#39;s campaign of Wokeness in the military."
"So laughing is also a sin now for China."
"Nwahahahaaha!!This guy served at the end of Trump’s presidency cuz no one else wanted it and all the predecessors quit!🤣🤣🤣🤣🤣🤣"
"The Republican solution is to take social advice from China. "
"Could we have fought and won WWII with today’s military? You answer that ."
"China is laughing at the <strong>GOPathetic</strong> party. They have joined the rest of the world. "
"Please, President Trump, make America great again, again."
"Not only China , most of the world..."
"&#34;Former Acting Defense Secretary at the end of the Trump administration&#34;. That is a miserable credential if I have ever seen one."
"Fortunately most of the woke live near the coast. Good luck invading America&#39;s interior."
"Everyone is laughing at the GOP&#39;s culture wars except the GOP.  Try as you might, you can&#39;t turn back the clock.  You can&#39;t make the US 100% White Heterosexual Christians.  It never was but hey GOP, you keep trying daily appealing to the 35% of the voting public as you become irrelevant to the majority of Americans. "
"We have become a laughingstock to our adversaries. They socially engineered the Democrats in this country and are giggling at and how easy it was."
"Duh. Things are going precisely according to democrat plan. "
"hey Chris, President Trump told us that &#34;China is laughing at us !&#34;  and you didn&#39;t listen.    . . . oh wait !  you said &#34;China MUST be laughing . . .&#34;  ok i get it now.  you&#39;re parroting him.  😆"
"Anything to sell a book."
"They are not the only Country Laughing, They all are. Or should I say the ones not on board with the Woke Bull. "
"This is no joke people. One of these countries will attempt to destroy our country and our freedom. They are slowly closing the gate. Your Politicians are committing Treason. Washington Politicians are not united any longer. The fighting between races and controlled laws by Washington Woke and Progressive Politicians will make the people of the USA the Loser."
"&#34;Dad what is 69?&#34; asks sonDad: Well son, it a position where a man and women pleasure each other orally.Son: So what shall I write? Odd or even?"
"Miller is right imo.
But remember? 
LIAR IN CHIEF Joe Biden was paid $30+ MILLION from Chinese spies through Hunter. Joe is doing to the U.S. EXACTLY what China has paid him to do.
Common sense.
This is easily available proven fact. 
Check it out..."
"Wake up, folks, before you get woken!"
"And China is helping to facilitate the downfall with Tik Tok"
"China was laughing on Jan 6th thats for sure."
"Fox will amplify as much America-is-bad as possible."
"The Rats and their minions are so confused they don&#39;t even know which bathroom to use much alone be combat ready?  Sick!"
"Nothing you see here. The greatest threat to the United States is climate control right? Boiling oceans Rain bombs"
"Lmao China has no kids. They’re economy will collapse in 10-20 years. Let the senile power turn into a sundowner like we treat our elderly"
"He&#39;s not wrong."
"Let me fix the headline....<strong>China is ‘laughing’ as the <em>Democrats</em> culture war erodes combat readiness, says former defense secretary</strong>"
"China is not the only one laughing at Americas Democrats."
"<strong>tru mp would have had the world fried to a nuclear crisp by now. </strong>"
"Our WOKE military is the greatest on the planet!"
"No Equity, no peace"
"china won’t be laughing when a male commander launches a strike because he thinks he suffering from PMS."
"China is not the only one laughing at Americas Democrats."
"<strong>tru mp would have had the world fried to a nuclear crisp by now. </strong>"
"Our WOKE military is the greatest on the planet!"
"No Equity, no peace"
"china won’t be laughing when a male commander launches a strike because he thinks he suffering from PMS."
"Our current DOD is putting our security second to women&#39;s.  They should all be replaced with warriors. "
"If China attacks the U.S., Germany will send Leopard tanks; that will turn the tide!"
"The world is laughing at our weak “woke” culture "
"There&#39;s no one to blame for it, except Joe Biden and his circus of clowns, and don&#39;t start blaming it on Trump he&#39;s not even in the picture."
"China has been preparing for a parachute attack,  better keep your eyes on the sky"
"We are a joke!"
"Trump and Bannon’s accomplice/patsy  on Jan 6 "
"And China also sees how insane those Religious nuts are..and rightfully limits &#34;Religion.&#34;"
"When I visited my son at his Air Force Base I noticed there were sure a lot of obese black female Master Sergeants walking around."
"THIS CULTURE MUST BE PURGED"
"Remember how allowing black people into the military destroyed it?"
"⚠️COMMUNIST TROLL⚠️
ALERT DEFCOM 5 BATTLE
STATIONS  🔥🇨🇳🎎🇨🇳🔥


"
"&lt;hem&gt;&lt;hem&gt;... DUH!!!"
100%
"&#34;Xi, xi, xi!&#34;"
