"The General is correct.  We will be at war with China by 2025.  We will both lose and go bankrupt.  The Chinese know it.  We know it too.  
   It&#39;s inevitable when you&#39;ve been weakened by debt, and endless military operations around the world.  They know it&#39;s the perfect time to strike.  We are in the quicksand of debt.  The more Congress struggles to get out, the deeper in they get.  As if that wasn&#39;t bad enough, we have no manufacturing base.  We sent it to China over the last 40 years in exchange for cheap goods.  They have it now.  We no longer have the skilled workforce to build it back.  Our people went to college.  Now they have become woke and can only talk, protest, and divide.
   "
"At this point it’s inevitable. The question is when? When the power grids in this country become compromised, and we go pitch dark, all those whiny Democrats will be in for a rude awakening. The Right is far better off prepared for something like this. We have shotguns, rifles and ammo, horses and cattle, we can fish, hunt, build fires and keep our family and communities safe. We believe in Jesus, and we aren’t afraid to die. Country boys can survive."
"<strong><em>&#34;But in a worst-case scenario, we understand that we have to be better prepared.&#34; </em></strong>I think it&#39;s time for the US to understand the exact same thing. With all that Biden left in Afghanistan and everything Biden has sent to Ukraine, I&#39;m thinking our own stockpiles are most likely depleted. I don&#39;t trust our current regime to understand and deal with the risky position they&#39;ve put us in. Obama surely didn&#39;t. He handed over empty cupboards to Trump."
"From the CCP perspective, if Biden ignores a Spy Balloon flying directly over the US why would he actually defend Taiwan? "
"I lived in MT for many years.  There is a tremondous amount of wilderness area in both these states—no people and no infrastructure—just lots of high altitude dessert lands.  We should have sent China a message.  Shame on the pentagon. Generals are way too busy pushing covid jabs and indoctrinating troops with CRT ttaining and gender fluidity training, that they have no time to protect America.   I heard Biden said to pop the ballon. If that is true, Boden is not the commander and chief. Someone else is directly commanding the military.  "
"I think Biden is doing a great job. (Says no one ). "
"With Trump, NONE of this would be happening With Biden, China is laughing at us"
"Yea Brandon is a great leader with years of success in foreign policy and dealing with adversaries...NOT. China is not the threat Brandon is. The libs will cower in their safe space when the reality of his failed administration hits home and we need a real leader to fix the horrible problems he and his administration have caused, his replacement will not be a lib."
"The CCP is laughing at us."
"China knows Biden is weak, and they are taking advantage of it.  They would not be testing America and Taiwan if Trump were still president.  China respected Trump, it doesn’t trust Biden and his controllers."
"Shoot down the Ballon and send 3 aircraft carrier groups to the area. Put everything we have back into service. Take all the land they bought,  get our companies out of there. I won&#39;t even eat Chinese food anymore. Biden should be impeached or removed by our military along with that Harris joke."
"Montana&#39;s a big state, with lots of open territory.  Besides, how much of a &#34;debris field&#34; would a shot down balloon create?  Now we are unwilling to defend our own skies, too?"
"Stratospheric balloons are capable of taking high-resolution photographs and potentially intercepting electronic communications."
"Funny, I don&#39;t remember anything like this happening when Trump was president."
"Sadly, the Taiwanese believe the US military have their backs which couldn’t be further from the truth given who is in the White House today. The Chinese own Biden as does Russia. It’s time this entire administration be removed from office immediately, period."
"The Biden administration has so little regard for the security of our nation that they allow Chinese spy aircraft to fly in our airspace unchecked. How did they let it get hundreds of miles inland?"
"Blinken&#39;s weakness has no credibility with the Chinese. Neither does that of his boss. We need a leader who will show that force will be met with force. Sadly, we don&#39;t have that."
"if we bring it down, we might learn just how much China has improved on our technology that they got from us !!"
"If our military leaders don&#39;t bring this thing down and inspect it....we allow China to invade and spy with IMPUNITY. is wrong."
"China knows it has nothing to fear from our current administration. "
"Send US surveillance into their airspace.  Notify them it will be pulled back when Chinese surveillance over Montana and Taiwan is immediately recalled.  Stop cowering under their threats.  Not a strong look."
"China knows it’s a great time to strike , Biden , weak president compromised, US has lost most of it’s war manufacturing power, military personnel at its lowest level, US leadership is in the toilet . War any minute ."
"I say bring it on and let’s dance! This is exactly what we need right now. We can end wokeness very quickly! "
"&#34;But in a worst-case scenario, we understand that we have to be better prepared.&#34; ....Funny, the Biden administration doesn&#39;t seem to understand that."
"China is simply testing how much it can get away with out the US responding. Now that they know they can send a balloon over us with no reaction from the government they will most certainly invade Taiwan."
"Only the Republicans will build up our military might and actually be able to adequately help Taiwan. "
"Did you notice all the democrats and liberals screaming that President Trump was going to start a war? War started under Obama and Biden. Again when democrats accuse you of something it’s because that’s what they are doing!"
"This was not orchestrated last month. It was decided years ago. Media is owned. Media is used to distract the common citizen. Most people do not know history. This is not a surprise. "
"That balloon should be taken down now. How much debris could a deflated balloon produce. Furthermore, Montana has many miles where no one lives on."
"This administration is too focused on systematic racism, equity, equality, reparations and fleecing the American taxpayer to be worried about tribal things such as national security "
"Our universities are our downfall. The greedy universities bring over students and steal all our technology."
"Time for Joe to deliver on all those promises he made when taking those bribes!"
"Biden and his administration wouldn&#39;t do anything even if China&#39;s full military invaded our country they would just call them immigrants seeking asylum and fly them( on air force one) any where they want to go."
"We built their military. We buy everything from them. They have stolen all our military technology. "
"Only the strongest country in the world does this. The US might be 3rd at best. "
"Bidens business deals with China have a price.  "
"Nothing new. Taiwan has already tracked about 350 planes and about 80 vessels in the ADZ in the past 90 days per the Taiwan News which I take a look a daily."
"The writing is on the wall!
There is nothing we can do as the world and America falls apart.
Biden will be hiding in his bunker by the end of this year.
"
"General Austin&#39;s statement of wide spread debris if shooting down the balloon is bogus."
"According to sources, the <strong><em>balloon</em></strong> floated <strong><em>over</em></strong> the Aleutian Islands, <strong><em>over</em></strong> Canada and into <strong><em>U.S.</em></strong> airspace <strong><em>over Montana</em></strong>.<strong>Something seems very wrong about this entire situation</strong>...sounds like the military had many chances to shoot this thing down...so WHY didn&#39;t they???Are Americans being Lied to and that there is more to this than they are letting us know?"
"There will be no response, the Big Guy is compromised."
"Ukraine is lost and a monumental quagmire that goes far and beyond that of Vietnam. Ukraine would never have happened under strong leadership. Biden has over committed and depleted our military capabilities. Our enemies only act if there is weakness. Started under Obama. Ended under Trump. Resumed stronger than ever under Biden."
"I give you democrats credit. When you set out to destroy America you really went all in . "
"China is playing chess, while Brandon is playing checkers."
"China knows that we have weak leadership. "
"Biden left equipment and people in Afghanistan.... Biden has done everything he was asked to do with destroying our energy and oil supply.... Again he actually won the election?"
"Time for target practice "
"Safety and security on the ground because of the debris field?! It&#39;s Montana. Wait til it gets over an open area and knock it down.Or is it you don&#39;t want to upset their Chinese overlords?"
"…Sacrifice Kamala Harris to the Volcano…🤣"
"Biden the best President China has ever had."
"Times like this make me wish we had an actual President."
"Amazing to watch how brazen China acts while they have our current administration in their pocket."
"Sounds like they plan to move over there so they want to keep tabs on the USs reaction "
"Biden will sell out Taiwan like he&#39;s sold out our country as long as there&#39;s a profit in it for him and his Crime Family."
"Fox needs to line up the correct videos with the printed story.  They do this all the time.  Must be some 12  year old running the web site."
"No one respects Joe Biden or America right now."
"To do absolutely nothing, is frustrating."
"We&#39;re not going to war with China. They want Taiwan and they&#39;ll get it because Biden will let them. "
"China knows that if DeSantis wins next year he’s not gonna let them play games with Taiwan. So they have to act soon during the weak Biden administration. "
"If China is such a threat (and I believe they are), why are all of our University engineering departments still filled with Chinese spies (I mean students) on J1 Visas? Asking for a friend?"
"Can you imagine if we did it to China."
"Another democrat in the WH, another ally losing their sovereignty. "
"Apparently the administration is ok with one spy balloon over the US.  What if it were two balloons? Is that still ok? What if there were 4 balloons? Still not going to shoot them down?How many Chinese balloons would it take before we do something about it?"
"There ya go folks Joey is getting us to ww3 , hopefully  the fist people to start dying are liberals,  and Biden  supporters because this is what they voted for ."
"Pay attention to the provocation of China folks.  This has a purpose.  They are reading us on the military front as well as evaluating our technology and leadership. THEN they will make a judgment on what risk they are willing to take 
"
"Yeah, we&#39;re expecting the same Blinken and Affirmative Action Austin that brilliantly handled the aBrandonment of Afghanistan to be competent this time around?"
"Give credit to China, they know that our current government will do nothing, so who can blame them. How much tyranny does a tyrannical government have to commit before action is taken?"
"As Brandon sits and eats ice cream."
"The dems are already preping to surrender to china ….not me and my ar15. "
"One reason I check news hourly now when I am bored. Why don&#39;t we send a lot of balloons to China and say hi as well if they send theirs to the US? God bless America and US military!"
"Chinese will most likely want war now while Biden and his woke administration are in office. That is why they are taking actions to provoke WW3."
"They fly into Taiwanese airspace. Taiwan activates their defense systems. China marks the locations and then annihilates those spots when the time comes. "
"It&#39;s fang fang coming back . "
"Biden approves of this Chinese message. "
"I hear Dems have been JABBED so many times, they are immune to the Chyna virus. They sound perfectly suited for front line ground forces."
"Two years ago China was quiet….. What changed?!?"
"Taiwan would shoot down a Chinese balloon in their airspace.   Biden had to wait to be told what to do by his Chinese Handlers.  "
"Escalating.  I suppose their agenda is being sped up with the latest elections and they know their time limit to make their move is approaching."
"China will take Taiwan at will… their proximity to Taiwan is strategically advantageous and the ability to stop this will only cause casualties in battling a large military that has far more fire power than anyone can repel "
"The Pentagon has bigger issues.... The new Nonbinary Mary Soldiers aren&#39;t happy with their uniform colors... "
"Chinese military aircraft enter Taiwan&#39;s airspace as US tracks surveillance balloonMeanwhile Joe&#39;s deciding what kind of ice cream"
"While this balloon is hovering over our country,  We are being invaded at all broken borders,  Iran is at our doorstep,  North Korea is bragging about ICBM&#39;s that can hit anywhere in the US , China is about to invade Taiwan,  We are depleting our military stockpile to Ukraine,  Our inflation is through the roof ...... brandons main concern is disarming YOU the American citizen....Think about it ! "
"Biden is the real threat to the USA, not China."
"It’s about to get bad and uncle Joe will fold like a cheap tent."
"Time for a U.S. counter move."
"My question, knowing that normally military balloons cannot steer themselves, how did this Chinese surveillance balloon end up over top-secret nuclear sights? Bring it down and find the answer."
"Joe Biden is property of China because he and Hunter gave them classified information in exchange for money and helping fix the 2020 election."
"China payed the Biden family for this moment."
"Instead of training our troops to be elite killers they’ve been having drag queen story time and adult coloring books. We will get what we deserve."
"Like I said in the other article, if we won&#39;t shoot down their balloon over U.S. soil, why would they be afraid of us doing anything anywhere else?"
"The Chinese have illegally entered our airspace. If Biden won&#39;t shoot it down, the Governor of Montana should. He has the National Guard assets and the authority to do so."
"Lloyd austin, “do we have confidence in our proper use of pronouns and are we fully vaccinated?”. Biden, “what flavor of ice cream comes with my birthday balloons?”. Got d save is! "
"China would of shot down our balloon with 1 hour, whats the hold up Joe?"
"General Milley, who are you talking to? "
"It’s a good thing climate change is a bigger threat."
"China Joe, not just a name, a legacy"
"Joe Biden already surrendered."
"Let&#39;s go Brandon!"
"China can act with impunity because it owns the Biden crime family."
"90% of our armed forces are staring at this balloon, meanwhile, the Chinese overrun Taiwan. They knew we would be distracted since it is a transcontinental balloon, it must be treated with fairness and inclusion."
"Maybe we should just ask Hunter what China&#39;s intentions are... "
"Look at the balloon , meanwhile Chinese nationals are crossing the southern border. Shoot down the balloon already.  We have a Chinese spy as President who will do nothing."
"China scared of flying over Hollywood and watching a bunch of them they running around with aluminum helmets chanting to their Lord and maker of quadruple genders."
"The Chinese bought free passes from joey. "
"I guess the Chinese want to keep an eye on all the farms they bought around military bases.  Afraid to shoot it down, worried about a debris field in Montana?  Can&#39;t make this stuff up."
"General Milley asked if we could bring it down, XI said no. "
"Due to risk of debris. It’s Montana!"
"The Chinese are doing these incursions regularly until they become routine and expected. Then one day the ships and planes just keep coming. "
"Joe Biden: &#34;It&#39;s just a balloon. I love balloons.&#34;"
"It&#39;s a floating ATM so China can drop off Bidens pay off."
"China continues to test our resolve, and the Biden administration continues to fail miserably. "
"..Austin checking with Milley who checked with his handlers in China who said,  &#39;it&#39;s all good&#39;.."
"Biden is NOT president material for sure. God help America!!! ❤️🙏🏻🇺🇸"
"our generals are in Chinese payroll that&#39;s OK there&#39;s nothing here"
"<strong>ANOTHER </strong>problem that we <strong>DIDN&#39;T </strong>have when Trump was president.Democrats are the disease.<strong>MAGA </strong>is the cure.Meanwhile, the democrat created inflation, crime rate and border disaster continues.<strong>TRUMP 2024!</strong><strong>MAGA! 👻</strong>"
"They are going to invade for the sole reason of getting expertise of high-end semiconductor chip manufacturing.   We cut China off, and Taiwan is going to pay for it by having everything stripped and moved to the mainland."
"I think China has come to the conclusion that they need to reduce their population."
"China knows Biden&#39;s reputation is doomed and that he&#39;s scared and weak... The WW3 will be on us soon... "
"How the heck are we going to defend Taiwan&#39;s airspace when we can not defend our own?🤡"
"Joe likes balloons with his ice cream and diaper changes."
"The Communist Chinese are preparing a sneak attack on America just like the Japanese in 1941.  And just like Roosevelt, Joe Biden will be asleep at the wheel.  America it is time to put your trust in God Almighty because the U.S government will not protect you."
"Biden, &#34;What me worry&#34;"
"China is not yet fully confident that it can both take Taiwan And deal with the US retaliation. It&#39;s spending it&#39;s time intelligence gathering. If, as some predict, a war with China is inevitable, it will start with the fallout from Taiwan. "
"The world knows that Biden is weak. They will take advantage of the knowledge. And Biden is beholden to China. A recipe for disaster sits in the White House."
"Austin and Milley are the worst. 
So many others more qualified. 
Thank the Democrat party.
"
"Biden/Austin have notified China that US forces in the region have been alerted and instructed to do whatever it takes to retreat at breakneck speeds on command. Biden has assured Taiwan our retreating forces will appease China long enough for Taiwanese officials to cut a deal with China or make out their last will and testament.  Possibly even both. "
"The <strong><em>balloon</em></strong> was spotted <strong><em>over Billings</em></strong>, <strong><em>Montana</em></strong> - close to one <strong><em>of America&#39;s</em></strong> three nuclear missile silo fields."
"We should send a balloon over China with an image from one of Trump&#39;s NFT&#39;s on it; I like the one where he&#39;s superman. Ji and the Chinese would quake in their boots."
"They’re mapping coordinates as we sit here and let them. We will be destroyed by China before Biden is gone "
"What does China have on Joe????"
"Ooooh, we&#39;re tracking them while they spy on us.  We&#39;re so tough.  Xiden has destroyed the military."
"Where will it start, your choices are...
1. Iran/ Israel 
2. Taiwan / China
3. North/ South Korea
3. Ukraine / Russia 
Biden has created an imbalance in the world order
A weak USA is an invitation for chaos . "
"Instead of using a balloon for spying why don’t the Chinese just cross the border so they can at least get a nice hotel room and a bottle of wine while they steal our secrets."
"Was Affirmative Action Austin worried about consequences when the Brandon regime aBrandoned Afghanistan? "
"&#34;Mr. President we are tracking a Chinese balloon&#34;&#34;I love balloons!!! Thank you Daddy Xi!!!!&#34;"
"Sure, sounds like they are probing...."
"We need stronger leadership...not this demented Biden one! "
"Democrats were so busy crying wolf about Trump and Russia, that they didn&#39;t notice Biden And Hunter sold America to China! "
"China Joe is open to erasing America "
"And Chinese illegals crossing the southern border.  DemocRATs are giving America away to the Chinese.  "
"I hope our Trans trained Military is up for the challenge!"
"Failed leadership by potato head and his cabbage patch failures from fraudulent elections equals this!!!"
"Its just a coincidence. Don’t mind the releasing of Covid germs. Its just a funny balloon .  "
"God we need Trump or DeSantis in office, preferably DeSantis!  I said it and knew Biden would get us into a war!!! "
"If we had a real president, with a real administration this wouldn&#39;t be happening"
"Chinas next distracting move will be placing an Ice Cream truck in front of joes home.  🍦 "
"The Chinese delegation wiped the floor with Blinken&#39;s face at that infamous summit in AK, so why would they care if he is visiting Taiwan now? In fact, it is an in-your-face &#39;I don&#39;t care&#39;."
"I hope all of you &#34;patriotic&#34; lefties have registered. You&#39;re about to go to War. Don your Tutu&#39;s and make us Proud!"
"They say to never take a knife to a gun fight  Biden takes an ice cream cone!"
"Apparently they are ignoring the frequency of these excursions into Taiwan "
"Slo Jo gotta go"
"so.......when do the plebs charge the hill?"
"This government will not dare risk a war, it would mess up their dreams of a Utopian socialist society."
"China will invade Taiwan and Brandon will do nothing. "
"The balloon took footage of the democrat cities and that gave China the assurance they can get away with whatever they want as the long as democrats are in charge. "
"The time may never be better for China to move on Taiwan."
"Taiwan needs to remember how Joke Biden gave Afghanistan back to the Taliban.  "
"HERE WE GO!"
"if Biden doesnt win re election hes gonna run against Xi in China! thats his backup plan!"
"Unacceptable. "
"The U.S. won&#39;t do anything. 
....Biden&#39;s already sent all our weapons and money to Ukraine. 😳😳"
"I wonder if it has occurred to joe or anyone in his administration, joe obiden has walked us into a bear trap. With his hush money and armaments to Ukraine while trying to cover his and obamas complete lawlessness in that country. Russia and China became besties. Russia creates the diversion and China takes Tawain. While joe can&#39;t take a balloon out of the sky. True story, No joke man."
"Our pentagon and government have to many moles and spies- and nothing will be done about it. "
"Taiwan defence is capable to defend with nukes. Taiwan scientists can prepare nukes, rail guns, hypersonics, drones and also build islands ring defence. Next form Region Alliance with Japan, South Korea, Philippines and Asia countries. An attack on one is an attack on all. "
"Leaflets should start falling soon."
"New fentanyl delivery system.  Cuts out the middleman.  "
"Taiwan better buy a few nukes from Israel. They can&#39;t win an exchange, but leaving everyone left alive in Beijing with an orange afro might dissuade the Chi-Coms."
"What ever happened to the idea that china would be hurting bad If it wasn’t for American consumers? Has something changed or are they willing to take that punishment just to try and get us out of the way?"
"So China did the whole distract the US over here while we invade airspace over in Taiwan trick"
"<strong>The balloon has been hovering over the US &#34;for the past few days.</strong>"
"Everyone needs to take a big deep breath! The US Commander in chief has been briefed. The Vice President is available to offer advice and counsel. Think before you vote!"
"Effective military deterrence... not so much!"
"Chinese balloons and terrorists caught at our border. Way to go Joe. How do you sleep at night? "
"China WILL invade Taiwan before Biden leaves office. Bank on it. The Chinese know they have Biden over a barrel with all the compromising dirt they have on him."
"It is time to show China the door.  I already have WW III on my 2023 dance card.  Let’s get it over with already."
"We need to send China a clear message and deploy nuclear weapons to Taiwan. "
"Brandon is a weak cow."
"Thank goodness our experienced Commander-In-Chief led the charge at San Juan Hill. We are in good hands. Please pass the General Tso&#39;s Chicken. "
"Those Taiwanese tanks will not survive the first battle. No new protective armor. Better buy the German Leopard tank. Abrams too high maintenance and need jet fuel."
"Under feeble so called President Biden they will move in like white on rice! Good luck Taiwan! "
"Dear US military all you had to do was arrest all government and give dads back their children. But no you put in an old man And light the white house up with lucky charms and rainbows 🌈"
"China know they can. "
"Just wait until they park a Chinese aircraft carrier off the coast of San Diego."
"O’ contraire my friends.  The PRC did indeed conduct these same sorts of operations around Taiwan during the Trump administration.  They did so before then and they’re doing so after.  The Air Defense Identification Zone (ADIZ) is not “Taiwanese airspace.”  Just as our own ADIZ is not U.S. airspace. In fact, the international “community” is conveniently ambiguous regrading Taiwan such that it’s not clear that there is “Taiwanese airspace” at all.  What is clear is that Taiwan has established an ADIZ and considers its 12 mile limit to denote sovereign waters and airspace.  They are quite capable of policing this territory so we needn’t become excessively exercised over what are provocative, yet legal operations by the PRC. The Taiwanese are to be commended for their restraint as the PRC would like nothing better than an incident.  The balloon over the U.S. is a clear provocation that would probably have not been attempted with Trump in office. "
"You&#39;re on your own Taiwan, we are being attacked by a balloon."
"Taiwan needs to take one of their planes down when it does that, and I can promise China will be much more cautious.. We also need to park a fleet right off the coast of Taiwan and chill out there for a bit. "
"Send in the drag queens!There’s balloons; there ought to be clowns."
"Biden is the worst excuse of a &#34;President &#34; that we have ever had. "
"Biden and our Government don&#39;t care one bit about Taiwan or this Country. They will let China walk right in Taiwan like they are going shopping."
"Biden and our Government don&#39;t care one bit about Taiwan or this Country. They will let China walk right in Taiwan like they are going shopping."
"Calling all model rocket enthusiasts….. fire away!"
"Whatever they have its junk. If this technology is anything like the Chinese socket set that my nephew gave me for Christmas it’s not worth the wrapping paper that he put it in. I am from Texas and we have an old saying “big hat and no cattle “. These Walmart warriors are just a bunch of gas bags.If they want a world war then let’s get this party started."
"Traitor Joe has already bent over and surrendered to the CCP"
"Ok are we waiting for a trifecta or something?Blinken should be canceled ASAP and the red balloon brought down to earth.  WTH?"
"what&#39;s the estimated altitude of the balloon?"
"I guarantee that balloon is monitoring our response to the Taiwanese incursions. "
"Given the American military’s history of overflights of China, a balloon over the U.S. is pretty tame.The only thing that makes it special, is that the story has been released to the public."
"Careful they’re china. Gen Miley’s mighty military will scratch your eyes out."
"Let them burn fuel and wear out their equipment.  It is one thing to conduct a military maneuver it is another entirely to conduct a combat operation.  What combat experience do the Chinese have?  They still think like communists and they will fight like them, just like the Russians.  It will be bloody and costly, but the US will win.  Spending on the military will jump start our economy and it will drain the Chinese.  They have to import most of their raw materials and we can cut it off.  They will be a come as you are military, like the Japanese and they will lose.  US manufacturing will spring up overnight again and the defense contractors will team with our auto industry again and ramp up production to overwhelm the Chinese.  Our technological edge will blunt the Chinese localized numberical superority and make no mistake, our Allies will fight as well.  They understand that as Taiwan goes, so they go.  "
"Checking on movement before they go to Taiwan "
"This is like if American military aircraft entered Puerto Rico&#39;s air space. Taiwan is part of China. We have had a &#34;one China&#34; policy for decades. "
"Shiny object to distract from the pending meltdown in Ukraine."
"The Chinese has Biden looking up as they make trial runs on Taiwan.... Hey Joe look at the squirrel....."
"The Chinese like pushing their luck when Biden is president."
"Blinken the blank. "
"I&#39;m confused Democrats. Wasn&#39;t it Donald Trump that you all screamed would drag us all into WWIII? Hasn&#39;t aged well has it."
"What does comrade Swalwell  know about all of  this?   "
"Biden won&#39;t even shoot this down over Montana....what&#39;s the likelihood he would do anything for Taiwan? "
"The British charge of the Light Brigade didn&#39;t have any Alphabet People."
"RayBans has no clue, does he.  "
"Send up a Drone with Black Spray can and cover the lenses! "
"I  think China is trying to goad us into making a mistake."
"I am not pretending to be a military expert, but I would like to know why it took so long for us to pick up this balloons existence? should we not have seen it before it came into our airspace?"
"That&#39;s it. That balloon is a diversion. biden and the military have their eye on the balloon instead of on Taiwan. Incredible chinese inscrutable genius."
"and so it begins.  the next two years will be ugly "
"We cannot back down or give in to China-ever. However i do really think about the need to protect Taiwan -half way around the world-at any cost😑"
"Biden approved it for his usual 10%"
"This reminds me of the time Joe confronted Corn Pop."
"Weak President and Cabinet."
"Start stocking up folks. Think of all the things we use everyday that comes from China."
"While brandon does nothing as his Chinese masters demand.  All for his 10%cut. "
"The US is the country starting wars and perpetrating coups around the world. The US is the real threat to global stability."
"Oh please bring on President Trump who will run on partly on building an Iron Dome much like Israel&#39;s. He specifically mentioned the coming hypersonic missles ."
"Threatening Taiwan daily, constructed a military base in the South China Sea, In bed with the Bidens, infiltrated our college research labs, stealing intellectual property, running our businesses out of business, buying our land now spying and bluffing our government to stay calm."
"china views biden as a weak president...if trump was in there..things would be a lot different..and no spy balloon hovering over usa...be shot down in a heart beat"
"Biden needs to get off his duff and do something to protect this country!  This is getting serious and we’re in the hands of incompetence!  "
"What gas did it just release. COViD 23"
"A Chinese takeover of our country would at least provide much better national leadership.  We desperately need new management. The “home team “ is playing so bad it doesn’t deserve to win."
"So a likely nuclear weapon over Americans doesn’t concern the Biden traitors?"
"The balloon is filled with a deadly virus."
"If there is any good that will come out of this, it will be that leftist trolls will likely be drafted to fight in this inevitable meatgrinder.  They will either back without their woke baloney, or they will come back with their dog tags jammed between their teeth."
"Biden waved at it while he licked his ice cream cone because he thought it was another Chinese money drop for him. "
"“I just want to put the tip in.”Xi"
"Probably an emp capable ballon. Thanks china joe "
"If we go to World War III, I taking out the Democrats first because it is their fault!"
"Getting ready to make their move."
"So they couldn’t shoot the balloon when it reached the ocean?"
"TRANSLATION:The Chinese are signaling that they know spineless Brandon and his &#34;woke&#34; military will let them do whatever they want to do to Taiwan. "
"It was their ADIZ, not their &#34;airspace&#34;.  Get it right, Fox News.  The balloon, however, is in the airspace of the U.S."
"The Globalists have and will appease the Chi-Comms."
"Blinken needs a china rocket in the 💩🙈🙊👻"
"Back when Boris Yeltsin was president of russia, both russia and china made a mutual defense agreement, you have a war with one, you must fight them both.  Its not one or the other, its both.  There will be wars and rumors of wars, but when you see Israel attack irans deep nuclear facilities, that is when Russia and china and persia (iran) along with turkey and others will come down and attack Israel claiming they have weapons of mass destruction.  That is known as the Ezekiel 38-39 war described in the old testiment.  When that occurs that is when you will see global nuclear war against the  US, England and war between india &amp; pakistan and also the north and south Koreas.  Israel has no choice but to attack iran as iran has stated as soon as able they will destroy Israel, and that war could happen anytime.  Russia and China have been planning for this for years.  google Russia and China threaten israel and usa with war if Israel or usa attacks iran.  "
"The Globalists have and will appease the Chi-Comms."
"here we go! gonna have a front seat to the show. the next balloon to go up may be a bright light. just my opinion."
"The important question is, what&#39;s flying over Alaska? That&#39;s the most strategic position in the world."
"XI is firmly in control of Biden his administration democratic party and Rino&#39;s. He owns them !!"
"So if it was a missile above us they wouldn&#39;t shoot it down Becuase of the &#34;debris field&#34;. Good to know. "
"It is coming."
"China, China, China. Take care of the traitors in our government first. Then we can talk trading deals with China."
"….China knows…Biden is compromised….John Kerry sold him out…Bring on the WAR..🤣"
"Is a war about to start? "
"Shhh....Joey&#39;s sleeping now"
"JUST A MATTER OF TIME BEFORE BIDEN&#39;S FRIENDS ATTACK TAIWAN!"
"Nancy Pelosi started it."
"We gonna do something..... general "
"Let&#39;s go Brandon!"
"Still not Impeached.... Invasion at the Borders and now this....
I blame weak Republicans who don&#39;t even try... "
"Wonder if XI watched Punxsutawney Phil in live color from his balloon this morning??"
"If a Democrat wins the US presidency in 2024, expect a war with China over Taiwan. I think they will wait the next 2 years, to see what happens..."
"Trumpers continually put our national security at risk. "
"What is Corn Popper thinking now Dems???"
"We need to enter Chinese airspace !!!!"
"For the sake of the world, let&#39;s hope that Republicans stop focusing on Hunter Biden and start paying attention to the menace of China. "
"Always thought prepper’s were  crazy. With the state of our country one would think The Biden are getting more then 10%"
"Uncle Xi is watching."
"It&#39;s the Beijing shuffle, baby!"
"Had Biden been president in 1942, he would have claimed the Japanese Zeros had gotten off course on a training exercise."
"WW111 thanks Joey."
"Yeah……we don’t want to tick off the chinese now, do we."
"And in Washington DC…Old Joe says “ please, please don’t do that.  It’s not nice.”  (How was that Jilly?)"
"Putin is about to go full blown nuke on Ukraine. Russia is needed to watch chinas back. Russia had a year xi says it’s his turn now, just be human and avoid the children. "
"Joe will give them the same treatment as Putin, Bluster, fake red lines and time late help to their victims."
"Key territory??🤣🤣….zero out all China held usa debt to pay for their sick bio attack. Shun mock boycott and cancel all contact with those sick floor spitting creatures."
"They can have Taiwan as far as I&#39;m concerned.  I don&#39;t want one American to die in battle there."
"invade taiwan and pop an emp device at the same time . in a year the chinese can come ashore in the former united states and take over ."
"Ever since I got my very first made in Taiwan baseball bat. Taiwan has been like a brother from another Mother to me."
"So basically, no one poke the bear. "
"Biden and our Government don&#39;t care one bit about Taiwan or this Country. They will let China walk right in Taiwan like they are going shopping."
"Duh Jo-weee. Get a clue."
"Yes!!  That&#39;s it!!   Let&#39;s have MORE DISTRACTIONS..  Keep your eye on the balloon, folks!!!"
"When the CCP surrounds Taiwan with ships and enters their airspace in the next few months, Joe will tell Taiwan’s leaders to give up as the USA is to invested in his cash cow Ukraine. "
"I think it&#39;s a UFO"
"Taiwan should be a porcupine, so it would be difficult to capture."
"Good folks. Not even competition."
"As soon as the Chinese start parachuting out, I won&#39;t wait to see the whites of their eyes and I won&#39;t miss either!"
"Nuclear Balloons?"
"Blinken keeps on Blinking !  We then know who the winner will be !  "
"For all the people claiming we would win a war with China or Russia... Stop and think who it would be leading us.. Biden... Do you still think we would have a chance? Not with that traitorous President leading our country! Not with a Democrat &#34;woke&#34; army defending us.   "
"Obama and Biden love a weak America and there has to be a payoff somewhere.  "
"Get ready, the war with Russia in Ukraine will bleed us dry of all our resources, and then China will attack.  It&#39;s all planned, and the dems are delivering on their promises to the globalists."
"I bet Joe left classified documents in china when he was orchestrating deals for hunter. "
"Yes that’s fine but it doesn’t mean he will have the grade A pilots now does it"
"There is a lot of &#39;closely monitoring&#39; going on these days !!"
"When I watch the top 2 military leaders speak I cringe. Both are obese and lethargic. More hot air. The one admittedly wants to understand white rage and will telephone his counterpart about an attack. The other one promotes jabs, race theory, equity &amp; inclusion. "
"Traitor Joe approves "
"how does a person start a civil war?"
"China? Good folks. Not even competition."
"Lets get the show on the road China, tired of hearing about this.  Taiwan ain&#39;t nothing !!"
"Our military doesn&#39;t have a prayer against china."
"Joe Biden .   Hahahaha "
"Chinese aircraft were trying to get their balloons back. Shouldnt have stamped &#34;hecho en china&#34; on the balloons. "
"Taiwan 🇹🇼 is no where near America stay out of it. "
"Don&#39;t forget the B21"
"If I were China, I&#39;d just invade Taiwan now while Biden is in office because everyone knows that he or his CRT pushing generals are grossly inept and wouldn&#39;t know what to do. I would call his bluff because I don&#39;t think he would do anything. "
"The missing link!"
"either we are cowards or incompetent... or both"
"Fox seems to be pushing for war….why is that?"
"Before Americans start beating the war drums too loud, best you give some thought as to where you’re going to buy all your pharmaceuticals once China cuts you off."
"Let&#39;s go Biden. The nursing home is waiting for you!"
"Is it a “Woke” spy balloon?"
"Why did they wheel Biden into the underground vault. "
"What is going on? I hope that Biden has called Xi and told him to get that out of our air space or it will be shot down."
"Biden is selling out America like crazy."
"Biden is a weak China puppet that is enabling the destruction of the US economy and military "
"Taiwan is a province of China."
"Called it!!! 👍👍👍"
"How long will we ignore this? Brandon and his minions will hide their heads in the sand before they would defend America!"
"&#34;....risk to safety and security of people on the ground from the possible debris field,&#34;.....&#34;---------Lamest excuse I have every heard.  It is now over Montana, and if shot down will land somewhere in mountains."
"Are you telling me nobody in Montana has a long gun?"
"Looks like China is very escared [sic] of Biden and the US."
"How long will we ignore this? Brandon and his minions will hide their heads in the sand before they would defend America!"
"&#34;....risk to safety and security of people on the ground from the possible debris field,&#34;.....&#34;---------Lamest excuse I have every heard.  It is now over Montana, and if shot down will land somewhere in mountains."
"Are you telling me nobody in Montana has a long gun?"
"Looks like China is very escared [sic] of Biden and the US."
"Big deal, we have a Chinese balloon flying over our nuclear silos. "
"The news says the balloon is flying over a U.S. nuclear site."
"China is trying to learn the phrase FAFO."
"Oh gawd, it&#39;s the 4th FOX article on the balloon! Yes right wing nut jobs, keep running to Biden to defend you from the balloon. Even though you have million guns, Biden understands your too busy shooting kids in schools and people at walmart&#39;s to bother using them to defend the USA. Don&#39;t worry, Daddy Biden will protect you. Keep crying to him... about a balloon"
"How do we know its chinese? Is this just more propaganda?"
"Even the boy who cried wolf only did it... 3 times? Come on China, getting lame. Either do something or just heel."
"splash one "
"Take anyone out. "
"Hold on a minute. Let me go get my BB gun."
"It’s well past time to rid the world of the dog eaters "
"World War Three?  "
"I wonder why????"
"Let&#39;s get ready to crumble!"
"Do something!"
"What low information official decided to not shoot it down?"
"This is serious stuff but uh look how cool Jo-weee thinks he is with a corvette."
"Fox is starting a war on their own. Does fox propaganda want to send US troops in too? lol "
"Fox is starting a war on their own. Does fox propaganda want to send US troops in too? lol"
"Nuclear War ?"
"it&#39;s timebye bye Taiwan "
"White Dawn"
"Curious to know why they say it is Chinese?Anyone got any intelligent answers?"
"I think fox just 🚫 me"
"China Joe 🇨🇳 "
"China said hunter smoked to much Rack."
"It’s over Montana what a joke what is it going to hit an elk? !"
"As women&#39;s lib used to say &#34;If you&#39;ve got it, flaunt it&#34;."
"A CIA BALLOON.War with China makes the debt we owe China disappear.Wag the dog "
"Chinese laser pointed at a Chinese balloon?Aim shoot post."
"Maybe a preemptive strike on China is necessary "
"Does blinky and brandon make all of you dim libs feel safe? lol."
"Give Taiwan Dragon Dome. That will shoot down any intruders. "
"The sky is falling, the sky is falling!🫡🤫"
"&#39;hey America, we just took a dump on Taiwan&#39; hahahahha"
"Nuke China , Russia,Iran,and north Korea untill gone"
"sum tin wong?"
WW3
"sum tin wong?"
WW3
WW3
"The General is correct.  We will be at war with China by 2025.  We will both lose and go bankrupt.  The Chinese know it.  We know it too.  
   It&#39;s inevitable when you&#39;ve been weakened by debt, and endless military operations around the world.  They know it&#39;s the perfect time to strike.  We are in the quicksand of debt.  The more Congress struggles to get out, the deeper in they get.  As if that wasn&#39;t bad enough, we have no manufacturing base.  We sent it to China over the last 40 years in exchange for cheap goods.  They have it now.  We no longer have the skilled workforce to build it back.  Our people went to college.  Now they have become woke and can only talk, protest, and divide.
   "
"At this point it’s inevitable. The question is when? When the power grids in this country become compromised, and we go pitch dark, all those whiny Democrats will be in for a rude awakening. The Right is far better off prepared for something like this. We have shotguns, rifles and ammo, horses and cattle, we can fish, hunt, build fires and keep our family and communities safe. We believe in Jesus, and we aren’t afraid to die. Country boys can survive."
"<strong><em>&#34;But in a worst-case scenario, we understand that we have to be better prepared.&#34; </em></strong>I think it&#39;s time for the US to understand the exact same thing. With all that Biden left in Afghanistan and everything Biden has sent to Ukraine, I&#39;m thinking our own stockpiles are most likely depleted. I don&#39;t trust our current regime to understand and deal with the risky position they&#39;ve put us in. Obama surely didn&#39;t. He handed over empty cupboards to Trump."
"From the CCP perspective, if Biden ignores a Spy Balloon flying directly over the US why would he actually defend Taiwan? "
"I lived in MT for many years.  There is a tremondous amount of wilderness area in both these states—no people and no infrastructure—just lots of high altitude dessert lands.  We should have sent China a message.  Shame on the pentagon. Generals are way too busy pushing covid jabs and indoctrinating troops with CRT ttaining and gender fluidity training, that they have no time to protect America.   I heard Biden said to pop the ballon. If that is true, Boden is not the commander and chief. Someone else is directly commanding the military.  "
"I think Biden is doing a great job. (Says no one ). "
"With Trump, NONE of this would be happening With Biden, China is laughing at us"
"Yea Brandon is a great leader with years of success in foreign policy and dealing with adversaries...NOT. China is not the threat Brandon is. The libs will cower in their safe space when the reality of his failed administration hits home and we need a real leader to fix the horrible problems he and his administration have caused, his replacement will not be a lib."
"The CCP is laughing at us."
"China knows Biden is weak, and they are taking advantage of it.  They would not be testing America and Taiwan if Trump were still president.  China respected Trump, it doesn’t trust Biden and his controllers."
"Shoot down the Ballon and send 3 aircraft carrier groups to the area. Put everything we have back into service. Take all the land they bought,  get our companies out of there. I won&#39;t even eat Chinese food anymore. Biden should be impeached or removed by our military along with that Harris joke."
"Montana&#39;s a big state, with lots of open territory.  Besides, how much of a &#34;debris field&#34; would a shot down balloon create?  Now we are unwilling to defend our own skies, too?"
"Stratospheric balloons are capable of taking high-resolution photographs and potentially intercepting electronic communications."
"Sadly, the Taiwanese believe the US military have their backs which couldn’t be further from the truth given who is in the White House today. The Chinese own Biden as does Russia. It’s time this entire administration be removed from office immediately, period."
"Funny, I don&#39;t remember anything like this happening when Trump was president."
"The Biden administration has so little regard for the security of our nation that they allow Chinese spy aircraft to fly in our airspace unchecked. How did they let it get hundreds of miles inland?"
"Blinken&#39;s weakness has no credibility with the Chinese. Neither does that of his boss. We need a leader who will show that force will be met with force. Sadly, we don&#39;t have that."
"if we bring it down, we might learn just how much China has improved on our technology that they got from us !!"
"If our military leaders don&#39;t bring this thing down and inspect it....we allow China to invade and spy with IMPUNITY. is wrong."
"China knows it has nothing to fear from our current administration. "
"Send US surveillance into their airspace.  Notify them it will be pulled back when Chinese surveillance over Montana and Taiwan is immediately recalled.  Stop cowering under their threats.  Not a strong look."
"China knows it’s a great time to strike , Biden , weak president compromised, US has lost most of it’s war manufacturing power, military personnel at its lowest level, US leadership is in the toilet . War any minute ."
"&#34;But in a worst-case scenario, we understand that we have to be better prepared.&#34; ....Funny, the Biden administration doesn&#39;t seem to understand that."
"I say bring it on and let’s dance! This is exactly what we need right now. We can end wokeness very quickly! "
"Only the Republicans will build up our military might and actually be able to adequately help Taiwan. "
"China is simply testing how much it can get away with out the US responding. Now that they know they can send a balloon over us with no reaction from the government they will most certainly invade Taiwan."
"Did you notice all the democrats and liberals screaming that President Trump was going to start a war? War started under Obama and Biden. Again when democrats accuse you of something it’s because that’s what they are doing!"
"This was not orchestrated last month. It was decided years ago. Media is owned. Media is used to distract the common citizen. Most people do not know history. This is not a surprise. "
"This administration is too focused on systematic racism, equity, equality, reparations and fleecing the American taxpayer to be worried about tribal things such as national security "
"That balloon should be taken down now. How much debris could a deflated balloon produce. Furthermore, Montana has many miles where no one lives on."
"Our universities are our downfall. The greedy universities bring over students and steal all our technology."
"Time for Joe to deliver on all those promises he made when taking those bribes!"
"We built their military. We buy everything from them. They have stolen all our military technology. "
"Biden and his administration wouldn&#39;t do anything even if China&#39;s full military invaded our country they would just call them immigrants seeking asylum and fly them( on air force one) any where they want to go."
"Only the strongest country in the world does this. The US might be 3rd at best. "
"Bidens business deals with China have a price.  "
"Nothing new. Taiwan has already tracked about 350 planes and about 80 vessels in the ADZ in the past 90 days per the Taiwan News which I take a look a daily."
"The writing is on the wall!
There is nothing we can do as the world and America falls apart.
Biden will be hiding in his bunker by the end of this year.
"
"According to sources, the <strong><em>balloon</em></strong> floated <strong><em>over</em></strong> the Aleutian Islands, <strong><em>over</em></strong> Canada and into <strong><em>U.S.</em></strong> airspace <strong><em>over Montana</em></strong>.<strong>Something seems very wrong about this entire situation</strong>...sounds like the military had many chances to shoot this thing down...so WHY didn&#39;t they???Are Americans being Lied to and that there is more to this than they are letting us know?"
"General Austin&#39;s statement of wide spread debris if shooting down the balloon is bogus."
"There will be no response, the Big Guy is compromised."
"I give you democrats credit. When you set out to destroy America you really went all in . "
"Ukraine is lost and a monumental quagmire that goes far and beyond that of Vietnam. Ukraine would never have happened under strong leadership. Biden has over committed and depleted our military capabilities. Our enemies only act if there is weakness. Started under Obama. Ended under Trump. Resumed stronger than ever under Biden."
"China knows that we have weak leadership. "
"China is playing chess, while Brandon is playing checkers."
"Biden left equipment and people in Afghanistan.... Biden has done everything he was asked to do with destroying our energy and oil supply.... Again he actually won the election?"
"…Sacrifice Kamala Harris to the Volcano…🤣"
"Safety and security on the ground because of the debris field?! It&#39;s Montana. Wait til it gets over an open area and knock it down.Or is it you don&#39;t want to upset their Chinese overlords?"
"Time for target practice "
"Biden the best President China has ever had."
"Times like this make me wish we had an actual President."
"Amazing to watch how brazen China acts while they have our current administration in their pocket."
"Sounds like they plan to move over there so they want to keep tabs on the USs reaction "
"Biden will sell out Taiwan like he&#39;s sold out our country as long as there&#39;s a profit in it for him and his Crime Family."
"Fox needs to line up the correct videos with the printed story.  They do this all the time.  Must be some 12  year old running the web site."
"No one respects Joe Biden or America right now."
"To do absolutely nothing, is frustrating."
"We&#39;re not going to war with China. They want Taiwan and they&#39;ll get it because Biden will let them. "
"China knows that if DeSantis wins next year he’s not gonna let them play games with Taiwan. So they have to act soon during the weak Biden administration. "
"Can you imagine if we did it to China."
"If China is such a threat (and I believe they are), why are all of our University engineering departments still filled with Chinese spies (I mean students) on J1 Visas? Asking for a friend?"
"Another democrat in the WH, another ally losing their sovereignty. "
"Pay attention to the provocation of China folks.  This has a purpose.  They are reading us on the military front as well as evaluating our technology and leadership. THEN they will make a judgment on what risk they are willing to take 
"
"Apparently the administration is ok with one spy balloon over the US.  What if it were two balloons? Is that still ok? What if there were 4 balloons? Still not going to shoot them down?How many Chinese balloons would it take before we do something about it?"
"There ya go folks Joey is getting us to ww3 , hopefully  the fist people to start dying are liberals,  and Biden  supporters because this is what they voted for ."
"Yeah, we&#39;re expecting the same Blinken and Affirmative Action Austin that brilliantly handled the aBrandonment of Afghanistan to be competent this time around?"
"Give credit to China, they know that our current government will do nothing, so who can blame them. How much tyranny does a tyrannical government have to commit before action is taken?"
"As Brandon sits and eats ice cream."
"The dems are already preping to surrender to china ….not me and my ar15. "
"One reason I check news hourly now when I am bored. Why don&#39;t we send a lot of balloons to China and say hi as well if they send theirs to the US? God bless America and US military!"
"Chinese will most likely want war now while Biden and his woke administration are in office. That is why they are taking actions to provoke WW3."
"It&#39;s fang fang coming back . "
"They fly into Taiwanese airspace. Taiwan activates their defense systems. China marks the locations and then annihilates those spots when the time comes. "
"I hear Dems have been JABBED so many times, they are immune to the Chyna virus. They sound perfectly suited for front line ground forces."
"Biden approves of this Chinese message. "
"Two years ago China was quiet….. What changed?!?"
"Escalating.  I suppose their agenda is being sped up with the latest elections and they know their time limit to make their move is approaching."
"China will take Taiwan at will… their proximity to Taiwan is strategically advantageous and the ability to stop this will only cause casualties in battling a large military that has far more fire power than anyone can repel "
"Taiwan would shoot down a Chinese balloon in their airspace.   Biden had to wait to be told what to do by his Chinese Handlers.  "
"The Pentagon has bigger issues.... The new Nonbinary Mary Soldiers aren&#39;t happy with their uniform colors... "
