"Sadly, the jokes on the American public."
"Genuine talent and original entertainment has been on a steady de-evolution for the past few decades. And it&#39;s not the old &#34;our music is better than your music&#34; thing, or the actors/actresses from the Golden Age of Hollywood were more mature and civilized than they are today. It&#39;s just a plain fact that talent and entertainment in general has degraded considerably over the past 20-30 years, and Fallon is not even a shadow of Carson. The liberal dùmbing-down/indoctrination of America has obviously been highly successful."
"Biden - WORST PRESIDENT EVER "
"Fallon was actually funny for a change. Nice. "
"It&#39;s so much fun listening to people whine and complain, with their childish comments while President Biden rebuilds the country left in shambles.✅The US added 223,000 jobs in the month of December., well above expectations...BLS✅The economy gained 10 million jobs; total employment is now half a million higher than before the pandemic...BLS✅Unemployment stayed at 3.7% remaining close to a half-century low for a positive reason – more unemployed workers began seeking jobs...BLS✅Wages over the past year climbed to 5.1%, from 4.9% in the prior month.      Wages are still rising much faster than they were before the pandemic...BLS✅After-tax corporate profits set new records...BEA✅US consumer spending rose by 2% in inflation-adjusted terms in the 2nd  quarter...BEA✅The number of people receiving food benefits through SNAP has continued to decline and is now 2.8% lower...USDA✅The number of those without health insurance went down by 1.1 million...US Census Bureau✅Overall, the U.S. has admitted 35,473 refugees in Biden’s first full 20 months in office, or 1,774 per month. That’s nearly 4% less than the 1,845 monthly average during Trump’s...State Dept.✅Got the Mexican government to provide $1.5 billion toward projects along the U.S.-Mexico border to strengthen the U.S.’s ability to screen and process migrants.✅The US is the only member of the G7 group of rich nations to have a larger economy now than before the pandemic...OECD"
"NOW, it&#39;s funny jimmy?"
"Don Lemon has a daily colonoscopy, with no sedative. "
"FINALLY. "
"I don&#39;t know why Biden needs a colonoscopy...Fallon has his head so far up there they can just give him a flashlight and save time "
"I haven’t watch late night since Leno and Letterman. If you put a gun to my head, I’d put on Fallon, he’s not as obnoxiously partisan as the those tools, Kimmel and Cobert. "
"Well, he’s going on the same list as Bill Maher."
"Now that was funny!!!!"
"Baaaaa, he put them there inadvertently."
"Fallon is not funny anymore. "
"Was mayor Pete the &#34;Dr&#34;....."
"Sorry Jimmy.  you can&#39;t jump off the Biden Bus!"
"Biden’s eyeballs are missing again. Black holes in their place. "
"They found Fallon&#39;s head up there too."
"Easy for Fallon to do. He sniffed them out."
"This coward had Trump on during the primaries and it was a good show...He caved into the pressure from the left after that and I will not watch a coward."
"Deliberate faIsehood in the headline, Fox.  Jimmy Fallon has never told a joke in his life. "
"Whoa Ho!!!  LOVE IT!!!!!"
"Jimmy Fallon 🤣🤣🤣🤣🤣🤣🤣🤣🤣🤣🤣🤣🤣🤣
ALL Celebrities 🤣🤣🤣🤣🤣🤣🤣🤣🤣🤣🤣🤣🤣"
"Mayor Pete&#39;s head was discovered in a previous colonoscopy "
"Fallon is too little too late trying to get back to the middle of the road.  I’ll never watch him again after how ugly he was toward Trump, and how they sweep everything g with Biden under the rug.  Fallon just needs to hang it up! "
"joe&#39; needs a colon scope with a chimney brush"
"You are not funny"
"Sadly, the jokes on the American public."
"Genuine talent and original entertainment has been on a steady de-evolution for the past few decades. And it&#39;s not the old &#34;our music is better than your music&#34; thing, or the actors/actresses from the Golden Age of Hollywood were more mature and civilized than they are today. It&#39;s just a plain fact that talent and entertainment in general has degraded considerably over the past 20-30 years, and Fallon is not even a shadow of Carson. The liberal dùmbing-down/indoctrination of America has obviously been highly successful."
"Biden - WORST PRESIDENT EVER "
"Fallon was actually funny for a change. Nice. "
"It&#39;s so much fun listening to people whine and complain, with their childish comments while President Biden rebuilds the country left in shambles.✅The US added 223,000 jobs in the month of December., well above expectations...BLS✅The economy gained 10 million jobs; total employment is now half a million higher than before the pandemic...BLS✅Unemployment stayed at 3.7% remaining close to a half-century low for a positive reason – more unemployed workers began seeking jobs...BLS✅Wages over the past year climbed to 5.1%, from 4.9% in the prior month.      Wages are still rising much faster than they were before the pandemic...BLS✅After-tax corporate profits set new records...BEA✅US consumer spending rose by 2% in inflation-adjusted terms in the 2nd  quarter...BEA✅The number of people receiving food benefits through SNAP has continued to decline and is now 2.8% lower...USDA✅The number of those without health insurance went down by 1.1 million...US Census Bureau✅Overall, the U.S. has admitted 35,473 refugees in Biden’s first full 20 months in office, or 1,774 per month. That’s nearly 4% less than the 1,845 monthly average during Trump’s...State Dept.✅Got the Mexican government to provide $1.5 billion toward projects along the U.S.-Mexico border to strengthen the U.S.’s ability to screen and process migrants.✅The US is the only member of the G7 group of rich nations to have a larger economy now than before the pandemic...OECD"
"NOW, it&#39;s funny jimmy?"
"Don Lemon has a daily colonoscopy, with no sedative. "
"FINALLY. "
"I don&#39;t know why Biden needs a colonoscopy...Fallon has his head so far up there they can just give him a flashlight and save time "
"I haven’t watch late night since Leno and Letterman. If you put a gun to my head, I’d put on Fallon, he’s not as obnoxiously partisan as the those tools, Kimmel and Cobert. "
"Well, he’s going on the same list as Bill Maher."
"Now that was funny!!!!"
"Baaaaa, he put them there inadvertently."
"Fallon is not funny anymore. "
"Was mayor Pete the &#34;Dr&#34;....."
"Sorry Jimmy.  you can&#39;t jump off the Biden Bus!"
"Biden’s eyeballs are missing again. Black holes in their place. "
"They found Fallon&#39;s head up there too."
"Easy for Fallon to do. He sniffed them out."
"This coward had Trump on during the primaries and it was a good show...He caved into the pressure from the left after that and I will not watch a coward."
"Deliberate faIsehood in the headline, Fox.  Jimmy Fallon has never told a joke in his life. "
"Whoa Ho!!!  LOVE IT!!!!!"
"Jimmy Fallon 🤣🤣🤣🤣🤣🤣🤣🤣🤣🤣🤣🤣🤣🤣
ALL Celebrities 🤣🤣🤣🤣🤣🤣🤣🤣🤣🤣🤣🤣🤣"
"Mayor Pete&#39;s head was discovered in a previous colonoscopy "
"Fallon is too little too late trying to get back to the middle of the road.  I’ll never watch him again after how ugly he was toward Trump, and how they sweep everything g with Biden under the rug.  Fallon just needs to hang it up! "
"joe&#39; needs a colon scope with a chimney brush"
"You are not funny"
