"Trying to figure out this &#34;diplomatic protocol&#34;.  Seems its ok for China to fly into other countries space, but not ok for other countries to say they will defend their sovereignty?  Assuming the protocol applies both ways, its ok for US to fly into Chinese territory but not for China to criticise this?  Just asking.  "
"China is lying. They do not have any &#34;civilian&#34; anything, no less weather balloons. It&#39;s a communist dictatorship and it forbids &#34;civilian&#34; enterprises - it it does, it can only be under their full knowledge and total control."
"Joe Biden, the 50 Year Professional Career Politician/International Diplomat has been a Total Disaster on the World Stage. The only thing Joe knows how to do is hand out American Cash! "
"Why do so many Americans need and love war? We will attack countries just because they don&#39;t think like us. We will find any reason or excuse to start a war too. Eisenhower tried to warn us, Beware the Military Industrial Complex, it does need Wars and Conflicts to stay in Business."
"I wonder if they told Canada it would be in their airspace.  That would also have to be true for it to &#34;drift off course&#34; "
"We know three things.<ol><li>Biden vowed when he took office to improve U.S. cybersecurity and within 4 months of taking office he issued an executive order to do just that. </li><li>Biden&#39;s administration discovered, tracked and shot down a Chinese spy balloon.</li><li>The U.S. can now go back and look at the historical patterns. It has covered multiple instances during the Trump administration when similar things had happened and were undetected.</li></ol>"
"Joe is owned by China . Nuff said !!!"
"I said that Xi Jinping usurped the throne, and then he will attack the United States, Japan and Taiwan Island. It has now been fulfilled. President Biden appears weak. not afraid. The point is that the American people have awakened nationally. Knowing that the evil of the CCP is really attacking the land of the United States. This is the most shameful thing in the 244 years since the founding of the United States. The last time was Japan&#39;s attack on Pearl Harbor in the United States.According to China&#39;s prophecy, the next step for Xi Jinping is to prepare for a war with the United States. We must be vigilant against Chinese invasion. There can&#39;t be just one attack like this."
"Biden is handling this latest China incident about right.  I really like that they are publicizing the global nature of China&#39;s surveillance program to get other countries aware.Maybe the maga crazy train will shut up after they get educated with brief later today on what we are doing.  Their rhetoric makes us look weak."
"This is all theater! Joe would never turn his back against his employer!"
"Our sovereignty has been under attack since Joe Biden took office and has an open border policy.....The global leaders see the United States as fickle and unreliable under Biden...and that started when he turned tail and bugged out of Afghanistan...and abandoned not only Americans but allies as well.....Who in the world would trust the United States much less go out on a limb for us - after that disaster? In the blink of an eye, Biden destroyed America’s ability to partner with foreign nations....China now condemns the U.S. takedown of their surveillance balloon ...pushing Joe to make useless threats for all the world to hear..China&#39;s  laughing at us and our &#34; president&#34;  that let it happen in the first place....... ....... China got what they wanted from that balloon....Our vulnerabilities"
"“Name me a world leader who’d change places with Xi Jinping. Name me one!&#34; <a href=""https://www.foxnews.com/category/person/joe-biden"" target=""_blank"" rel=""noopener"">Biden shouted</a> into the mic.“I can name 2: Obama and Trump. Both would have loved the power XI has. They both complained about the restrictions the congress gave them. Biden would as well but he is so far gone he doesn’t know what is going on. "
"CCP and Republicans. Two of a kind."
"they are just keeping an eye on their investment..."
"if The Wizard of OZ needs a new Scarecrow...Joe Biden would be hands down the Best scarecrow"
"China, here we can send this Balloon up in the air and see where it goes, if it goes to America, we can get a good laugh watching those very Scared People, Panic."
"Maybe they should ask Xi to proofread the speech ahead of time. /s"
"Americans..
Look up &#39;Project Genetrix&#39;.
And enlighten yourself."
"Spell check?"
"China would win a war. "
"Republicans want a dictatorship with no accountability. "
"I love when Biden tries to act tough. His tone of voice, his mannerisms and facial expressions just show a demented old man. "
"=&gt;warned U.S. action&lt;-  It looks t&#39;me that the Democrats have cornered the art of painting red lines......The Chinese are thrilled that the Buffoon prez let that balloon float along it&#39;s way exposing our vulnerabilities as long as it did..... they are making a point out of it all and the more they do so the more embarrassing it is to our country..."
"Trying to figure out this &#34;diplomatic protocol&#34;.  Seems its ok for China to fly into other countries space, but not ok for other countries to say they will defend their sovereignty?  Assuming the protocol applies both ways, its ok for US to fly into Chinese territory but not for China to criticise this?  Just asking.  "
"China is lying. They do not have any &#34;civilian&#34; anything, no less weather balloons. It&#39;s a communist dictatorship and it forbids &#34;civilian&#34; enterprises - it it does, it can only be under their full knowledge and total control."
"Joe Biden, the 50 Year Professional Career Politician/International Diplomat has been a Total Disaster on the World Stage. The only thing Joe knows how to do is hand out American Cash! "
"Why do so many Americans need and love war? We will attack countries just because they don&#39;t think like us. We will find any reason or excuse to start a war too. Eisenhower tried to warn us, Beware the Military Industrial Complex, it does need Wars and Conflicts to stay in Business."
"I wonder if they told Canada it would be in their airspace.  That would also have to be true for it to &#34;drift off course&#34; "
"We know three things.<ol><li>Biden vowed when he took office to improve U.S. cybersecurity and within 4 months of taking office he issued an executive order to do just that. </li><li>Biden&#39;s administration discovered, tracked and shot down a Chinese spy balloon.</li><li>The U.S. can now go back and look at the historical patterns. It has covered multiple instances during the Trump administration when similar things had happened and were undetected.</li></ol>"
"Joe is owned by China . Nuff said !!!"
"I said that Xi Jinping usurped the throne, and then he will attack the United States, Japan and Taiwan Island. It has now been fulfilled. President Biden appears weak. not afraid. The point is that the American people have awakened nationally. Knowing that the evil of the CCP is really attacking the land of the United States. This is the most shameful thing in the 244 years since the founding of the United States. The last time was Japan&#39;s attack on Pearl Harbor in the United States.According to China&#39;s prophecy, the next step for Xi Jinping is to prepare for a war with the United States. We must be vigilant against Chinese invasion. There can&#39;t be just one attack like this."
"Biden is handling this latest China incident about right.  I really like that they are publicizing the global nature of China&#39;s surveillance program to get other countries aware.Maybe the maga crazy train will shut up after they get educated with brief later today on what we are doing.  Their rhetoric makes us look weak."
"This is all theater! Joe would never turn his back against his employer!"
"Our sovereignty has been under attack since Joe Biden took office and has an open border policy.....The global leaders see the United States as fickle and unreliable under Biden...and that started when he turned tail and bugged out of Afghanistan...and abandoned not only Americans but allies as well.....Who in the world would trust the United States much less go out on a limb for us - after that disaster? In the blink of an eye, Biden destroyed America’s ability to partner with foreign nations....China now condemns the U.S. takedown of their surveillance balloon ...pushing Joe to make useless threats for all the world to hear..China&#39;s  laughing at us and our &#34; president&#34;  that let it happen in the first place....... ....... China got what they wanted from that balloon....Our vulnerabilities"
"“Name me a world leader who’d change places with Xi Jinping. Name me one!&#34; <a href=""https://www.foxnews.com/category/person/joe-biden"" target=""_blank"" rel=""noopener"">Biden shouted</a> into the mic.“I can name 2: Obama and Trump. Both would have loved the power XI has. They both complained about the restrictions the congress gave them. Biden would as well but he is so far gone he doesn’t know what is going on. "
"CCP and Republicans. Two of a kind."
"they are just keeping an eye on their investment..."
"if The Wizard of OZ needs a new Scarecrow...Joe Biden would be hands down the Best scarecrow"
"China, here we can send this Balloon up in the air and see where it goes, if it goes to America, we can get a good laugh watching those very Scared People, Panic."
"Maybe they should ask Xi to proofread the speech ahead of time. /s"
"Americans..
Look up &#39;Project Genetrix&#39;.
And enlighten yourself."
"Spell check?"
"China would win a war. "
"Republicans want a dictatorship with no accountability. "
"I love when Biden tries to act tough. His tone of voice, his mannerisms and facial expressions just show a demented old man. "
"=&gt;warned U.S. action&lt;-  It looks t&#39;me that the Democrats have cornered the art of painting red lines......The Chinese are thrilled that the Buffoon prez let that balloon float along it&#39;s way exposing our vulnerabilities as long as it did..... they are making a point out of it all and the more they do so the more embarrassing it is to our country..."
