"&#34;Some Chinese military hardware looks similar to U.S. systems because it’s built based on stolen technology and sometimes design.&#34; Sadly, this has gone on for decades.  Our open society and lax security have allowed China to steal advanced weapons, aircraft, ship designs to advance its military in ways it could have never accomplished on its own.  I&#39;m afraid we still haven&#39;t tightened it down and continue to bleed information detrimental to our security direct to the Chinese."
"It isn&#39;t just TikTok that China uses to spy on us but MANY of their apps require access to everything on your phone including all the information on your Contact list.  I discovered this when I purchased an inexpensive Bluetooth Label Maker.  The merchant even stated how the App doesn&#39;t &#39;steal&#39; your information (which was technically true), but in order to use the App you had to agree to the Privacy Agreement that stated you are GIVING them the right to harvest, store and share your information.  I blame Apple and Google Play store for not restricting App access based on proof that it is actually needed.  "
"It&#39;s not surprising that China has extensive surveillance of US.  It&#39;s surprising that the US has such piecemeal responses to it.  "
"For many years I&#39;ve been saying China is friends of no one.  Make no mistake, they want the entire planet.  They don&#39;t care if they steal it or buy it but as far as they&#39;re concerned, they plan to Call it China, not Earth."
"Years ago my employer brought in dozens of engineers and &#34;embedded&#34; them with us for months to learn everything we did so they could open a tech center in China.
We all lost our jobs recently.
They also shipped some of our work to Jaurez Mexico. The facility there was about a mile inside the border.
Corporate America seems to be a large security risk.
"
"We need to kick China out of here completely. Confiscate all of their businesses and farm land, then send them down the road. Boomer business and corporation owners, some of you have the responsibility of this on your conscious. Your generation is the one that started out sourcing EVERYTHING. I know the government had a huge hand in this, but your generation that&#39;s in government has made it utterly worse. Sending all the work away to save a buck. By the time us Xer&#39;s got old enough to work, the work was gone. Boomers in government, you left us with low paying jobs, and way more monthly bills than your parents could fathom. Shut down our fossil fuel industry and steel industry. Time to bring America back. I&#39;m not trying to boomer bash, I&#39;m just stating what everyone in my generation has seen. Sure you taught us hard work pays off, and the need to have entry level jobs, but entry level jobs have turned into careers for some people, and people like myself, it&#39;s taken 20 years to find a CAREER and finally live somewhat comfortable. Gotta bring it back to America people. Boomers I love ya, and pray for ya, but we went through 3 decades of greed. It has to stop."
"We moved out production and know how  to China, we allowed thousands of Chinese students in our university to study the latest technologies, many take Chinese money, all in all there is a price to pay."
"It would have been more appropriate if president Xi had given our state of the union address, "
"I am dropping all my Chinese owned holdings from my portfolio. China is only an ally in economy at the moment, their long term ambitions can only be realized by defeating America. Time to ban China and get back to the self reliant policies that made America great."
"And what looks innocent may not be so innocent. Long before the attack on Pearl Harbor, Japanese civilians could be seen fishing in and around the harbor, but they were actually taking measurements of the harbors water depth so that the Japanese submarines could plan attacks inside the harbor. And with todays high technology there&#39;s no telling what kind and how much information you&#39;re giving to someone."
"Congress must act now. Pass A law banning farmland and sensitive areas near !military installations from being owned or bought by entities hostile to the United States with China leading the list. Lets see who votes again it."
"Trump would have put China in its place and Biden said &#34;what&#39;s ours is yours&#34;."
"One can only hope the general population will pay more attention to what China is doing with regards to spying, and more importantly how Biden is beholden to the CCP be it by way of blackmail or financial pay off ! His administration has tried to spin the decision to not shoot down the balloon until over the Atlantic too many ways. Ultimately what Biden did was allow their balloon to complete the coast to coast surveillance mission."
"what about 300,000 Chinese students in the usa? if 5% would serve Chinese interests voluntarily or by coercion, that&#39;s 15,000 people who could be a problem. And no one is following these people. Overstaying student visas is common. patriotism and loyalties matter."
"All American company endeavors in China should be stopped.  China should NOT be permitted to buy any business or property in the United States, Canada or Mexico.  The U.S. needs to buck up and throw up every road block possible to Chinas expansion policies."
"Stop! buying from China and feeding the Evil Empire of the CCP. Anything China makes, our freedom loving friends in Taiwan make much better. America needs to implement a national economic strategy that helps our friends and hinders our foes. We aid and abet China to our own demise. "
"It really is misleading to characterize these espionage activities as Chinese.  These are the work of the CCP.  China and the CCP are not one and the same.China is a nation presently living under the oppression of the CCP.  The U.S. is a nation soon to be living under the oppression of the CCP.  So we actually have quite a bit in common.They didn&#39;t install Joe Biden in the White House for nothing."
"We should worry more about the NSA spying on American citizens Since Obama started the so-called disinformation warriors. I don’t trust the Chinese and I don’t trust Putin but Democrats have done more damage to working Americans that either one of those leaders . "
"Scary cmment: “Senior State and Defense Department officials labeled the surveillance balloon’s presence in U.S. airspace an &#34;unacceptable&#34; violation of U.S. sovereignty, and the military shot the balloon down Saturday afternoon as it reached the Atlantic Ocean” Scary because this statement implies that the US showed strength when in fact we showed weakness waiting days fir the spy balloon to complete it’s mission before the takedown."
"Why does China need spies? 43% of our citizens ,and over half of our government officials would tell them what ever they wanted to know since they hate this country so much. "
"I have no doubt, and never have had any doubt, that our next Pearl Harbor or 9/11 event will involve CCP assets.  And the scale of a CCP event will do far more damage than that of the above two devastating events.  The question is, will we &#34;survive&#34; a CCP event - personally, I doubt it. And, don&#39;t think that last weeks &#34;balloon&#34; event was anything other than a trial run, because IF THEY HAD TRULY WANTED WEATHER DATA, that could have easily been collected on line!  They wanted specifics pertaining to the military bases they passed near or over.  I&#39;m sure that data has already been received and is being analyzed even as I type this comment!  We need to &#34;wake up&#34;, not &#34;woke up&#34;, though both are damaging this nation!"
"Unfortunately US policy and actions or lack thereof have allowed China to continue this for a very prolonged period of time. China has been given great leeway by certain political parties in this country, and has not been stopped from their continued actions.      Trump was the first US president to take noble action against the Chinese. His first (very public action) was to close the Chinese embassy in Houston, Texas. This had been for a long period of time used as a spy hub against the United States. The second action he took was to place tariffs on Chinese goods coming into the United States based on those technologies that were forcefully transferred to China and against the Chinese who had tariffs on goods going into China.     The greatest transfer of technology (especially classified technology) took place during the Clinton eras when not only aerospace technology, but also nuclear technology was somehow attained by China from the US."
"Several years ago, the University of Texas at Austin, published a letter that went out to most other large universities warning them of Chinese influence on campus. The University of Texas had recently shut down some on campus organizations or clubs or classes, because they determined they were financed by and heavily influenced by the Chinese communist party. "
"Meanwhile the Biden administration has been rather ambivalent about China’s incursion into America by way of weather balloons collecting information, the purchase of farmland near AF bases and missile  sites and the penchant toward the collection of rare earth materials needed for lithium battery production. As a result of Covid, probably from the Wuhan Virology Institute and not a wet market, it became painfully obvious that China supplies most of our protective medical supplies as well as pharmaceutical needs. Even India depends on them. In controlling Taiwan they would control chip manufacturing.Yet Biden tends to ignore the immediate as well as past threat for whatever reason."
"<strong><em>Never forget the names democrats called Trump when he said China can&#39;t be trusted</em></strong><strong><em>Miss those mean tweets yet?</em></strong>"
"There should be a concerted counterintelligence effort as well as expelling known agents.  Also, the app stores should detail country of origin or ownership of apps being sold or offered. "
"An important easy step one is to prohibit the purchase of farm land by China or a Chinese proxy. "
"Anyone remember when the Clinton administration sold the Chinese supercomputers? That was a huge mistake and everyone knew it then. It put them way ahead as far as technology goes. Money wasn&#39;t as easily tracked back then, but knowing Bill,  he got paid. "
"For a 4,000 year old country that gave us things like eyeglasses, gun powder, and the compass among others it looks like all China knows how to do is copy, pirate, and spy on everyone! That’s not exactly what I call an advanced civilization.  "
"“China has adopted an approach some refer to as &#34;mosaic&#34; or &#34;a vacuum,&#34; aiming to acquire as much information as possible, no matter how small it might seem. “ — This approach, historicakly speaking, is usually done just prior to a war of invasion. Not a skirmish, not a ‘cold war’, but a major offensive. Especially when paired with a sudden military ramp up, which China has had underway for years."
"What concerns me the most is not the fact that a spy balloon flew over this country, it is the fact that the Commander in Chief was not notified for at least 48 hours.Who made the decision to NOT NOTIFY the Commander in Chief?"
"Western countries, led by the US, gave China the means to exert influence around the world when we shipped most of our manufacturing there!  If these corporations could wake up to the evil nature of the ChiComs and bring production back to the US, China&#39;s economy would shrink drastically!  It&#39;s insanity to be fueling China&#39;s economy!"
"The time is now to kick out all Chinese students from our colleges and universities. At the very least only allow a small fraction of the number it is today, like maybe 10 percent of the number that are here now. 
Every Chinese student we have here is one less spot available to an American student. "
"China controls our universities, Wall Street banks, mainstream press and entertainment companies and are currently buying up our land. Two more years of our CCP President, then we can start doing something about it. (If Republicans will actually come out and vote for a change)."
"China has over 500,000 &#34;agents&#34; spread in all our colleges stealing research.  When will somebody address this?"
"China is focused 100% on dominating and destroying the USA..So is China Joe."
"China is partnered with the cartels to sell fentanyl through its college students in the US. The money is then laundered and used to by land near US military installations"
"That EMP balloon lasted longer than anything I had that was made in China. I wonder if they outsourced it?"
"We would have never known about it unless someone had seen it. Imagine what else they’re hiding. "
"Biden is compromised. There is no other viable reason why he fails to say or do anything that might provoke the Chinese into revealing the details of his and Hunters&#39; dealings in China."
"Hey, Joe, where in your speech was the part about reinstituting the Trump tariffs on Chinese products?"
"Two reasons China is spying on us. First, China spies. Second, this pushover administration encourages them to spy on us."
"&#34;A lot of China’s operations focus around money, either through more insidious use as bribes or blackmail or in more genteel methods.&#34;    Fang Fang comes in to my mind."
"What real steps are we taking to bring our manufacturing back?"
"they&#39;re buying up OUR farmland because their people are malnourished. They&#39;re spying on us and we are allowing it. What do you think will happen next?"
"Just like there was no fraud in the last 2 elections there is no spying going on here by China.  Yeah, believe that I will sell you some sand from my Sahara Desert."
"Our failing is that we think that other countries think and act like us. We need to understand their culture, motivations and goals. Offer Chinese, Russian and Arabic as language options in schools. We have been too busy with our internal US cultural issues. The best thing that could happen to the US would be mandatory government service corps (medical, military, peace corps, inner city , infrastructure, environmental etc.) 18 months is not a long time. People from all  backgrounds would need to work together and learn to respect our uniqueness. "
"They have listening devices in all the technology they sell us. Say hello to them through Alexa! 🤷‍♀️🤦‍♀️ We are all bugged, tracked, and reported on with massive amounts of data collected at every place you turn! "
"<strong>ONLY 712 BIDEN DAYS REMAINING UNTIL FREEDOM RETURNS </strong>After recalling the MSM&#39;s efforts to blame President Trump for the COVID deaths that occurred every day, I thought it appropriate to offer hope to the US Citizens waiting for a real American to return to the White House."
"They been doing this for a very long, long time. When China finally opened its doors, everybody rushed to get in because they thought they could make lots and lots of money in China.  Wake up everyone before its too late to do anything about it."
"China has an easy go of it since they have the U.S. President and his family on their government payroll."
"Once the pieces of the balloon are analyzed, will the Biden administration tell us what was found?  Definitely NOT! "
"President TRUMP is always right. "
"China was a 3rd world country until 1970. In just 53 years they are equal or surpass the US in most areas - tech, military defense and offense, communications, education.  This is due to their stealing our information which they did not figure out themselves but we allowed to happen either freely or by letting them infiltrate everywhere. They use our technology against us.  And they have been quietly spreading their presence all over the world.  It&#39;s fascinating how quickly they became a major power threat. We better hope our military has a few secrets up their sleeves.   "
"It won&#39;t be long before you can buy those spy balloons on Amazon.  Free shipping, malware included, 30-45 days delivery time from Guangzhou!  "
"Isn&#39;t it comforting to know that China has the President of the United States, Joe Biden and his family in their back pocket ?"
"Too bad the Bidumb Administration hasn’t woken up to the reality that is China. I seem to remember President Trump warning us over and over. 😡"
"The biggest foreign influence scheme by the communist Chinese government is the purchase of the Biden family."
"China controls many port operations throughout Europe and other locations around the globe.  The U.S. and exits allies better wake up."
"We sold our souls to China a long time ago.  Short term profits are attractive but long term we outsourced all of our manufacturing.  We are now a society mostly based on services, which makes Us weak, even our most basic drugs are now made in China.In 10 years China will be the new king of the hill."
"Remember the good old days when China was held in check?  Come on it wasn&#39;t that long ago- you can remember back 4 years, can&#39;t you?"
"The boss just sent his balloon drone here to check his real estate investments"
"I&#39;m sure that China is monitoring the Dem&#39;s desires to ban what they consider to be assault weapons. When those weapons are gone, China will become even more brazen. Unless we improve our manufacturing capabilities of critical items in the USA, we will be so weakened that defeat would be imminent. "
"As long as biden is president will not be able to do something so simple as getting rid of TikTok. China pretty well owns us and our current administration. Allowing china to fly its spy balloon over the entire country is TREASONOUS!"
"China does not have to send a spy balloon to get classified information, they just call a politician who they pay to get whatever they want. "
"Informed sources reveal interesting fact about all those traffic cameras plastered around the country. They are not all ours."
"Anyone selling land, business, or Tech., to China is betraying our Democracy"
"This is what my Chinese friends told me that China was doing, she especially was afraid of the Chinese police in America, they try to control the people by hurting their families left behind in China! "
"China culture has not changed in over 400 years. Deceit is one of their biggest virtues."
"There is a saying that one might not find any fast food or restaurant in the Amazon Forest but one could always find a Chinese fast food or small restaurant anywhere on Earth, including the Amazon Forest!  Egg Rolls anyone?"
"Over the years, China has very blatantly, stolen technology without respect for patents. I have worked with many field service engineers representing companies that sold manufacturing equipment to Chinese companies only to be called for service many years later to find 10 identical copies of the machine sitting next to it made in China. They play by their own rule book without shame."
"This is them sticking their toe in the water to see what they can get away with.And a ton of preparation in the event we try to stop them from invading Taiwan!Because they have every intention of doing that. And they are not backing down to us. There WILL BE a fight. And they are hitting the gym and getting in shape for it!  JMO. "
"<strong><em>&#34;But China can and reportedly does turn American businessmen and government officials into assets.&#34; </em></strong>Reportedly? It&#39;s more apt to say who&#39;s been the latest convert and who&#39;s next. Given the national security charade about a balloon the size of one Joe Biden&#39;s beach houses sauntering above most of the continental US last week, it&#39;s almost certain that the CCP has one of those &#34;assets&#34; now in the White House. One has to wonder just when all those &#39;woke&#39; corporate globalists will realize they&#39;re doing business with an so financing a hostile regime that wants to kill us. Then again, maybe that&#39;s the point and it is WE who have to wake up."
"Intel spying is not surprising to a vast amount of Americans. It’s only surprising to the Intel agencies and the politicians."
"And to put an exclamation mark on the balloon event. A similar large balloon test by the CCP in 2018 contained 3 hypersonic missiles. For Biden to allow the current balloon event to fly into US airspace was a very serious and grave miscalculation and mistake. Our President is a serious danger to our country and needs to be relieved of his position along with those in the military who supported his decision to allow this to happen"
"China has grown in power because Democrats have forced US jobs to China with high taxes, inefficient unions, and expensive regulations.Ironically, the US people hurt the worst by fewer jobs are the poor who are overwhelmingly Democrats."
"I was wondering why Chinese would result to using balloons given they have many other ways to gather information that doesn’t get direct response. The US seriously needs to consider the balloons as an act of war and confront China."
"In the State of the Union address, Biden stated products will now be made in the U.S.A. He has no intention of bringing jobs back to the U.S. He has sold us out to China and lies with a smile on his face."
"The more they study us the better they understand our strengths and weaknesses. 
SCARY that they actually do this and that we allow it to take place ..."
"Is anyone else wondering how US Intel all of a sudden has been able to REMEMBER so many CHINESE SPY BALLOONS that they supposedly MISSED?!!!If they MISSED them.... then how do they know they were there?!!!🤔"
"The more they study us the better they understand our strengths and weaknesses. 
SCARY that they actually do this and that we allow it to take place ..."
"China&#39;s long term assets also include democrat voters.   "
"Any land or business they have  purchased in the US should be immediately seized! Any American that knowingly participated in the sale of those things to line their own pockets and help the CCCP should be tried as a traitor. There are politicians at the top of that list."
"China knows our weapons are better and we will use them on China. China ruled by Xi will use every trick to stop USA domination. China will win by numbers and our greed was our undoing."
"Yet, we still want those cheap shoes, clothing and other junk produced in China. In reality, however, those &#39;cheap&#39; items come with a very, very steep price."
"China has a 100 year plan they&#39;re planting the seeds for today."
"This is hilarious people are so outraged about a spy balloon... But what about there largest information gathering/social influencing campaign that has been on going in the United States for a while now... Tik-Tok... How about we have half the outrage against Tik-Tok...  "
"China is the only country which comes close to USA GDP. BY FAR. It is only a matter of time before they try to take Taiwan. China has an ingrained belief in unification. For thousands of years. It is only a matter of time..."
"who does not think China paid Biden and hunter to allow this ballon to go across the U.S.. Biden is owned by the Chinese government this should prove it to eveybody."
"Stop financing China. Buy from ANYWHERE but China."
"How many Chinese graduates of Wuhan university are employed in American universities now?What percentage of these Wuhan military university are in science and technology departments of prestige research American universities?"
"<strong><em>Biden allowed China to do anything they wanted, he along with most democrats are China owned!</em></strong>"
"China Joe has been enriched by selling the US to them. "
"Like the Penn Center where demented Joe kept some classified docs? Naaah! They didn&#39;t get a copy. I wonder how many where there originally? Never know will we?"
"FINANCIAL

A lot of China’s operations focus around money, either through more insidious use as bribes or blackmail or in more genteel methods such as funding and purchasing institutions and people overseas.

HUNTER BIDEN"
"&#34;There is no more aggressive espionage activity going on probably in the world than what China has been conducting in the last few decades.&#34;Except for what the US conducts. How soon all forget USSR shooting down a US spy plane. I&#39;ve seen no mention of the US high altitude spy balloons which the US doesn&#39;t just have for looks."
"From espionage to buying up property in the US and establishing business operations here, the Chinese definitely have a goal in mind of owning the US.  They are almost there, and the US and its government, intelligence and military are sleeping through it. "
"And weak China Joe spent 7 seconds talking about China.  Xi told him to stop the rhetoric and Biden complied."
"Once again President Trump was right! He knew China is America’s biggest threat and had them on their heels, then Covid! Then biden! "
"If China thinks we won&#39;t wake up, they need to watch the old WWII movies, because once you wake us up, we fight.  (Can&#39;t account for stupid 20-30 year olds.)  And we will fight in our own streets, if need be."
"It&#39;s not China&#39;s surprising intelligence operations.  It&#39;s our ignorant, inept and corrupt Executive Dept."
"The article falsely states the balloon was first spotted over Montana. The fascist democrat regime spotted it over Alaska but concealed it from the public until civilians questioned the regime. Then, in order to allow China to gather as much intelligence about many of our military installations, they let it fly unabated across our country. I suspect China believes their money to Biden was well spent. Biden is a traitor of the worst kind. "
"Simple fix to a big problem. Remove the illegitimate president and install the real president. "
"Hunter can explain how taking Chinese money does NOT influence your actions and Swalwell agrees that it applies to sleeping with agentsof the CCP as well, &#34;it&#39;s really no big deal, she just wanted to get to know me.&#34;"
"President Xi thanks you Democrats and sends his regards."
"NO MORE STUDENT VISA&#39;S FOR CHINESE &#34;STUDENTS&#34;!"
"The only, an last,  product that china ever made where they didn&#39;t steal the idea or blueprint was gunpowder. "
"Why can&#39;t we design control systems into our sophisticated product manufactured in China, such that a broadcast code shuts the device down?  The control circuit could be a large scale integrated circuit that received this signal when we send it.  If they take the circuit chip out of the device, all the normal control functions go with it."
"well, have to admit..chinese government smarter than our government.."
"I&#39;ve been saying for decades that defense contractors that hire Chinese nationals act shocked when they turn up spying. That&#39;s why half their military looks like ours."
"shut down all Chinese international businesses here in the United States, especially the police stations. 
"
"As usual, Democrats will do ANYTHING they can to help the Chinese defeat America.

How else do you explain Democrats shutting down the program to stop the MASSIVE Chinese spy program to have students infiltrate our Universities?? "
"Joe Biden&#39;s Marxist Party of America embrace China over embracing our Constitution."
"First post.  No comment."
"I used to work at a defense contractor company and I often get requests to connect from good looking Chinese ladies on Linked-In. They&#39;ll go to any lengths to try and get even a small tidbit of information. Also, there was a Chinese man working on a highly classified project that I still wonder to this day if he was sending info back to Xi."
"When the leader of the US is bought and paid for by China, what do you expect?"
"The average American had the wake up call about China years ago...its the white house that&#39;s late to the game "
"Thank heaven the Biden Family hasn&#39;t taken money from China. And Joe takes such care with classified material at all of his homes and U of Penn.
The ChiComs certainly couldn&#39;t blackmail the Bidens with Hunter&#39;s excellent behavior.
The Biden Family are one of the ChiComs biggest assets. "
"According to the FBI, there&#39;s at least one <strong><em>new </em></strong>instance of Chinese espionage directed at the U.S. -<em> in the U.S.</em> - each and every day."
"Top military officials admit they missed multiple Chinese spy balloons during Trump adminFox News congressional correspondent Aishah Hasnie shares details from a hearing by the House Armed Services Committee on threats posed to the U.S. by the China on &#39;Special Report.&#39;"
"Think about how dependent we are upon china. We don’t have any manufacturing. We have many college graduates. No trades people. When theChinese ramp up  aggression in Taiwan what then? We must get aggressive business people in place to run the biggest business in America, the goverment! Biden is mentally challenged, Harris is useless! Name one political insider beyond Ron Johnson from Wisconsin who has run a business!"
"They have their greatest spy in America right now. We know where he is but its very hard to get to him. He is surrounded by secret service 24/7. "
"&#34;A lot of China’s operations focus around money, either through more insidious use as bribes or blackmail or in more genteel methods such as funding and purchasing institutions and people overseas. &#34;Oh, like a Penn &#34;Center for Diplomacy&#34; for example?"
"Looks like Swalwell is going to be lucky again. He’ll spill the beans just look at it."
"Why are we even talking about this to this extent! It may be to late but decisive action is needed now. There are millions of people in this country that have already been brainwashed by China&#39;s intel programs, Tik tok, Google, paid for promotions in our schools and local governments, fentanyl, viruses, and election theft. Make no mistake, once they get us softened up enough and apposed to one another, they will be coming full force. North Korea will likely hit South Korea first just to occupy us while China hits Taiwan. After that you better hope you have your iodine tablets and assault weapon.  "
"&#34;terabytes of photos for the military when the balloon is recovered&#34;? No! The Sidewinder disintegrated the gondola with 20 lbs of HMX and thousands of supersonic shards of Titanium. The debris field is 7 miles wide. Days under sea water corroded any electronics. "
"Trump used to say it all of the time but MSM would just laugh it off and find a new insult to hurl at him."
"If it’s a weather balloon, then why does China want to know what our weather was last week?  Just call the weather channel. I’m sure they could supply you with that information."
"&#34;A lot of China’s operations focus around money, either through more insidious use as bribes or blackmail&#34; Traitor Joe Biden aka &#39;The Big Guy&#39;"
"for the sake of our security, Can we get back to building our own ?"
"It’s made it’s way into our whitehouse"
"China is just bad for the whole world."
"Better start learning the language. Our politicians and bureaucrats sold us out long ago. I do not envy future generations. "
"The balloon should have been immediately shot down and all chinese Visa&#39;s/passports pulled and sent home."
"I recall this bit of espionage.....&#34;Meta did not admit wrongdoing as part of the settlement, which is subject to the approval of a federal judge in San Francisco. The company said in a statement settling was &#34;in the best interest of our community and shareholders.&#34;&#34;Over the last three years we revamped our approach to privacy and implemented a comprehensive privacy program,&#34; Meta said.Cambridge Analytica, now defunct, worked for Donald Trump&#39;s successful presidential campaign in 2016, and gained access to the personal information from millions of Facebook accounts for the purposes of voter profiling and targeting.&#34;"
"My public high school has a Chinese language program that was sponsored by the CCP. The Chinese communist flag is flown at the door; “it’s their flag”. What was the true goal of the CCP? They were even in a high school. "
"Truman, another Democrat should’ve let General MacArthur have his way with the Chinese in 1952 instead of firing him. We wouldn’t be in this position if he did. "
"Why would China&#39;s &#34;Intel Operations&#34; only be &#34;taking focus&#34; now after the &#34;Spy Balloon?!!!&#34;Shouldn&#39;t our own &#34;Intel Agencies&#34; have been &#34;Focusing&#34; on them before?!!!!Why hasn&#39;t &#34;Tik-Tok&#34; been THROWN OUT OF THE COUNTRY/BEEN BANNED?!!!Why have our INTEL AGENCIES seemingly been more involved with/Focusing on &#34;AMERICANS&#34; than on our ENEMIES?!!!"
"I seen this ten years ago or so when soldiers on Ft. Drum were told they could not wear location tracking watches because they were being used to map out the base more precisely."
"I&#39;d imagine the vast majority of Americans and people worldwide just ďont really care. Oneday they will wish they had."
"They even own a president and nobody is saying anything. Isn&#39;t that a little to much?"
"Unfortunately, in this country, there are more collaborators than combatants...politically speaking.Both the Democrats &amp; Republicans have their hands in the cookie jar!"
"Joe Biden nor those under him aren&#39;t capable of taking swift decisive action when we are in a crisis or possible crisis..."
"Biden and democrats will always bow to china"
"Three things: One, what’s China’s real end game? Two: What are we going to about it? Three: When are we going to do it? "
"China is here economically and coming physically.  Watch….Key Leftist households will be left alone."
"The Chinese OWN Joe Biden.  "
"long arm of the CCP...selling a Smithfield product near you..."
"And we all thought the Manchurian Candidate was just an old Frank Sinatra movie.Fiction becomes reality in Fentanyl Joe&#39;s America."
"Their Biggest Asset , The Puppet  In The Oval Office ???"
"Th wake up call is that Biden allowed it to transverse the continent steadily gathering data before doing anything.  Let that sink in."
"Sock Puppet Joe delivering a stern warning on the spy balloon: &#34;Yes Mr. Xi, we&#39;ll send that right back... Yes, just send me the bill for damages ... of course we&#39;ll pay for a new one too.  Yes, I&#39;ve already ordered CNN, Fox, NBC, and all the rest to never talk about the balloons again.... Yes, the Air Force is setting up designated lanes for your balloons fly through, and India is re-programing all US and Canadian air traffic controls radar to ignore the balloons. Thank you, Mr. Xi... Thank you.  Oh, one small thing .... my 10%?  Well, it&#39;s been more like 5% lately ... oh, I see: inflation.  I understand, Mr. Xi .... no, no problem ... so sorry please forget I mentioned it... [click] [dial tone] ... Mr. Xi? &#34;"
"We are head for a civil war and the Chinese government are funding gun control activities and the democrats are compromised by the Chinese government. "
"China is thrilled we have china joe, aka brandon, in the white house."
"Just wait till they steal ChatGPT technology and start siphoning off the data collected on U.S. citizens. It&#39;s for sale and we&#39;ve been giving it away for many years (just read those Agreements more closely)."
"I&#39;m not a military strategist but of all places to shoot one down I would have thought that downing it somewhere near the edge of the miliary base where it would be reasonably safe to do so would have been an excellent opportunity to deal with it..."
"Hmmm …no mention of FBidens special hiding places for Top Secret documents .. "
"&#34;&#34;Some Chinese military hardware looks similar to U.S. systems because it’s built based on stolen technology and sometimes design.&#34;That approach to rapid advancement of technology has a couple drawbacks. It&#39;s easy to copy a design, the trick is to understand why it was designed the way it was. A lot of trial and error and study goes into whatever they stole and they completely miss a large part of the development process that guides development of future systems because it&#39;s all based on what was learned previously. Yes, they can copy it. But I doubt they can understand it anywhere near the level of the scientists and engineers that are the real designers. Not to mention that their totalitarian form of governance that stifles innovation, creativity, and incentive really only makes it worse.Like I&#39;ve said a number of times before, they&#39;re like monkeys playing with gasoline, dynamite, and matches. The Covid leak at Wuhan should tell you that."
"Alexis, is not your American friend."
"Biden allowed China to place policing stations in America.  What POTUS would do all the bad that has happened?  A traitor would, a criminal would, a thief would.  Pretty simple.  Biden is guilty of so many things, just about every bad thing that has happened in the World!"
"Early warning system? But the first time they detected the balloon was over Montana? "
"Why do we do any business with China? They are not an alliance. Our government and big business leaders are all corrupt from the bribes they receive from China. If China is such a world partner, why do they support Russia in their attempt to sack the Ukraine. US has given the Ukraine over $100 billion in aid. China has bough Russias oil. That’s all you need to know Joe, that’s all you need to know."
"Is intentionally releasing a virus onto the world and killing ten million people not an act of war ? Yup, it is. As such, these dog eaters need a retaliatory strike. There’s about ten million in Wuhan. "
"This article just explained everything wrong in our country from LaoBron Stalwall Hunter Big Guy and Antifa ... everything "
"The US should authorize a first strike policy against China in my opinion. "
"What do we need a cell phone for anyway? Let&#39;s return to the good old days of only landline phones and outside pay phones."
"While we are fighting each other in the US with the woke, pronouns, and all the insanity, the Chinese are spying on us. "
"Major countries spying on each other actually makes the world a safer place, it&#39;s not that big of a deal."
"Not surprising why Biden let it fly for so long "
"I am surprised that Joe did not slip up and speak Mandrin."
"Why hasn&#39;t Chinas police station that&#39;s here arresting and deporting Chinese  citizens been shut down? Why does Biden look the other way?"
"<em>&#34;I think they understand us better than we understand them,&#34; he added.  </em>Let me quickly add that they no doubt understand us better than we do, ourselves. Their influence is manipulative, coercive, and over-reaching into every corner of our lives and society. Time to wake, and smell the coffee, America!"
"Bottom line both sides of the Isle have sold this country out from under us to Chinahh, Capitol hill has been a Virus on the American people for the past 30 years, ever since the George Bush Surveillance system of its citizens started.  "
"China the country that&#39;s been practicing Sun Tsu&#39;s &#34;Art of War&#34; since the 5th BC."
"China owns the democrat party  and several republican RINOs."
"Communism is Satan’s government on Earth, and Red China, Biden and his democrats are its right arm."
"China is the neighborhood bully drawing a line in the dirt and daring anyone to cross it, or putting a stick on their shoulder seeing if anyone will knock it off. We seem to have lost history’s lesson of the Cuban missile crisis in 1962. "
"Time for America to quit doing business with China"
"Hunter Biden had a direct connection to the company that manufactured the surveillance balloon and the evidence is all over his laptop - and exactly why the government is hiding his laptop."
"&#34;What was interesting about this whole incident over the past week has been it is a wakeup call for your average American about how <a href=""https://www.foxnews.com/world/chinese-spy-balloon-may-gather-unseen-info-beijing-possibly-preparing-battlefield-experts"" target=""_blank"" rel=""noopener"">aggressive and extensive China&#39;s espionage</a> activities are in this country,&#34;Wake up call? Not likely. The average American is still in a coma regarding china."
"Time to replay that great tv ad from Citizens Against Public Waste where the Chinese professor tells his students &#34;Now America Works for Us.&#34; (2010) It&#39;s available on you tube."
"Chinese spy tech is all over the place. 
Where are our defense capabilities? Do they want to be a big part of an enslaving nation? "
"stop buying Chinese products. "
"They are saying that they first spotted the balloon over Malmstrom Airforce base in Montana. Like Gov. Sarah H. Sanders said “ after being the mother of small children she has learned not to believe every story she hears”  If it’s true our security really needs beefing up!  If it’s a lie (probably is) this administration needs to go and very soon!!!!"
"The Biden Crime Family is a China asset."
"IMPEACH BIDUM!"
"When will people understand that China wants nothing less than to rule the world and they are insidiously worming their way into our institutions, government and schools."
"Um, Do we still have people at NORAD anymore, why wasn&#39;t this thing tracked and taken down before it made over our land, they say it was first notice over Montana. Really? "
"Let’s see the emergency check list for an incident involving an unidentified flying object entering our airspace. I bet #1 on the checklist is notifying a supervisor, who then “kicks it up the chain.”Who decided to NOT NOTIFY the Commander in Chief for over 48 hours?"
"They need it because they are desperately backwards as a society. If they lived in a free market, capitalist society, none of this would be necessary. "
"And Trump has extensive ties to China according to Eric.  Ivanka, though, doesn&#39;t outside of her 18 trademarks they gave her.  "
"Gee, you think? I&#39;m shocked that China spies on US 🤣🤣🤣"
"Here’s a woke moment. I am feeling traumatized by seeing Chinese communist flags anywhere and on mainstream media. Could the left please ban them so I feel safe and could the left make me a safe space. Like the whole and complete United States of America.  "
"On the bright side, if they attack us, we can write off most of our national debt. That seems fair, since they killed a million Americans with COVID."
"We have known this for a long time despite the Democrats trying to cover for them.  90% of their tech is from stolen patents, research, and reverse engineered tech from other countries.  The last original thing they made were fireworks, unless you count plagues, then that would be every global pandemic since the black plague, with the exception of the swine flu.  "
"China&#39;s intelligence gathering is nothing compared to the United States. We have been recording every square millimeter of the Earth&#39;s surface now for over 20 years. We can rewind those recordings and watch everywhere Xi Jinping has been what route he took and what shoes he was wearing. All of this data has historically been analyzed by humans. We now have artificial intelligence that will be doing this for us in real-time as this technology becomes faster and more robust. Not to mention all the footage that has been collected in the past will be reanalyzed to see what has been missed. "
"China is our enemy…why anyone would want to get on TikTok and give out their information is beyond logical. Biden and Xi have a plan. Biden is getting us ready for a takeover by his fortune cookie friends!"
"Anyone else notice the Plume of White Powder that came out of the balloon when we blew it up?"
"God help us."
"How do we combat it when joe is compromised???"
" Certainly hasn’t helped them drive cars…..not sure how they even get driver’s licenses…."
"I wonder if Nixon is rolling over in his grave.He opened a real can of worms."
"Anything China needs to be prevented in the United States. Enough is enough."
"Invasion Of The Body Snatchers is a true story, but they don&#39;t come from outer space."
"I suspect the balloons were intended to taunt and get a reaction since China&#39;s satellites do all the daily snooping on America."
"Learn Mandarin, our leaders have failed to protect the US.    Miserably failed.  "
"&#34;The U.S. uses the base to store nuclear weapons.&#34;Malmstrom AFB is not used to simply &#34;store nuclear weapons&#34;. It is part of the nuclear Triad with 150 Minuteman III nuclear missiles that are maintained across the plains of Montana. They are on alert 24/7/365 and ready to launch in response to a nuclear attack against the United States. Quite amusing to know people in this nation know so little about our nuclear deterrence that exists across this country.  By flying across Montana the way it did, China now knows precisely where these launch facilities and worse yet, where the Missile Alert Facilities (location of the missile crew who would command the launch) are located...and not just in Montana, but other locations as well."
"just wondering, when do creepy joey and fat ugly milley get there daily direction from china, in the morning or after the afternoon naps?????????????"
"“….this whole incident over the past week has been a wakeup call for your average American about how <a href=""https://www.foxnews.com/world/chinese-spy-balloon-may-gather-unseen-info-beijing-possibly-preparing-battlefield-experts"" target=""_blank"" rel=""noopener"">aggressive and extensive China&#39;s espionage</a> activities are in this country.”Yeah, I still don’t think the average American cares much."
"China has been invading America for years. Through TikTok, buying Politicians, University Donations, and most recently buying our land. It needs to stop."
"Biden:  Come on, man....those Chinese paychecks are really very good."
"If Chinese are that serious of an adversary why not pass legislations or have policies like on Cuba. Or is Cuba even more serious adversary then China?"
"And Biden does NOTHING - as usual.  He is more concerned about pronouns "
"Hey China - if you’re so wonderful, why aren’t people trying to immigrate into your country? Why do you need to steal technology? Why is your standard of living so low? Why do you still practice genocide on the Kurds? If you’re spying, that’s like envy and envy is the sincerest form of flattery, so thank you."
"Sounds just like the Biden family with ties to 🇨🇳 "
"The amount of information China has been able to gain on the inner working of life here in the US is incalculable. We may never know the full cost of Biden&#39;s inaction on the spy baloon. One more brick removed from the foundation of our Republic"
"Maybe it&#39;s time for BLM to attack these Chinese institutions."
"sometimes they even target, high profile, politicians, and their family members."
"Thanks Bill Clinton for empowering and enriching the Communist government of China.  Thanks for selling out America."
"Amerika is Made in China.  There are stickers."
"We all know the story of the little kid who gets angry and takes his ball home. That is the story of our leadership in Congress. They are so busy playing &#39;it&#39;s my ball&#39; (power) that they have TOTALLY ignored protecting the sovereignty of our nation. They need to invoke that ideology immediately and forget about personal wealth and party power. They need to unite and become myopic in this pursuit. Trump had it right, AMERICA FIRST."
"Fetterman: “I don’t know anything about spy’s, but I like cartoons and my coloring books”.."
"China has been at war with the US, and the West, for 20 years at least.The US just doesn&#39;t want to believe it."
"Time to expel all Chinese citizens from this country.  Absolutely no benefit to having them here."
"Let&#39;s face it most countries hate us. How many terrorist do you think they have slipped in past the open boarder?"
"&#34;&#34;And then others, who have family and family ties within China, can serve as sources of potential nationalism or pressure on their families. That has been the more common thing.&#34;ie JOSEPH R. BIDEN and Family!!!"
"&#34;I think they understand us better than we understand them,&#34;than maybe us?"
"why does china have a police station in nyc "
"Here is something China can know about United States: We have a lot of guns. Stay away!"
"With a Chinese resturaunt in many U.S. towns and Chinese students in many U.S. colleges and Chines engineers embedded in many U.S. businesses one would think that China already has the information - they are just trying to figure out the plan. "
"WHY DIDNT CANADA SHOOT THE BALLOON DOWN ??"
"Know you know what those unidentified white spots in the sky are."
"Joe Xi Biden loves China cause it lines his and his degenerate sons pockets at the cost of the US. "
"Too bad the administration allowed the Chinese spy balloon to tour America. "
"It&#39;s almost like America were being run by Joseph R. Jinping!!!"
"Biden flatly put the American people at risk. Remember that when you go to sleep tonight,"
"C&#39;mon maaaaan.  Everyone knows that drag queen story hour is our most important issue.  We can never have enough drag queens and transgenders, and pregnant men. - Quid Pro Quo Joe"
"In early May of 2018, ZTE, a Chinese electronics maker, said that it had halted “major operating activities” after being sanctioned by the United States Department of Commerce for illegally selling electronics to IRAN and NORTH KOREA.The next month, President Trump shocked the world by suddenly reversing course and deciding to eliminate the US sanctions, instead vowing to work with Chinese President Xi Jinping to PREVENT the collapse of ZTE, which employs 75,000 Chinese people. Trump tweeted “Too many jobs in China lost. Commerce Department has been instructed to get it done!”THAT SAME MONTH, May of 2018, China surprisingly approved seven Ivanka Trump trademarks which had PREVIOUSLY BEEN DENIED. Since then, the Chinese government has granted a total of 41 trademarks worth fortunes to companies linked to Ivanka Trump.You do the math"
"Chinese people are the same as any other people, so somewhere between good and bad.The Chinese government is just as any other communist government, which is always bad."
"We should be concerned that China has elevated it&#39;s technology to the level of Napoleon. Balloons today pigeons tomorrow. "
"Biden flatly put the American people at risk. Remember that when you go to sleep tonight,"
"In early May of 2018, ZTE, a Chinese electronics maker, said that it had halted “major operating activities” after being sanctioned by the United States Department of Commerce for illegally selling electronics to IRAN and NORTH KOREA.The next month, President Trump shocked the world by suddenly reversing course and deciding to eliminate the US sanctions, instead vowing to work with Chinese President Xi Jinping to PREVENT the collapse of ZTE, which employs 75,000 Chinese people. Trump tweeted “Too many jobs in China lost. Commerce Department has been instructed to get it done!”THAT SAME MONTH, May of 2018, China surprisingly approved seven Ivanka Trump trademarks which had PREVIOUSLY BEEN DENIED. Since then, the Chinese government has granted a total of 41 trademarks worth fortunes to companies linked to Ivanka Trump.You do the math"
"C&#39;mon maaaaan.  Everyone knows that drag queen story hour is our most important issue.  We can never have enough drag queens and transgenders, and pregnant men. - Quid Pro Quo Joe"
"Chinese people are the same as any other people, so somewhere between good and bad.The Chinese government is just as any other communist government, which is always bad."
"We should be concerned that China has elevated it&#39;s technology to the level of Napoleon. Balloons today pigeons tomorrow. "
"You think the one Biden Admin shot down and the one in the Carribean and Latin America were the only ones? Think again. I&#39;ll bet China has several all over the globe. Just wait until one is captured intact."
"America needs to continue backing Ukraine and Taiwan"
"What goes around…….
Send a fleet of “weather balloons” over China with some cheap Chinese made spying tools and chaff cannons. Make it near their military installations. I’ll bet they’re not as understanding as the US. "
"Remember, these are the creeps who regularly meet and trade with Putin."
"Blackmail is the globalists favorite weapon.☠️"
"I cannot believe the American people are so naive that this spy balloon was what opened their eyes to China’s threat to America.  I believe we have some Government officials that are this ignorant as well as a generation of immature youth, but not normal Americans.  Absolutely anyone that thinks otherwise must be living in a cave or spends too much time on social media.  However, if in fact it has taken this balloon incident to open up some eyes, fine.   We Americans cannot continue to live blissful ignorance, while our Government continues to fail us.   We need to stand up these Chinese and other countries like Russia, Iran, N. Korea and so forth.   We need to have a leader that shows strength and conviction, and not a weak, wishy, washy liar."
"Quit explaining, finger pointing, and blaming…you’re now a majority. Do something constructive. Show us you can accomplish something. Anything. I’ve seen or heard nothing…except how proud you all seem to be about calling for hearings and investigations. Enough already. Start by securing the border or at least try to look and sound like you are…So sad"
"American public has no beef with China. Only the US government. "
"Never underestimate Joe Biden&#39;s ability to keep his head in the sand."
"&#34;first spotted over Montana&#34;.Um...no. It was first spotted in our airspace over Alaska and tracked over Canada. Get it right, Fox!"
"When they mentioned bribe and blackmail all the democrats jumped onto the Chinese bus with some rinos like Romney and Cheney"
"No, this just means Some Democrat Politicians will get to Charge the Chinese more than 10% for selling  out the U.S. and helping to install and keep more Chinese Operatives in Our Government.  When there is No Punishment for Aiding the Enemies of the U.S., they have little to worry about!  The MSM continues to hide the obvious!  "
"Who needs a spy balloon when you have the Biden crime family"
"it was first sighted in Alaska, then Canada, then MT, NE, then flew back into Canada, the back into the USA and drifted down to the Carolinas.   Spy schooled by Maxwell Smart of Control."
"When the Communist Chinese lie they speak their native language. When they steal and cheat they show the weakness of police states that are not able to innovate, and create things themselves because they squash their citizens down which hinders ingenuity. The world would be so much better off without the Communist Chinese pigs."
"China also owns the servers for DJI drones. They are mapping the country real time for free"
"This is frightening. Gaslighting and treating us like pawns. I see a potential problem ..keep them busy supporting with their weapons, till they are ALL weak from supporting a war in Ukraine..then pounce when their weakness is at it highest level.
NOT GOOD"
"This administration needs to stop spying on law abiding Americans and focus their attention on protecting us….from China, the border, 

"
"The US gov didn’t spot it until a civilian called it in . "
"I’m gonna stop ordering Chinese…I don’t want them embedding listening devices in my egg rolls. "
"if the ballon was carrying a small nuclear device, would we have known before it past over Alaska, Montana, whyoming, Missouri. "
"Winnie the Pooh is not our friend. Joe will offer him the honey pot. After joe Tzu gets his 10%"
"No US government official has called it a &#39;spy balloon&#34; because the military knows it is merely a meteorological research instrument.   News agencies and political organizations are the ones calling it a spy balloon and making up all kinds of nefarious stories to influence and shock the brain stems of the dim witted public."
"Swalwell told Fang Fank it was OK."
"Joe gave China exactly what they paid him for."
"It is time to close Chinese Embassies throughout our country. Just for starters!"
"I am shocked! Shocked I say! The PRC is spying on the USA and not just their own people!?! Shocking! We need a congressional committee to study this new information... Get Swallowell to chair it!"
"I believe America is going to be beat down hard in WW3; yet, I urge America to go to war anyway.   I know America doesn&#39;t need urging, because it is already rushing towards WW3. I believe America&#39;s destruction is just and necessary.  I want justice. "
"we can ill afford not impeaching biden"
"Let&#39;s get going!  It&#39;s time for WW3.  Don&#39;t think twice.  Don&#39;t delay. "
"All of this could well have been avoided, had Bill just said NO. But, he too got his &#39;share&#39;. Why else do you think Hillary stayed with him $ $ $ "
"Haven&#39;t heard anything concerning the CIA from abroad so we good."
"Freedom doesn&#39;t come free. . .it must be paid for"
"We need yet another special counsel to open an investigation into the Trump admin&#39;s dereliction of duty by allowing China to spy on us."
"Wake up call for the west to stop the stealing"
"How and who in our government assist China follow the money"
"They want the balloon and its nefarious package (believed to have explosives) back?  😂😂😂😂"
"I&#39;m fully anti china"
"China sends 1. We should send back 10. But that will never happen under the spineless leader we have. LET&#39;S GO BRANDON!"
"Ching Chong chinaman sitting on a rail, long came a black bird and pecked off his tail."
"Are we finally&#34;Woke&#34; on china now?"
"Vladimir Putin said a couple few years ago that ww3 has been going on for sometime.  A cyber war is just about to breach into physical battle."
"Don&#39;t you feel it?  Don&#39;t you know WW3 is coming?  It was obvious America wasn&#39;t going to get away with it. "
"But do we fully understand President Xi&#39;s alter ego, Winnie the Pooh?"
"Why wouldn’t you make your balloon out of a clear material instead of white "
"Every student they send works for them"
"When you usurp the highest office in the nation...you just need hung....."
"At least in China you don’t have to worry about your wife cheating on you, or your kids and ex wife making false accusations to throw you in prison so they can take everything. False accusations Carry the death penalty in China."
"Trailer park America can&#39;t conceptualize Chinese Intelligence until they see a balloon over Kansas City and go out in their backyards with their guns looking for the balloon. It&#39;s like dealing with 8 year olds"
"They forgot to mention all the land grabs China has made in the US!"
"A majority of the dnc agrees with communist China"
"How&#39;s the weather in Beijing?  Cold and oppressive."
"Hey cowards, liars,provokators,uneducated criminals, manipulators return back our weather balloon ASAP. It&#39;s my translation from Chinese. Chinese Foreign Ministry insisted on Friday that the balloon was a civilian meteorological research airship that entered US airspace inadvertently after being blown off course. Ning said some US politicians and media outlets <em>“hyped”</em> the incident to <em>“attack and smear China,”</em> but declined to provide any more details about the airship on Tuesday.<em>“The Chinese side has given information about the unmanned airship on several occasions,”</em> Ning said. <em>“I don’t have anything to add at the moment.”</em> She added that the US government failed to respond in a <em>“calm and professional manner,”</em> instead overreacting to an incident that posed no security threat and didn’t endanger any Americans.US Senator Steve Daines, a Montana Republican, speculated that Chinese officials sent the balloon across North America to probe Washington’s response. <em>“This was really more of a trial balloon by the Chinese,”</em> Daines told Fox News on Monday. He added that Biden was <em>“indecisive,”</em> projecting weakness. <em>“It was exactly what the Chinese wanted to see happen.”</em>"
"Somebody did something~~~~"
"Think about that next egg roll you bite into!"
"Americans should not stall. This is the time to press ahead for WW3."
"$10M for Xi&#39;s Head."
"America has a catastrophic beat down coming. WW3 is necessary. "
"What balloon?           ~DJT"
"If I see a balloon over my house the big rocket drone will come out."
"We need to move our nukes around and keep them
Mobile"
"Why do the Chinese need a balloon when they have biden"
"Republicans wouldn&#39;t have shot down the ballon.  They are opposed to helping Ukraine. Republicans are communists. "
"Anything owned by the communist Chinese in the USA, with the exception of their embassy, should be confiscated and dismantled…"
"&#34;surprising&#34; -- really "
"America needs to continue backing Ukraine and Taiwan"
"Send some fake spy balloons over under country and see how they like it"
"Really ?? Really ??? YOu are JUST figuring this out !!!!"
"Fly those Chinese made drones into China."
"Just call Gen. Milley!!!"
"Joe Biden just released a statement to his donors-我让中国操我的屁股他们付给我的家人现金我得到百分之十中国共产党爱我"
"Have the Leftists in America blamed Trump for the Chinese spying on us yet ... they will &amp; when that doesn&#39;t gain any traction, they will say the balloon was racist &amp; it wasn&#39;t China&#39;s fault."
"Boycott all PRC products.."
"NEVER trust China"
"Iran and and global Islam hate LGBT.  They have a duty to defend and protect the world&#39;s children from the Satanic LGBT NATO States.  Russia doesn&#39;t like LGBT.  China, NK, Iran, Pakistan, Turkey, Indonesia, Africa, global Islam, and South America should unite and go to war against North America and Europe.  "
"Hey cowards, liars,provokators,uneducated criminals, manipulators return back our weather balloon ASAP. It&#39;s my translation from Chinese. Chinese Foreign Ministry insisted on Friday that the balloon was a civilian meteorological research airship that entered US airspace inadvertently after being blown off course. Ning said some US politicians and media outlets <em>“hyped”</em> the incident to <em>“attack and smear China,”</em> but declined to provide any more details about the airship on Tuesday.<em>“The Chinese side has given information about the unmanned airship on several occasions,”</em> Ning said. <em>“I don’t have anything to add at the moment.”</em> She added that the US government failed to respond in a <em>“calm and professional manner,”</em> instead overreacting to an incident that posed no security threat and didn’t endanger any Americans.US Senator Steve Daines, a Montana Republican, speculated that Chinese officials sent the balloon across North America to probe Washington’s response. <em>“This was really more of a trial balloon by the Chinese,”</em> Daines told Fox News on Monday. He added that Biden was <em>“indecisive,”</em> projecting weakness. <em>“It was exactly what the Chinese wanted to see happen.”</em>"
"Somebody did something~~~~"
"Think about that next egg roll you bite into!"
"$10M for Xi&#39;s Head."
"Americans should not stall. This is the time to press ahead for WW3."
"What balloon?           ~DJT"
"America has a catastrophic beat down coming. WW3 is necessary. "
"If I see a balloon over my house the big rocket drone will come out."
"We need to move our nukes around and keep them
Mobile"
"Why do the Chinese need a balloon when they have biden"
"Republicans wouldn&#39;t have shot down the ballon.  They are opposed to helping Ukraine. Republicans are communists. "
"&#34;surprising&#34; -- really "
"Anything owned by the communist Chinese in the USA, with the exception of their embassy, should be confiscated and dismantled…"
"America needs to continue backing Ukraine and Taiwan"
"Send some fake spy balloons over under country and see how they like it"
"Really ?? Really ??? YOu are JUST figuring this out !!!!"
"Fly those Chinese made drones into China."
"Just call Gen. Milley!!!"
"Joe Biden just released a statement to his donors-我让中国操我的屁股他们付给我的家人现金我得到百分之十中国共产党爱我"
"Have the Leftists in America blamed Trump for the Chinese spying on us yet ... they will &amp; when that doesn&#39;t gain any traction, they will say the balloon was racist &amp; it wasn&#39;t China&#39;s fault."
"Boycott all PRC products.."
"NEVER trust China"
"Iran and and global Islam hate LGBT.  They have a duty to defend and protect the world&#39;s children from the Satanic LGBT NATO States.  Russia doesn&#39;t like LGBT.  China, NK, Iran, Pakistan, Turkey, Indonesia, Africa, global Islam, and South America should unite and go to war against North America and Europe.  "
"Ching Chong Chinese...never trust a person when you can&#39;t look them in the eyes"
"WW3 is necessary.  WW3 must be fought to defend and protect the world&#39;s children from the Satanic, perverse, and murderous LGBT NATO States. I encourage America to rush into WW3.  You have a catastrophic beat down coming from God and the nations. "
"Biden is one if Xi&#39;s puppets."
"Man this article is enough to just make you sick and mad and basically have a bad day, if you let it."
"Nuke china!"
"who the heck finds this surprising? "
"Lie, cheat and steal is the Communist way."
"Beijing Biden"
"Lie, cheat and steal is the Communist way."
"Beijing Biden"
"Beijing Biden"
"&#34;Some Chinese military hardware looks similar to U.S. systems because it’s built based on stolen technology and sometimes design.&#34; Sadly, this has gone on for decades.  Our open society and lax security have allowed China to steal advanced weapons, aircraft, ship designs to advance its military in ways it could have never accomplished on its own.  I&#39;m afraid we still haven&#39;t tightened it down and continue to bleed information detrimental to our security direct to the Chinese."
"It isn&#39;t just TikTok that China uses to spy on us but MANY of their apps require access to everything on your phone including all the information on your Contact list.  I discovered this when I purchased an inexpensive Bluetooth Label Maker.  The merchant even stated how the App doesn&#39;t &#39;steal&#39; your information (which was technically true), but in order to use the App you had to agree to the Privacy Agreement that stated you are GIVING them the right to harvest, store and share your information.  I blame Apple and Google Play store for not restricting App access based on proof that it is actually needed.  "
"It&#39;s not surprising that China has extensive surveillance of US.  It&#39;s surprising that the US has such piecemeal responses to it.  "
"For many years I&#39;ve been saying China is friends of no one.  Make no mistake, they want the entire planet.  They don&#39;t care if they steal it or buy it but as far as they&#39;re concerned, they plan to Call it China, not Earth."
"Years ago my employer brought in dozens of engineers and &#34;embedded&#34; them with us for months to learn everything we did so they could open a tech center in China.
We all lost our jobs recently.
They also shipped some of our work to Jaurez Mexico. The facility there was about a mile inside the border.
Corporate America seems to be a large security risk.
"
"We need to kick China out of here completely. Confiscate all of their businesses and farm land, then send them down the road. Boomer business and corporation owners, some of you have the responsibility of this on your conscious. Your generation is the one that started out sourcing EVERYTHING. I know the government had a huge hand in this, but your generation that&#39;s in government has made it utterly worse. Sending all the work away to save a buck. By the time us Xer&#39;s got old enough to work, the work was gone. Boomers in government, you left us with low paying jobs, and way more monthly bills than your parents could fathom. Shut down our fossil fuel industry and steel industry. Time to bring America back. I&#39;m not trying to boomer bash, I&#39;m just stating what everyone in my generation has seen. Sure you taught us hard work pays off, and the need to have entry level jobs, but entry level jobs have turned into careers for some people, and people like myself, it&#39;s taken 20 years to find a CAREER and finally live somewhat comfortable. Gotta bring it back to America people. Boomers I love ya, and pray for ya, but we went through 3 decades of greed. It has to stop."
"We moved out production and know how  to China, we allowed thousands of Chinese students in our university to study the latest technologies, many take Chinese money, all in all there is a price to pay."
"It would have been more appropriate if president Xi had given our state of the union address, "
"I am dropping all my Chinese owned holdings from my portfolio. China is only an ally in economy at the moment, their long term ambitions can only be realized by defeating America. Time to ban China and get back to the self reliant policies that made America great."
"And what looks innocent may not be so innocent. Long before the attack on Pearl Harbor, Japanese civilians could be seen fishing in and around the harbor, but they were actually taking measurements of the harbors water depth so that the Japanese submarines could plan attacks inside the harbor. And with todays high technology there&#39;s no telling what kind and how much information you&#39;re giving to someone."
"Congress must act now. Pass A law banning farmland and sensitive areas near !military installations from being owned or bought by entities hostile to the United States with China leading the list. Lets see who votes again it."
"Trump would have put China in its place and Biden said &#34;what&#39;s ours is yours&#34;."
"One can only hope the general population will pay more attention to what China is doing with regards to spying, and more importantly how Biden is beholden to the CCP be it by way of blackmail or financial pay off ! His administration has tried to spin the decision to not shoot down the balloon until over the Atlantic too many ways. Ultimately what Biden did was allow their balloon to complete the coast to coast surveillance mission."
"what about 300,000 Chinese students in the usa? if 5% would serve Chinese interests voluntarily or by coercion, that&#39;s 15,000 people who could be a problem. And no one is following these people. Overstaying student visas is common. patriotism and loyalties matter."
"All American company endeavors in China should be stopped.  China should NOT be permitted to buy any business or property in the United States, Canada or Mexico.  The U.S. needs to buck up and throw up every road block possible to Chinas expansion policies."
"Stop! buying from China and feeding the Evil Empire of the CCP. Anything China makes, our freedom loving friends in Taiwan make much better. America needs to implement a national economic strategy that helps our friends and hinders our foes. We aid and abet China to our own demise. "
"It really is misleading to characterize these espionage activities as Chinese.  These are the work of the CCP.  China and the CCP are not one and the same.China is a nation presently living under the oppression of the CCP.  The U.S. is a nation soon to be living under the oppression of the CCP.  So we actually have quite a bit in common.They didn&#39;t install Joe Biden in the White House for nothing."
"We should worry more about the NSA spying on American citizens Since Obama started the so-called disinformation warriors. I don’t trust the Chinese and I don’t trust Putin but Democrats have done more damage to working Americans that either one of those leaders . "
"Scary cmment: “Senior State and Defense Department officials labeled the surveillance balloon’s presence in U.S. airspace an &#34;unacceptable&#34; violation of U.S. sovereignty, and the military shot the balloon down Saturday afternoon as it reached the Atlantic Ocean” Scary because this statement implies that the US showed strength when in fact we showed weakness waiting days fir the spy balloon to complete it’s mission before the takedown."
"Why does China need spies? 43% of our citizens ,and over half of our government officials would tell them what ever they wanted to know since they hate this country so much. "
"I have no doubt, and never have had any doubt, that our next Pearl Harbor or 9/11 event will involve CCP assets.  And the scale of a CCP event will do far more damage than that of the above two devastating events.  The question is, will we &#34;survive&#34; a CCP event - personally, I doubt it. And, don&#39;t think that last weeks &#34;balloon&#34; event was anything other than a trial run, because IF THEY HAD TRULY WANTED WEATHER DATA, that could have easily been collected on line!  They wanted specifics pertaining to the military bases they passed near or over.  I&#39;m sure that data has already been received and is being analyzed even as I type this comment!  We need to &#34;wake up&#34;, not &#34;woke up&#34;, though both are damaging this nation!"
"Unfortunately US policy and actions or lack thereof have allowed China to continue this for a very prolonged period of time. China has been given great leeway by certain political parties in this country, and has not been stopped from their continued actions.      Trump was the first US president to take noble action against the Chinese. His first (very public action) was to close the Chinese embassy in Houston, Texas. This had been for a long period of time used as a spy hub against the United States. The second action he took was to place tariffs on Chinese goods coming into the United States based on those technologies that were forcefully transferred to China and against the Chinese who had tariffs on goods going into China.     The greatest transfer of technology (especially classified technology) took place during the Clinton eras when not only aerospace technology, but also nuclear technology was somehow attained by China from the US."
"Several years ago, the University of Texas at Austin, published a letter that went out to most other large universities warning them of Chinese influence on campus. The University of Texas had recently shut down some on campus organizations or clubs or classes, because they determined they were financed by and heavily influenced by the Chinese communist party. "
"Meanwhile the Biden administration has been rather ambivalent about China’s incursion into America by way of weather balloons collecting information, the purchase of farmland near AF bases and missile  sites and the penchant toward the collection of rare earth materials needed for lithium battery production. As a result of Covid, probably from the Wuhan Virology Institute and not a wet market, it became painfully obvious that China supplies most of our protective medical supplies as well as pharmaceutical needs. Even India depends on them. In controlling Taiwan they would control chip manufacturing.Yet Biden tends to ignore the immediate as well as past threat for whatever reason."
"<strong><em>Never forget the names democrats called Trump when he said China can&#39;t be trusted</em></strong><strong><em>Miss those mean tweets yet?</em></strong>"
"There should be a concerted counterintelligence effort as well as expelling known agents.  Also, the app stores should detail country of origin or ownership of apps being sold or offered. "
"An important easy step one is to prohibit the purchase of farm land by China or a Chinese proxy. "
"Anyone remember when the Clinton administration sold the Chinese supercomputers? That was a huge mistake and everyone knew it then. It put them way ahead as far as technology goes. Money wasn&#39;t as easily tracked back then, but knowing Bill,  he got paid. "
"“China has adopted an approach some refer to as &#34;mosaic&#34; or &#34;a vacuum,&#34; aiming to acquire as much information as possible, no matter how small it might seem. “ — This approach, historicakly speaking, is usually done just prior to a war of invasion. Not a skirmish, not a ‘cold war’, but a major offensive. Especially when paired with a sudden military ramp up, which China has had underway for years."
"For a 4,000 year old country that gave us things like eyeglasses, gun powder, and the compass among others it looks like all China knows how to do is copy, pirate, and spy on everyone! That’s not exactly what I call an advanced civilization.  "
"What concerns me the most is not the fact that a spy balloon flew over this country, it is the fact that the Commander in Chief was not notified for at least 48 hours.Who made the decision to NOT NOTIFY the Commander in Chief?"
"Western countries, led by the US, gave China the means to exert influence around the world when we shipped most of our manufacturing there!  If these corporations could wake up to the evil nature of the ChiComs and bring production back to the US, China&#39;s economy would shrink drastically!  It&#39;s insanity to be fueling China&#39;s economy!"
"The time is now to kick out all Chinese students from our colleges and universities. At the very least only allow a small fraction of the number it is today, like maybe 10 percent of the number that are here now. 
Every Chinese student we have here is one less spot available to an American student. "
"China controls our universities, Wall Street banks, mainstream press and entertainment companies and are currently buying up our land. Two more years of our CCP President, then we can start doing something about it. (If Republicans will actually come out and vote for a change)."
"China is focused 100% on dominating and destroying the USA..So is China Joe."
"China has over 500,000 &#34;agents&#34; spread in all our colleges stealing research.  When will somebody address this?"
"China is partnered with the cartels to sell fentanyl through its college students in the US. The money is then laundered and used to by land near US military installations"
"That EMP balloon lasted longer than anything I had that was made in China. I wonder if they outsourced it?"
"We would have never known about it unless someone had seen it. Imagine what else they’re hiding. "
"Biden is compromised. There is no other viable reason why he fails to say or do anything that might provoke the Chinese into revealing the details of his and Hunters&#39; dealings in China."
"Hey, Joe, where in your speech was the part about reinstituting the Trump tariffs on Chinese products?"
"Two reasons China is spying on us. First, China spies. Second, this pushover administration encourages them to spy on us."
"&#34;A lot of China’s operations focus around money, either through more insidious use as bribes or blackmail or in more genteel methods.&#34;    Fang Fang comes in to my mind."
"What real steps are we taking to bring our manufacturing back?"
"they&#39;re buying up OUR farmland because their people are malnourished. They&#39;re spying on us and we are allowing it. What do you think will happen next?"
"Just like there was no fraud in the last 2 elections there is no spying going on here by China.  Yeah, believe that I will sell you some sand from my Sahara Desert."
"Our failing is that we think that other countries think and act like us. We need to understand their culture, motivations and goals. Offer Chinese, Russian and Arabic as language options in schools. We have been too busy with our internal US cultural issues. The best thing that could happen to the US would be mandatory government service corps (medical, military, peace corps, inner city , infrastructure, environmental etc.) 18 months is not a long time. People from all  backgrounds would need to work together and learn to respect our uniqueness. "
"They have listening devices in all the technology they sell us. Say hello to them through Alexa! 🤷‍♀️🤦‍♀️ We are all bugged, tracked, and reported on with massive amounts of data collected at every place you turn! "
"<strong>ONLY 712 BIDEN DAYS REMAINING UNTIL FREEDOM RETURNS </strong>After recalling the MSM&#39;s efforts to blame President Trump for the COVID deaths that occurred every day, I thought it appropriate to offer hope to the US Citizens waiting for a real American to return to the White House."
"They been doing this for a very long, long time. When China finally opened its doors, everybody rushed to get in because they thought they could make lots and lots of money in China.  Wake up everyone before its too late to do anything about it."
"China has an easy go of it since they have the U.S. President and his family on their government payroll."
"Once the pieces of the balloon are analyzed, will the Biden administration tell us what was found?  Definitely NOT! "
"President TRUMP is always right. "
"China was a 3rd world country until 1970. In just 53 years they are equal or surpass the US in most areas - tech, military defense and offense, communications, education.  This is due to their stealing our information which they did not figure out themselves but we allowed to happen either freely or by letting them infiltrate everywhere. They use our technology against us.  And they have been quietly spreading their presence all over the world.  It&#39;s fascinating how quickly they became a major power threat. We better hope our military has a few secrets up their sleeves.   "
"It won&#39;t be long before you can buy those spy balloons on Amazon.  Free shipping, malware included, 30-45 days delivery time from Guangzhou!  "
"Too bad the Bidumb Administration hasn’t woken up to the reality that is China. I seem to remember President Trump warning us over and over. 😡"
"Isn&#39;t it comforting to know that China has the President of the United States, Joe Biden and his family in their back pocket ?"
"China controls many port operations throughout Europe and other locations around the globe.  The U.S. and exits allies better wake up."
"The biggest foreign influence scheme by the communist Chinese government is the purchase of the Biden family."
"We sold our souls to China a long time ago.  Short term profits are attractive but long term we outsourced all of our manufacturing.  We are now a society mostly based on services, which makes Us weak, even our most basic drugs are now made in China.In 10 years China will be the new king of the hill."
"Remember the good old days when China was held in check?  Come on it wasn&#39;t that long ago- you can remember back 4 years, can&#39;t you?"
"The boss just sent his balloon drone here to check his real estate investments"
"As long as biden is president will not be able to do something so simple as getting rid of TikTok. China pretty well owns us and our current administration. Allowing china to fly its spy balloon over the entire country is TREASONOUS!"
"I&#39;m sure that China is monitoring the Dem&#39;s desires to ban what they consider to be assault weapons. When those weapons are gone, China will become even more brazen. Unless we improve our manufacturing capabilities of critical items in the USA, we will be so weakened that defeat would be imminent. "
"China does not have to send a spy balloon to get classified information, they just call a politician who they pay to get whatever they want. "
"Informed sources reveal interesting fact about all those traffic cameras plastered around the country. They are not all ours."
"Anyone selling land, business, or Tech., to China is betraying our Democracy"
"This is what my Chinese friends told me that China was doing, she especially was afraid of the Chinese police in America, they try to control the people by hurting their families left behind in China! "
"China culture has not changed in over 400 years. Deceit is one of their biggest virtues."
"There is a saying that one might not find any fast food or restaurant in the Amazon Forest but one could always find a Chinese fast food or small restaurant anywhere on Earth, including the Amazon Forest!  Egg Rolls anyone?"
"<strong><em>&#34;But China can and reportedly does turn American businessmen and government officials into assets.&#34; </em></strong>Reportedly? It&#39;s more apt to say who&#39;s been the latest convert and who&#39;s next. Given the national security charade about a balloon the size of one Joe Biden&#39;s beach houses sauntering above most of the continental US last week, it&#39;s almost certain that the CCP has one of those &#34;assets&#34; now in the White House. One has to wonder just when all those &#39;woke&#39; corporate globalists will realize they&#39;re doing business with an so financing a hostile regime that wants to kill us. Then again, maybe that&#39;s the point and it is WE who have to wake up."
"Over the years, China has very blatantly, stolen technology without respect for patents. I have worked with many field service engineers representing companies that sold manufacturing equipment to Chinese companies only to be called for service many years later to find 10 identical copies of the machine sitting next to it made in China. They play by their own rule book without shame."
"This is them sticking their toe in the water to see what they can get away with.And a ton of preparation in the event we try to stop them from invading Taiwan!Because they have every intention of doing that. And they are not backing down to us. There WILL BE a fight. And they are hitting the gym and getting in shape for it!  JMO. "
"Intel spying is not surprising to a vast amount of Americans. It’s only surprising to the Intel agencies and the politicians."
"And to put an exclamation mark on the balloon event. A similar large balloon test by the CCP in 2018 contained 3 hypersonic missiles. For Biden to allow the current balloon event to fly into US airspace was a very serious and grave miscalculation and mistake. Our President is a serious danger to our country and needs to be relieved of his position along with those in the military who supported his decision to allow this to happen"
"China has grown in power because Democrats have forced US jobs to China with high taxes, inefficient unions, and expensive regulations.Ironically, the US people hurt the worst by fewer jobs are the poor who are overwhelmingly Democrats."
"I was wondering why Chinese would result to using balloons given they have many other ways to gather information that doesn’t get direct response. The US seriously needs to consider the balloons as an act of war and confront China."
"In the State of the Union address, Biden stated products will now be made in the U.S.A. He has no intention of bringing jobs back to the U.S. He has sold us out to China and lies with a smile on his face."
"The more they study us the better they understand our strengths and weaknesses. 
SCARY that they actually do this and that we allow it to take place ..."
"Is anyone else wondering how US Intel all of a sudden has been able to REMEMBER so many CHINESE SPY BALLOONS that they supposedly MISSED?!!!If they MISSED them.... then how do they know they were there?!!!🤔"
