"There have been actual tests by our military on detonating nuclear devices from high altitude balloons. It was found that this would create an EMP (electromagnetic pulse) that would disable a large portion of the US with just one balloon. Also after a years time of the detonation that a large number of the population would be dead from various factors relating to the loss of power. I’m sure our military is aware of this, but nothing is said. The consequences of letting this balloon drift over the US can be devastating. "
"If we do not do something the next ones may do more than looking and listening."
"Most disappointing is an Air Force general dancing around with this. What&#39;s become of military leadership?"
"If this isn’t a full bipartisan vote to condemn China, then I would look deeply into the ones that don’t condemn, I’m sure you will find a china connection "
"The government never admitted this was taking place till an observant citizen started posting pics on social media. Think about that."
"Clearly, even the Democrats can see that flying spy balloons all over your country is not the right thing to do.   Too bad Joe Biden waited so long to protect our country.   "
"After 5 days of picturing the US, China claims &#34;Mission accomplished&#34;. Biden: &#34;We are successful&#34;. They seem to be together."
"I swear none of the democrats have their own point of view…they follow the rest of the herd!  Either they vote for or vote against, but they all vote together…it’s kind of weird!  "
"Demanding more info from Biden? Too bad China owns Biden!"
"The military leaders are woke and possibly have some alliance to China.  They put importance on CRT and Trans programs and little importance on our safety.  "
"It amazes me how the anti Trump operators are thinking now. He was right not xenophobic!"
"It’s all well and good that we are investigating what happened.  But why are we not demanding of our “leaders(?)” and military to immediately destroy any similar spy incursions into U.S. territory?  What’s next, Chinese aircraft carriers going under the Golden Gate Bridge for a Sunday cruise?"
"Biden isn’t President the West Wing 
handlers are fumbling around trying to run the country. This is why there is supposed to be One Guy at the Top
consensus among non elected 
advisors is never going to happen"
"Isn&#39;t it odd that Creepy Dementia Joe let the Chinese Balloon finish it&#39;s spying before it was shot down? Says a lot. Joe is working for China! I&#39;m surprised he didn&#39;t surrender to it! "
"Seems like Biden can get away with anything? Why is this behind closed doors?This event involves everyone, and how can we be sure Biden will truthfully tell us what the balloon’s intel was really about. Isn’t this a reason for impeachment if Biden isn’t forthcoming with all the details of the balloon. And there are still balloons floating around collecting important information about the United States military operations and who knows what else? What about them? Do they just get to float around collecting information about our country?"
"Biden said the Spy Balloon came down from &#34;Canada&#34;?Then how much longer did they know about the SB than they told us? And why is that Fascist Trudeau allowing Chinese military training camps so close to our border? Maybe we need to close our border with Canada."
"Our country desperately needs and WANTS UNITY. "
"China need to know what they did is will not be tolerated!!! Sanctions needed "
"..Joe is waiting on the chicoms to tell him what to say..or Obama..same bunch.."
"Our government is failing to protect America and its citizens."
"Dang straight. we want answers.  You work FOR US, THE AMERICAN PEOPLE. THIS ADMINISTRATION NEEDS TO REMEMBER THAT. "
"Bidens belong behind bars before they see their demise"
"Ok, Biden, there&#39;s your unity. Of course, probably not what you expected. Give us an explanation...and please do not let Harris nor KJP give the explanation."
"Sure, get all the info.  But, don&#39;t attack America.  What&#39;s really shameful is that Republicans attack our own America, our own military, our own intelligence agency instead of  the real culprit, China.  What an unAmerican thing to do.  Just keep attacking us, like you did on January 6.  The unpatriotism continues.  It&#39;s very sad what this party has turned into.  "
"Its funny how few people realize that:Best case once it was made public: Study it for as long as possible then shoot it down at last chanceBest case if it was never public: Study it for as long as possible and pretend like you never knew it existedMilitary approached it correctly; It is a shame it was made public, Alas; But politicians will be politicians and convince you that we should have shot it down early. People believe any lie that fits their narrative&lt;shrug&gt;"
"They had to wait until it was over water so nothing could be recovered. Could have used bullets to hit the balloon section to keep the main body intact for inspection. We do what the Chinese want us to do. Keep spending my kids money."
"Common sense doesn&#39;t seem to live in the democratic party. Have democrats lost common sense? "
"Mark this day on your calendar!  The Dems and GOP agree to something!!"
"Even the left are turning on him"
"Anyone that voted against needs to go. "
"News flash: China responds in kind. Condemns the US! Whoa, that escalated quickly! /s please stop show boating and do something real."
"Clip China’s wings by stopping any purchase that originates in China. All the garbage we buy should come from anywhere but China. ABC. Our govt needs to make sure critical products are made here. Medicines must be returned to our soil. They’re using the solar energy field to harm our country. First a decade ago they dumped solar products to run our producers out then recently they prohibited sales of solar components to the US. How long until they hold life sustaining products over our heads. We are in a Cold War with the CCP and need to act accordingly. We let them do this and now must stop it. "
"Just another of Biden’s failures. Are we afraid if we impeach Biden that Hairless will become President. I vote to impeach them both. Like yesterday "
"Stop it! It was civilian...China promised so."
"Oooh a condemnation... I&#39;m sure Xi is shaking in his boots"
"Condemn??? Talk is cheap....CCP...Chinese Clown Party is laughing at  so-called &#34;most powerful country&#34; and the clowns(CCP), just proved how spineless pRESIDENT Joe is...."
"He failed, demand his resignation!!!!!"
"Biden is compromised by China He’s a national security threat to our country"
"Does it bother these people that China is importing crazy amounts of Russian oil, while were shipping off billions to ukraine?"
"A vote to condemn something.................🤨"
"Biden is clueless."
"&#34;An anonymous source told the Washington Post a third balloon is likely operating near the US after the first balloon was discovered hovering over Montana on Thursday and another was found above Latin America on Friday.&#34;"
"What is depressing is this administration in the White House is all for the destruction of America. They just play concerned for political theatre. Their policies prove it."
"joe has probably forgotten about the balloon, just like his documents "
"The only thing politically valuable here is they were caught red handed.  If we couldn&#39;t capture it intact, then we might as well take the time to learn everything we can while it&#39;s over our soil before we shoot it down.  Keep in mind, everyone spies on everyone.  Just don&#39;t get caught.  But like Russia, China will keep probing for weaknesses and have no reservations to exploiting them, rather than save them for a rainy day.  We&#39;ll see how clever and calculating Biden responds.  A publicly visible offense is larger political leverage than covert."
"The administration and pentagon are on the same level. Everything they do turns into a fiasco and continue to maintain a whopping &#34;41%&#34; approval rating. They should send a private company to snag the balloon residue."
"🇺🇸🇺🇸 GOOD LUCK GOP. DEMANDING MORE FROM “ THE VEGETABLE 🥦 AND CHIEF “ HE STILL THINKS THE MILITARY SHOT DOWN “ CHARLIE BROWN’S GREAT PUMPKIN 🎃 “ NOT A CHINESE SPY BALLOON 💭🇺🇸🇺🇸🇺🇸🇺🇸🇺🇸🇺🇸🇺🇸🇺🇸🇺🇸🇺🇸"
"I didn&#39;t hear any outcry about this happening under the Trump administration."
"Biden took out a loan on his house to pay the Chinese for that balloon"
"As Joe demands more cash from China.As Hunter demands more “dates” from China"
"What would China do if the situation was reversed??"
"“Would you like to ride in my beautiful balloon…. Up up and away in my beautiful balloon”. The 5th Dimension Trump needs to play this song as he releases a big balloon at all of his rallies."
"China owns crazy joe..."
"Trump didn&#39;t notice the Chinese balloons overhead because he was busy tweeting about watching himself on FoxNews."
"Great but besides nothing now what happens?"
"Here we go. Let&#39;s see everything they know!"
"Please. Congress doesn&#39;t need any of that data. None of them are smart enough to correctly interpret any data they get."
"All of the sudden senators are all armchair experts on how to safely knock something out of the sky the size of 3 delivery vans at around 60,000’ over populated areas.  Most of whom, supported a would be though failed authoritarian dictator.  Who, by the way likely ghosted the intelligence briefings of the balloons during his time in office so he could eat McDonald’s &amp; watch Fox &amp; friends. "
"C&#39;mon people, the second it was seen we sent up a fighter and U-2 at it to see what it&#39;s doing.  Those planes can read the headline of a newspaper at altitude, never mind a close series of fly-bys.  If you determine it&#39;s no immediate threat, and can jam communications going to it, which they did, then you gain nothing from shooting it down right when it was discovered.  This is basics.  The biggest flaw to it is that it&#39;s slow, but it was also its biggest strength before it was discovered.MTG yelling and screaming again at Biden for not shooting it right down just shows how ignorant she is, and only interested in auditioning for the WWE."
"What in the World do they expect puppet Biden to know?  Don&#39;t they need to talk to the puppet masters?"
"..ooohh..tha&#39;ll show them chicoms..a &#39;resolution&#39;..yeah, that always works.."
"I&#39;m just glad Bidens admin didn&#39;t just ignore it and let three fly through uncontested like a certain republican did."
"Big Marj from Georgia should focus on her failing State. What a joke she has become. "
"How about a reward for one of these spy er WX balloons, intact?  What goes up, always comes down."
"Nothing will come out of the House for the next two years except angry noise."
"Her name, now that she is divorced, is Marjory Taylor.  She&#39;s no longer a Greene."
"The only balloon that should be stopped is the &#34;Big Marjorie Green&#34; one."
"At least, there are still a few things that are bi-partisan left"
"‘Nuff said…<strong>Military commander tells Senate panel on Chinese spy balloon: &#34;We think before we shoot&#34;</strong>"
"This just in..
America is now #1 at something.
#1 global target."
"Trump allowed several China balloons to float through the US without being shot down. Where was big Marj then?"
"can you imagine being a career professional from the military of FBI. having to deal with crazy questions from Green or Bobart?"
"Americans..
Look up &#39;Project Genetrix&#39;.
And enlighten yourself, grasshopper."
"Swalwell ate that Sushi like a rat eats cheese 🧀 "
"Biden will give all the answers the dems want to hear. Lies, lies, lies. "
"Que the misinformed. "
"Biden will give all the answers the dems want to hear. Lies, lies, lies. "
"Que the misinformed. "
"There have been actual tests by our military on detonating nuclear devices from high altitude balloons. It was found that this would create an EMP (electromagnetic pulse) that would disable a large portion of the US with just one balloon. Also after a years time of the detonation that a large number of the population would be dead from various factors relating to the loss of power. I’m sure our military is aware of this, but nothing is said. The consequences of letting this balloon drift over the US can be devastating. "
"If we do not do something the next ones may do more than looking and listening."
"Most disappointing is an Air Force general dancing around with this. What&#39;s become of military leadership?"
"If this isn’t a full bipartisan vote to condemn China, then I would look deeply into the ones that don’t condemn, I’m sure you will find a china connection "
"The government never admitted this was taking place till an observant citizen started posting pics on social media. Think about that."
"Clearly, even the Democrats can see that flying spy balloons all over your country is not the right thing to do.   Too bad Joe Biden waited so long to protect our country.   "
"After 5 days of picturing the US, China claims &#34;Mission accomplished&#34;. Biden: &#34;We are successful&#34;. They seem to be together."
"I swear none of the democrats have their own point of view…they follow the rest of the herd!  Either they vote for or vote against, but they all vote together…it’s kind of weird!  "
"Demanding more info from Biden? Too bad China owns Biden!"
"The military leaders are woke and possibly have some alliance to China.  They put importance on CRT and Trans programs and little importance on our safety.  "
"It amazes me how the anti Trump operators are thinking now. He was right not xenophobic!"
"It’s all well and good that we are investigating what happened.  But why are we not demanding of our “leaders(?)” and military to immediately destroy any similar spy incursions into U.S. territory?  What’s next, Chinese aircraft carriers going under the Golden Gate Bridge for a Sunday cruise?"
"Biden isn’t President the West Wing 
handlers are fumbling around trying to run the country. This is why there is supposed to be One Guy at the Top
consensus among non elected 
advisors is never going to happen"
"Isn&#39;t it odd that Creepy Dementia Joe let the Chinese Balloon finish it&#39;s spying before it was shot down? Says a lot. Joe is working for China! I&#39;m surprised he didn&#39;t surrender to it! "
"Seems like Biden can get away with anything? Why is this behind closed doors?This event involves everyone, and how can we be sure Biden will truthfully tell us what the balloon’s intel was really about. Isn’t this a reason for impeachment if Biden isn’t forthcoming with all the details of the balloon. And there are still balloons floating around collecting important information about the United States military operations and who knows what else? What about them? Do they just get to float around collecting information about our country?"
"Biden said the Spy Balloon came down from &#34;Canada&#34;?Then how much longer did they know about the SB than they told us? And why is that Fascist Trudeau allowing Chinese military training camps so close to our border? Maybe we need to close our border with Canada."
"Our country desperately needs and WANTS UNITY. "
"China need to know what they did is will not be tolerated!!! Sanctions needed "
"..Joe is waiting on the chicoms to tell him what to say..or Obama..same bunch.."
"Our government is failing to protect America and its citizens."
"Dang straight. we want answers.  You work FOR US, THE AMERICAN PEOPLE. THIS ADMINISTRATION NEEDS TO REMEMBER THAT. "
"Bidens belong behind bars before they see their demise"
"Ok, Biden, there&#39;s your unity. Of course, probably not what you expected. Give us an explanation...and please do not let Harris nor KJP give the explanation."
"Sure, get all the info.  But, don&#39;t attack America.  What&#39;s really shameful is that Republicans attack our own America, our own military, our own intelligence agency instead of  the real culprit, China.  What an unAmerican thing to do.  Just keep attacking us, like you did on January 6.  The unpatriotism continues.  It&#39;s very sad what this party has turned into.  "
"Its funny how few people realize that:Best case once it was made public: Study it for as long as possible then shoot it down at last chanceBest case if it was never public: Study it for as long as possible and pretend like you never knew it existedMilitary approached it correctly; It is a shame it was made public, Alas; But politicians will be politicians and convince you that we should have shot it down early. People believe any lie that fits their narrative&lt;shrug&gt;"
"They had to wait until it was over water so nothing could be recovered. Could have used bullets to hit the balloon section to keep the main body intact for inspection. We do what the Chinese want us to do. Keep spending my kids money."
"Mark this day on your calendar!  The Dems and GOP agree to something!!"
"Common sense doesn&#39;t seem to live in the democratic party. Have democrats lost common sense? "
"Even the left are turning on him"
"Anyone that voted against needs to go. "
"News flash: China responds in kind. Condemns the US! Whoa, that escalated quickly! /s please stop show boating and do something real."
"Clip China’s wings by stopping any purchase that originates in China. All the garbage we buy should come from anywhere but China. ABC. Our govt needs to make sure critical products are made here. Medicines must be returned to our soil. They’re using the solar energy field to harm our country. First a decade ago they dumped solar products to run our producers out then recently they prohibited sales of solar components to the US. How long until they hold life sustaining products over our heads. We are in a Cold War with the CCP and need to act accordingly. We let them do this and now must stop it. "
"Just another of Biden’s failures. Are we afraid if we impeach Biden that Hairless will become President. I vote to impeach them both. Like yesterday "
"Stop it! It was civilian...China promised so."
"Oooh a condemnation... I&#39;m sure Xi is shaking in his boots"
"Condemn??? Talk is cheap....CCP...Chinese Clown Party is laughing at  so-called &#34;most powerful country&#34; and the clowns(CCP), just proved how spineless pRESIDENT Joe is...."
"He failed, demand his resignation!!!!!"
"Does it bother these people that China is importing crazy amounts of Russian oil, while were shipping off billions to ukraine?"
"Biden is compromised by China He’s a national security threat to our country"
"A vote to condemn something.................🤨"
"Biden is clueless."
"&#34;An anonymous source told the Washington Post a third balloon is likely operating near the US after the first balloon was discovered hovering over Montana on Thursday and another was found above Latin America on Friday.&#34;"
"What is depressing is this administration in the White House is all for the destruction of America. They just play concerned for political theatre. Their policies prove it."
"joe has probably forgotten about the balloon, just like his documents "
"The only thing politically valuable here is they were caught red handed.  If we couldn&#39;t capture it intact, then we might as well take the time to learn everything we can while it&#39;s over our soil before we shoot it down.  Keep in mind, everyone spies on everyone.  Just don&#39;t get caught.  But like Russia, China will keep probing for weaknesses and have no reservations to exploiting them, rather than save them for a rainy day.  We&#39;ll see how clever and calculating Biden responds.  A publicly visible offense is larger political leverage than covert."
"The administration and pentagon are on the same level. Everything they do turns into a fiasco and continue to maintain a whopping &#34;41%&#34; approval rating. They should send a private company to snag the balloon residue."
"🇺🇸🇺🇸 GOOD LUCK GOP. DEMANDING MORE FROM “ THE VEGETABLE 🥦 AND CHIEF “ HE STILL THINKS THE MILITARY SHOT DOWN “ CHARLIE BROWN’S GREAT PUMPKIN 🎃 “ NOT A CHINESE SPY BALLOON 💭🇺🇸🇺🇸🇺🇸🇺🇸🇺🇸🇺🇸🇺🇸🇺🇸🇺🇸🇺🇸"
"I didn&#39;t hear any outcry about this happening under the Trump administration."
"Biden took out a loan on his house to pay the Chinese for that balloon"
"As Joe demands more cash from China.As Hunter demands more “dates” from China"
"What would China do if the situation was reversed??"
"“Would you like to ride in my beautiful balloon…. Up up and away in my beautiful balloon”. The 5th Dimension Trump needs to play this song as he releases a big balloon at all of his rallies."
"China owns crazy joe..."
"Trump didn&#39;t notice the Chinese balloons overhead because he was busy tweeting about watching himself on FoxNews."
"Great but besides nothing now what happens?"
"Here we go. Let&#39;s see everything they know!"
"Please. Congress doesn&#39;t need any of that data. None of them are smart enough to correctly interpret any data they get."
"All of the sudden senators are all armchair experts on how to safely knock something out of the sky the size of 3 delivery vans at around 60,000’ over populated areas.  Most of whom, supported a would be though failed authoritarian dictator.  Who, by the way likely ghosted the intelligence briefings of the balloons during his time in office so he could eat McDonald’s &amp; watch Fox &amp; friends. "
"What in the World do they expect puppet Biden to know?  Don&#39;t they need to talk to the puppet masters?"
"C&#39;mon people, the second it was seen we sent up a fighter and U-2 at it to see what it&#39;s doing.  Those planes can read the headline of a newspaper at altitude, never mind a close series of fly-bys.  If you determine it&#39;s no immediate threat, and can jam communications going to it, which they did, then you gain nothing from shooting it down right when it was discovered.  This is basics.  The biggest flaw to it is that it&#39;s slow, but it was also its biggest strength before it was discovered.MTG yelling and screaming again at Biden for not shooting it right down just shows how ignorant she is, and only interested in auditioning for the WWE."
"..ooohh..tha&#39;ll show them chicoms..a &#39;resolution&#39;..yeah, that always works.."
"I&#39;m just glad Bidens admin didn&#39;t just ignore it and let three fly through uncontested like a certain republican did."
"Big Marj from Georgia should focus on her failing State. What a joke she has become. "
"How about a reward for one of these spy er WX balloons, intact?  What goes up, always comes down."
"Nothing will come out of the House for the next two years except angry noise."
"Her name, now that she is divorced, is Marjory Taylor.  She&#39;s no longer a Greene."
"The only balloon that should be stopped is the &#34;Big Marjorie Green&#34; one."
"At least, there are still a few things that are bi-partisan left"
"‘Nuff said…<strong>Military commander tells Senate panel on Chinese spy balloon: &#34;We think before we shoot&#34;</strong>"
"This just in..
America is now #1 at something.
#1 global target."
"Trump allowed several China balloons to float through the US without being shot down. Where was big Marj then?"
"can you imagine being a career professional from the military of FBI. having to deal with crazy questions from Green or Bobart?"
"Americans..
Look up &#39;Project Genetrix&#39;.
And enlighten yourself, grasshopper."
"Swalwell ate that Sushi like a rat eats cheese 🧀 "
"Biden will give all the answers the dems want to hear. Lies, lies, lies. "
"Que the misinformed. "
