"Oh boy! we hit a gigantic balloon with an oversized rocket and blew it to smithereens into a huge ocean.  Now were going to search and seizure the pieces and puzzle it back together. This is so impressive. "
"The distinction must be made whether the parts were actually manufactured here or was it theresult of stolen technology by China and made there. "
"Unnamed sources are reporting the English writing included the words “THE BIG GUY 2024” inscribed on the balloon. "
"What is so surprising?  Industrial, technical and academic espionage is what the Red Chinese have been doing for decades.  They don&#39;t have a lot of technical, from the ground up, achievements.  The West has done most of the hard work them."
"Is Anyone Really Surprised?  US Funding helped manufacture Covid-19.  "
"I guess there was no way to harness the balloon without destroying it. This isn&#39;t the first time it&#39;s happened. Sounds like the White House didn&#39;t see it as a threat, even though it was. I&#39;m not surprised by anything anymore."
"<strong><em>&#34;Senators say &#39;very disturbing possibility&#39; US manufacturing may have helped build Chinese surveillance balloon&#34;</em></strong>Surprise! Surprise! Surprise!How many companies have moved to China to build ANYTHING!But, in this case, IF it had accidentally been built int he USA, BRANDON and/or his Cronies would have sold it to China for reverse engineering anyway..."
"There are very few technological items that the Chinese did not rip off from other countries, especially America."
"Correction: Hunter and Brandon sold some patents to China. There, all fixed. "
"Would this surprise anyone? China has been integrating with our manufacturing industries for decades.I can remember driving for a car service in 1987, and picking up 4 guys on a flight from Beijing at JFK airport. One of them was absolutely delighted to share his business card with the first American who he&#39;d ever met, no doubt. His business? Mettallurgy."
"Biden probably made sure his business partners had the necessary parts from the US to build their spy balloons!!!  After all, it took Biden a week to order the spy balloon shot down. Nothing was done to the other China spy balloons that this administration tried to lie that they were on Trumps watch. SMH "
"Everything china has come from American business or American taxpayers. "
"It&#39;s beyond the balloons, U.S. manufacturing has helped build the CCP&#39;s entire military. "
"The Biden admin. didn&#39;t alert Americans to this.  Common citizens saw it and drew the attention.  Only after press coverage did the Biden admin. admit to having full knowledge of the ballon and that it had done noting to stop it."
"Let’s see….. our cia and navy blew up the Nordstrom pipeline and now we had a hand in this intelligence balloon…..TRUST NOTHING IN THE GOVERNMENT!!!!"
"China has been selling counterfeit merchandise in America for years  with the  &#34; Made-in the-USA&#34; label. Why wouldn&#39;t they do that to this balloon and know the average American may believe it?"
"when will the govt wake up to the fact thst China is not our friend. normal every day Americans know this"
"Waiting for the Defense Department to invent more allegations about this balloon incident to justify the government&#39;s anti-China policy. Such inventions have taken place whenever the U.S. works to create an adversarial relationship with another country. And of course it would be proclaimed as almost treasonous if a company in the U.S. supplied such a dangerous to U.S. security product as an inflation valve for the Chinese balloons."
"NEWS FLASH - Of course US companies have been helping China build the technology to spy on Americans. We’ve been doing it for about 30 years now.  Thank You Bill Clinton for allowing China into the WTO.  "
"So it turns out it is a spy Ballon after all and nothing weather related and Joe let this baby just walk right across America. I hope all Americans will remember this in the next election, that the democrats are trying to destroy this country just about anyway they can."
"This administration is compromised, and they gave China the greenlight on this program. It’s completely obvious that our pentagon is involved with the Chinese military. Just ask General Mi Li"
"NEWSFLASH:since Nixon USA companies have rushed to give China any and all manufacturing / confidential information in order to get the product made cheaper - by semi-slave labor under an government with zero concern about environment, etc.congratulations are in order - the Chinese have / have stolen all the &#34;hi-tech&#34; and are ready to beat USA over the head with their &#34;advances.&#34;the USA politicians simply never learn from history.  the USS Iowa was put back in commission - what happened when the Navy wanted more 16 inch shells for her guns?"
"Loral Space and Communications Ltd. was a company that owned a satellite that China attempted to launch into space in 1996. After it crashed, Loral and Hughes Electronics helped China investigate what went wrong.
This plan was implemented by Bill Clinton and his Administration. Until then China could not launch an ICBM that could achieve low Earth orbit. It was Bill Clinton who enabled The Chinese aerial surveillance systems. Thank a DEMOCRAT for China spying on America. Under Obama/Biden the spying has accelerated to the present day balloon barrage. "
"Senator you should look at every US university that has a material science department and look at the research funding."
"Hunter Biden facilitated the sell of an auto parts mfg company to China when his dad was V.P. The Biden family is very busy &amp; enterprising when it comes to merging U.S. companies into Chinese companies with the transfer of associated technology &amp; patents. Now that the balloon has captured all the data the Chinese were searching for, Hunter’s paintings should bring a higher price, with Joe’s brother getting a larger commission to hold onto for Joe until his term is over."
"Is this supposed to be a surprise? China gets most of their high tech capability from the US or other western countries. What the don&#39;t steal, they buy"
"<strong><em>Hunter makes and sells balloons ?</em></strong>"
"They make a high percentage of our drugs, which was a big concern during Covid, but once our government goes back to work, they argue with each other and do nothing for US citizens.  Worried about their own careers, not us!"
"Our establishment has sold us out so bad the Chinese even use US parts for spy balloons"
"US Technology Gifts have made the Chinese Communist Party what it is today!  Thanks to our Self Serving Career Politicians in Washington DC! "
"STOP calling it a balloon! Let’s say what it really is, “High Altitude Tactical Reconnaissance Satellite”  

-Carry Expensives? ✅
-Surveying Equipment? ✅
-Satellite Panels? ✅

Play the word game better than them"
"&#34;American companies shouldn&#39;t be helping build spy satellites that are used against their own citizens,&#34;Hi Google!"
" The FEDS go out of their way to help arm their RIVALS/ENEMY in any way possible. traitor joe rearming the TALIBAN with Better Newer State of the Art Weapons and Equipment"
"Anyone thinking that it was OUR balloon?  And Joe just  got caught spying on his own people so China agreed to take the blame since Joe’s done so much for them."
"During Clinton the Chinese requested to by America&#39;s premier magnate producer, they got the OK provided production stayed in the US.During Bush 2 the Chinese requested to move production to China.  They got the OK.Magnates are integral to missile guidance systems.  This is an indictment of American govt. (specifically the State Department) not one or another President."
"I don&#39;t care who built it, I&#39;m just waiting to find out the details of what it had on board. "
"On the bottom of it said: &#34;<strong>Made in Delaware</strong>&#34;!"
"These &#34;generals&#34; prattle on about nothing.  What&#39;s with all the campaign ribbons?  You would think these guys had fought in every theater in every war since the 1900&#39;s.  Participation trophies."
"I would laugh if the results came back as something like &#34;the parts used came from wish, and Ali Express&#34;."
"Well the Dems did send Iran money to build aircraft bunkers too for their F-4 fighter jets..."
"What did I tell you? It was so obvious they were working with the CCP! People should take my analysis more seriously."
"Wow! It took a Chinese spy balloon to wake up Alaska’s two senators who’ve effectively been in hibernation for a decade. Lisa actually “woke” up on occasions to stab Alaskan &amp; American conservatives and our military in the back. Now they’re united in disapproval and indignation over Biden’s ignorance and our military leadership’s incompetence. No doubt Murkowski’s finest moment and Sullivan’s first flight off the fence post. Congratulations for finally showing up to work. Well done."
"Parts supplied and delivered to china to build the spy balloon by the biden crime family."
"It’s the Larry, Darryl, &amp; Darryl business plan - Anything for a Buck."
"Hunter is probably on the board of directors of companies selling parts to China.  "
"Seriously. Anything thinks that this is &#34;very disturbing&#34; doesn&#39;t understand the nature of the global economy. You really don&#39;t think that there aren&#39;t Chinese parts in our military equipment?Politicians are great at sowing outrage from the benign. "
"yeah, we design everything they &#34;make&#34;. duh"
"DHL should have flagged those big boxes marked &#34;TOP SECRET SPY BALLOON COMPONENTS&#34;."
"Same as covid, democrats are traitor"
"OLD JOE helped the Chinese?  say it ain&#39;t so Joe, or was it Hunter."
"I think that&#39;s a given. If it were actually made in China, it would never have gotten off the ground."
"Now that wouldn&#39;t surprise me one bit with all the China supportive businesses in the US which they should be publicly condemned and shut down or organized into American businesses."
"I&#39;m sure as China steals everything and are the biggest thieves in the world next to the democrats."
"Lots of CCP agents posting on FOX tonight."
"Gee ... ya think?! We&#39;ve literally given them nearly every manufacturing plant we have ... and then they just steal it. But hey ya they are great friend of ours ... "
"China&#39;s military industry is practically all indigenous and no less advanced than the US."
"biden balloon mfg. co.

he reaps the paycheck."
"No, I don&#39;t think we helped, I think they just stole it like everything else !"
"Probably funded by the Obama administration, same as Covid..."
"yeah ..built by Democrats incase Trump wins again."
"The balloon was the easiest way to bring back the classified documents biden loaned the Chinese."
"Is it a surprise? Do you think anything out there sophisticated enough has no American parts and knowhow? Russian cow chips don’t work in guided missiles and electronic circuits. "
"Ouch. Hawley confirming spy balloons flew over the US under the previous administration. There went that outrage of the week. "
"I bet the democrats did the same with the Wuhan Virus to get rid of Trump."
"This is grandstanding by Hawley. I know, he&#39;s just asking questions. "
"China is not our friend period One of our biggest adversaries "
"I fully expected that and that it is why Biden and friends didn&#39;t want to shoot it down and hoped it would slip off the continental shelf before we found our own companies were colluding with China for their bottom lines."
"Well, that&#39;s a big No Duh.  The Communist Chinese have stolen so much tech from us over the years that anything they use against us will likely have come from us in the first place."
"If this story is true it means only one thing .<strong>Tru mp drove the GOP so far into the ground it can never again expect to see the light of day. </strong>"
"STOP calling it a balloon! Let’s say what it really is, “High Altitude Tactical Reconnaissance Satellite”  

-Carry Expensives? ✅
-Surveying Equipment? ✅
-Satellite Panels? ✅

No one is buying it! "
"STOP calling it a balloon! Let’s say what it really is, “High Altitude Tactical Reconnaissance Satellite”  

-Carry Expensives? ✅
-Surveying Equipment? ✅
-Satellite Panels? ✅

No one is buying it! "
"I predict a war started by China against America within 10-15 years if not sooner. Quid pro quo Joe has sent most weapons and ammunition to Ukraine "
"Part of the 12,000,000 manufacturing jobs Joe created."
"sell your soul for a buck......is your business, but when you sell out the country for a buck.....that would be treason. "
"I didn&#39;t need a security clearance to figure that out"
"Republicans have been deeply emotionally traumatized by the balloon, it&#39;ll take them years to recover."
"Sounds like Treason to me."
"And probably on Buck Fiden&#39;s orders."
"Actually, the AMERICAN tax payer probably paid for the Chinese spy device. "
"Run, Josh, run.  It&#39;s hard to take this guy seriously after seeing his mad dash to safety after saluting the mob with a raised fist.  Not fair, I know, but he made himself a laughingstock. No one else did."
"Actually, the AMERICAN tax payer probably paid for the Chinese spy device. "
"find out who had a investment in it. Maybe Zuckerberg, maybe Gates. you might be surprised, who."
"Run, Josh, run.  It&#39;s hard to take this guy seriously after seeing his mad dash to safety after saluting the mob with a raised fist.  Not fair, I know, but he made himself a laughingstock. No one else did."
"We literally build nothing in the United States anymore and the one teeny tiny thing we did manufacture was a spy balloon for China? I believe that...."
"doesn&#39;t Hawley have a marathon he should be training for? 🏃‍♂️🏃‍♂️🏃‍♂️🏃‍♂️🏃‍♂️🏃‍♂️🏃‍♂️🏃‍♂️"
"You think it was made by the a hunter Biden party balloon company?"
"The military didn&#39;t allow anybody to get near the debris because they don&#39;t want you to be able to see the made in USA stamp"
"Senator Hawley looks strange. The kind of strange that makes Idaho girls uncomfortable. "
"As well as funding research labs in China"
"Fortune Cookie Says:Stop buying Communist Chinese Goods. Xi broke, walking streets in Beijing. Take charge of your own living and economy. Americans can build and design own technology. Hardwork, Intelligence, Self-reliance key.🔑Vote corruption out of government offices. "
"A bunch of noise. What evidence it was a spy balloon? Because it was China?"
"Our military leaders are communists"
"...but &#34;finding&#34; supercomputer HDD&#39;s behind the Xerox machine at Los Alamos, for 1996 campaign funds is STILL ok!!!!!RIGHT!Depends on what &#34;is&#34; is...."
"..Good year?.... or   Bad  year..."
"Must have been from one of those jobs Joe created. Good job there flubber mouth."
"They just ordered the parts from Amazon..."
"This is what biDUMB was hiding! American s building chinese balloon!"
"Well they wouldn&#39;t want to use parts made in China!"
"So the balloon was from our own government and that is why they did not want to shoot it down. Make sense now."
"Surprise! Surprise! Surprised?"
"The government should offer mental health services to Republicans who have been emotionally traumatized by the balloon."
"Wow the one thing Americans can build are cheapo balloons. "
"Very likely the shoes Josh ran in were Chinese made!😂😂😂😂"
"&#34; Fox News confirmed that the Chinese balloon had western made parts with English writing &#34;and this is a surprise to ... who ??"
"If that disturbs him, what about all those weapons we are sending being used to kill people?"
"THERE IS A  MONSTER UNDER MY BED-- The average U.S. American"
"Run Josh. run."
"Launch another insurrection over it, MAGA reptiles. "
"NO KIDDING !!!!"
"The United States as a whole suffers from Narcissism and Schizophrenia"
"Nothing new about our manufacturing being a part of lying thieving corruption.  They belong to the CCP."
"Josh Hawley is so irrelevant."
🤣🤣🤣🤣🤣🤣🤣🤣🤣🤣🤣
Duh.
"liberal company....get em Dano"
"liberal company....get em Dano"
Duh.
"Oh boy! we hit a gigantic balloon with an oversized rocket and blew it to smithereens into a huge ocean.  Now were going to search and seizure the pieces and puzzle it back together. This is so impressive. "
"The distinction must be made whether the parts were actually manufactured here or was it theresult of stolen technology by China and made there. "
"Unnamed sources are reporting the English writing included the words “THE BIG GUY 2024” inscribed on the balloon. "
"What is so surprising?  Industrial, technical and academic espionage is what the Red Chinese have been doing for decades.  They don&#39;t have a lot of technical, from the ground up, achievements.  The West has done most of the hard work them."
"Is Anyone Really Surprised?  US Funding helped manufacture Covid-19.  "
"I guess there was no way to harness the balloon without destroying it. This isn&#39;t the first time it&#39;s happened. Sounds like the White House didn&#39;t see it as a threat, even though it was. I&#39;m not surprised by anything anymore."
"<strong><em>&#34;Senators say &#39;very disturbing possibility&#39; US manufacturing may have helped build Chinese surveillance balloon&#34;</em></strong>Surprise! Surprise! Surprise!How many companies have moved to China to build ANYTHING!But, in this case, IF it had accidentally been built int he USA, BRANDON and/or his Cronies would have sold it to China for reverse engineering anyway..."
"There are very few technological items that the Chinese did not rip off from other countries, especially America."
"Correction: Hunter and Brandon sold some patents to China. There, all fixed. "
"Would this surprise anyone? China has been integrating with our manufacturing industries for decades.I can remember driving for a car service in 1987, and picking up 4 guys on a flight from Beijing at JFK airport. One of them was absolutely delighted to share his business card with the first American who he&#39;d ever met, no doubt. His business? Mettallurgy."
"Biden probably made sure his business partners had the necessary parts from the US to build their spy balloons!!!  After all, it took Biden a week to order the spy balloon shot down. Nothing was done to the other China spy balloons that this administration tried to lie that they were on Trumps watch. SMH "
"Everything china has come from American business or American taxpayers. "
"It&#39;s beyond the balloons, U.S. manufacturing has helped build the CCP&#39;s entire military. "
"The Biden admin. didn&#39;t alert Americans to this.  Common citizens saw it and drew the attention.  Only after press coverage did the Biden admin. admit to having full knowledge of the ballon and that it had done noting to stop it."
"Let’s see….. our cia and navy blew up the Nordstrom pipeline and now we had a hand in this intelligence balloon…..TRUST NOTHING IN THE GOVERNMENT!!!!"
"when will the govt wake up to the fact thst China is not our friend. normal every day Americans know this"
"China has been selling counterfeit merchandise in America for years  with the  &#34; Made-in the-USA&#34; label. Why wouldn&#39;t they do that to this balloon and know the average American may believe it?"
"Waiting for the Defense Department to invent more allegations about this balloon incident to justify the government&#39;s anti-China policy. Such inventions have taken place whenever the U.S. works to create an adversarial relationship with another country. And of course it would be proclaimed as almost treasonous if a company in the U.S. supplied such a dangerous to U.S. security product as an inflation valve for the Chinese balloons."
"NEWS FLASH - Of course US companies have been helping China build the technology to spy on Americans. We’ve been doing it for about 30 years now.  Thank You Bill Clinton for allowing China into the WTO.  "
"So it turns out it is a spy Ballon after all and nothing weather related and Joe let this baby just walk right across America. I hope all Americans will remember this in the next election, that the democrats are trying to destroy this country just about anyway they can."
"This administration is compromised, and they gave China the greenlight on this program. It’s completely obvious that our pentagon is involved with the Chinese military. Just ask General Mi Li"
"NEWSFLASH:since Nixon USA companies have rushed to give China any and all manufacturing / confidential information in order to get the product made cheaper - by semi-slave labor under an government with zero concern about environment, etc.congratulations are in order - the Chinese have / have stolen all the &#34;hi-tech&#34; and are ready to beat USA over the head with their &#34;advances.&#34;the USA politicians simply never learn from history.  the USS Iowa was put back in commission - what happened when the Navy wanted more 16 inch shells for her guns?"
"Loral Space and Communications Ltd. was a company that owned a satellite that China attempted to launch into space in 1996. After it crashed, Loral and Hughes Electronics helped China investigate what went wrong.
This plan was implemented by Bill Clinton and his Administration. Until then China could not launch an ICBM that could achieve low Earth orbit. It was Bill Clinton who enabled The Chinese aerial surveillance systems. Thank a DEMOCRAT for China spying on America. Under Obama/Biden the spying has accelerated to the present day balloon barrage. "
"Senator you should look at every US university that has a material science department and look at the research funding."
"Hunter Biden facilitated the sell of an auto parts mfg company to China when his dad was V.P. The Biden family is very busy &amp; enterprising when it comes to merging U.S. companies into Chinese companies with the transfer of associated technology &amp; patents. Now that the balloon has captured all the data the Chinese were searching for, Hunter’s paintings should bring a higher price, with Joe’s brother getting a larger commission to hold onto for Joe until his term is over."
"Is this supposed to be a surprise? China gets most of their high tech capability from the US or other western countries. What the don&#39;t steal, they buy"
"<strong><em>Hunter makes and sells balloons ?</em></strong>"
"They make a high percentage of our drugs, which was a big concern during Covid, but once our government goes back to work, they argue with each other and do nothing for US citizens.  Worried about their own careers, not us!"
"Our establishment has sold us out so bad the Chinese even use US parts for spy balloons"
"US Technology Gifts have made the Chinese Communist Party what it is today!  Thanks to our Self Serving Career Politicians in Washington DC! "
"STOP calling it a balloon! Let’s say what it really is, “High Altitude Tactical Reconnaissance Satellite”  

-Carry Expensives? ✅
-Surveying Equipment? ✅
-Satellite Panels? ✅

Play the word game better than them"
"&#34;American companies shouldn&#39;t be helping build spy satellites that are used against their own citizens,&#34;Hi Google!"
" The FEDS go out of their way to help arm their RIVALS/ENEMY in any way possible. traitor joe rearming the TALIBAN with Better Newer State of the Art Weapons and Equipment"
"Anyone thinking that it was OUR balloon?  And Joe just  got caught spying on his own people so China agreed to take the blame since Joe’s done so much for them."
"During Clinton the Chinese requested to by America&#39;s premier magnate producer, they got the OK provided production stayed in the US.During Bush 2 the Chinese requested to move production to China.  They got the OK.Magnates are integral to missile guidance systems.  This is an indictment of American govt. (specifically the State Department) not one or another President."
"I don&#39;t care who built it, I&#39;m just waiting to find out the details of what it had on board. "
"On the bottom of it said: &#34;<strong>Made in Delaware</strong>&#34;!"
"These &#34;generals&#34; prattle on about nothing.  What&#39;s with all the campaign ribbons?  You would think these guys had fought in every theater in every war since the 1900&#39;s.  Participation trophies."
"I would laugh if the results came back as something like &#34;the parts used came from wish, and Ali Express&#34;."
"Well the Dems did send Iran money to build aircraft bunkers too for their F-4 fighter jets..."
"What did I tell you? It was so obvious they were working with the CCP! People should take my analysis more seriously."
"Parts supplied and delivered to china to build the spy balloon by the biden crime family."
"Wow! It took a Chinese spy balloon to wake up Alaska’s two senators who’ve effectively been in hibernation for a decade. Lisa actually “woke” up on occasions to stab Alaskan &amp; American conservatives and our military in the back. Now they’re united in disapproval and indignation over Biden’s ignorance and our military leadership’s incompetence. No doubt Murkowski’s finest moment and Sullivan’s first flight off the fence post. Congratulations for finally showing up to work. Well done."
"It’s the Larry, Darryl, &amp; Darryl business plan - Anything for a Buck."
"Hunter is probably on the board of directors of companies selling parts to China.  "
"Seriously. Anything thinks that this is &#34;very disturbing&#34; doesn&#39;t understand the nature of the global economy. You really don&#39;t think that there aren&#39;t Chinese parts in our military equipment?Politicians are great at sowing outrage from the benign. "
"yeah, we design everything they &#34;make&#34;. duh"
"DHL should have flagged those big boxes marked &#34;TOP SECRET SPY BALLOON COMPONENTS&#34;."
"Same as covid, democrats are traitor"
"I think that&#39;s a given. If it were actually made in China, it would never have gotten off the ground."
"OLD JOE helped the Chinese?  say it ain&#39;t so Joe, or was it Hunter."
"Now that wouldn&#39;t surprise me one bit with all the China supportive businesses in the US which they should be publicly condemned and shut down or organized into American businesses."
"I&#39;m sure as China steals everything and are the biggest thieves in the world next to the democrats."
"Lots of CCP agents posting on FOX tonight."
"Gee ... ya think?! We&#39;ve literally given them nearly every manufacturing plant we have ... and then they just steal it. But hey ya they are great friend of ours ... "
"China&#39;s military industry is practically all indigenous and no less advanced than the US."
"biden balloon mfg. co.

he reaps the paycheck."
"No, I don&#39;t think we helped, I think they just stole it like everything else !"
"yeah ..built by Democrats incase Trump wins again."
"Probably funded by the Obama administration, same as Covid..."
"The balloon was the easiest way to bring back the classified documents biden loaned the Chinese."
"Is it a surprise? Do you think anything out there sophisticated enough has no American parts and knowhow? Russian cow chips don’t work in guided missiles and electronic circuits. "
"Ouch. Hawley confirming spy balloons flew over the US under the previous administration. There went that outrage of the week. "
"I bet the democrats did the same with the Wuhan Virus to get rid of Trump."
"This is grandstanding by Hawley. I know, he&#39;s just asking questions. "
"China is not our friend period One of our biggest adversaries "
"I fully expected that and that it is why Biden and friends didn&#39;t want to shoot it down and hoped it would slip off the continental shelf before we found our own companies were colluding with China for their bottom lines."
"If this story is true it means only one thing .<strong>Tru mp drove the GOP so far into the ground it can never again expect to see the light of day. </strong>"
"Well, that&#39;s a big No Duh.  The Communist Chinese have stolen so much tech from us over the years that anything they use against us will likely have come from us in the first place."
"STOP calling it a balloon! Let’s say what it really is, “High Altitude Tactical Reconnaissance Satellite”  

-Carry Expensives? ✅
-Surveying Equipment? ✅
-Satellite Panels? ✅

No one is buying it! "
"STOP calling it a balloon! Let’s say what it really is, “High Altitude Tactical Reconnaissance Satellite”  

-Carry Expensives? ✅
-Surveying Equipment? ✅
-Satellite Panels? ✅

No one is buying it! "
"I predict a war started by China against America within 10-15 years if not sooner. Quid pro quo Joe has sent most weapons and ammunition to Ukraine "
"Part of the 12,000,000 manufacturing jobs Joe created."
"sell your soul for a buck......is your business, but when you sell out the country for a buck.....that would be treason. "
"I didn&#39;t need a security clearance to figure that out"
"Sounds like Treason to me."
"Republicans have been deeply emotionally traumatized by the balloon, it&#39;ll take them years to recover."
"And probably on Buck Fiden&#39;s orders."
"Actually, the AMERICAN tax payer probably paid for the Chinese spy device. "
"find out who had a investment in it. Maybe Zuckerberg, maybe Gates. you might be surprised, who."
