"Now if we could only get Biden to stop reporting back to China."
"Tik tok, sounds like time running out for America."
"There&#39;s no debate how much the Chinese government is involved."
"Tech with ties to China.Most of it since that is where it&#39;s made, and what they do not make, they buy or steal and reverse engineer it."
"Tech with ties to china: What to avoid?? Tech with ties to China!"
"Lenovo and IBM have been operating jointly since Lenovo obtained IBM&#39;s PC  business. On May 1, 2005, IBM sold its PC business to Lenovo.  Lenovo is the preferred provider of IBM-branded personal computers. Big Blue is also a &#34;Super Fund Site&#34; Polluter in New York and other portions of New England. Avoid IBM too!"
"Come on America, get rid of TikTok on your phone…"
"Concerning, but you can setup specific rules in some firewalls to block any data going to and coming from China. "
"More than 90% of Apple products are made in China."
"In other words, its probably better to use TikTok because they refused to give the US spying agencies (people with actual jurisdiction over you) the backdoors."
"No Tiky Toky 🤣🤣🤣🤣💣💥"
"I like TikTok. I don&#39;t care if China is collecting my data . every other platform is collecting my data. Difference is the US government doesn&#39;t control the content on TT so they want to ban it"
"As if nsa isn’t doing the same thing."
""
"Oh NO, they might be spying on my drones footage of my neighborhood."
"It&#39;s rumored that Khrushchev said America would sell the Russians the rope they&#39;d use to hang us......looks like the only thing he got wrong about that was which Communists we&#39;d sell the rope to......."
"Now if we could only get Biden to stop reporting back to China."
"Tik tok, sounds like time running out for America."
"There&#39;s no debate how much the Chinese government is involved."
"Tech with ties to China.Most of it since that is where it&#39;s made, and what they do not make, they buy or steal and reverse engineer it."
"Tech with ties to china: What to avoid?? Tech with ties to China!"
"Lenovo and IBM have been operating jointly since Lenovo obtained IBM&#39;s PC  business. On May 1, 2005, IBM sold its PC business to Lenovo.  Lenovo is the preferred provider of IBM-branded personal computers. Big Blue is also a &#34;Super Fund Site&#34; Polluter in New York and other portions of New England. Avoid IBM too!"
"Come on America, get rid of TikTok on your phone…"
"Concerning, but you can setup specific rules in some firewalls to block any data going to and coming from China. "
"More than 90% of Apple products are made in China."
"No Tiky Toky 🤣🤣🤣🤣💣💥"
"In other words, its probably better to use TikTok because they refused to give the US spying agencies (people with actual jurisdiction over you) the backdoors."
"I like TikTok. I don&#39;t care if China is collecting my data . every other platform is collecting my data. Difference is the US government doesn&#39;t control the content on TT so they want to ban it"
"As if nsa isn’t doing the same thing."
""
"Oh NO, they might be spying on my drones footage of my neighborhood."
"It&#39;s rumored that Khrushchev said America would sell the Russians the rope they&#39;d use to hang us......looks like the only thing he got wrong about that was which Communists we&#39;d sell the rope to......."
