"instead of wasting all this money on giving it to your green donors, they should be giving it to companies that move manufacturing back to the USA. With the USA advanced automation and technology we should be making the cell phones and all other appliances here. And the USA can make anything just as cheaply. They are not telling you that because it costs money to build and modernize and the companies don&#39;t want to lay out the cost since laws and taxes change so quickly from one admin to another.  "
"Time to stop letting China buy American companies and property! Should have never happened in the first place. On top of that, letting them fly over our country was a huge mistake. Why can&#39;t our politicians see what we can see?"
"Both Biden and Harris need to be impeached for dereliction of duty and recklessly endangering the lives of countless Americans.Not knowing what the balloon was carrying and letting it fly all the way across the country potentially endangered many more Americans than shooting it down in Alaska would have.No one knew what the payload was.. It could have just as easily been a couple of tons of anthrax spores."
"&#34;must keep developing new technologies and capabilities to remain ahead.&#34;. Yeh that is because in order to sell products in China you have to also provide the technology and blueprints. And whatever is not given to try and obtain market share in China, is sold by Democrats for campaign money. "
"I bet our enemies are shaking in their boots at this after the wonderfully brave and strategic manner in which Sleepy Joe and the woke military brass handled that balloon. "
"hey joe!those jets are powered by, electric? wind? solar? 🖕🏻😅😂🤣🍺"
"<strong>Biden, trying to act tough................meanwhile, he already sold out to the Chinese.</strong>"
"Nice bit of symbolic collaboration. But taking on China is gonna take strategic coordination around technology, economic strategies, nurturing global alliances…. Not posturing. "
"Biden is not prepared"
"Yet the imports from China that are fueling their war machine are still rolling in and on store shelves.  "
"I look forward to the day I can make purchases made in the USA.  I don&#39;t mind buying culture items from different countries, but not everyday items like slippers, clothing, etc.  I literally hate that China has been allowed to gain such control over our products, and I blame the cheap American businesses that gave up their loyalty for the financial gain without any concern for their own country and citizens."
"Wrong... technology will not win a war with China! Their old school tactics (aka balloon) defeated our technical, procedural and operational defenses. They know how heavily we depend on technology as a war fighting capability and they know how to defeat it. As much as I can&#39;t stand the Chinese, this would be a war we couldn&#39;t win. Oh, and none of this takes into account how weak and woke our military has become!"
"Under this administration, I&#39;m not confident of our military strength and ability.  But I am glad to see multi nations partaking in exercises and aiming them at the Chinese military strength."
"Some deeper discussion needs to be asked about why the balloon was shot with a missile and over the ocean. (yea yea.. they &#34;say&#34; for safety). They knew that a missile would be very destructive and they know they had other options other than a missile to bring it down and in a safer controlled location with less damage to the components.  Its as if they was deliberately was trying to destroy the entire thing making it more difficult for forensics and if nothing else, hoping it would just sink. It was bad enough that over the ENTIRE USA there wasn&#39;t a single safe spot to try to drop the thing. I do believe several areas would of been just fine.. like a desert, national forest, miles and miles of open terrain in the mid-west with hours of open area. Somebody was deliberated controlling where to drop the thing that had the least possible way to salvage it a have our forensic people do what they do best."
"Milley and Lloyd Austin were overheard discussing whether the uniform of the day should be skirts with smart, matching pumps or Hillary Clinton signature pantsuits with sensible shoes.   "
"DOD logic: the horses escaped, hurry up and close the barn doors."
"Orbán was the only leader who didn&#39;t clap for Zelensky at the EU summit."
"I wonder if Gen Miley called his Chinese general friend to give him a heads up ?"
"The Chinese won&#39;t work well with blm or lgbt groups when they assert full control.   Just a heads up on that.  "
"Red Flag exercises are held about 3 times per year, every year with US and Allied Forces. Aircraft all go to Nellis and they hold exercises over the Nevada test range.Fighters, bombers, cargo, tankers, surveillance, rotary wing, all take part.This is nothing new"
"President Trump was right about China; again"
"The question is can they shoot down a balloon before it leaves the country."
"After The Fact Exercise over Nevada Airspace!   That’ll show em!  Wouldn’t it have made more sense to take down the Spy Craft over rural Montana which would make the evidence recovery much easier!   That would require actual “leadership”"
"Misleading article, Red Flag 23-1 has been going on for 3 weeks, well before the balloon issue. It has been happening 3x a year for decades. "
"They should have held the exercise halfway between Taiwan and China."
"Sing a song of sixpence, a pocket full of ryeFour and twenty blackbirds baked in a pieWhen the pie was opened, the birds began to singWasn&#39;t that a dainty dish to set before the king?"
"It amazes me of the perfect photo shots and no contrails seen in these photos.  Wasn’t prime time ready for this one?  "
"Dog and pony show, !! And window dressing.!!"
"if china is upset about the shootdown over the atlantic after crossing the entire length of the united states, imagine how angry they would be if it was shot down near the aleutian islands of alaska.  That&#39;s why they didn&#39;t do it then.  Biden doesn&#39;t want to lose his cut from china."
"Milley sent China the whole military agenda a month ago."
"Is America&#39;s Hyper Sonic Technology one of the Classified Documents found in Biden&#39;s residence?"
"Blah blah blah - these exercises have been taking place for 40+ years several times each year. Nothing new and nothing to do with a spy balloon  "
"So how will the little woke one&#39;s handle the draft????"
"Red Chinese occupiers will find blm a go to source for Chinese forced labor.  "
"Red Flag has been conducted for decades nothing new….China and North Korea were always part of the mix of simulated adversaries "
"The US , Great Britain and Australia would easily be the most potent, best  trained force on the planet."
"How did Russia know that the UK blew up the Nord-Stream pipeline with the help of the United States? Because Liz Truss used her iPhone to send a message to Anthony Blinken saying, &#34;It&#39;s done&#34;, a minute after the pipeline blew up, and before anyone else knew."
"The United States, United Kingdom and Australia deployed for <a href=""https://www.foxnews.com/category/world/world-regions/china"" target=""_blank"" rel=""noopener"">China-focused air force exercises</a> over Nevada on Wednesday….Uh. I think a serious exercise would have occurred slightly nearer Taiwan, n’est-ce pas?"
"&#34;&#34;Ukrainian President Vladimir Zelensky personally refused to implement the 2015 Minsk agreements – a roadmap for peace in the east of the country, which was co-sponsored by Germany and France.He made the admission during an interview with Der Spiegel published on Thursday as he continues his tour across Europe.&#34;&#34;Where was this story Fox.So will Biden start a War with China so the United States will truly be in a WWIII position.  Funny that most of the Big Tech Firms are still doing business with China. So What the Kluck?"
"China wants to rule the entire eastern hemisphere, much like Japan in the early 1930&#39;s. And American politicians enabled them with the power and economy to attempt it. Reversing it will be costly. "
"We all know that anything made in China, is not the best quality."
"Pointless posturing, China now knows Biden will be a good boy and do as he’s told after letting their spy balloon travel across the entire country completely unmolested in broad daylight.What a joke."
"Biden mistake number one million 2 hundred thousand and one "
"Were Balloons included?"
"Kudos to whoever ordered this exercise and to our allies. Now get Congress to disassociate from Chinese ventures in every aspect of our American life. "
"The only situation that a US-China war can occur is if the US intentionally attacks China. The easiest way to stop that from happening is to not vote for Republicans."
"Its OK, Im sure Joe got Xi&#39;s approval. "
"War with China would be a terrible era of world history... however, in the end I do believe that China would be reduced to smoldering rice patties and straw hats.  "
"But did the participants all use the proper pronouns when speaking to each other----including radio transmissions from aircraft to aircraft?"
"I&#39;ve found the perfect way of avoiding war with China, while also avoiding the Republican poison-apple of pouring more money into the military instead of education. All you have to do is stay out of the unresolved PRC-ROC civil war that has nothing to do with the US. War avoided!"
"If only Biden hadn&#39;t projected such weakness with the balloon fiasco."
"Biden doing everything to cover up his failures !"
"Every time China attacks us, they get a free airshow."
"These are deep state balloons. The were US balloons the whole time. lol... The Biden admin are nothing liars. They were spying on the militia. Want more proof. Fox just came out that the balloons have english writing on them. So that means Not Made In China. 


12th Aircraft Maintenance Squadron, USAF 🇺🇸"
"The storm be a brewing. Expect Yuge waves. It&#39;s going to be Biblical. Seek shelter if in harm&#39;s way. "
"There better have been diverse, inclusive and equitable aerospace practices followed."
"How lovely after the damage is done!!!"
"After occupation of NYC the sound of tens of thousands of Chinese rifle butts being smashed into the grills of blm thugs will denote the end of the democrat caused urban dysfunction.  "
"All they need now are some from the IAF and China would be cooked in any aerial dogfights. Actually, they are fine without the IAF, but a little more muscle never hurts!"
"why bother?  if you can&#39;t take down a balloon or refuse to do so, let&#39;s not spend $800 billion on DoD anymore."
"If they would have done this while escorting a B-2 through Taiwan Straight it would have been a different story."
"It is a a day late and a dollar short, there should be a firing of Al the brass involved in this fiasco!"
"As a species... we know only war and preparations for war.  We are doomed."
"MAKE CHINA SELL ALL IT&#39;S US LAND HOLDINGS"
"Well now we know why China had a surveillance Ballon flying over that area. Amazing the media completely missed the connection. God Bless America 🇺🇸 "
"Hate to burst the bubble, but the next war won&#39;t be fought with tanks and jets.That was the last war."
"Market-Oriented Socialism as implemented by China has already put an end to the idea that Market-Oriented Capitalism is the only viable economic system."
"&#34;Air Force Continues to Conduct Recurring Red Flag Exercise.&#34;Fixed it for you.  Here&#39;s the companion article:&#34;Navy Continues to Conduct TOP GUN Training&#34;Also read:&#34;U.S. Military Continues to Conduct Training.&#34;"
"Exercises began with General Milley&#39;s warning call to China."
"affirmative action (unqualified) Austin and milquetoast Milley in charge of the woke department that used to be the US military"
"Yeah! Look at this huge force we have to respond with after you are finished wiping us out!"
"If anyone doubted joe being in China pocket ! He proved it by letting the spy balloon finish its mission before taking it out over the ocean so the evidence could disappear! We need to also look into  the north stream pipeline! Joe bragged that he have the power to take it out! To bad that this could not be made up?"
"China is by far the greatest threat to the US on the planet. The justification for Biden’s Ukraine war collapses like a house of cards when you learn that it was the Biden/Obama insurrection of 2014 that started a CivilWar and this whole mess. But the military industrial complex must be fed - $130 billion so far in sales for the “defense contractors.”"
"One of the first things Biden announced in 2021:  Building Australia nuclear attack submarines.  Biden saw the Chess pieces moving."
"China owns Joe!"
"Jump on YouTube and search for &#34;Fighter Pilot:Operation Red Flag&#34; to see a 45 min video done in IMAX about these exercises, which are done every year.  Really cool what they do.  They basically simulate an airwar over several weeks and pilots train like they are in real combat.  Other nations participate and send squadrons to train with us.  Cool stuff."
"How funny!! The defense knobs are now acting as if they should have done something.   They&#39;re getting prepped to hit the U.S. Taxpayers for more money."
"In a world war, China will lose."
"Biden trying hard to get us into war with ccp"
"I think the first born son of every senator should be given a commission and sent to the front lines of any foreign engagements they choose."
"Biden trying hard to get us into war with ccp"
"I think the first born son of every senator should be given a commission and sent to the front lines of any foreign engagements they choose."
"I bet Xi was shaking in his red boots when told of the air exercises being held within the US &#39;aimed&#39; at China.  Big deal.  Damage done.  Thanks, Joe."
"VOTE TRUMP FOR $1.85 GAS"
"America needs Americans running it again. Just Americans, we can no longer afford to babysit the world, we are over 30 Trillion Dollars in Debt created by the very Corrupt RNC/DNC Party.George Washington Feared this day would come, the day only the Party Mattered."
"Republicans don&#39;t believe in &#34;allies&#34;.  But, that is just because they are use to nobody wanting to be their friends."
"I thought we were trying to cut down on putting co2 into the atmosphere.  At least the Chinese use balloons"
"In taking down the balloon, at least they didn&#39;t down another 747 like in 1996."
"are those planes solar powered?"
"After 2 years with this lying, spineless illegitimate Admin we still have allies ??"
"Red Flag is held every year...this is no big deal."
"Biden observed the exercise while wearing a &#34;wife beater&#34;!  He baaad!  &#34;hold my beer...come &#39;ere, Corn Pop!"
"So, China says the balloon is theirs and they want it back.After they pay for our military to track the device and shoot it down, I say they should be able to get it back, after it has been ground into fine dust."
"Why was Jill kissing Harris husband "
"too little ,too late . an after thought, and three weeks from now china will send another spy balloon"
"Did we have to wait for Chinese parts to do this exercise?"
"Biden introduced the bill to tax ssi . How’s that feel ?"
"So was it a coincidence then the timing of the balloon flyover? I mean this was going on for awhile. Sounds like it was planned to review Red Flag fun days."
"I really doubt that we organized this - that fast🧐"
"Great! Did you see any balloons? I gotta say, I like where their heads at!"
"Here&#39;s what&#39;s going to happen. We&#39;re going to get into a limited war with Russia. China will then invade Taiwan, and attack U.S. bases in the region. North Korea will then attack South Korea and possibly Japan. Iran will blockade the Straight&#39;s of Hormuz. All of this will stretch US resources to their limits. A truce will then be called. US &amp; Russia will lick their wounds. Russia will retain their goals. China will then buy all US assets, effectively winning WW3. The Great White Replacement will continue. Canada will continue to import millions of Indians.The USA/China will continue to import millions of Latinos, further diluting the white race. North &amp; South America will eventually be a brown skinned hemisphere.<strong> </strong>"
"Stealth Fighter jets against balloons 🎈 Bet the hot dog pilots feel like Snoopy shooting down the Red Baron!New meaning for TOP GUN. "
"The world is falling apart under Joe Bidens failed presidency. "
"Did Milley call the Chinese to tell them we&#39;re going to play wargames at home against them?"
"China invaded our Dollar stores."
"That must have been a site to see . Good lord some serious fire power right there . Especially with the new fighters "
"They should have done this over the south China sea..."
"BANISH GENOCIDE COMMUNIST CHINESE FROM U.S. SOIL. TIME TO TAKE BACK OUR COUNTRY!    TIME IS UP TREASON BIDEN! "
"Democrats...The party of WAR!"
"Will exercises help if the commander in chief never lets them off the ground to defend our country???!!!"
"no not really but it exposed him"
"Yet...that will scare them Brandon!  Play make believe war games half a world away from China! If Biden had any guts they would have done those mock dogfights right off Chinas coast in international airspace!"
"They hold Red Flag every year, no Libs, Biden doesn&#39;t even know they are going on, you voted for a potato."
"This event is like a toothless paper tiger stumbling along the inside of a cage. What a ruse! "
"Russia can&#39;t  wait to fire 400 nuke missiles into Nato nations. Payback for their dead soldiers and solace to the parents. Don&#39;t mess with China."
"Is Rocketman still polluting the ocean with failed rockets and has he finally reach the height of the Eiffel Tower."
"Did they all use each others proper pronouns?"
"Got to love these stories. China BAD, China EVIL, so lets give our Tax Money away to the Corporations that need and use China, lol. Now run out and buy their Made in China Products!"
"don&#39;t play with a fire "
"<strong>“Blowing up Pipeline to Europe and Escalating War with Nuke-Armed Russia Craziest U.S. Terrorist Act Ever”</strong>.We&#39;re going to war, boys. Get ready. "
"Verb: ballooned.....as in you got ballooned"
"I TOLD WARNED YOU AMERICA
 WORLD ECONOMIC COLLAPSE 
WORLD WAR 3 COMING 
THEN IN 2046 CHINA INVADES AMERICA ITS ALL ON THE TIME TABLE CHINA PLANS TO INVADE AMERICA 
ARE YOU LISTENING NOW ?❓️⛽️🛢🦗🕶📍🕛‼️❗️⁉️❌️"
"It&#39;s all going to be about rockets."
"🤔Hmm did Biden have them use life size Chinese aircraft balloon targets to sharpen their skills on intercepting them before floating over our ships? 😂lol"
"The total and complete eradication of Red China is a 1.5 hour process.  "
"South Korea and Japan need their own mobile ballistic launchers.  "
"it&#39;s probably a good time to start learning chinese"
"Is the WWIII coming?"
"Biden is mad that Turkey blocked him on the UN vote.He is literally killing hundreds of thousands with this hissy fit."
"The heck with antiquated NORAD....President Trump bring on the IRONDOME, because the next incursion might be with hypersonics tipped with nukes."
"<strong>When the MAGATS elected Donnie The Blimp, they emboldened the world&#39;s dictators.</strong>"
"Oooo, I&#39;m sure China is shaking in their 
boots!!! lol
too little too late comrade biden!!!"
"the only thing about the Chinses take over I look forward to is them purging all the Libs and Trans-Freaks....also making BLM members farm equipment again"
"China = Peaceful Republicans = Warmongers!"
"Oh we about to get it on like donkey Kong ! Biden’s and democrats fault too"
"Bloodthirsty Republican warmongers. A problem for the entire world."
"war mongering sociopaths "
