"While I agree Murkowski, I would also add that we should send a message that we won&#39;t tolerate an invasion of our country on the ground either."
"Our actions are the messages.  Biden withdrawal from Afghanistan and his continued weakness in his speech convey a different message.  Enemies are not afraid of Biden. "
"Alaska is the most strategic asset America has, the war will start here. This wasn’t a violation of our airspace it was an Act of War. "
"Wake up, we have sent a loud message to the world for two years. we don’t even protect our boundaries from ever element in the world. It is over, don’t stress"
"If she would have backed trump in2020 maybe our borders would still be secure like they were under Trump "
"I&#39;m sure your fellow democrats will take care of that right away Murkowski"
"If it weren’t for ranked voting we would have a conservative Senator representing Alaska. If it weren’t for mail-in ballots, Dominion machines and big tech companies we would have President Trump in office and these balloons would not be floating over our Country."
"Sorry, Lisa. Beijing Biden sold us out to China long ago. "
"The Biden Administration Message has been “very clear” the last 2 years!  The Border is Wide Open to Millions of Unvetted Illegals!  Allowing a CCP Spy Aircraft float across US Airspace for 5 days also sends a “very clear” message!   A Message of Weak Incompetent “Leadership” "
"Murkowski needs to be put on a balloon and taken away.."
"Sorry RINO. The Big Guy already received his 10% for the Chinese Ballon ride across the United States. "
"If Lisa Murkowski really felt that way, she should have backed President Trump."
"Under Biden this message has no meaning to our enemies."
"NOW Murkowski is acting like a Republican? Must be up for reelection. SpendsLET&#39;S lots of time acting like a rino .GO BRANDON "
"Murkowski is as much full of hot air as any democrat. She holds onto her office only because of her father&#39;s legacy. She&#39;s the Liz Cheney of the north "
"You’re part of the problem, Senator.You and your pal Mitt."
"Blame those who voted for Slow joe and do nothing harris.&#34;Let&#39;s Go Brandon&#34;"
"I&#39;m sure the Chinese are shaking in their boots. Every purchase of Chinese goods funds their economy which empowers them to take the US on. A weak president has only made them powerful. "
"She didn&#39;t support the guy who would have sent a message. "
"Unfortunately the US is in major decline and no match for China or Russia at this point!"
"I am really worried.  I see the FBI is involved"
"Lisa is NOW the Kamala of the RINO&#39;s"
"It is important to remember, Lisa Murkowski is a rino and as such has sold out the republican party now for years and hate&#39;s the 45th President Donald J Trump, as much as any democrat does. She comes from an old school republican family that acts more democratic than republican. And yet still has managed to hang on to her Senate position by virtue of her family ties within the community. In fact, Murkowski was instrumental in establishing a long winded convoluted &#34;election&#34; process that allows for a candidate to lose a primary election, and still after all of that, through the magic of the new cheating democrat math, win the republican election. Guess who won that election..."
"Murkowski&#39;s face looks like 50 miles of dirt road in the Yukon territory. She may as well be a democrat. "
"I agree with Murkowski&#39;s opinion on this, but she has always been a RINO."
"obviously china is ready for war... joe still asleep at the wheel of his big rig."
"I agree Sen. Murkowski. Unfortunately, we have President BiDUMP who is compromised by the Chinese. He&#39;s a puppet under their control."
"Quite simply we are a nation in decline financially and morally.  Like a Barnum Circus barker, the net-zero fanatics say renewable energy is affordable, sustainable, scalable, and not an economy wrecker. ,,The goal is to create a first-generation green power grid relying on wind turbine farms, solar array farms, and power storage battery banks...Eliminating fossil fuels, without replacing it with the equivalent and reliability of alternative energy, would quickly collapse modern society - think of it as the “Jonestown Massacre” on a global scale.  "
"RINO Murkowski concerned about her backyard now. Going to pretend to be a Conservative right now. "
"How about U.S. has zero tolerance of illegals crossing the border as well as U&gt;F&gt;Os in our airspace. "
"Senator:   Forget about sending China messages.  Just send them Joe Biden."
"That Murkowski sure is pretty...... awful."
"We tolerate violent crime . "
"All this wouldn&#39;t be happening if trump was president,  so she needs to sit down and shut up,  her president is the reason all this is happening in  Joe&#39;s AMERICA "
"If our enemies can sneak a slow moving balloon into our air space, how much more damage can they do with missiles and planes?"
"The fact is we do tolerate it and have for years! Chinese military related spies are everywhere in our military and key industries not to mention higher education. Politicians receive $Millions from the Chinese since Clintons took money! The Chinese support activist groups as well. Murkowski is one of many elected officials who have allowed this to happen. "
"Can&#39;t stand Lisa Murkowski "
"When the Democrats were in control of the House and they called for &#34;colleagues on the other side of the isle&#34; to cooperate, there were more than enough Republicans to buy into the scheme. Now, when Republicans are in control of the House and ask for the same &#34;cooperation&#34;, ................crickets. The ONE-WAY street only runs AWAY from FREEDOM and DEMOCRACY. "
"Hey RINO, you been sending the wrong Msg. forever.  While here, Romney another RINO, both need to go."
"Nothing is more intoxicating (and profitable) than power, eh Lisa?, Mitt?"
"We tolerate stealing in retail stores what makes anyone think we will do anything about this violation?"
"Murkowski--woof! woof!"
"Pay no attention to the RINO from Alaska."
"The RINO chirps!"
"You should have helped elect a guy that would not tolerate it. Instead you helped Alz Man "
"Talk about time taking a toll on a person.  (Not the attached red dress photo from 15  years ago).  Today, this RINO is &#34;looking rough.&#34;"
"Let’s see the “object”"
"The female version of Mitt Romney!"
"I was hoping she would loose her seat. "
"Stolen elections have consequences"
"So our airalspace borders which were horribly embarrassingly invaded, all of a sudden is important to protect for our sovereignty? This is what they said at the news conference this is to protect the American people? So why is the worst ideology in the history of the human race, now in charge of the presidency allowing millions of illegals To come into our country taking our money, providing crime and drugs, and hurting American lives. I don’t understand the strategy here. Calling out any trolling liberal explain to me what the difference between a ground borders in our air borders being invaded?   To come into our country taking our money, providing crime and drugs, and hurting American lives. I don’t understand the strategy here. Can any trolling liberal explain to me what the difference between a ground borders and our air borders being invaded for our safety ? "
"How is this RINO still in government? She plays both sides, a trans politician for power and riches. Republican one day, Democrat another. America is reaping what it sowed. Democratic run States are deplorable, and RINO politicians hinder change"
"&#34;The first line of defense, again, is Alaska,&#34; Murkowski told NBC News on Friday.

if only she felt and acted the same about the southern border"
"Maybe if you didn&#39;t vote to spend another 1.7 T dollars in Monopoly money the defense department wouldn&#39;t be so far behind in new equipment...You are a Rino toady and part of the problem in Washington."
"Here is an idea, let’s stop all trade to China. Push to get things made here or in more friendly countries. Without the US, China would literally starve. "
"Now Lisa,  you know that no one in the Biden regime will send that message. "
"Hey, Murkowski..............nice face. The term is &#39;TWO-FACED&#39;! "
"Yet the border is wiiiiide open"
"The U.S. has been oblivious foryears, and suddenly everyone wants to sound like a hawk."
"The ole RINO is correct…"
"But millions across the southern border, unchecked is OK 🐒🐒"
"Senator, that could/should have been accomplished more than a week ago with a much larger target. How much did the Biden family receive to allow the balloon to travel to SC?"
"Well  Lisa,  we have had over two million objects cross our Southern Border since Chinajoe stole the election.  How about getting on your soap box about that."
"Sen Murkowski, we do that by shooting things down before they get to us rather than 5 days later when they cross the entire United States."
"She is part of the problem"
"OR enter our borders WITHOUT permission. Try that on any other country and see what happens...."
"Lisa is a witch.  She help promote Rank Choice Voting in this state only to secure her never ending victory.  She is despised by the Alaskan Republican party.  She promotes abortion under any circumstances.  She is pure evil."
"<a href=""https://www.foxnews.com/politics/alaska-sen-murkowski-us-must-send-message-we-dont-tolerate-violation-us-airspace#&amp;_intcmp=hp1r_7,hp1r"" target=""_blank"" rel=""noopener""><strong>US must send message that &#39;we don&#39;t tolerate&#39; violation of US airspace, says Sen. Murkowski</strong></a><strong>, LOL, like our borders? 🙄</strong>"
"Tough talk from a phony."
"The message shouldn&#39;t need to be sent"
"Hot air. Just like what was in that balloon. "
"Murkowski needs to go… she bashed Trump, silent on FJB’s lunacy the first 2 years… now she gets a voice… gimmie a break."
"Funny-she votes and sides with the democrats all the time and NOW they’re a problem?"
"China would not allow this to happen to them. So why do we put up with this?"
"As if you haven&#39;t been aware of these for years Senator. "
"Hey Murk - it was Alaska that the balloon flew over last week and no one detected it in your state.  Sounds like you still are t doing your job "
"The military is directed by the government. Sadly, it looks likes citizens will have to protect themselves. Wonder how many will choose to."
"She apparently didn&#39;t get China&#39;s message:&#34;We own bribeden and he will do what we tell him.&#34; -xi"
"So the DOD’s excuse for not shooting it down BEFORE it completed its mission was it didn’t pose a threat? What if China flies a surveillance PLANE over the US? It’s just an airship too that poses no threat. How about a Chinese bomber? It’s also an airship that pose’s no threat unless it drops bombs! Until recently, I had no doubt we could easily defeat China in a war. With the eunuchs serving in the pentagon, now I’m not so sure
"
"Lisa says, Git off my lawn! Send me campaign money! "
"Has this woman ever SMILED?"
"And the border?"
"You should have thought about that before you RINOed against one of the most effective can-do presidents in history."
"So do something! "
"I would rather hear Biden communicate a stronger message rather than Murkowski.  But that wont happen."
"Yet, the southern border is open to terrorists, criminals, and degenerates, MILLIONS !!!!!!!"
"We don&#39;t even send the message that we do not accept violations of our sovereignty and security through the border so what makes you think that we can or would be willing to send a message saying we do not allow violations of our airspace?"
"Hey Murkowski it’s hard to see a balloon over Alaska from DC. When was the last time you were I. Alaska?"
"Well we sent a message that we don’t tolerate Rino’s and Murky still got re-elected."
"We also don’t like elections being stolen even by Republicans. Changing the elections process because you knew Republicans didn’t want you is appallingly "
"Thanks for NOTHING!!!!"
"biden already sent the msg, it&#39;s just fine and dandy "
"Nothing to see here.  Just an elephant that identifies as a donkey pretending to be an elephant."
"Ever wondered how China was stealing our secrets? now you have the answer, Biden has being selling it to them for 50 years!!!!!"
"Maybe if Murky would stop being a RINO parasite, the military would not be so disgusting woke."
"The U.S. has been sticking its nose where it doesn’t belong for decades. Americans should have known it was just a matter of time before they hit back. "
" I&#39;m sorry for the people of Alaska, been there many times but this lady is NOT part of the solution but is part of the problem.  She didn&#39;t support Trump (which is fine) and has voted with the Demos of too many occasions.  NOW she wants to ack tough?  "
"Oh, look the rino Murkowski is up in splashing around in the water. Give her a minute she’ll realize that it’s actually not a democrat cause and she’ll lay back down and go back to sleep."
"BiDUMP doesn&#39;t protect our borders. The Chinese know BiDUMP won&#39;t protect our airspace. He&#39;s told them. Part of BiDUMP&#39;s agreement with the Chinese. He&#39;s compromised."
"Too late Lisa, even Conservatives no longer care what you have to say."
"Coming from a RINO it doesn&#39;t have much of an impact."
"So when you say “ must have zero tolerance for flying over US territory” so saying it is one thing, but can you share how are going to ensure that it happens,"
"Scary looking old dem who poses as a republican. "
"She tolerates terrorist sneaking in the US by the thousands. "
"Murkowski, try supporting the GOP more often than working against it!!!!  RINO!"
"Quit being a closet liberal."
"that is one angry Rino "
"In this case she&#39;s right for once"
"But Biden DOES tolerate it.  In fact, he aided and abetted it by not shooting down the first balloon, assuming that was the first.  Can&#39;t trust the Pentagon any more than we can trust the FBI."
"Best be nice or China will stop selling pharmaceuticals to the US and millions of Americans will die.  "
"Don&#39;t expect Biden to convey the message to China.  We&#39;ll need to go to Party City and send our own balloons to the CCP."
"Obiden&#39;s Nut Farm of experts from the LGBTQR &amp; BLM with their Diversity &amp; Inclusion signs in Obidens Cabinet of Nut Jars have no &#34;F&#34; ing Clue what to do.......guess China is not heeding with the Alphabet Soupers signs...... Obiden REGIME is a Disgust and a Disgrace .... America needs the GOP back in Power where Brains Brawn and MUSCLE are....."
"Murkowski is a china plant also. She is so far left people perceive her to be right leaning . "
"I don&#39;t trust this politician at all..... "
"We also need to send a message that violation of our borders will not tolerated."
"Murkowski is a RINO who is keep in power through voter fraud.  TBH there&#39;s little daylight between they way she and the CCP conduct business."
"Murkowski just wanted to see her face in the news. The US operated the Dew Line radar sites across the arctic back in the &#39;50&#39;s and followed with BMEWS over the horizon sites following that period. Any air traffic approaching Alaska would be identified long before reaching reaching the ADIZ. "
"Ugh, that pic of her reminds me of a “Karen” I had to live next for a few years while going to college about 50 years ago. Horrid memories. Thanks Fox."
"A little too late for that. Saying “we don’t tolerate a violation of US airspace” after it’s been violated multiple times does nothing but show the world how weak the United States is when it comes to protecting its airspace or sovereignty."
"Someone needs to remind Murkowski that Brandon&#39;s brain farts violate US airspace everyday."
"HAHAHA have these people completely forgotten our southern border"
"Oh, but we do tolerate it until there is an uproar."
"Oh doesn’t she look scary."
"Lisa made a career of pandering to every liberal democrat policy, and rigging election laws so she could get elected with fewer votes than her opponent.   But just like Biden letting the Chinese Spy Balloon float over our most sensitive nuclear missile sites, she is bought and paid for. Only massive public outrage over liberal democrat weakness gets them to react now, after the damage is done."
"Now she wants to act like a true conservative and not the RINO that she is? Well heck, I’ll take it. Hopefully she is awake now. "
"I want to see how much Chinese money is in this RINOs Bank account "
"Chinese stop at nothing to embarrass the US now. It shows how weak we are in the world view. "
"She needs to take mittens romney and herself to the democrat side. Might as well"
"or illegals crossing the southern border "
"US spending a million per missile to shoot down a $50k balloon.Reminds me of the early days of space exploration. The US spent some exorbitant amount to create a ball point pen that worked in zero g.....the Russians used pencils"
"Pretty sure we did that. Shot down two objects in a week and already imposed sanctions on six Chinese companies."
"Hey Lisa, you shouldn’t complain.  Your man  holds the title of President.  Seems to me that you and the people you support are all for open borders be it by land, sea or air."
"BiDUMP allowing a Chinese spy balloon to traverse the entire US was his message to Xi he is OK with a Chinese &#34;minor incursion.&#34; We know how that worked out in Ukraine."
"Trump let three incursions into our airspace occur during his time as Commander in Chief, Biden shot down 2 of the three under his watch."
"Can&#39;t stand and Lisa Murkowski, I wanted her to get beat so bad. Alaska ,rank choice voting helped her.  If it was normal voting tsubaka wins"
"It&#39;s easy to fly over RINO zone... Biden supports open borders all around.... Other nations have ALL caught on... "
"Murkowski just wants a headline. Her state&#39;s airspace was violated, her president didn&#39;t take action early enough, and she wants to perceive to the people of Alaska that she cares. She has them fooled because she was, re-elected."
"Too bad traitor biden hates America and wants to see it destroyed so bad."
"Murkowski is useless, but she&#39;s happy to get more kickbacks from the military industrial complex.  "
"hey Lisa why all the made in China products are not be banned from our stores here in US ?"
"Biden&#39;s open border policy invited this behavior. Guess we can scratch Build Back Better. More like Maybe We&#39;ll Survive?"
"&#34;Alaska Sen. Murkowski: US must send message that &#39;we don&#39;t tolerate&#39; violation of US airspace&#34; -- is she kidding or has she just forgotten who&#39;s in the White House now?"
"Apparently we did when Trump was in office."
"The Sniffer joe and his administration does not car about out airspace or our borders.  They care only about power and money."
"What woke her up? "
"RINO Lisa has been a liberal lapdog for her benefit, now she opposes Joey? What’s in it for you queen Lisa?"
"NO country fears Brandon OR our WEAK military leaders.  We have become THE laughing stock of the entire world 🤣👎🤣👎🤣👎🤣👎🤣👎🤣"
"Probably made up story to make Biden look tough!"
"She voted for Biden and is having buyers remorse "
"Where are the photos to PROVE they shot something down.   The way Joe is now, they might show a vintage Zero plane from WW2 by mistake."
"Biden&#39;s lines are sooo blurrred. Maybe, we allow just a little intrusion. We see how that&#39;s working out for Ukraine."
"There is nothing to worry about, Beijing Biden is on it, he will probably try to increase his usual 10% for much more information and secrets given to China!!!!"
"Drop a stealth bomber payload over the CCP&#39;s head.Let the chips fall where they may.But then again.I&#39;m not a scared little sheep."
"Ah……no messsge pleas!  Just some kinetic actions - public or clandestine! "
"What took her so long to say something?  "
"Yeah she is real tough, she needs to go back to the kitchen where she belongs"
"See how these rich folk respond if it’s them that could be a target? She rides the fence until she believes it could be here that gets killed."
"That&#39;s odd.  The author of this article called her a Republican.  RINO is correct for Murkowski"
"But...we DO tolerate it.  Right, joe?Right."
"Lisa will likely walk this back so as not to anger her dem friends."
"See how these rich folk respond if it’s them that could be a target? She rides the fence until she believes it could be here that gets killed."
"But...we DO tolerate it.  Right, joe?Right."
"That&#39;s odd.  The author of this article called her a Republican.  RINO is correct for Murkowski"
"Shooting everything down is Dark Brandon&#39;s way of making our woke feelings known. Keep it coming down, Mr. President."
"Lisa will likely walk this back so as not to anger her dem friends."
"Tell that to a Hypersonic Missile."
"Not even for ten-a-minutes!!"
"Murkowski talks pretty tough for a worthless RINO."
"She doesn’t look like a “Lisa.” She looks more like a Maxine, or an Eloise, or a Lois, or a Mona. "
"Joe did send a message…..” Our space is your space “ "
"Isn’t she a Democrat disguised as a Republican . i’ve heard she’s good friends with Liz, Cheney and Mitt Romney. isn’t she for open borders to. Never trust your government."
"ll puffed up and wrinkly. The fake indignation is so obvious"
"Don’t violate our airspace! Really no need you can send all the spys you want across our southern border."
"The military should allow all foreign nations to fly over Makowski’s house."
"If Biden won&#39;t protect us from mexican <strong>aliens</strong>, he won&#39;t protect us from outer-space <strong>aliens</strong>.For the good of the world, we must remove him by force immediately, so when the <em>Greys</em> come for their spacecraft Biden shot down in Alaska a couple days ago, we have a hope of defending ourselves."
"I hear the coffers of the Clinton Foundation are filling up again, thanks to CROOKED HILLARY&#39;s new relationship with the CCP. BiDUMP gave Xi a glowing recommendation."
"No but you can send your unarmed troops across any border for future war "
"Murkowski, whose picture always has her scowling, should know that her Democratic president could not care less about the U.S. borders, either land or air. So useless she wants to get those arms a-flapping while carrying a big stick to hit intruders, she is wasting her time talking to Biden."
"She looks like a chain smoker - wrinkly "
"i wonder if lisa can see Russia from her kitchen window."
"She sleeps with Biden sooo."
"You all voted for the wrong person. You reap what you sow!  "
"All of a sudden shes a Republican"
"Okay RINO"
"China:&#34;Oooooooh, now I&#39;m scared, big nose.&#34;"
"hey libs, here&#39;s a quiz for ya:Q:  why don&#39;t illegals sneak into Alaska?"
"I think it is time to reopen the communist boot here in America "
RINO
"The Chinese are no bigger threat than who Communist Alaska has for a Senator. Hopefully China sends them a Nuke."
"You&#39;ve heard of a puppet government? That&#39;s the US now with BiDUMP the puppet of the Chinese."
"shute all plains"
"Democrats do not care about hurting China. Democrats just want to minimize black people. With Illegals and abortions."
"Corrupt China Joe Biden needs to be IMPEACHED... TODAY!!! Every time Biden speaks, it&#39;s a LIE!!! He just needs to get in the casket and wait"
"Ranked Choice is such a RINO scam."
"You tell them you RINO old bag."
"RINO "
"Had the legitimately reelected president been in office these past two years, our border would be secure, we would not be contracting the foreign Chicom virus variants, monkeypox, polio, incurable gonorrhea, and the other diseases Superspreader Dementia Joe intentionally aided and abetted into our country (AKA treason), Chinese Fentanyl would not be killing our children and youth, CCP spy balloons would not be flying over the USA, $85 Billion of U.S.-taxpayer-purchased military weapons, equipment, and aircraft would not be in the hands of the murderous Taliban, Afghan women would still be attending school, Al Qaeda would not be returning to Afghanistan, Bagram would still be a U.S. airbase, Putin and Xi would not even be thinking about invading, the murderous Iranian mullahs would be shaking in their towel hats and bathrobes, Xi would not be getting a million barrels of our Strategic Petroleum Reserve (fuel meant for a national emergency), we would not be spending $300 Million per day supporting the Demmunist Party&#39;s recently imported foreign voters, BLM would not be looting our stores, jobs and manufacturing would be returning to America, our economy would be growing, inflation would be low, fuel would still be below $2/gallon, infant formula would be plentiful, and we would not be listening to that ebony lezbonian lie and deceive on behalf of the mumbling, stumbling, bumbling, bungling, fraudulently elected mindless buffoon."
