"No safe place to shoot it down over Alaska? He&#39;s right, that is funny. As if Alaska is a densely populated state. They managed to shoot it down later to fall in a targeted area. That could have been done in Alaska. And the second part of the drama, one that I haven&#39;t seen mentioned --- what about the long passage over Canada? Wonder what the conversation between our people and theirs was like. Surely our military talked with theirs? Lots of open space there in northern and midwestern Canada. In fact, finding many square miles of open, uninhabited land is easy enough in Montana as well. What a bungled operation."
"The Biden disaster continues. Every day is a new surprise. "
"Fire Miley, Austin, Brandon and Kamala. "
"A scant two years ago we had a competent military. The Biden-Harris political purge crippled us even more than we feared."
"Biden may have a deal with CCP to send a balloon every week to keep us from looking at Hunters laptop."
"No pictures,I don’t believe anything that this administration says. Where’s the proof. The first balloon had pictures and witnesses,this one has neither. Is Biden trying to make good on his last mess up?"
"The only reason Biden acted promptly on the (2nd) one. Is because Hunter’s Chinese Handlers gave him permission, for the government to shot it down. "
"It&#39;s Feb.  11th and Joe Biden is still the most corrupt president in US history.  "
"He has no clue as to what’s going on "
"China has a clear history of lying. Another way of saying the same thing, has China ever been truthful about anything?"
"A special reenactment of the incident will be shown starring &#34;Trigger&#34; balwin, speaking in his Trump imitation voice, as the pilot. In order to not unduly stretch his acting skills he will pretend not to remember actually pulling the trigger. "
"joes hands are tied. unfortunately he&#39;s comprimised.  "
"The Chinese wouldn&#39;t dare taunt President Trump, nor Russia, nor Iran or North Korea, either."
"Alex, I&#39;ll take &#34;LetsGoBrandon&#34; for 200."
"China builds Two military ship every month Biden builds two per year. China not taking phone calls from Bidens administration"
"And yet we have Barney Fife for our POTUS.  Let’s say it together, “thank you president Biden for handing us yet another failure during your watch.”"
"Open skies and open border is Biden’s motto !"
"Jeff Dunham&#39;s Walter would have done a better job. Maybe we can have Walter stand in for China joe."
"Bidens team, Tampa bay buccaneers had more wins in their first year of existence than bidens team has had "
"Joe Biden hates America and vice versa."
"Biden, &#34;This Nursing home is WAY nicer than I expected...&#34;"
"Chris Miller has suggested cutting the defense budget in half!!  Does this make any sense?"
"If Biden is reelected, we will enter a huge war, that&#39;s the only way liberals know to fix an economy."
"Joe Xiden"
"Don&#39;t expect much ridicule of the Big Guy from the SNL gut worms.  If anything at all, it will barely be an admission of the breach. "
"Biden is ASLEEP AT THE WHEEL."
"Respect the military but under Biden all they have been allowed to sucee6at is flights between DC and Delaware. Oh and making Air Force One stairs less tricky. "
"If trump was still in office and did the same thing Joe did, the right would be praising him for being concerned about the possible ground injuries from shooting the balloon down over land. As it is, we now know that it happened three times during trump&#39;s administration and he did nothing. That could have been because of trump&#39;s propensity to fawn all over the Chinese leader. He did the same thing with Putin and the leader of North Korea. We&#39;ve never had a President fawn over dictators as trump did for 4 years."
"Sorry, Chris, but &#34;Former <strong>Acting</strong> Defense Secretary Chris Miller&#34; is the punch line to any joke about an Administration&#39;s incompetence."
"So we shot down one of own weather ballon&#39;s.Or a private airplane,Or a droneOr a real UFO with actual aliens ? "
"Observation, the object was shot down close to Prudhoe Bay, Alaska, home of Alaska&#39;s largest Oil Field.Could there be any connection with Biden destroying Russia&#39;s pipeline in the Baltic Sea?Just Asking?"
"Good to see press conference hosts who sound competent and give good reason when they can&#39;t answer.  No walking out either."
"Biden is Americas biggest danger"
"Fox knows how to pick the winners 😂 so,Chris Miller was Defense secretary for less than two months for Trump after Esper resigned.He sounds really credible."
"Miller - here&#39;s a guy with credibility issues.  Appointed by Trump as a lame duck president.  No review process, no Senate confirmation.  Lied about not participating in transition for the Biden administration.  All 10 living former Secretaries of Defense joined together to warn Miller about violating the Constitution.  And after that, the day before the insurrection, Miller issued an order prohibiting the DC National Guard from responding to what would happen the next day without his permission. Not exactly someone we ought to be giving a lot of credence to."
"It NASA can pinpoint a returning space capsule landing location, then calculating a safe landing location over  Alaska, or Montana, to shoot down the first floating balloon should have been no trouble.  "
"Kirby looked &#34;confused&#34; because he was not informed until after the indecent.   "
"Time to stop using heat seeking missiles and go with whatever bullets they can fire. It will have the same effect, just much cheaper. "
"We are defended by circus clowns. "
"absolutely hilarious to see a guy who couldn’t even pass the background check for his appointment question anyone’s decision !"
"Dowe he have a communist flag in the background?"
"Karine Pierre la Chump: &#34;Trump did it.&#34;"
"I will note that the ridicule of using a $100,000,000 fighter and a $400,000 missile to shoot down a balloon is a little misplaced.  We don’t have high-altitude SAM emplacements all over the country.  The only way to shoot something down from 60,000 feet is to use a fighter and a missile."
"The unseen disaster is the Media&#39;s efforts to drop the word Chinese. Now just UFO&#39;s."
"Well the Biden admin is a comedy, a bad comedy"
"so cool... using 1950&#39;s technology to defeat a 16th century technology.... but too late since the 16th century balloon made it across amerika and fulfilling its mission for info for t5he chicoms"
"It&#39;s been a couple yrs since trump was in the WH so my memory is a lil foggy but how did trump shoot the three balloons down that flew over during his term?"
"this was interesting while it lasted but it&#39;s getting really stale really fast.  Can&#39;t we get back to coverage of my favorite:  <strong>tru mp&#39;s journey from president to prison?</strong>"
"“Up, up, and Away “ by The 5th Dimension "
"Another High Altitude Object spotted by NORAD over Canada.  Are we on the verge of war with China?
"
"Where&#39;s this famous balloon, George Santos?"
"Since at&amp;t and directtv you know the communist/socialist press now him and his team will through out more lies !!! and fox reports it !!!?"
"Speaking of SNL, Methinks Trump should return there and do skits impersonating Alec Baldwin. They could be cellmates at Leavenworth…..🥸💥"
"China having the upper hand when products from China even our MED&#39;s. Was it Bill Clinton who said one world"
"And like SNL it ain&#39;t funny"
"Trump shoots down zero. Biden shoots down 2.  Biden is criticized. "
"Three Chinese incursions into US airspace under Trump. He and his Administration were oblivious to it.  Total incompetence."
"We need to practice shooting things down. This is like shooting clay pigeons."
"While the bobbing heads were watching the balloon, what were those silly rabbits up to?"
