"I was able to serve in the military under Presidents Reagan and Bush.  Reagan rebuilt the military and Bush formed a large coalition against Iraq and kept the military strong.  I wouldn&#39;t want to serve under Bewildered Biden, his administration is absolutely clueless."
"They will never admit it, because it would “politically incorrect”, but the recruiting problem is the direct result of our senior leadership embracing the alphabet agenda. American boys want to be part of an effective fighting force, and this push for the rainbow isn’t going to appeal to them. That’s just the way it is."
"I remember the post-Vietnam Ford snd Cater Administrations and the present atmosphere seems very familiar to these!  Military benefits are being equaled or surpassed by commercial salaries snd benefits.  "
"Open ground borders, open sea borders, open air space. Great job Commander MaGoo. The WHOLE world sees it. "
"Let’s not forget the military failures have led to no senior leaders being fired. The botched NEO in Afghanistan whose responsibility fell on Austin, Milley, and McKenzie. And, now failing to protect our skies by VanHerck, NORTHCOM commander.  As a veteran of 26 years, I won’t recommend military service for those thinking of joining.  "
"&#34;According to a recent Heritage foundation poll, 68% of active-duty service members shared that the politicization of our military — particularly this administration’s focus on climate and gender issues as top national security priorities — would negatively impact their decision to encourage their children to join,&#34; Florida GOP Rep. Michael Waltz told Fox News Digital. THIS is why my son is getting OUT this year from the Army! This admin and the joints chiefs is staff have ruined the military’s moral!!! "
"According to several polls, around 80% of dems would not fight for this country. It’s to be expected that an increasing number of normal humans won’t want to risk their lives defending dems and their twisted ideology either."
"“climate and gender issues as top national security priorities “. My god how far we have fallen. This country is circling the drain for sure. "
"Real Patriots don’t want to join a Military that’s a Political Entity promoting an Agenda that goes against the US Constitution! Democrats have routinely demonstrated their disdain for the US Military! To this day they will not give due Justice to the soldiers that refused to take their precious SHOT! "
"I don’t want my children serving under our government unfortunately. Until we can rid it of the uniparty there will be no advantage to joining because the uniparty wants the war machine going. They also don’t like woke which unfortunately is our military so most will pass for this reason. Until there is a Republican president or a draft I don’t see recruitment getting better."
"These woke liberals have discouraged conservatives from joining up and it’s mostly conservative patriots who sign up. "
"My father retired from the Air Force with 30 years.  I retired from the Army with 21.  I still work as a contractor for the military and I can say with great discomfort that the military I knew is no more.  Physical requirements have been rolled back, aptitude tests have been dumbed down, and standards in general are waved for many categories.  It scares me that soldiers have to serve under a president that doesn&#39;t value their lives nor cares about the military in general."
"I’m thankful that most members of the <em>Greatest Generation </em> don’t have to witness the destruction this Country is undergoing. They are in a much better place. Hi Dad, love you, and thanks."
"mandatory 2yr enlistment following graduation of high school like most other countries require will solve the problem. you want social welfare, social security, free everything so to speak you can earn it. the military will and can give young adults direction and some guidance and self respect and prepare you for youre future."
"As a retired Air Force vet I would never recommend the military to anyone until Milley, Austin, and Biden are gone. reflecting I had more fun than hardship in my 20 years."
"Go to any high school campus and take a good look. If you are counting on this generation to defend America, you are sorely mistaken."
"Is anyone addressing the possibility of China putting boots on the ground in the US through our open borders. There has been a huge increase of Chinese nationals coming through Biden-Harris borders, are they okay with that?"
"The &#34;recruiting crisis&#34; has nothing to do with China. People with aspirations of joining our military do so out of love of country and don&#39;t want to be subjected to &#34;woke&#34; garbage such as &#34;proper pronoun use,&#34; &#34;diversity and equity,&#34; and allowing &#34;transgenders&#34; to share their locker rooms. These are diseases that seem to be permeating almost every part of our lives lately, and until it&#39;s stopped, recruiting will STAY at all time lows. "
"Nobody wants to serve under Lieden."
"If I was a young man interested in signing up; I’d at least wait to see what happens in 2024. If no real improvements; I would finish school and get a job. "
"Our military should be recruiting America&#39;s strongest and bravest, not its most flamboyant and fabulous."
"Joe Biden knows that if he is going to be able to give America to the CCP he has to weaken our military,  which he has directly done through woke policies and Covid jab mandates.  These 2 things weakened and lessened military personnel. Joe Biden is a CCP lover and he can&#39;t wait to give JinPing the keys to America. This is his plan since he got into office in 2020. Joe Biden should be impeached immediately for treason amd being compromised to the CCP.  "
"they are probably working on a &#34;dress skirt&#34; uniform."
"Who wants to be in a “Woke” military under Biden?  "
"The recruiter called my son and I had to tell him that he won’t be joining under the current administration, they stopped calling. That is when he was 17, now he is soon to be 19 and has is own future in his hands and is seriously considering joining, I have to worry and wonder what won’t Biden handle next and what will our men and women go through. Unbelievable!!!"
"Relax. All is under control. It’s just part of Xi’s and our Manchurian President’s plan."
"How many fully proficient chinese spies entered the free border.  The US will pay immensely  for this byden pay back to china for the free money."
"GEN Z and others youngsters, thank Joe bidum for the reestablishment of the Draft! "
"That he is not a qualified Commander in Chief was never in question."
"theyve spent the last 20 years teaching kids to hate our country what else would you expect"
"If Biden isn&#39;t out of office by 2024, he will very likely reinstate the military draft, he has done just about everything else that ends up with people dead and or maimed, bumbling body bagging Biden isn&#39;t even fit to command a flea circus."
"Our current president and administration are a disgrace and a threat to national security "
"I would never serve until these democrats are put on the back burner. They have nothing to defend or be proud of"
"We&#39;ve had two years of the Biden administration.  When Biden misspoke (how many times did Psaki have to circle back some of his statements?), when he couldn&#39;t remember a question asked by a lightweight &#34;interviewer&#34; and got lost with his train of thought, when he had to be led away by a giant Easter Bunny, when he tripped getting on to AF1, when he couldn&#39;t figure which way to get off a stage, spoke to invisible or dead people, we thought it was funny.  Well, it&#39;s no longer funny.  The so-called Afghanistan withdrawal showed how dangerous his incompetence can be.  It was ill-planned, and he turned Afghanistan over to terrorists and then complained when it became obvious that they had lied to him.  Didn&#39;t they promise that women would still have rights?  How has that worked out? The fallout from that disaster not only resulted in the deaths of 13 innocent military personnel, it sent the message around the world, that Biden is incompetent, the Russians and Chinese are taking full advantage of that.  About the border, as difficult as it is to believe, I don&#39;t believe that Biden fully comprehends the dangers posed by his border policy, including now, the number of Chinese nationals who are taking advantage of our open border.  Then, look at what happened in Mexico, with the meeting with Biden, Trudeau, and the Mexican President.  After their joint press conference or whatever it was, Trudeau was left escorting an old man off the stage. Really embarrassing."
"They can&#39;t recruit because they&#39;ve turned the US military into World Police. Get back to using the military just to defend the US and they won&#39;t have this problem."
"Remember when being in the Armed  Forces meant you were a mans man?? "
"As a former combat veteran, with two deployments to Iraq, I would not recommend woke military service to anyone "
"See, this is why all that hippy stuff doesn&#39;t work. This is why we need toxic masculinity, as some would call it. Don&#39;t push mentally ill, woke agendas over the safety and security of our nation. "
"No one wants to join and the soldiers in want out"
"Nobody wants to serve in the military under the Biden administration and that&#39;s a fact Jack."
"Would you want to fight under biden?  Would you want to fight for a democrat or a democrat voter?  Me either…"
"I remember right before Christmas in 1969 when they first started doing the Draft lottery...1 thru 366...my number came up as 11 and I knew I was getting a bus ticket soon. Merry Christmas, bud."
"Reinstating the Selective Service would be a huge positive for America...it sure did in my generation. We didn&#39;t care about pronouns and hurtful dialect then either. "
"Biden latest Military hirings base on Equity and Race so Drag Queens are applying and need little trainings."
"🔇🔇🔇BREAKING NEWS🔇🔇🔇
           (WE 💗TRUMP) 
           Joe Biden Gets Booed At Laker’s Game
Joe Biden was recently booed at a Los Angeles Lakers basketball game.

The incident occurred after Lebron James broke Kareem Abdul-Jabbar’s record of 38,387 points scored.

Biden appeared on the jumbotron and proceeded to congratulate Lebron but the Lakers crowd started to boo Biden as soon as his face came on the screen."
"A recent poll showed that everything is scary all the time, the end times are here, and God has forsaken us.The only thing left to do is throw a fit on Fox. Proceed."
"Uncle Sam and Aunt Sam want you! Join the ranks of America’s finest. Bravest, collection of runts and k¥nts."
"Any sane person will not join a woke military! "
"These are not blunders, they are deliberate policy decisions to “encourage” traditional patriotic soldiers to get out of the military so woke soldiers with flexible values can climb the ranks. All of which is intentionally designed to weaken are military. "
"By this time in Trump&#39;s term, 780 retired generals had spoken out against him, 11 of his associates were doing time, and Trump had been impeached once.  I&#39;d say Biden is winning."
"I wouldn&#39;t want to see my kid die at the bottom of a muddy trench in Ukraine so that defense contractors can pocket billions."
"HEADLINE NEWS that FOX would rather NOT cover:<strong><em>TRUMP PAID RESEARCHERS TO PROVE 2020 FRAUD BUT KEPT FINDINGS SECRET</em></strong>The outside firm’s work was never released after researchers uncovered no evidence that the election had been rigged for Biden."
"Russia is waaaay ahead of us in diversity, inclusion equity in their military.  They have prisoners, dopers, mental patients, the elderly and sexualy deviants on the front lines.  I&#39;m told that the ones who survive get a rifle and a helmet."
"Bring back the draft and all those, great and small, know the honor of fighting and the rewards of placing their life in harm&#39;s way to protect this country."
"Where are the Rainbow 🌈 people ?
We also need to thank our Woke Military leadership for this problem.
I know many in the Military will not re-enlist because of the many weak policies they have put in to discourage our young military personnel "
"Recruitment is hard when the unemployment rate is at 3.4% (a 55 year low).Jobs are easy to find."
"With this type of administration and the leftist corruption of senior military and federal agencies; I would disobey a draft notice. "
"I think we need a draft like when I was in College. This generation needs a whole lot of discipline and the marines will give it to them! "
"The vast majority of recruits come from red states, are conservative and have little inclination to be lectured to on race, gender or climate change."
"All you guys posting here about being tough military hombres can&#39;t even attack an unprepared  Capitol correctly."
"Biden should get a Nobel Peace Prize for ending the War in Afghanistan.So far he has kept our U.S. troops out of the Ukraine too."
"Really doesn&#39;t matter what you do anymore, Americans that have been here forever are doneBetter hire those illegals &amp; politicians..."
"Face it America. WE ARE SITTING DUCKS 🦆. The New World 🌎 Order is upon us. Wake up."
"They could always recruit their voting base, under aged transgenders and the whole LGBTQXYZ crowd."
"If it&#39;s anything like it was when I went in, most of the people wouldn&#39;t make it through basic training.. If they did, they would think they know all there is to know after that period and want to be promoted to 4 star generals.. Of course, they also want to be able to have blue hair and wear nose rings as well. "
"The military is now woke. That is anathema to anyone who would even consider enlisting."
"byden has to run in 2024.   That&#39;s the only way he can pardon his family.  I say wait until the new president in empowered, then bring up the charges"
"I like my presidents to not be in league with our communist enemies.But sadly, all we&#39;ve got is Fckwit Biden."
"That&#39;s the idea. Our military and law enforcement has been chiseled away at for decades. "
"there too busy with DEI traing and rainbow flags"
"Biden and the democrats hate the military and have no problem using the military as expendable fodder."
"HOW are you going to get people to join the military and be asked to possibly DIE when you can&#39;t even get people to work at the POST OFFICE?? I have NEVER seen such devastation of a country in TWO years!"
"The GOP and FOX will never, ever, forgive Biden for winning the Electoral College <strong>AND</strong> the popular vote."
"Biden effectively sabotaged U.S. Military recruitment efforts and morale back in August 2021 with the &#34;surrender&#34; to the Taliban in Afghanistan!!!!"
"If things take a turn for the worse, we’ll have no choice but to begin a military draft. "
"What about all the military age men looking for a better life.   Oh not quilified."
"you can&#39;t openly disrespect people you need to risk death for you"
"so...when did george santos suddenly become an expert "
"I may be wrong but……I just can’t fathom seeing these Gen Z recruits abiding by military discipline, in light of the fact they’ve been indoctrinated with an entitlement, me first, I want it now, upbringing. "
"40 percent decline in recruitment in all divisions. Who wants to work for our country now being woke in everything. We need people who love our country. Burden blowing up our country from the inside out "
"40 percent decline in recruitment in all divisions. Who wants to work for our country now being woke in everything. We need people who love our country. Burden blowing up our country from the inside out "
"Biden is a doddering old man. The Chinese pay extra for that."
"Sooner or Later We The USA will have to fight Chinese.  
Hopefully  not on our own soil. 
but non the Less American forces are not yet ready for a War with China due to Political indecision.  And With the 2nd Amendment  under attack every Day how we going to  do that if Biden  is Woke Dumbing down our military.  That&#39;s why Biden and many others are trying to get rid of the 2nd Amendment  so Boots on US ground won&#39;t have to fight as hard People. 
So step up and Stop the Confiscation of Fir Arms! 
"
"Who would follow Biden&#39;s lead?  No one."
"&#34;Not a good commander in chief?&#34;  How would that be measured by his actions or inactions, of which he is an equal opportunist."
"The combined nuclear strike on CONUS by Russia, China, North Korea ect. will neutralize the military in minutes. There will be very few active service members left to do anything. Retaliation may be automated or not. No one will be lining up to serve as cannon fodder, but take their chances in the nuclear wasteland. "
"Start the draft process again. "
"&#39;House GOP members say&#39;.  Well that makes it official if they say. Print it Fox."
"Wonder why it wasn’t a problem when Trump did it three times?"
"As soon as putin starts his new offensive in 2 weeks and the tactical nuks come out Biden will reinstate military draft. 18-30 pack your bags for Subic Bay, Korea or Ukraine. "
"The progressives gained control of the &#34;educational&#34; institutions decades ago.  They&#39;ve been grooming and brainwashing the American youth for decades.  The next inevitable target was the military.  When I was in the military, it was &#34;don&#39;t ask, don&#39;t tell&#34; not it&#39;s &#34;heyyyyy, scream it from the roof topssss!&#34;  Next thing that&#39;s going to happen is outlawing views that hold to traditional/biblical views on sexuality and marriage.  My guess is it will be within the next 10 to 20 years."
"Afghanistan withdrawal???  Retreat perhaps, abandonment most certainly!  I wonder if liberals will erase that from our history?  "
"A smaller US military means Republicans are less likely to engage in their typical warmongering. Sounds like a good thing."
"lets not forget for a moment...george santos is the new leader of the gop house..."
"Don&#39;t forget about the Griner debacle."
"Pdf file Biden is actively working to defeat the US military, the American economy, and the dollar. This is what happens when you let Segregationists and Chile Moe Lesters steal electionz with a FAKE plaŋḍemįc using a Chinese biology weapon and a  government controlled media.He needs to be tried as a traitor and hung.  Along with whoever is helping him from their basement."
"Any time you think of starting the draft again, go visit the Vietnam Memorial Wall in Wash D.C.All these people (over 58,000) died in vane. Half of them drafted into the U.S. Army."
"If only the Biden administration had covered it up like the trump administration.And how about the NSO Group spying on us and our NATO allies?"
"I keep awaking from this recurring nightmare. Where America’s military is carrying the rainbow flag instead of the Stars and Stripes which has been decommissioned as racist. Then, I stand at parade rest in formation as soldiers to either side of me are dressed in nattily attired tutus. "
"If this country continues electing Democrats to leadership positions in White House &amp; Congress, a draft will be required  to carry out our strategic responsibilities.  That is what weak, woke leadership gets you. "
"One of the first official actions as president Clinton took, was pushing his gays in the military agenda. Carter was terrible, even though a veteran, but the woke slide started with Clinton. Worsened far more with Obama and now we have Mr. Jotato. I was in an auditorium full of Marines and Sailors, maybe 2,000. Obama spoke and when he was done, no one clapped. He walked out in quiet. "
"President Trump is a great President.joe biden is a cheap imitation."
""
"I will say again;If the military is not satisfied with their numbers than just like Russia, we will draft. We will ALWAYS have the amount of people we need."
"To clarify, Brandon is a worthless CIC, and the liberal, alphabet woke agenda has already ruined military recruitment. "
"Speak for yourself Zinke, you never served Combat, have you? Most Veterans who serve come out hating America. Go enlist tough guy, you&#39;ll find out why. Trump should have never accepted defeat in Afghanistan. I would have used those Trillions and made Afghanistan little America. Then I would ship all Politicians over there."
"Funny how the GOP and FOX never worried about how Trump deriding military casualties as <strong><em>&#34;losers&#34; </em></strong>and <strong><em>&#34;suckers&#34; </em></strong>might effect recruitment."
"Maybe recruitment is down because of the last 20+ years of servicemen coming back maimed, mental, or killed thanks to the GOP&#39;s lies and jingoism about WMDs and Freedom Fries. Thank god Biden put an end to that."
"Republicans are experts in every field, just ask them."
"extrenely good times creates extremely soft men ."
"as long george santos is speaker of the house....we don&#39;t need any republicans explaining the military to us"
"You&#39;d think that Biden giving everyone who DIDN&#39;T serve free college and their switch from focusing on training and drilling for war to learning how to be sensitive to the fact the dude beside you is a pickIe kisser would be worse for recruiting."
"If you don&#39;t like this country anymore, then go seek asylum in Russia."
""
"The Russian army is totally un-woke, and they&#39;d conscript anybody."
"Canada shot down a unman aircraft, think it&#39;s coming from Russia. Thanks for the cheaters getting Biden in."
"Oh, just replace servicemen with robots and call it a day."
"WHY IS biden and his JUNKIE vice president NOT IMPEACHED INDICTED THROWN IN PRISON AND BANISHED FROM THE PLANET EARTH??????"
"Hummm....LGBTQers represent less than 7% of the population.  I wonder why recruitment is down."
"Get the Dems out of the WH, let the military get back to the business of breaking things and we should se an up-tic in recruitment."
"Freedom Fries/DeSantis 2024!"
"June 29th,1992 Biden proclaimed Russia China and US should rule the world under communism.Now why fight for the leftist world order?"
"Weak and WOKE is exactly what China and our other enemies desire us to be."
"should have never ended the draft"
"Did the GOP ever find those WMDs?"
"I wonder how many Chinese nationals are serving as recruits in our armed forces?"
""
"What? More people are going to get bone spurs "
"Recruitment is down because they won&#39;t get to go to Afghanistan "
"You can thank the GOP and Neo-cons&#39; 20+ years of bloody quagmires on low recruitment."
"MAGAs and Neo-cons are just sad and triggered that we&#39;re not getting US servicemen maimed or killed in some bloody quagmire anymore."
"Republicans, we see your propensity for warmongering. "
"HEADLINE NEWS that was never covered here at Fox Entertainment:<strong><em>Dad of Fentanyl Victim Honored at SOTU Slams ‘Nasty’ Marjorie Taylor Greene</em></strong>"
"End the woke bs for the military. Nobody cares for it."
"get ready to get drafted"
""
"defund blm"
"People don’t enlist in the military because or despite the commander-in-chief. What a ridiculous assertion."
"Replace these trailer trash servicemen with drones, and call it a day."
"Why do Republicans hate America?"
HAHAHAHAHAHAHAHAHHA
"Why do Republicans hate America?"
HAHAHAHAHAHAHAHAHHA
