"Biden got elected without one debate, I wont get into the rest of all that. Hunter, the Media et al. I think most Americans want a fair election in 2024.  I dont think that is going to happen. "
"Anyone may have thought Bid is colluding with Xi of China? Honestly!
"
"This administration is all about making you ditch your gas stoves, water heaters, gas powered vehicles, dishwashers, clothing washers, etc.  Over 120 directives that had no Congressional approval all aimed at taking things away from you.  Why do we even have a Congress anymore?  I would imagine most people would have a problem with that.  I would also say that so many people dont care enough to recognize this that they are not going to care until they have to buy the high effeciency appliances that are made in China. Its not the Chinese people I have a problem with it is the CCP.  And Biden seems to be allowing them to invade our airspace at will.  Not acceptable. I would say that Zi is running this nation right now. "
"This president has been compromised by the CCP.  With politicians, the FBI and the MSM running cover for him you have to ask yourself why?  What is to be gained by not seeking the truth is the real question.  The evidence on Hunters laptop is very concerning with the presidents involvement whether he admits it or not."
"The Biden administration said it was able to disable the balloons intelligence gathering abilities long before it was shot down! Is that true?"
"Taiwan is not a &#34;sitting duck&#34;. They&#39;ve had decades to prepare for an attempted Red Chinese assault, and the only feasible landing sites are heavily fortified and mined. The PLA would take very high casualties both in the initial landings and trying to sweep the mountainous interior, and they know it. Also, sending land-war weapons to Ukraine does nothing to weaken the Navy&#39;s carrier groups or their planes, which would have a field day shooting missiles at large, slow CCP landing craft."
"<strong>Best quote ever describing Lauren Boebert came courtesy of Hal Sparks</strong><strong>If idiocy were flammable, you could run a power plant with this one and roast marshmallows on the coals.</strong><strong>This was in reaction to Lauren Boebert’s blaming Biden for closing schools in 2020. She forgot Trump was president then. How unusual for the astute historian Lauren is.</strong>"
"This has nothing to do with “Biden’s administration”.The military and top officials are not considered his administration, they are a mixture of long term Democrats, Republicans, and Independents.DoN’t GeT TwIsTeD"
"The wheels were never on.  There does not even appear to be a full set of wheels anyway."
"...so just come to Fox, where you can be sure Laura is lying to you😁"
"&#34;LanternJaw Lady&#34;: Look to yourself."
"The Democrat voters knew that Joe Biden was senile when they voted for him. I remember the liberals used to say how much more intelligent they are than the conservatives. LOL!"
"Biden got elected without one debate, I wont get into the rest of all that. Hunter, the Media et al. I think most Americans want a fair election in 2024.  I dont think that is going to happen. "
"Anyone may have thought Bid is colluding with Xi of China? Honestly!
"
"This administration is all about making you ditch your gas stoves, water heaters, gas powered vehicles, dishwashers, clothing washers, etc.  Over 120 directives that had no Congressional approval all aimed at taking things away from you.  Why do we even have a Congress anymore?  I would imagine most people would have a problem with that.  I would also say that so many people dont care enough to recognize this that they are not going to care until they have to buy the high effeciency appliances that are made in China. Its not the Chinese people I have a problem with it is the CCP.  And Biden seems to be allowing them to invade our airspace at will.  Not acceptable. I would say that Zi is running this nation right now. "
"This president has been compromised by the CCP.  With politicians, the FBI and the MSM running cover for him you have to ask yourself why?  What is to be gained by not seeking the truth is the real question.  The evidence on Hunters laptop is very concerning with the presidents involvement whether he admits it or not."
"The Biden administration said it was able to disable the balloons intelligence gathering abilities long before it was shot down! Is that true?"
"Taiwan is not a &#34;sitting duck&#34;. They&#39;ve had decades to prepare for an attempted Red Chinese assault, and the only feasible landing sites are heavily fortified and mined. The PLA would take very high casualties both in the initial landings and trying to sweep the mountainous interior, and they know it. Also, sending land-war weapons to Ukraine does nothing to weaken the Navy&#39;s carrier groups or their planes, which would have a field day shooting missiles at large, slow CCP landing craft."
"<strong>Best quote ever describing Lauren Boebert came courtesy of Hal Sparks</strong><strong>If idiocy were flammable, you could run a power plant with this one and roast marshmallows on the coals.</strong><strong>This was in reaction to Lauren Boebert’s blaming Biden for closing schools in 2020. She forgot Trump was president then. How unusual for the astute historian Lauren is.</strong>"
"The wheels were never on.  There does not even appear to be a full set of wheels anyway."
"This has nothing to do with “Biden’s administration”.The military and top officials are not considered his administration, they are a mixture of long term Democrats, Republicans, and Independents.DoN’t GeT TwIsTeD"
"...so just come to Fox, where you can be sure Laura is lying to you😁"
"&#34;LanternJaw Lady&#34;: Look to yourself."
"The Democrat voters knew that Joe Biden was senile when they voted for him. I remember the liberals used to say how much more intelligent they are than the conservatives. LOL!"
