"What about the FBI and DOJ and the Hunter Biden laptop?  Looks like they sure helped Biden get elected in 2020"
"It appears that the US miltary has only been monitoring airspace for aircraft and not balloons where commercial aircraft typically fly. That us  between 31,000 and 38,000 feet. I repeat appears 

I cannot believe that is the case however. 

I checked the net and got this info regarding weather balloons 

&#34;Weather balloons do pass through the &#34;31,000 – 41,000 commercial airplane cruising altitude range, but are not expected to hover at that range&#34; as they proceed to  60,000 feet or above, 

But these &#39;balloons&#39; do not appear to be design to go to 60,000 feet. 

It is all very confusing."
"Blame Trump and then make up the rest to show Biden is a tough guy!!"
"After blasting UFO apart with a missile, they conveniently can&#39;t locate or recover them. "
"Deep state UFOs.
Trying desperately to distract us at this point. "
"When was the last time the Deep State turned over docs to the GOP that weren&#39;t redacted down to the page numbers? 2008? When was the last time they turned over docs at all?"
"What kind of Government, does not keep its military leaders in the loop?"
"So transparent you can clearly see the cover-up"
"No members of Congress are going to get any information on aliens and UFO&#39;s. Many have tried in past years and failed. It seems there&#39;s a small trusted group of people on this planet who know about aliens and &#34;they ain&#39;t talk&#39;n.&#34; Biden should not be giving orders to shoot these alien space craft down. They are not going to harm us. But whenever there&#39;s a decision to be made, he always makes the wrong one."
"Maybe the loyalty, competence and character of military members is questionable. "
"This is simple.  &#34;You want funding ? We want transparency and accountability. You want to keep your job ? We want facts and names. We are elected. You are hired. Get the picture ?"
"“I can see how it might be possible for a man to look down upon the earth and be an atheist, but I cannot conceive how a man could look up into the heavens and say there is no God.”Abraham Lincoln.A shout out to the Gazette editor in Billings who first spotted the object sent from the axis of evil and was flagrantly trespassing into our sacred heavens with criminal contraband in hand. If not for him, we might not even be having this conversation today. Prayers for the students and their families in MI., Anen? "
"This will only apply to spy balloons but if they were to ever actually shoot down an extraterrestrial craft, another part of the government would step in and cover it up before it ever hit the media..."
"When asked about the balloon(s), Joke Bidet finally broke his silence and said, &#34;My administration is and always has been focused on deflation&#34;. "
"Good to see the R&#39;s talking about real issues."
"why would they need our National Security Intel to be more accountable. <strong>Can&#39;t the GOPathetics get their intel from fox like tru mp did for 4 years?</strong>"
"All this will be forgotten about when a new diversion tactic is thought up by this administration.."
"There has to be footage of the hits. From a satellite, gun camera on the fighter jet , snd likely the missiles themselves.Let’s go"
"Commander of U.S. Northern Command Gen. Glen VanHerck said Sunday that he hasn’t &#34;ruled out anything&#34; on whether there could be an <a href=""https://www.foxnews.com/category/science/air-and-space/ufos"" target=""_blank"" rel=""noopener"">extraterrestrial origin</a>It&#39;s definitely Alien Transvestites from Transylvania. "
"What about the FBI and DOJ and the Hunter Biden laptop?  Looks like they sure helped Biden get elected in 2020"
"It appears that the US miltary has only been monitoring airspace for aircraft and not balloons where commercial aircraft typically fly. That us  between 31,000 and 38,000 feet. I repeat appears 

I cannot believe that is the case however. 

I checked the net and got this info regarding weather balloons 

&#34;Weather balloons do pass through the &#34;31,000 – 41,000 commercial airplane cruising altitude range, but are not expected to hover at that range&#34; as they proceed to  60,000 feet or above, 

But these &#39;balloons&#39; do not appear to be design to go to 60,000 feet. 

It is all very confusing."
"Blame Trump and then make up the rest to show Biden is a tough guy!!"
"After blasting UFO apart with a missile, they conveniently can&#39;t locate or recover them. "
"Deep state UFOs.
Trying desperately to distract us at this point. "
"When was the last time the Deep State turned over docs to the GOP that weren&#39;t redacted down to the page numbers? 2008? When was the last time they turned over docs at all?"
"What kind of Government, does not keep its military leaders in the loop?"
"So transparent you can clearly see the cover-up"
"No members of Congress are going to get any information on aliens and UFO&#39;s. Many have tried in past years and failed. It seems there&#39;s a small trusted group of people on this planet who know about aliens and &#34;they ain&#39;t talk&#39;n.&#34; Biden should not be giving orders to shoot these alien space craft down. They are not going to harm us. But whenever there&#39;s a decision to be made, he always makes the wrong one."
"Maybe the loyalty, competence and character of military members is questionable. "
"This is simple.  &#34;You want funding ? We want transparency and accountability. You want to keep your job ? We want facts and names. We are elected. You are hired. Get the picture ?"
"“I can see how it might be possible for a man to look down upon the earth and be an atheist, but I cannot conceive how a man could look up into the heavens and say there is no God.”Abraham Lincoln.A shout out to the Gazette editor in Billings who first spotted the object sent from the axis of evil and was flagrantly trespassing into our sacred heavens with criminal contraband in hand. If not for him, we might not even be having this conversation today. Prayers for the students and their families in MI., Anen? "
"This will only apply to spy balloons but if they were to ever actually shoot down an extraterrestrial craft, another part of the government would step in and cover it up before it ever hit the media..."
"When asked about the balloon(s), Joke Bidet finally broke his silence and said, &#34;My administration is and always has been focused on deflation&#34;. "
"Good to see the R&#39;s talking about real issues."
"why would they need our National Security Intel to be more accountable. <strong>Can&#39;t the GOPathetics get their intel from fox like tru mp did for 4 years?</strong>"
"All this will be forgotten about when a new diversion tactic is thought up by this administration.."
"There has to be footage of the hits. From a satellite, gun camera on the fighter jet , snd likely the missiles themselves.Let’s go"
"Commander of U.S. Northern Command Gen. Glen VanHerck said Sunday that he hasn’t &#34;ruled out anything&#34; on whether there could be an <a href=""https://www.foxnews.com/category/science/air-and-space/ufos"" target=""_blank"" rel=""noopener"">extraterrestrial origin</a>It&#39;s definitely Alien Transvestites from Transylvania. "
