"A couple of balloons got lose from the hand of a Gypsy girl dancing czardas at a town square in Bihor."
"At least it&#39;s good to see the media finally using the term &#34;UFO&#34; correctly.  For decades the media and most people seem to think &#34;UFO&#34; means an extra-terrestrial craft, when all a UFO is an unidentified flying object.  The odds are orders of magnitude greater that the UFO is something quite terrestrial.  That most unlikely explanation is that it&#39;s some intelligent life from outer-space.  Not that it&#39;s impossible.If extra-terrestrial people wanted to visit earth, I seriously doubt they&#39;d use a balloon that we can easily shoot down."
"Mig21 radars can’t detect a flying shipping container at a mile…. So, there is that. "
"More balloons out there then you can shake a stick at.  Not a good time to start. ballooning as a hobby. "
"<strong>“If a Chinese balloon is a spy, if an American one is a weather station”: columnist Marianne laughed at balloon hunting in the USA</strong><strong>In ten days, the United States has already shot down four balloons, including one Chinese, declared part of a spy network, writes Marianne columnist Jacques Dion. But even if this version is not without foundation, it is dangerous to make a media scandal out of it, given the real risk of a military confrontation between America and China, the author of the article warns. In addition, the United States is also engaged in the creation of balloons, but they are supposed to be automatically considered harmless weather stations, the journalist ironically </strong>"
"China claims the US merely shot down their weather balloons. Why would China want to know what the weather was like in the US?"
"this joke is getting out of hand..."
"They Look Like Flying Empty Vodka Bottles........ "
"The hysteria spreads like wild fire."
"They say these objects are small, like weather balloons.The balloon shot down near SC was not a small object."
"Maybe Klaatu and Gort are just checking, remember Klaatu&#39;s warning."
"They weren&#39;t <em>potential</em> UFOs. I they were flying. and not identified, then they were by definition Unidentified Flying Objects, aka UFOs. Too many people have idiotic notion that &#34;UFO&#34; means &#34;alien space ship from a distant solar system whose drivers spent many years getting here so they could fly around aimlessly for awhile and then leave&#34;."
"Two words, Russia, China!"
"Think I&#39;ll cook some steaks tonight"
"Time for NATO to set up some Patriot batteries in Romania.  Shoot down anything that gets /NEAR/ Romania.  "
"Maybe the Moldovans can curb stomp the weak russian army next?"
"A couple of balloons got lose from the hand of a Gypsy girl dancing czardas at a town square in Bihor."
"At least it&#39;s good to see the media finally using the term &#34;UFO&#34; correctly.  For decades the media and most people seem to think &#34;UFO&#34; means an extra-terrestrial craft, when all a UFO is an unidentified flying object.  The odds are orders of magnitude greater that the UFO is something quite terrestrial.  That most unlikely explanation is that it&#39;s some intelligent life from outer-space.  Not that it&#39;s impossible.If extra-terrestrial people wanted to visit earth, I seriously doubt they&#39;d use a balloon that we can easily shoot down."
"Mig21 radars can’t detect a flying shipping container at a mile…. So, there is that. "
"More balloons out there then you can shake a stick at.  Not a good time to start. ballooning as a hobby. "
"<strong>“If a Chinese balloon is a spy, if an American one is a weather station”: columnist Marianne laughed at balloon hunting in the USA</strong><strong>In ten days, the United States has already shot down four balloons, including one Chinese, declared part of a spy network, writes Marianne columnist Jacques Dion. But even if this version is not without foundation, it is dangerous to make a media scandal out of it, given the real risk of a military confrontation between America and China, the author of the article warns. In addition, the United States is also engaged in the creation of balloons, but they are supposed to be automatically considered harmless weather stations, the journalist ironically </strong>"
"China claims the US merely shot down their weather balloons. Why would China want to know what the weather was like in the US?"
"this joke is getting out of hand..."
"They Look Like Flying Empty Vodka Bottles........ "
"The hysteria spreads like wild fire."
"They say these objects are small, like weather balloons.The balloon shot down near SC was not a small object."
"Maybe Klaatu and Gort are just checking, remember Klaatu&#39;s warning."
"They weren&#39;t <em>potential</em> UFOs. I they were flying. and not identified, then they were by definition Unidentified Flying Objects, aka UFOs. Too many people have idiotic notion that &#34;UFO&#34; means &#34;alien space ship from a distant solar system whose drivers spent many years getting here so they could fly around aimlessly for awhile and then leave&#34;."
"Two words, Russia, China!"
"Think I&#39;ll cook some steaks tonight"
"Time for NATO to set up some Patriot batteries in Romania.  Shoot down anything that gets /NEAR/ Romania.  "
"Maybe the Moldovans can curb stomp the weak russian army next?"
