"Trudeau and Biden are already owned by the CCP, as are many of our Congresspeople.  This isn’t the first balloon, it’s just the first one that caught someone’s attention."
"Justin will wait until its closer to Montreal and then FREEZE its bank account and cancel it from Canadian &#34;LIFE&#34; - Live Free or Live In Canada! "
"Canadian are safe? no with Trudeau in charge. "
"As someone who is Canadian. I’m ashamed our govt puts 0 effort into our military because they rely on the US for protection. The western provinces of Canada  need to separate from the east. Our election is always over by the time Toronto counts their votes. We’re broken "
"Canadians are willfully marching into a totalitarian state following Trudeau and they think they are safe?  I see they haven&#39;t learned from history."
"You’ve heard of “floating a trial balloon”? This is it."
"Yes, Canadians are &#34;safe&#34;...because Justin Trudeau outlawed private ownership of handguns.  I bet they feel safer already..."
"Funny how the U.S. officials and Canada declare that their populations are &#34;safe&#34; from the Chinese incursion when the same officials readily admit they know nothing about the balloon. If it&#39;s so benign, why won&#39;t they shoot it down over Eastern Montana, a place where the &#34;debris field&#34; of a harmless ballon would impact nothing but sagebrush and antelope?"
"When the leftwing socialist gov’t has to come out and tell the citizenry that they ‘are safe,’ the exact opposite is true. "
"what if it is biological warfare. A virus"
"Canadians are living under Mini-Castro Trudeau. They are not safe."
"Trump would have ordered the shoot down of that balloon over a non-populated area faster than you can say Where’s Hunter?"
"Sure the Canadians are safe, they have been dealing with the Chicoms for decades.  The balloon is probably monitoring the wheat crops they have there.  "
"Trudeau said Canadians are safe.  From the balloon maybe, but not from him."
"The Liberal government in Canada openly admires Communist China. A bill just passed in Canada to censor the internet...this to keep Canadians &#34;safe&#34;. "
"Canadians are safe? 95% of Canada is empty wilderness populated by moose and squirrel."
"Canada is a neutered nation by there communist leader
 if the Ballon landed in a military area Justin would welcome it"
"They decided not to bring it down because of the risks associated, such as angering the communists.   Meanwhile, the military watches the balloon while it gathers information likely transmitting it back to Chinese intelligence.   Finally, briefing old joe and asking for options is an exercise in futility.  I wonder how many of these balloons escaped detection and how long the communists have been sending them."
"Liberals  and there tight connections  with the CCP  Chinese  both local in canada  and abroad  there untrustworthy  there comprised ."
"It has markings that say &#34;Made in China&#34;"
"I think we should bring it down just to see what it is. They are Biden&#39;s buddies they also own us so why does it make a difference anyway, maybe they are just looking over their new land purchase . "
"Need to solve this problem, get a higher power scope."
"How do you capture a large high-altitude balloon without destroying it? That is a new aeronautical challenge."
"I&#39;ve seen NO reference to its altitude?  Might just be a close up of a Djokovic serve"
"Canadians are safe!??? Trudeau is their leader.  "
"What is the difference between Joy Behar and a spy balloon?One is a gas bag full of hot air that hates America and the other is a spy balloon."
"<strong>&#39;Canadians are safe&#39;..Hmmm?  Oxymoron</strong>"
"wWe&#39;ve had a bag of hot air owned by the Chinese that is feeding the CCP our secrets in the White House for a couple of years now..."
"Compare this to the CCP police stations hidden in plain sight across the US and Canada. It was exposed by an Spanish NGO overseas. This balloon invasion exposes Trudeau&#39;s complicity in aiding and abetting attacks here and against the USA which protects us. The balloon invasion was exposed by a private US citizen and only when the story broke in the USA did Canadians know that our government willfully ignored it and therefore assisted in the attack of its most important neighbor. The Canadian media is as with the Covid sham, criminally complicit in not reporting this attack. There will be more.   3feb2023 "
"Don’t worry Canada, Biden has your back!"
"Maybe George Santos can put on his cape, fly up there and take it out himself. I also heard he’s going to be replacing Tom Brady so his time might be limited. Hurry George. Save mankind from this balloon"
"Canadians are safe because America keeps them safe. Let&#39;s call it like it is. "
"How much harm can it do?  Leave it alone."
"with so many people having drones or rc aircraft, I&#39;m surprised someone hasn&#39;t tried to attach a sharp blade to the aircraft and ram it.   "
"In Canada balloon is suspected, in America it is &#34;convinced&#34;"
"Trudeau will pass a law banning all Chinese balloons. THERE, that fixed it!!! :-P"
"Canadian Intelligence. Im Canadian, and believe me, there&#39;s very little of that."
"If we leave it up there; maybe China won&#39;t know that we know that they know that we know...You know?Oh, and FOX CNN ABC CBS NBC and a couple others I can&#39;t remember called and they want to know if they can run a story on it...Yeah, ok, I&#39;ll tell them they&#39;re cleared."
"choot it lizabeth. choot it."
"Of course Canada is safe why would anybody want to spy on Canada"
"just waiting on the emp ."
"News flash it has already collected everything they need the longer it’s up there the more threat it is shoot it down "
"It arrived here from the backside of the moon, who are the US knows there’s a moon base occupied by China"
"Trudeau and Biden are already owned by the CCP, as are many of our Congresspeople.  This isn’t the first balloon, it’s just the first one that caught someone’s attention."
"Justin will wait until its closer to Montreal and then FREEZE its bank account and cancel it from Canadian &#34;LIFE&#34; - Live Free or Live In Canada! "
"Canadian are safe? no with Trudeau in charge. "
"As someone who is Canadian. I’m ashamed our govt puts 0 effort into our military because they rely on the US for protection. The western provinces of Canada  need to separate from the east. Our election is always over by the time Toronto counts their votes. We’re broken "
"Canadians are willfully marching into a totalitarian state following Trudeau and they think they are safe?  I see they haven&#39;t learned from history."
"You’ve heard of “floating a trial balloon”? This is it."
"Yes, Canadians are &#34;safe&#34;...because Justin Trudeau outlawed private ownership of handguns.  I bet they feel safer already..."
"Funny how the U.S. officials and Canada declare that their populations are &#34;safe&#34; from the Chinese incursion when the same officials readily admit they know nothing about the balloon. If it&#39;s so benign, why won&#39;t they shoot it down over Eastern Montana, a place where the &#34;debris field&#34; of a harmless ballon would impact nothing but sagebrush and antelope?"
"When the leftwing socialist gov’t has to come out and tell the citizenry that they ‘are safe,’ the exact opposite is true. "
"what if it is biological warfare. A virus"
"Canadians are living under Mini-Castro Trudeau. They are not safe."
"Trump would have ordered the shoot down of that balloon over a non-populated area faster than you can say Where’s Hunter?"
"Sure the Canadians are safe, they have been dealing with the Chicoms for decades.  The balloon is probably monitoring the wheat crops they have there.  "
"Trudeau said Canadians are safe.  From the balloon maybe, but not from him."
"The Liberal government in Canada openly admires Communist China. A bill just passed in Canada to censor the internet...this to keep Canadians &#34;safe&#34;. "
"Canadians are safe? 95% of Canada is empty wilderness populated by moose and squirrel."
"Canada is a neutered nation by there communist leader
 if the Ballon landed in a military area Justin would welcome it"
"They decided not to bring it down because of the risks associated, such as angering the communists.   Meanwhile, the military watches the balloon while it gathers information likely transmitting it back to Chinese intelligence.   Finally, briefing old joe and asking for options is an exercise in futility.  I wonder how many of these balloons escaped detection and how long the communists have been sending them."
"Liberals  and there tight connections  with the CCP  Chinese  both local in canada  and abroad  there untrustworthy  there comprised ."
"It has markings that say &#34;Made in China&#34;"
"I think we should bring it down just to see what it is. They are Biden&#39;s buddies they also own us so why does it make a difference anyway, maybe they are just looking over their new land purchase . "
"Need to solve this problem, get a higher power scope."
"I&#39;ve seen NO reference to its altitude?  Might just be a close up of a Djokovic serve"
"How do you capture a large high-altitude balloon without destroying it? That is a new aeronautical challenge."
"Canadians are safe!??? Trudeau is their leader.  "
"What is the difference between Joy Behar and a spy balloon?One is a gas bag full of hot air that hates America and the other is a spy balloon."
"<strong>&#39;Canadians are safe&#39;..Hmmm?  Oxymoron</strong>"
"wWe&#39;ve had a bag of hot air owned by the Chinese that is feeding the CCP our secrets in the White House for a couple of years now..."
"Compare this to the CCP police stations hidden in plain sight across the US and Canada. It was exposed by an Spanish NGO overseas. This balloon invasion exposes Trudeau&#39;s complicity in aiding and abetting attacks here and against the USA which protects us. The balloon invasion was exposed by a private US citizen and only when the story broke in the USA did Canadians know that our government willfully ignored it and therefore assisted in the attack of its most important neighbor. The Canadian media is as with the Covid sham, criminally complicit in not reporting this attack. There will be more.   3feb2023 "
"Don’t worry Canada, Biden has your back!"
"Maybe George Santos can put on his cape, fly up there and take it out himself. I also heard he’s going to be replacing Tom Brady so his time might be limited. Hurry George. Save mankind from this balloon"
"Canadians are safe because America keeps them safe. Let&#39;s call it like it is. "
"How much harm can it do?  Leave it alone."
"with so many people having drones or rc aircraft, I&#39;m surprised someone hasn&#39;t tried to attach a sharp blade to the aircraft and ram it.   "
"In Canada balloon is suspected, in America it is &#34;convinced&#34;"
"Trudeau will pass a law banning all Chinese balloons. THERE, that fixed it!!! :-P"
"Canadian Intelligence. Im Canadian, and believe me, there&#39;s very little of that."
"If we leave it up there; maybe China won&#39;t know that we know that they know that we know...You know?Oh, and FOX CNN ABC CBS NBC and a couple others I can&#39;t remember called and they want to know if they can run a story on it...Yeah, ok, I&#39;ll tell them they&#39;re cleared."
"choot it lizabeth. choot it."
"Of course Canada is safe why would anybody want to spy on Canada"
"just waiting on the emp ."
"News flash it has already collected everything they need the longer it’s up there the more threat it is shoot it down "
"It arrived here from the backside of the moon, who are the US knows there’s a moon base occupied by China"
