"We need to get busy untangling ourselves financially with China,  in such a way the we have a little leverage both diplomatically and financially.  This will take a while but we can improve our position here.  The last administration had started with this.  I don&#39;t think the current administration will do much in this regard. "
"China is capable now. China will probably decide when to invade based on what the 2024 Presidential election polls are showing in early 2024.They won’t wait if a Republican like Trump, Haley or Santos is expected to win. Brandon is the one they can count on to be the path of least resistance due to lack of will, intelligence and competence."
"Brandon will be announcing the appointment of Kamala as &#34;Balloon Czar&#34;."
"China will make its big move on Taiwan within the remaining Xiden presidential term. "
"Biden and the dems spend much of our monies and send weapons to Ukraine. US won&#39;t have much left to help Taiwan or ourselves. China will shorten their time frame soon."
"World war is on the horizon. The world&#39;s despots have made their ambitions clear. We are in a similar place as we were in 1935. Be prepared."
"LOL!! Yeah, right! As if they won’t do it while Mr. Potato Head is still in power. "
"“The war is not meant to be won, it is meant to be continuous. Hierarchical society is only possible on the basis of poverty and ignorance. This new version is the past and no different past can ever have existed. In principle the war effort is always planned to keep society on the brink of starvation. The war is waged by the ruling group against its own subjects and its object is not the victory over either Eurasia or East Asia, but to keep the very structure of society intact.”George Orwell19841984 was meant to be fiction. It wasn’t meant to be a road map for life!&#34;Therefore, I think it’s very much in our interest as a policy matter in the United States to make clear our commitment to the status quo, to make clear we are not interested as a country in changing that status quo, that we are deeply opposed to anyone trying to change that unilaterally, especially by the use of force,&#34;Burns does not care about the United States.  He only cares about the status quo.  "
"So this is before China runs into Taiwan .Sound like Biden and his administration blaming trump for everything when it is Biden breaking the laws."
"This guy is a straight talker who knows his business.  He warned that &#34;Ukraine in NATO&#34; was verboten to ALL Russians. He was ignored by the Biden administration. He&#39;s warning that China is preparing to invade Taiwan sooner rather than later. That will probably get him fired by the Bidens."
"Russia and China on the march.  Great job Brandon.  "
"I’’m in Austin and a big Walmart shopper - but doing everything possible not to buy things made in China - I’m willing to pay more for something made in USA or or our northern neighbor Canada (my brother lives in Toronto). "
"The CCP has never held political rule over Taiwan so all of this could have been avoided had the United States refused to back removing Taiwan, a founding member of the UN, from that body and replacing them with China. China could have been added as a separate nation without a permanent presence on the Security Council and that should have been the only option they were provided.You can bet had the shoe been on the other foot Russia and China would have used their veto power to stop that sort of change for a non-communist nation. American foreign policy, all too often creates more problems than it solves."
"Much sooner than 2027?  Biden is corrupt and bought by China?  Communist China will be able to just walk into the United States under Biden and we will be so weakened we won’t be able to defend ourselves?"
"2027? No, they&#39;re going in soon, very soon. Nothing we can do to stop it. "
"One China, Taiwan modeled. Xi’s PRC is ready to collapse from the pressure of its citizens for freedom. "
"That only leaves Biden three years to fully destroy the US military and give away the rest of their equipment!"
"If we experienced a war with China on US soil, you can guarantee that the democrats here in this country would help them."
"If China does this it will be the end of them economically and they will have a few Billion Chinese people who would starve to death. "
"None of us sane people should be listening to anything out of this administration.  Communist China is making their move and it&#39;s now.  Not in 2 or 4 years.  Trust your own instincts.  We know what&#39;s happening."
"bet they invade by end of this year,, joes wishy washy foreign politics have opened the door for many bad actors .... "
"What they publicly say, and what they actually do are two very different things.  This could be a ploy to make the U.S. and Taiwan think we have a couple of years, and then next month, they are attacking the island.  "
"make no mistake about it america, China is on the move. they are testing the waters by flying these balloons over us and they will be poking around every corner that they can to gain more intelligence. China already has the plans in the works and they could invade at any time. once they take Taiwan it will be over for the United states. they see how weak we are and will take full advantage. prepare yourselves America it&#39;s coming."
"Lies…. They are invading Taiwan this year! "
"Any amphibious assault is high risk.One against a well-prepared, dug in and superbly armed defender has a high chance of failure."
"First, the CIA is rarely right…they thought Iraq possessed weapons they did not and they missed 9/11. I also believe it is possible for Russia and China to be co-conspirators. Russia may have invaded Ukraine to deplete the U.S. of money, oil and equipment. A person doesn’t need to be a military strategist to realize Russia could annihilate Ukraine. Instead the so called war has lasted longer than the CIA first thought. That being said, our government thinks it has lasted because Russia is weak and Ukraine is determined. In addition, Rocket Man and Iran are becoming more active, all the above may be trouble for the US. HOPEFULLY, if China does invade Taiwan, we will stay out of it, even the Roman Empire was defeated. "
"By 2027? I don&#39;t think they&#39;ll abide by that timeline. It will be within weeks or months...not years."
"Meanwhile the biggest issues on a Democrat&#39;s mind are race theory, transgenderism and abortion."
"plenty of time for all the high-tech companies and employees to move."
"I believe in the One China Policy. Taiwan should just concede. They have 0 chance militarily unless we come to the rescue. Which is beyond mind boggling that it is in any way are responsibility to protect a country that most people cannot point to on a map. Not me included of course. Just most of you. LBJ said something to effect, “Why should American boys fight a war that Asian boys should fight themselves.”"
"CCP already owns China Joe and all democRATs.  No need for a war.

Remember in 2024 folks. &#34;Build Back CHINA Better&#34; is a success for China Joe and the Biden crime family. LA Ports flooded with Chinese merchandise and nothing going back. Highest inflation in 40 years!"
"Which means they&#39;ll probably do it before Biden leaves office."
"&#34;Status quo&#34; is not a strategy.   We need a clear reason for the status quo.  Avoiding millions of billions of people dying in a world war is certainly to be avoided, but Xi knows we aren&#39;t going to fight and die in the millions for the status quo.Either we are in a fight for Liberty against tyranny or we aren&#39;t."
"if they say 2027, it means this year around May"
"China calculates the sufficient disintegration of America by then, at the rate it&#39;s going now."
"That indicates that Xi believes Joe will still be in office so as to avoid any confrontation or war activities!! OH NOOOOO!"
"2027 lol…It’ll happen this year while the Impostor in Chief is still in office."
"Keep giving away our military hardware and strategic oil reserves and the US won’t be able to fight any country and win. "
"It&#39;s the end of the world as we know it and I feel fine...

Be sure to target Bidens&#39; Delaware house so you don&#39;t have to pay him any more bribe money"
"If they wanted to invade they would have before. This is just brinkmanship. Xi needs the US just as much as we need them. I expect Taiwan will ultimately become more of a proxy war (If it gets to that point). TSMC is building a factory in the US - the only reason we need Taiwan is for chips - with TSMC now building in the US, Taiwan loses its strategic importance to the US. "
"Wait .... when was the US saying that they would have semiconductor factories ready by so that we didn&#39;t have to rely on TSMC? I vaguely remember hearing 4-5 years to build manufacturing plants here in the US."
"And prepare for the invasion of Ukraine, oh wait, that’s already happened."
"Let&#39;s go to war with the country that mass produces 80% of our products.  Makes sense.  Makes total sense. Sigh.. "
"that should give our military&#39;s Office of Diversity plenty of time to implement rainbow-colored uniforms.............."
"Well, by then NK and Iran will have small but helpful nuclear arsenals and their conventional forces will be stronger.  Turkey will have more time to partner up with Russia and Iran.  Indonesian ties will strengthen with China and Iran.  "
"I&#39;ve been to Taiwan. I didn&#39;t meet a soul who wants mainland China to rule them. It&#39;s amazingly &#34;American.&#34; In fact, it felt cleaner &amp; safer in some respects. Subways, KFC&#39;s, 7-11&#39;s everywhere. Unlike Hong Kong, you drive on the right &amp; the streets &amp; highways seem like those in the US. Taiwan poses no threat to China. All China wants is their tech &amp; $$$."
"Which of course means he intends to be ready to move if a Republican wins the election for president in 2024.   "
"Our CIAs job is to first and foremost control us the American People. Foreign powers come second. So any soundbites from the CIA is to influence us or control us. However you prefer to look at it."
"They are presuming that this would be towards the end of Brandon&#39;s second term."
"Oh we predicted this a YEAR AGO. If trump was Pres it wouldn’t be happening. "
"And another thing: Xi knows the USA will be busy building a base on the Moon in 2027. Maybe he will use Tiawan to try to divert them from that mission."
"China wouldn&#39;t wait for an invasion to take place any later than 2024. It&#39;s imperative that his closest allies in the Biden crime family still hold positions of power. "
"Who announces stuff that far in advance.  He’s trying to throw US off. It’ll be soon. "
"Doesn&#39;t that mean an invasion is imminent?"
"The good news is that if we do go to war with China, there are a lot of illegals in this country that can be drafted. Or, will they run away back to their own countries.  "
"Taiwan will be invaded before Biden leaves office, it is a certainty! Biden is on the take, he is a traitor."
"Start severing the US business relationships with China today.  Money is the biggest stick.  I know, I&#39;m a dreamer...even in a War with them, the US will have to buy Chinese parts to keep things running now..."
"We are going to be at war with the CCP <strong>SOON</strong>.  Lets do it while we still have the Technological Advantage to defeat their Numerical Advantage!!!"
"JANUARY 3, 2025. While the government is in flux."
"Don&#39;t be fooled! He&#39;s says 2027!  But be ready for them to try tomorrow!"
"The current onslaught of stories about Chinese and Iranian military threats can only be telling you one thing:The situation in Ukraine is going sideways, and oh, Russia&#39;s not the big threat anymore. China is. So don&#39;t stop the presses on more and more MIC military equipment."
"Our military is worried about what pronoun to use "
"I am actually shocked they have done it yet."
"so that means sooner. any American with common sense knows that China will at one point try to take taiwan. they&#39;re optimum opportunity is when Biden is running the country into the ground. they know we are coming apart of the seams and imploding."
"Thank God President Desantis will be leading the nation by then. "
"China will move on Taiwan a lot sooner. They know Biden is cognitively impaired. Milley is weak, and possibly  bought off.We are low on weapons, ammunition,  and moral.They would be foolish not to move now."
"Given the weak response by the United States about the Chinese &#34;weather&#34; balloon, Xi thinks he has a green light to invade Taiwan."
"Well our armed forces will be fully vaccinated and gender fluid by then so we&#39;ll be fine... "
"Unfortunately Joe is going to give up Taiwan because Xi owns the Biden Crime Family!"
"Should be done with US, by then.  Dang I wish those people were as greedy as our country is.  Then we may be safe.  But once they made the trillions they need, they&#39;ll be ready.  They can see long term. We&#39;re only a CNN headline away from the next BIG thing.  "
"We know this, but didn&#39;t know a balloon was coming?  They say they plan to be ready by 2027, which really means 2024.  In any case, now we might try to be ready by 2028, or at least by 2030."
"Planted information. If Xi lets us know it’s 2027 we should expect him to invade no later than 2024. "
"If America keeps importing EVERYTHING from China and borrowing their money - eventually they will own us."
"Looks like the USAF AMC General was right on 🎯."
"If we actually knew a date determined by PRC leadership we would hardly announce it publicly. This is Biden-Harris propaganda trying to off set observations about our current military and economic weakness and hapless political leadership."
"Why can&#39;t we find a story on Fox Agenda about 517,000 jobs being added last month??"
"West Taiwan’s leader Xi is just pandering to his people. In the current economic climate Taiwan is as important to West Taiwan as it is to the rest of the world to manufacture computer chips. We need to bring that domestically very quickly. "
"why does it have to be our responsibility alone to defend Taiwan? shouldn&#39;t we get the international community involved?"
"Now we&#39;re making appointments for a war?"
"Meanwhile Biden is still trying to get his Vett backed into his garage without hitting the banker boxes."
"Meanwhile Biden is still trying to get his Vett backed into his garage without hitting the banker boxes."
"Maybe this is why the USA is expanding bases in the Philippines...."
"He&#39;ll wait to see what the polls look like in 2024, if it&#39;s close, that&#39;s my projection as to when he&#39;ll invade.  Won&#39;t ever happen with Trump or Desantis, Brandon would even shoot down their spy balloon.  The US response would be a mess"
"How much support does Taiwan have outside the US?Will the EU, UK, and Israel sign on to sanctions if China attacks?"
"If you believe this your are rather uninformed of warfare.  He wouldn’t give an exact timeframe.  More like I’ll make them think 2027 and do it spring 2023. "
"The U.S. signed the one china policy so this will be interesting to see if America stabs Taiwan in the back like they did to helpers in Afganistan. I see the united states giving away billions like they have with Ukraine and equipment etc but in the end the island will become apart of China again. But I&#39;m guessing we will see what kind of president we can get coming in the next few years."
"Time for the U.S. to rent some land from Taiwan &amp; build a new naval base.  China wouldn&#39;t hesitate to do it on our doorstep. I&#39;ll bet the rent would be real cheap-- two goats?"
"Based on Brandon’s lack of response to the ballon Xi’s timetable will likely move up."
"Oh please! &#34;Intelligence expert&#34;. 51 of you claimed Hunters laptop was Russian disinformation. "
"🤦‍♂️🙄, Last week: &#34;Air Force general predicts war with China in 2025, tells officers to prep by firing &#39;a clip&#39; at a target, and &#39;aim for the head&#39;&#34; Which is it ? Don&#39;t pay attention to these 🤡&#39;s."
"&#34;Now, that does not mean that he&#39;s decided to conduct an invasion in 2027, or any other year, but it&#39;s a reminder of the seriousness of his focus and his ambition.&#34; - William Burns"
"The USA should give Taiwan 50 nukes aimed at Chinese Ports. If Xi attacks, China would lose all seaports and the people would starve for 1000 years!"
"Sure Joe, have the Chinese take pics of all our defenses so they can prepare before they attack us. "
"2027, is a bluff!  They will sneak in whilst Biden is sleeping!  Any day now."
"The chinese have not learned from their own history.  WWII japan invaded there country and who helped china america.  Countries in the past who invaded started off well but ended in disasters this will happen to both russia and china."
"&#34;We know as a matter of intelligence he has instructed the People’s Liberation Army to be ready by 2027 to conduct a successful invasion&#34;...Vamos Brandon !!"
"I guess Xi already knows the outcome of the 2024 election and Biden will still be president in 2027."
"The actual schedule is probably 2023.  That&#39;s what 10% and buying Hunter&#39;s paintings will get you."
"HAHA   Is this the same CIA that told us the war in Ukraine would be over in a month?  Or that the Hunter Biden laptop was fake?China will be collapsed by 2027.  The CIA is trying to ramp up the anti-China propaganda to keep the defense spending as high as possible."
"On the other hand,It could be China sending Putin a message: Don&#39;t expect us to help you in Ukraine by opening up a new front in Tiawan, unless you can keep the Ukraine thing going until 2027..."
"Just get Mossad to take out Xi and make it look like Lil&#39; Kim and North Korea did it.  "
"New world order at it again it seems "
"If Taiwanese are smart, they can see what Putin is doing to Ukraine who was dubbed into surrendering their nukes. All Taiwanese Scientists should do is hire Ukraine Scientists. Make their own weapons. Ukrainian be can allied with Japan, South Korea and even Asia, their closest continent so nice Chatting allied with Russia. In due course, Tibet and Mongolia will be freed from Communist control and become free. "
"Hopefully it doesn&#39;t happen under this weak administration. Biden would surrender the United States and Canada. What a joke.  And his voters!!"
"This is Brandon&#39;s Balloongate!"
"I wonder what China thinks it can do in 2027 that it can&#39;t do now. Or do in 2025.It won&#39;t be as easy as the Chinese think either way. They better be ready for 1 Millon+ dead and they will be a world pariah for decades afterword.Not worth doing. In fact, they should instead purge anyone from power that thinks it is an idea worth pursuing. "
"China doesn&#39;t claim Taiwan is part of China.  TAIWAN has always claimed they are the real China. "
"This sounds like a political statement from the CIA as we know the CIA only spies on Americans these days.  My cat knows more about Chinese intentions than the CIA does."
"DARPA is developing a Liberty Lifter X-plane. Ground effect aircraft to deliver heavy things rapidly across the Pacific. "
"If you allow your plans to &#39;be discovered&#39;, you make sure the timing of those plans is out beyond your actual intent.  If Xi says 2027, his actual plans are likely targeting an earlier date, especially with a weak, puppet American president in your back pocket."
"China&#39;s economy would never recover from a fight with us. They&#39;re already in covid mode..again."
"So if NATO loses early in Ukraine this year,.will China move up their invasion timetable?"
"Let them have Taiwan at the cost of a U.S. trade embargo on all trade between US and China. "
"If the CIA says 4 yrs. it will probably happen this summer."
"But that General said we&#39;d be at war with China by 2025!Wouldn&#39;t China invading Taiwan be a big part of that war?"
"<strong>China&#39;s Xi has ordered military to be ready for Taiwan invasion by 2027,</strong><strong>And the US&#39;s response somewhere around 2031</strong>"
"Trump praised Xi, had a Chinese bank account, and paid more in taxes to China than the US.MAGAs conclude: “China Joe!”"
"So, what can the US do if the bully China takes over Taiwan? Taiwan is so small. They will take it in less that a half of day. Just a threat and their government will give up. "
"Anything to deflect Biden&#39;s classified document issue....."
"That gives us a few years to ramp up our military and we better do it. And expect another strange Fauci-type virus to be unleashed. This last one was a test run and they now know what to do. "
"&#34;We know as a matter of intelligence he has instructed the People’s Liberation Army to be ready by 2027 to conduct a successful invasion,&#34; Burns continued. with what, balloons? 🎈"
"Ouch, that’s going to be in Biden’s second term."
"Gee everyone, nobody is picking up on the Balloongate trend.  It&#39;s a catchy phrase and perfectly conveys what is going on with the scandal of Brandon and China.  Remember it:  Balloongate!"
"Xi loves toying with biden, like a cat to a mouse."
"You really think he would announce that four years in advance?? "
"They have a coastal navyNo combat experiencePoor logisticsA large segment of ocean to cross to invade a modern heavily defended country.It’s not going to go well for them just like Russia. China uses much the same junk Russia uses.It’ll be a blood bath and a military blunder for them."
"Awsome!!! I&#39;m sure everyone will be ready in 4 years as well. Taiwan and the US will be ready"
"Give the Taiwanese nukes, pack our stuff, and get out.  Make chips elsewhere.Let the Chinese destroy their own economy.  The end. "
"2027 mean it will happen in 2025. At least Brandon won&#39;t be in the white house than."
"Mac was right: nuke China! Begin with Beijing, as payback for Covid."
"<strong>China&#39;s Xi has ordered military to be ready for Taiwan invasion by 2027, CIA Director Burns says….. Good to hear, Biden will not be President, 🙏👍</strong>"
"Why on earth would CIA reveal what should be classified information to the public?"
"Guess they better get their soldiers to start swimming now then so they make it in time."
"Nuke em...fry em like a chicken.Start in Wuhan and work your way out.  The world would be so much better off."
"There will be WWIII by 2027, hey we can send all the illegals to fight for the USA"
"2027? What a farce. The unmolested balloon in US airspace is a sign the ChiComs have their sights set on us and may very well hit us before Taiwan. Who will rescue Taiwan if we are already engaged?"
"Essentially what the CIA is telling Americans, by 2027 or sooner, we need a President with a functioning brain and action-oriented on issues other than government handouts."
"Xi&#39;s saying 2027.We should be ready for 2026."
"Xi will be 74 in 2027, maybe he won&#39;t be alive in 2027, people don&#39;t live forever."
"China ordered their military to be ready for the invasion or ours?"
"And Burns knows that because....he can read minds across the Pacific? Do people believe all this?"
"oh just great, we get to talk about this for the next 4 years."
"Joe you have two years to aid your buddy Xi get ready.  You have done a great job so far!"
"China&#39;s not going to announce the day they are going to invade another country................That&#39;s about as likely as a bank robber calling the police to let them know what day and time they are going to rob a bank?"
"Has Xi contacted Joe Biden for backup support should he win reelection.?........pb"
"Xi is not Putin, he Loves Capitalism and War is not a good option for him or his country, Especially when they own half of the United States;  Why do you think the balloon is flying Freely over Montana! Semper Fi!!!"
"I had soup for lunch "
"It&#39;s amazing how many uneducated trolls have jumped all over this story, without even a clue as to what is going on.Xi&#39;s going to do this, and Xi&#39;s going to do that.The U.S. doesn&#39;t stand a chance, or this will happen with that president, or that will happen with this president.Like they know anything about military strategy, or anything else in the real world.All these kids need to stop playing Call of Duty, and go join the real military.Maybe they&#39;ll learn something for once."
"The young generation will have a choice:Fight in the American Civil WarFight in WW3"
"Our nukes don&#39;t expire after 2027, right?  "
"This entire situation is getting eerily similar to the movie Dr. Strangelove!"
"He needs a .338 Lapua lobotomy.."
"2027? That means this year 2023"
"Trump should be happy.  He admires Xi. "
"China isn’t waiting, this is a total bluff."
"&#34;Its just another conservative conspiracy theory&#34;"
"War is just around the corner time to get ready."
"China will get one serious reality check if they try to invade."
"Just two words: TRUMP 2024!"
"&#34;Son, I&#39;m going to take you go fishing next year, be prepare now.&#34;"
"War is just around the corner time to get ready."
"China will get one serious reality check if they try to invade."
"Just two words: TRUMP 2024!"
"&#34;Son, I&#39;m going to take you go fishing next year, be prepare now.&#34;"
"Brainless Biden will try and twist and turn facts and justify America not responding to China invading Tsiwan by trying to blame the crisis on his climate change obsession."
"Planning ahead, finally."
"Yeah right.... 4 years? "
"Meanwhile they have invaded North American airspace! NORAD anyone as this is by treaty an American and Canadian issue now!"
"Awfully nice of Xi to give us 4-year&#39;s warning.  I&#39;m sure the Mikado is shaking his head..."
"Meanwhile the dementia patient in the white home is so compromised by his long-time deals with China he can&#39;t do anything but let them have their way. We&#39;re doomed. "
"More like 2023.
Trying to do the ole&#39; switcheroo and try to confuse people.
WE KNOW WHAT YOURE UP TO, XI!!!!!!!
👀👀👀👀"
"XI will be there in a month or less.  Propaganda."
"After this balloon China invades Taiwan.  Mark my words. "
"and JOE will be the President in 2027!!!!!!!!!!!!! NO!!!!!!!!!!!!!!  "
"Well at least Trump will be president by then "
"Do you need any more evidence that Giden and this administration is corrupt?"
"Oh yea..let us believe some Biden C- qualified bureaucrat advice about China "
"Ask Gen. Milley,he knows,...."
"All hearsay"
"Mr <strong>CIA Director William Burns, I guess you need better translators </strong>"
"WW3 is inevitable.   America loses. "
"New phase in creating multipolar new order- world unites against hegemon!!!!! Time to abolish killers, invaders, masters of coups and color revolutions. Turkish Interior Minister Suleyman Soylu accused US ambassador Jeffry Flake of trying to <em>“confuse”</em> people in the host nation and told him to get his <em>“filthy hands”</em> off the country. He has previously claimed that Western nations were waging <em>“psychological warfare”</em> to undermine tourism in Türkiye.<em>“I’m telling you very clearly, get your filthy hands off Türkiye. I know clearly what you have done, what steps you have taken, and how you want to confuse Türkiye,”</em> the minister said in a speech on Friday.Soylu claimed the first questions <em>“every US ambassador”</em> arriving in Türkiye was asked were <em>“How can I stage a coup”</em> and <em>“How can I harm Türkiye.”</em> The minister also stated that European nations were <em>“run”</em> by American diplomats."
"Yawn. Well Post articles in 4 years then n not every day like you have been. "
"Russian Citizen Comrade Trump would be happy to help his Buddy Xi to invade Taiwan!"
"National US Olympic sport- presumptions and predictions, false accusations and non stop lies.Soros- Obama- Biden gang easily preparing citizens for new war, keeping attention of low IQ citizens on low fire. Goal? Laundering more billions, sending more weapons."
"I wonder how much stock this swamper has in arms contractors!!!! "
"Do it now, who is going to stop you?"
"So… before 2027. Got it. Hope you all like real war haha "
"Gives biden plenty of time to crawl into his basement."
"yeah cia knows all"
"I don&#39;t Kill Chinese, I Don&#39;t kill Russians, but I would have no Problem with Marxists on American soil."
"They will invade soon while they are still POTUS."
"As soon as the Ukraine war is over they&#39;ll attack. We need to hurry up and take Mexico. "
"WW3 should be fought over LGBT.  It is good to smash America and Europe. "
"U.S and Western hagemony will die out in a decade. "
"Austin and Milley better ramp up the diversity training to counter this threat.  Useless traitors."
"Going to war with a bunch of junk made in China? They&#39;re daft."
#Fchina
"2027? lulz"
#Fchina
"2027? lulz"
"We need to get busy untangling ourselves financially with China,  in such a way the we have a little leverage both diplomatically and financially.  This will take a while but we can improve our position here.  The last administration had started with this.  I don&#39;t think the current administration will do much in this regard. "
"China is capable now. China will probably decide when to invade based on what the 2024 Presidential election polls are showing in early 2024.They won’t wait if a Republican like Trump, Haley or Santos is expected to win. Brandon is the one they can count on to be the path of least resistance due to lack of will, intelligence and competence."
"Brandon will be announcing the appointment of Kamala as &#34;Balloon Czar&#34;."
"China will make its big move on Taiwan within the remaining Xiden presidential term. "
"Biden and the dems spend much of our monies and send weapons to Ukraine. US won&#39;t have much left to help Taiwan or ourselves. China will shorten their time frame soon."
"World war is on the horizon. The world&#39;s despots have made their ambitions clear. We are in a similar place as we were in 1935. Be prepared."
"LOL!! Yeah, right! As if they won’t do it while Mr. Potato Head is still in power. "
"“The war is not meant to be won, it is meant to be continuous. Hierarchical society is only possible on the basis of poverty and ignorance. This new version is the past and no different past can ever have existed. In principle the war effort is always planned to keep society on the brink of starvation. The war is waged by the ruling group against its own subjects and its object is not the victory over either Eurasia or East Asia, but to keep the very structure of society intact.”George Orwell19841984 was meant to be fiction. It wasn’t meant to be a road map for life!&#34;Therefore, I think it’s very much in our interest as a policy matter in the United States to make clear our commitment to the status quo, to make clear we are not interested as a country in changing that status quo, that we are deeply opposed to anyone trying to change that unilaterally, especially by the use of force,&#34;Burns does not care about the United States.  He only cares about the status quo.  "
"So this is before China runs into Taiwan .Sound like Biden and his administration blaming trump for everything when it is Biden breaking the laws."
"This guy is a straight talker who knows his business.  He warned that &#34;Ukraine in NATO&#34; was verboten to ALL Russians. He was ignored by the Biden administration. He&#39;s warning that China is preparing to invade Taiwan sooner rather than later. That will probably get him fired by the Bidens."
"Russia and China on the march.  Great job Brandon.  "
"I’’m in Austin and a big Walmart shopper - but doing everything possible not to buy things made in China - I’m willing to pay more for something made in USA or or our northern neighbor Canada (my brother lives in Toronto). "
"The CCP has never held political rule over Taiwan so all of this could have been avoided had the United States refused to back removing Taiwan, a founding member of the UN, from that body and replacing them with China. China could have been added as a separate nation without a permanent presence on the Security Council and that should have been the only option they were provided.You can bet had the shoe been on the other foot Russia and China would have used their veto power to stop that sort of change for a non-communist nation. American foreign policy, all too often creates more problems than it solves."
"Much sooner than 2027?  Biden is corrupt and bought by China?  Communist China will be able to just walk into the United States under Biden and we will be so weakened we won’t be able to defend ourselves?"
"2027? No, they&#39;re going in soon, very soon. Nothing we can do to stop it. "
"One China, Taiwan modeled. Xi’s PRC is ready to collapse from the pressure of its citizens for freedom. "
"That only leaves Biden three years to fully destroy the US military and give away the rest of their equipment!"
"If we experienced a war with China on US soil, you can guarantee that the democrats here in this country would help them."
"If China does this it will be the end of them economically and they will have a few Billion Chinese people who would starve to death. "
"None of us sane people should be listening to anything out of this administration.  Communist China is making their move and it&#39;s now.  Not in 2 or 4 years.  Trust your own instincts.  We know what&#39;s happening."
"bet they invade by end of this year,, joes wishy washy foreign politics have opened the door for many bad actors .... "
"What they publicly say, and what they actually do are two very different things.  This could be a ploy to make the U.S. and Taiwan think we have a couple of years, and then next month, they are attacking the island.  "
"Lies…. They are invading Taiwan this year! "
"make no mistake about it america, China is on the move. they are testing the waters by flying these balloons over us and they will be poking around every corner that they can to gain more intelligence. China already has the plans in the works and they could invade at any time. once they take Taiwan it will be over for the United states. they see how weak we are and will take full advantage. prepare yourselves America it&#39;s coming."
"Any amphibious assault is high risk.One against a well-prepared, dug in and superbly armed defender has a high chance of failure."
"First, the CIA is rarely right…they thought Iraq possessed weapons they did not and they missed 9/11. I also believe it is possible for Russia and China to be co-conspirators. Russia may have invaded Ukraine to deplete the U.S. of money, oil and equipment. A person doesn’t need to be a military strategist to realize Russia could annihilate Ukraine. Instead the so called war has lasted longer than the CIA first thought. That being said, our government thinks it has lasted because Russia is weak and Ukraine is determined. In addition, Rocket Man and Iran are becoming more active, all the above may be trouble for the US. HOPEFULLY, if China does invade Taiwan, we will stay out of it, even the Roman Empire was defeated. "
"By 2027? I don&#39;t think they&#39;ll abide by that timeline. It will be within weeks or months...not years."
"Meanwhile the biggest issues on a Democrat&#39;s mind are race theory, transgenderism and abortion."
"plenty of time for all the high-tech companies and employees to move."
"I believe in the One China Policy. Taiwan should just concede. They have 0 chance militarily unless we come to the rescue. Which is beyond mind boggling that it is in any way are responsibility to protect a country that most people cannot point to on a map. Not me included of course. Just most of you. LBJ said something to effect, “Why should American boys fight a war that Asian boys should fight themselves.”"
"CCP already owns China Joe and all democRATs.  No need for a war.

Remember in 2024 folks. &#34;Build Back CHINA Better&#34; is a success for China Joe and the Biden crime family. LA Ports flooded with Chinese merchandise and nothing going back. Highest inflation in 40 years!"
"Which means they&#39;ll probably do it before Biden leaves office."
"&#34;Status quo&#34; is not a strategy.   We need a clear reason for the status quo.  Avoiding millions of billions of people dying in a world war is certainly to be avoided, but Xi knows we aren&#39;t going to fight and die in the millions for the status quo.Either we are in a fight for Liberty against tyranny or we aren&#39;t."
"if they say 2027, it means this year around May"
"2027 lol…It’ll happen this year while the Impostor in Chief is still in office."
"China calculates the sufficient disintegration of America by then, at the rate it&#39;s going now."
"That indicates that Xi believes Joe will still be in office so as to avoid any confrontation or war activities!! OH NOOOOO!"
"Keep giving away our military hardware and strategic oil reserves and the US won’t be able to fight any country and win. "
"It&#39;s the end of the world as we know it and I feel fine...

Be sure to target Bidens&#39; Delaware house so you don&#39;t have to pay him any more bribe money"
"If they wanted to invade they would have before. This is just brinkmanship. Xi needs the US just as much as we need them. I expect Taiwan will ultimately become more of a proxy war (If it gets to that point). TSMC is building a factory in the US - the only reason we need Taiwan is for chips - with TSMC now building in the US, Taiwan loses its strategic importance to the US. "
"Wait .... when was the US saying that they would have semiconductor factories ready by so that we didn&#39;t have to rely on TSMC? I vaguely remember hearing 4-5 years to build manufacturing plants here in the US."
"And prepare for the invasion of Ukraine, oh wait, that’s already happened."
"Let&#39;s go to war with the country that mass produces 80% of our products.  Makes sense.  Makes total sense. Sigh.. "
"that should give our military&#39;s Office of Diversity plenty of time to implement rainbow-colored uniforms.............."
"Well, by then NK and Iran will have small but helpful nuclear arsenals and their conventional forces will be stronger.  Turkey will have more time to partner up with Russia and Iran.  Indonesian ties will strengthen with China and Iran.  "
"I&#39;ve been to Taiwan. I didn&#39;t meet a soul who wants mainland China to rule them. It&#39;s amazingly &#34;American.&#34; In fact, it felt cleaner &amp; safer in some respects. Subways, KFC&#39;s, 7-11&#39;s everywhere. Unlike Hong Kong, you drive on the right &amp; the streets &amp; highways seem like those in the US. Taiwan poses no threat to China. All China wants is their tech &amp; $$$."
"Which of course means he intends to be ready to move if a Republican wins the election for president in 2024.   "
"Our CIAs job is to first and foremost control us the American People. Foreign powers come second. So any soundbites from the CIA is to influence us or control us. However you prefer to look at it."
"Oh we predicted this a YEAR AGO. If trump was Pres it wouldn’t be happening. "
"They are presuming that this would be towards the end of Brandon&#39;s second term."
"And another thing: Xi knows the USA will be busy building a base on the Moon in 2027. Maybe he will use Tiawan to try to divert them from that mission."
"China wouldn&#39;t wait for an invasion to take place any later than 2024. It&#39;s imperative that his closest allies in the Biden crime family still hold positions of power. "
"Who announces stuff that far in advance.  He’s trying to throw US off. It’ll be soon. "
"The good news is that if we do go to war with China, there are a lot of illegals in this country that can be drafted. Or, will they run away back to their own countries.  "
"Doesn&#39;t that mean an invasion is imminent?"
"Taiwan will be invaded before Biden leaves office, it is a certainty! Biden is on the take, he is a traitor."
"Start severing the US business relationships with China today.  Money is the biggest stick.  I know, I&#39;m a dreamer...even in a War with them, the US will have to buy Chinese parts to keep things running now..."
"We are going to be at war with the CCP <strong>SOON</strong>.  Lets do it while we still have the Technological Advantage to defeat their Numerical Advantage!!!"
"The current onslaught of stories about Chinese and Iranian military threats can only be telling you one thing:The situation in Ukraine is going sideways, and oh, Russia&#39;s not the big threat anymore. China is. So don&#39;t stop the presses on more and more MIC military equipment."
"JANUARY 3, 2025. While the government is in flux."
"Don&#39;t be fooled! He&#39;s says 2027!  But be ready for them to try tomorrow!"
"Our military is worried about what pronoun to use "
"so that means sooner. any American with common sense knows that China will at one point try to take taiwan. they&#39;re optimum opportunity is when Biden is running the country into the ground. they know we are coming apart of the seams and imploding."
"I am actually shocked they have done it yet."
"Thank God President Desantis will be leading the nation by then. "
"China will move on Taiwan a lot sooner. They know Biden is cognitively impaired. Milley is weak, and possibly  bought off.We are low on weapons, ammunition,  and moral.They would be foolish not to move now."
"Given the weak response by the United States about the Chinese &#34;weather&#34; balloon, Xi thinks he has a green light to invade Taiwan."
"Well our armed forces will be fully vaccinated and gender fluid by then so we&#39;ll be fine... "
"Unfortunately Joe is going to give up Taiwan because Xi owns the Biden Crime Family!"
"We know this, but didn&#39;t know a balloon was coming?  They say they plan to be ready by 2027, which really means 2024.  In any case, now we might try to be ready by 2028, or at least by 2030."
"Should be done with US, by then.  Dang I wish those people were as greedy as our country is.  Then we may be safe.  But once they made the trillions they need, they&#39;ll be ready.  They can see long term. We&#39;re only a CNN headline away from the next BIG thing.  "
"Planted information. If Xi lets us know it’s 2027 we should expect him to invade no later than 2024. "
"If America keeps importing EVERYTHING from China and borrowing their money - eventually they will own us."
"Looks like the USAF AMC General was right on 🎯."
"If we actually knew a date determined by PRC leadership we would hardly announce it publicly. This is Biden-Harris propaganda trying to off set observations about our current military and economic weakness and hapless political leadership."
"Why can&#39;t we find a story on Fox Agenda about 517,000 jobs being added last month??"
"West Taiwan’s leader Xi is just pandering to his people. In the current economic climate Taiwan is as important to West Taiwan as it is to the rest of the world to manufacture computer chips. We need to bring that domestically very quickly. "
"why does it have to be our responsibility alone to defend Taiwan? shouldn&#39;t we get the international community involved?"
"Now we&#39;re making appointments for a war?"
"Look for some of you who don&#39;t know China respects power and when we are weakened then there is no need for respect."
