"Joe Biden came to office with more foreign policy experience than any president in recent memory but unfortunately he has no memory of it."
"One thing China, Russia and the Ukraine all have in common is Hunter Biden who made tens of millions off of all of them peddling his VP daddy’s influence. "
"The next Balloon will have Nuke to explode in the atmosphere to generate an EMP to take out americas grid, and hence america.. Practice run?"
"“It’s just a Balloon”. And Covid Originated from Bats, And the Border is Secure, And the Inflation is Transitory! "
"Strong words for China from a puny US politician.  I&#39;m sorry Mr. Blinken, this will not deter China in the least.  The world knows that Biden is weak.  Just ask Putin."
"After that terse phone call, Blinken will pen a strongly worded letter and mail it to CCP.  Watch out Xi..."
"The only irresponsible act I see here is the fact that contraption ever got close to our coast.  I would have blown that thing out of the sky 10 miles before then."
"The most &#34;sophisticated&#34; air force in the world, with advanced &#34;over the horizon&#34; capabilities is flummoxed over a glorified weather balloon."
"Meanwhile, in the non woke world, the balloon is still collecting data."
"You don&#39;t think that this ballon is not a military threat??????  Locating missle sites is not a threat?????  What kind of leadership is that?  I know Trump would of shot it down as soon it entered US air space."
"If Trump was still president, the Democrats and the press would be screaming about this balloon being a threat to our democracy."
"Trump was right, Biden has been a extremely weak leader."
"I guess we will just wait until China is done gathering all the intel they need and then it will head home."
"This same man oversaw the Penn Biden Center where Classified Documents were found, what did he do with them? Whatever he wanted is what. Why isn’t he in jail? The reason why is he is protected by the DOJ and FBI. I smell treason!"
"I&#39;m sure the chins laughed hysterically after the call because they know America can&#39;t and won&#39;t  do anything meaningful to retaliate. "
"If only Winken and Nod would back Blinken up and “call out” China too."
"Apparently China lost respect after Trump left office or knows they paid off the right man for the job . Who here believes this should result in a special counsel made of of republicans to investigate just like they did Russian collusion for the next 2 years ?"
"All his calls to Xi just go to voicemail..."
"Blinken&#39;s call. Okay, CCP guys, the big guy said cut it out please you&#39;re making him look weaker. As if that&#39;s possible!"
"Even if you are not conspiracy minded, something in your <strong>SOUL</strong> has to be telling you something isn’t right with any of this!"
"I made clear that the presence of this surveillance balloon in U.S. airspace is a clear violation of U.S. sovereignty and international law, that it&#39;s an irresponsible act...
Yeah!  That&#39;s tell&#39;nim!!!"
"Blinken told the CCP that they had better &#39;cut it out&#39; or else."
"So we&#39;ve got Harris, Blinken, and Burden; Winkin&#39;, Blinken, and Nod.  I&#39;m sure Blinken, another &#34;administration&#34; Milquetoast, has the CCP quaking in whatever they call their boots.  Can this be any more ludicrous?  Whenever Resident Burden or is appointees do anything, it&#39;s like watching a grade school playground during recess."
"Our military says it’s pretty sure there is no military threat? How about bringing it down to be positively sure! You are here to protect American citizens right? "
"Biden touts the job report as prove the economy is recovering. When he first started he inherited a goldy locks economy and he and his advisors ran it off the tracks. Now we have high inflation which means prices will never return to Trump levels and major questions whether sectors like housing can recover given the costs and high interest rates. I would like to see the National media change from cheerleaders and cover up artists to just reporting the accurate news. Its bad enough for me and there ain&#39;t no way to spin it. We the American people have a lot of challenges and Bidens policies are hurting not helping the matter."
"I’m 100% confident the Chinese were absolutely terrified when whimpy Comrade Blinken called.  They answered the phone, told him to get over it and hung up.  Afterwards they all got together for a drink and told Blinken jokes all evening.  "
"Oooh, China is really worried now.  I think Blinken actually raised his voice."
"Love to hear the conversation! Guarantee brink apologize to china for the American population finding out!"
"The Administration admits there’s a bully on the playground and expects that we should accept the popularity of public shaming as a substitute for taking down the balloon."
"Do you recall when Xi told Trudeau off in front of cameras, this is their way of thumbing their nose at US !"
"The irresponsibility is the fact that it’s still up in our airspace ….period "
"This may be a Chinese test of Biden to see just how gutless he is when dealing with the CCP. Now they know! He is EXTREMELY gutless!"
"The balloon is looking for Joe’s Corvette.Packed with top secret documents."
"I wonder what the CCP has on compromised Biden, to allow this."
"In a staring contest with our enemies,  blinken always blinks first !!!"
"Notice how quickly everyone forgot about Biden&#39;s classified documents? The timing couldn&#39;t be better."
"What would China do if a foreign flying object from the United States entered into China’s air space? How do Americans know whether are not the balloon is releasing toxic chemicals as it travels across the United States?"
"The administration knows a bunch of players are turning up the heat. They&#39;ve all been since the withdraw from Afghanistan. So they canceled a meeting. Maybe the Chinese didn&#39;t want to talk. "
"This balloon passed over  the area of our country which has our MISSILE SILOS. This is the 3rd leg of our Triad system. China Joe has allowed China to violate our sovereignty and collect information for a FIRST STRIKE.                                  China is in control of our country ---- literally. "
"Blinken tough words....ooh, wee so scared, says Xi, while the world laughs or wonders what has happened to this great country that roared so strongly that Russia and China dared not to start any trouble? And, even North Korea suspended lobbing missiles in our direction? democrats happened....How far we have fallen!  Trump 2024!!!And don&#39;t think the country isn&#39;t thinking the same thing!"
"Russia had a spy ship near Hawaii last week but China topped them with a slow moving balloon to map the US ballistic bases and Biden is frozen in indecision still ?"
"China has now high resolution images of our missle sites and military bases: Their cruise missles can drive here without targeting radar or GPS - STEALTH. Money well spent buying the Biden&#39;s and our military is broken - Yeah ... No big deal to the simple ... go grab another glass of wine"
"yet another example of joes complete weakness. "
"Enough with the China balloon. It hangs in limbo and no one can make a decision about what should be done. Balloon overload. Call me when the round table of generals and politicians come to a conclusion...I expect in about a week or so. 🎈"
"Israel would have shot down a Chinese Spy Balloon the minute it entered their air space."
"Eliminate voter fraud and all this goes away. Eliminate Mitch McConnell and restore order. "
"The China Balloon is a deliberate, intentional and purposeful test of America&#39;s reaction to the invasion of our airspace, and Biden has been asleep at the wheel... again!"
"No doubt China will respond immediately and have the balloon removed forthwith.   right?   right?"
"I would put money on this drone balloon self destructs denying it to be picked up and studied having achieved its data collection mission coast to coast over the USA thanks to Joe Biden. "
"Ooooooooh, a strongly worded phone call."
"Joe has become the new balloon boy.  Aimlessly drifting through life at the whim of the wind."
"This is like the scene in Team America where the UN is punishing little Kim by sending him a letter."
"“Don’t Underestimate Joe’s Ability to F Things Up”. The most Prolific Words of Barack Hussein Obama! "
"The truth is that balloon was a drone for a Chinese food delivery service the Chinese government was too embarrassing to admit to."
"We have only to look back to Afghanistan to see how well our military performs under the Biden administration. They aren’t going to shoot the ballon down. They said they didn’t want to because of the debris field might kill some cows or people. As the balloon moves into more populated areas the cows, and the people become more  numerous. "
"60,000 feet in the air.  Restricted US air space supposedly above commercial flight.  No reason not to disable or take it out.  I guess Biden can&#39;t sell China any more documents, so this balloon can fly until China gets desired info transmitted to it."
"But that&#39;s OK we&#39;re not gonna shoot it down. But the next time you do it we are going to send you a strongly, very strongly, worded letter. So there."
"we have a weak woke military  thanks to worthless biden"
"Its amateur hour at the white house."
"China had the cleaning lady take the call."
"By funding a conventional war China is using Russia to continue to bankrupt USA and NATO with the war. We need to face facts and nuclear arm Taiwan and tell China they if they attack Taiwan they will have to pay the price with mutual destruction. Biden is being played like a fidle by Xi."
"The Ballooney Tunes Biden and Blinken Show"
"&#34;Irresponsible Act&#34; as oppossed to a violation of US sovereignty ...Democrats are running out of ambiguity."
"The only reason China has not given Russia one bullet for the NATO/Ukrainian war is Biden’s threat to impose “Russian style sanctions” on them. Every NATO country and a few others (like Japan) always follow Biden’s lead in sanctions.🌏Biden has also blocked China from having it’s own advanced chip manufacturing facilities by denying them American equipment. In December Canada joined Biden’s US Energy Resource Governance Initiative that supports a N. American supply chain for rare earth minerals which will wipe out China’s monopoly of rare earth.Last week Biden signed 4 Veterans bills. Please do some research before you reply."
"Xi&#39;sPuppetJoeBiden "
"Blinker calls out China? What a joke."
"Xi&#39;sPuppetJoeBiden "
"Next China will send in scientists to take soil&#34;ed&#34; samples from Joe&#39;s diapers."
"A friend suggested last night, that China put covid viruses in this balloon to discourage anyone from tampering with it.  Act of war?"
"It is doing what it is to do.  It is going over Missouri at this time. "
"That&#39;s telling &#39;em,  Mr. Blinken."
"Good job.  I&#39;m sure your stern words will make them think twice about doing it again!  lulz"
"This is Hilarious ! President Xi is laughing out loud rolling on the floor at Putin. Look you&#39;ve been trying to fight Ukraine for some time now and so many casualties and damages Look at China,  taking US by surprise with only balloons, peacefully ! "
"BLLOON ... A CCP Diversion while Executing a Clandestine Operation Elsewhere in USAAll the while USA WOKE Militaryare Checking to SEE / Gathering Consensus on What to Do."
"We knew about this far before it was even launched. Biden is thanking Zi for helping get the official document scandle and Hunter Biden Story off the front pages, This was a Chinese Favor. 
 "
"Look at all the people who are in or have served jail time because of Trump, and are convicted felons for doing his bidding. his personal lawyer, Michael Cohen, Michael Flynn his National Security advisor,  Paul Manafort  his Presidential Campaign Manager, the fools who believed his big lie on 6 Jan, the leader of the Oath Keepers, Stewart Rhodes and the latest Allen Weisselberg, the account and executive of the Trump Organization for accounting fraud. Trump&#39;s defense to avoid jail time? He isn&#39;t affiliated with the Trump Organization and had nothing to do with it. It&#39;s pretty comical but his cult will literally buy anything (lie) the guy is selling even $99 digital trading cards. Unfortunately their vote counts the same as everyone else&#39;s."
"Biden and the Dems have made clear that they support the invasion of America by anyone at anytime. Just look at their open border policies that allow the invasion of our country by criminals of all kinds, Allowing the flooding of our cities with drugs that kill. Allowing China to spy is not even the worst thing Biden has done. Nope Biden and the Dems have made clear that they do not think a place called America should even exist."
"Hmm.  Sounds Like Mayorkas and Blinken are on the same page."
"China is testing Biden’s weakness and showing Americans what a truly lost soul we have as a leader."
"Oh NO, Blinkin made a PHONE CALL as well as cancelled his visit to China...Xi is really shaking in his boots now.Or is the trip back on now that he made a phone call...Either way he is just Toobin."
"Oh NO, Blinkin made a PHONE CALL as well as cancelled his visit to China...Xi is really shaking in his boots now.Or is the trip back on now that he made a phone call...Either way he is just Toobin."
"Bet you the CCP official couldn&#39;t wait to get off the phone, so he could end up on the floor in hysterics from laughing so hard."
"Blinkin is &#39;calling out&#39; China....the US will &#39;Deplore&#34; it....and our Prez who wants to be the hero who saves the planet from Climate Change will have his choco chip waffle cone for desert......Meanwhile, back at the ranch the Barnum Circus of what to do will go on through &#39;investigation&#39; after &#39;investigation&#39;.....Which, BTW is the most popular word that Congress uses these days....Now don&#39;t you feel all safe and snug in your bed by electing Joe Biden?"
"Glad Blinken put his foot down. About time. Should do the trick."
"Has anyone determined if the balloon is drone navigated?"
"Biden will wait for it to come down on its own, brush it off, and then give it back to the Chinese."
"I bet they couldn&#39;t contain themselves from hysterical laughter when they found out who was on the line. "
"First covid, and now a spy balloon.  Biden is tested and the grade is weakness.  "
"Weakness is displayed by this Administration each day.  "
"What is &#34;irresponsible &#34; is the United States government not blowing that out of the sky..."
"Somewhere Mr. Xi is weeping over Mr. Blinken&#39;s postponement of his coming trip to China. Weeping from laughter."
"Didn&#39;t Joe and Merrick say our border is secure?"
"The Chinese better be on their toes - if they float any more balloons over the U.S. Biden might give them a good talking to."
"Phone call by Blinken to the chicoms.  Great, that took care of it.  Now our borders are secure again.  "
"Only thing blinken is upset about is that this story made on to mainstream media..."
"Our administration is an embarrassment."
"The US needs to launch a &#34;weather balloon&#34; over China........let&#39;s see what happens. "
"all i picture is a bunch of chineses guy on the other end of the phone rolling around on the floor laughing"
"I’ll bet soy boy Blinken’s stern words has the Chinese shaking in their boots."
"Lies. Trying to play as if he or any one in the Biden ADMINISTRATON have Courage. Its already PROVEN YOUR ALL BOUGHT AND PAID FOR ASSASINS OF THE USA."
"After he received Blinken&#39;s email, Xi Jinping did his best impersonation of Lucy of Peanuts fame when she listens to her teacher talk. Xi replied by saying, &#34;Wha - -  wha, wha wha wah --wha, wha,wha, wah. "
"Rubio just confirmed on CNN that 3 Chinese weather balloons flew over America while Trump was in office."
"Why not demand that China land the balloon immediately?"
"Trump would have nuked it. Of course, we would have taken out Kansas City. But real Americans know that freedom isn’t free."
"Blinken should draw BO&#39;s &#39;red line&#39;."
"Give China a break. They will apologize by sending a balloon with Hello Kitty face on it. "
"Communists respect one thing... power. Words are hollow and meaningless and justifiably seen as weakness. "
"blinken called communist china alright. But we all know he probably told them whatever your balloon DID NOT get we here at the state department and the White House will give you ALL our secrets. JUST MAKE SURE THAT THEY GET PAID AND THE BIG GUY GETS HIS 10%!!!!"
"This is China&#39;s fault... And BIden&#39;s fault for letting it fly over the whole country for 5 days."
"That was an irresponsible act of China to take advantage of a weak President in his times of need."
"Look at the Fox headline &#34; Chinese Spy Balloon...&#34; How can they possibly know or be certain of this?"
"One needs to ask where did it launch from............ Canada, we know how Trudeau is in bed with the CCP"
"So Milley and Austin overruled Sleepy Joe...or was it Susan Rice on Obama&#39;s orders?"
"Eric says say Hi to Feng Feng...call me..."
"They really are just spinning words and don’t know what the balloon is doing…"
"Think he had to call Soros first?"
"Just why did anyone vote for the nut.  Slow joe is a waste.  If he gets kick outwe are no better off with the current VP.&#34;The government you elect is the government you deserve.&#34; Thomas Jefferson"
"Has Blinken decided on a gender yet?  "
"It is an Ivanka brand balloon. Maga!"
"China owns the Biden&#39;s.......all of them."
Ouch!
"That&#39;ll show em!"
"US better start fielding 1st strike hypersonic nuclear weapons and do it fast!!!"
"Now we call China? Really? C&#39;mon, man"
"How about we give a nuclear missile to Taiwan over this?  "
"Winkin&#39;, blinkin&#39;, and nod.  The Biden admin is a nursery rhyme."
"china is still laughing at another clown in the biden administration"
"Blinken hangs up after scolding the Chinese:  &#34;That&#39;ll fix em.&#34;Chinese officials to each other:  &#34;They didn&#39;t shoot it down!! Who won the pot.&#34;"
"I guess THE  jet stream stop just for the Chinese "
"calling out china???   They dont care about you baloney outrage.  Action is what they understand.... and inaction."
"Way to go blinkie,  you da MAN!"
"If it says China on it, I put it back down."
"That Blinken is sure authoritative. It&#39;s spying your smurf.  The United States of CCP.  Does that offend you."
"Putin is probably having a good laugh with Xi watching those balloons on CNN"
"Oh Blinkin called them out.  I am sure they are quaking in their boots"
"Who in the military recommended not to shoot it down.....Woke General Milley?"
"Thankfully, Blinken is maybe the most qualified crony in the clown car. Might even be the driver."
"This limp wristed bone smuggler didn’t call China."
LOL
"Blinken just whined about China being a mean bully then cried to his mommy like liberals always do. They bless the bullies of the world and cower in fear when the fight comes to them."
"Blah, blah, blah!"
"I&#39;m sure the Communist Chinese are shaking in their boots listening to this mans threats lol"
"Biden had one of his transexuals call China and tell them to quit it.....quit!"
"George Santos-Matt Gaetz The MAGATS-Republican Party’s 2024 Presidential Candidates!!!!! Appointed by Vladimir Putin, Approved by Donald Loser Trump!!"
"Blinken is as weak as Biden."
"Biden had one of his transexuals call China and tell them to quit it.....quit!"
"George Santos-Matt Gaetz The MAGATS-Republican Party’s 2024 Presidential Candidates!!!!! Appointed by Vladimir Putin, Approved by Donald Loser Trump!!"
"Blinken is as weak as Biden."
"Joe Biden came to office with more foreign policy experience than any president in recent memory but unfortunately he has no memory of it."
"One thing China, Russia and the Ukraine all have in common is Hunter Biden who made tens of millions off of all of them peddling his VP daddy’s influence. "
"The next Balloon will have Nuke to explode in the atmosphere to generate an EMP to take out americas grid, and hence america.. Practice run?"
"“It’s just a Balloon”. And Covid Originated from Bats, And the Border is Secure, And the Inflation is Transitory! "
"Strong words for China from a puny US politician.  I&#39;m sorry Mr. Blinken, this will not deter China in the least.  The world knows that Biden is weak.  Just ask Putin."
"After that terse phone call, Blinken will pen a strongly worded letter and mail it to CCP.  Watch out Xi..."
"The only irresponsible act I see here is the fact that contraption ever got close to our coast.  I would have blown that thing out of the sky 10 miles before then."
"The most &#34;sophisticated&#34; air force in the world, with advanced &#34;over the horizon&#34; capabilities is flummoxed over a glorified weather balloon."
"Meanwhile, in the non woke world, the balloon is still collecting data."
"If Trump was still president, the Democrats and the press would be screaming about this balloon being a threat to our democracy."
"You don&#39;t think that this ballon is not a military threat??????  Locating missle sites is not a threat?????  What kind of leadership is that?  I know Trump would of shot it down as soon it entered US air space."
"Trump was right, Biden has been a extremely weak leader."
"I guess we will just wait until China is done gathering all the intel they need and then it will head home."
"This same man oversaw the Penn Biden Center where Classified Documents were found, what did he do with them? Whatever he wanted is what. Why isn’t he in jail? The reason why is he is protected by the DOJ and FBI. I smell treason!"
"I&#39;m sure the chins laughed hysterically after the call because they know America can&#39;t and won&#39;t  do anything meaningful to retaliate. "
"If only Winken and Nod would back Blinken up and “call out” China too."
"Apparently China lost respect after Trump left office or knows they paid off the right man for the job . Who here believes this should result in a special counsel made of of republicans to investigate just like they did Russian collusion for the next 2 years ?"
"All his calls to Xi just go to voicemail..."
"Blinken&#39;s call. Okay, CCP guys, the big guy said cut it out please you&#39;re making him look weaker. As if that&#39;s possible!"
"Even if you are not conspiracy minded, something in your <strong>SOUL</strong> has to be telling you something isn’t right with any of this!"
"I made clear that the presence of this surveillance balloon in U.S. airspace is a clear violation of U.S. sovereignty and international law, that it&#39;s an irresponsible act...
Yeah!  That&#39;s tell&#39;nim!!!"
"Blinken told the CCP that they had better &#39;cut it out&#39; or else."
"So we&#39;ve got Harris, Blinken, and Burden; Winkin&#39;, Blinken, and Nod.  I&#39;m sure Blinken, another &#34;administration&#34; Milquetoast, has the CCP quaking in whatever they call their boots.  Can this be any more ludicrous?  Whenever Resident Burden or is appointees do anything, it&#39;s like watching a grade school playground during recess."
"Our military says it’s pretty sure there is no military threat? How about bringing it down to be positively sure! You are here to protect American citizens right? "
"Biden touts the job report as prove the economy is recovering. When he first started he inherited a goldy locks economy and he and his advisors ran it off the tracks. Now we have high inflation which means prices will never return to Trump levels and major questions whether sectors like housing can recover given the costs and high interest rates. I would like to see the National media change from cheerleaders and cover up artists to just reporting the accurate news. Its bad enough for me and there ain&#39;t no way to spin it. We the American people have a lot of challenges and Bidens policies are hurting not helping the matter."
"I’m 100% confident the Chinese were absolutely terrified when whimpy Comrade Blinken called.  They answered the phone, told him to get over it and hung up.  Afterwards they all got together for a drink and told Blinken jokes all evening.  "
"Oooh, China is really worried now.  I think Blinken actually raised his voice."
"Love to hear the conversation! Guarantee brink apologize to china for the American population finding out!"
"The Administration admits there’s a bully on the playground and expects that we should accept the popularity of public shaming as a substitute for taking down the balloon."
"Do you recall when Xi told Trudeau off in front of cameras, this is their way of thumbing their nose at US !"
"The irresponsibility is the fact that it’s still up in our airspace ….period "
"This may be a Chinese test of Biden to see just how gutless he is when dealing with the CCP. Now they know! He is EXTREMELY gutless!"
"The balloon is looking for Joe’s Corvette.Packed with top secret documents."
"I wonder what the CCP has on compromised Biden, to allow this."
"In a staring contest with our enemies,  blinken always blinks first !!!"
"Notice how quickly everyone forgot about Biden&#39;s classified documents? The timing couldn&#39;t be better."
"What would China do if a foreign flying object from the United States entered into China’s air space? How do Americans know whether are not the balloon is releasing toxic chemicals as it travels across the United States?"
"This balloon passed over  the area of our country which has our MISSILE SILOS. This is the 3rd leg of our Triad system. China Joe has allowed China to violate our sovereignty and collect information for a FIRST STRIKE.                                  China is in control of our country ---- literally. "
"The administration knows a bunch of players are turning up the heat. They&#39;ve all been since the withdraw from Afghanistan. So they canceled a meeting. Maybe the Chinese didn&#39;t want to talk. "
"Blinken tough words....ooh, wee so scared, says Xi, while the world laughs or wonders what has happened to this great country that roared so strongly that Russia and China dared not to start any trouble? And, even North Korea suspended lobbing missiles in our direction? democrats happened....How far we have fallen!  Trump 2024!!!And don&#39;t think the country isn&#39;t thinking the same thing!"
"Russia had a spy ship near Hawaii last week but China topped them with a slow moving balloon to map the US ballistic bases and Biden is frozen in indecision still ?"
"China has now high resolution images of our missle sites and military bases: Their cruise missles can drive here without targeting radar or GPS - STEALTH. Money well spent buying the Biden&#39;s and our military is broken - Yeah ... No big deal to the simple ... go grab another glass of wine"
"yet another example of joes complete weakness. "
"Enough with the China balloon. It hangs in limbo and no one can make a decision about what should be done. Balloon overload. Call me when the round table of generals and politicians come to a conclusion...I expect in about a week or so. 🎈"
"Israel would have shot down a Chinese Spy Balloon the minute it entered their air space."
"The China Balloon is a deliberate, intentional and purposeful test of America&#39;s reaction to the invasion of our airspace, and Biden has been asleep at the wheel... again!"
"Eliminate voter fraud and all this goes away. Eliminate Mitch McConnell and restore order. "
"No doubt China will respond immediately and have the balloon removed forthwith.   right?   right?"
"I would put money on this drone balloon self destructs denying it to be picked up and studied having achieved its data collection mission coast to coast over the USA thanks to Joe Biden. "
"Ooooooooh, a strongly worded phone call."
"Joe has become the new balloon boy.  Aimlessly drifting through life at the whim of the wind."
"This is like the scene in Team America where the UN is punishing little Kim by sending him a letter."
"“Don’t Underestimate Joe’s Ability to F Things Up”. The most Prolific Words of Barack Hussein Obama! "
"The truth is that balloon was a drone for a Chinese food delivery service the Chinese government was too embarrassing to admit to."
"We have only to look back to Afghanistan to see how well our military performs under the Biden administration. They aren’t going to shoot the ballon down. They said they didn’t want to because of the debris field might kill some cows or people. As the balloon moves into more populated areas the cows, and the people become more  numerous. "
"60,000 feet in the air.  Restricted US air space supposedly above commercial flight.  No reason not to disable or take it out.  I guess Biden can&#39;t sell China any more documents, so this balloon can fly until China gets desired info transmitted to it."
"But that&#39;s OK we&#39;re not gonna shoot it down. But the next time you do it we are going to send you a strongly, very strongly, worded letter. So there."
"we have a weak woke military  thanks to worthless biden"
"Its amateur hour at the white house."
"China had the cleaning lady take the call."
"By funding a conventional war China is using Russia to continue to bankrupt USA and NATO with the war. We need to face facts and nuclear arm Taiwan and tell China they if they attack Taiwan they will have to pay the price with mutual destruction. Biden is being played like a fidle by Xi."
"The Ballooney Tunes Biden and Blinken Show"
"&#34;Irresponsible Act&#34; as oppossed to a violation of US sovereignty ...Democrats are running out of ambiguity."
"The only reason China has not given Russia one bullet for the NATO/Ukrainian war is Biden’s threat to impose “Russian style sanctions” on them. Every NATO country and a few others (like Japan) always follow Biden’s lead in sanctions.🌏Biden has also blocked China from having it’s own advanced chip manufacturing facilities by denying them American equipment. In December Canada joined Biden’s US Energy Resource Governance Initiative that supports a N. American supply chain for rare earth minerals which will wipe out China’s monopoly of rare earth.Last week Biden signed 4 Veterans bills. Please do some research before you reply."
"Xi&#39;sPuppetJoeBiden "
"Xi&#39;sPuppetJoeBiden "
"Blinker calls out China? What a joke."
"Next China will send in scientists to take soil&#34;ed&#34; samples from Joe&#39;s diapers."
"A friend suggested last night, that China put covid viruses in this balloon to discourage anyone from tampering with it.  Act of war?"
"It is doing what it is to do.  It is going over Missouri at this time. "
"That&#39;s telling &#39;em,  Mr. Blinken."
"Good job.  I&#39;m sure your stern words will make them think twice about doing it again!  lulz"
"This is Hilarious ! President Xi is laughing out loud rolling on the floor at Putin. Look you&#39;ve been trying to fight Ukraine for some time now and so many casualties and damages Look at China,  taking US by surprise with only balloons, peacefully ! "
"We knew about this far before it was even launched. Biden is thanking Zi for helping get the official document scandle and Hunter Biden Story off the front pages, This was a Chinese Favor. 
 "
"BLLOON ... A CCP Diversion while Executing a Clandestine Operation Elsewhere in USAAll the while USA WOKE Militaryare Checking to SEE / Gathering Consensus on What to Do."
"Look at all the people who are in or have served jail time because of Trump, and are convicted felons for doing his bidding. his personal lawyer, Michael Cohen, Michael Flynn his National Security advisor,  Paul Manafort  his Presidential Campaign Manager, the fools who believed his big lie on 6 Jan, the leader of the Oath Keepers, Stewart Rhodes and the latest Allen Weisselberg, the account and executive of the Trump Organization for accounting fraud. Trump&#39;s defense to avoid jail time? He isn&#39;t affiliated with the Trump Organization and had nothing to do with it. It&#39;s pretty comical but his cult will literally buy anything (lie) the guy is selling even $99 digital trading cards. Unfortunately their vote counts the same as everyone else&#39;s."
"Hmm.  Sounds Like Mayorkas and Blinken are on the same page."
"Biden and the Dems have made clear that they support the invasion of America by anyone at anytime. Just look at their open border policies that allow the invasion of our country by criminals of all kinds, Allowing the flooding of our cities with drugs that kill. Allowing China to spy is not even the worst thing Biden has done. Nope Biden and the Dems have made clear that they do not think a place called America should even exist."
"China is testing Biden’s weakness and showing Americans what a truly lost soul we have as a leader."
"Oh NO, Blinkin made a PHONE CALL as well as cancelled his visit to China...Xi is really shaking in his boots now.Or is the trip back on now that he made a phone call...Either way he is just Toobin."
