"We would be better off cutting ties with China now than waiting until later.  We are their largest importer and need to take charge while we still can."
"with joe in office,  tonight would a good time to take Taiwan.. keep in mind that 80% of the world&#39;s chips are made at TSMC, so that&#39;s it for us. "
"Anyone else notice how aggressive China has gotten in the last 2.5 years?? They sure wasn’t this way while Trump was commander in chief. Republicans 2024!!"
"Brandon is compromised and weak and the World knows it. Liberal America&#39;s failed leader will draw America into a war before his term is done.Fraudulent elections have serious consequences. "
"Don&#39;t worry people. We&#39;ve got Joe Biden on our side....Said no one. Ever."
"It&#39;s not a question of IF China will invade Taiwan, it&#39;s a question of WHEN.   And when they do invade Taiwan what will the Biden administration do."
"Tell China to wait until we start drafting people, strengthen our military and get a stronger president, I&#39;m sure they&#39;ll understand."
"War is coming. China is going to act before Biden leaves office. "
"We need to get ready now and start up the draft. We&#39;ll start with Memphis, Portland, Seattle and Minneapolis!"
"The US government is far more concerned about equity and EVs than real threats. "
"The problem with Communist China is that they have a false belief in that they are superior to American military strength.  They, as communists have to lie to stay in power.  They lied about Hong Kong,  origins of Covid and the militarizing of their illegally built islands in the SCS.  When did you ever hear a communist admit guilt about anything.  "
"Time for the US and Taiwan to work together to relocate the factories and technology to the US along with their workers. Remove the tech and China will have less of an interest in Taiwan. It won&#39;t be cheap or easy and will ruffle feathers here as elsewhere, but it needs to be done. Anything that can be manufactured on a small island nation can be done here. "
"The US needs to take the tactical lead and not be reactive.Our relationship with China is about to change. The Democrats picked a very bad time to deter oil and gas production here in the US . Our vulnerability and weakness has sent the go ahead signals to our enemies to hit us while our pants are down. Not good for the USA."
"None of this nonsense happened when Trump was President. Incoherent, incompetent Biden will start WWIII. "
"Taiwan has been financed by US tech transfer and investment to build sophisticated micro-chip plants, however the most sophisticated chips for Military use are still built here and in the Netherlands.  Because of bad behavior, China is being shut out of some of the more sophisticated chips so their only way to salvage their military is to take Taiwan. Taiwan is the prize and we know it. Taiwan is as important to us as it is to them. This make war inevitable so be ready."
"Being one of the original crew of the USS Nimitz, I’ll be waiting for my piece of the plank when she is decommissioned, as my certificate states I’m entitled to per Davy Jones Locker."
"CCP will take Taiwan under Joe&#39;s watch.  They would have never made a move on Taiwan under Trump.  Same goes for Putin and his march on Ukraine.  Trump had it all under control until the fake 2020 election."
"Joe&#39;s talking tough about shooting down a balloon. Yeah, it needed to be done, but it&#39;s not like he shot down a squadron of fighter jets "
"The US military came up over 25,000 recruits short at last count.Will Millennials and Gen-Z get drafted into the conflict with China ?If so, how many will run and hide ?"
"The world economists need a series of small wars to kick start the flow of money. Too much of it is setting stagnant in corporate and individual pockets. Small wars are much preferable to big World Wars, being easier to control and manipulate."
"All I can say is the US better beef up its military because China is ready to pounce by all estimations and balloon stuff , it’s a first strike is what China is thinking , they are targeting military mainly . Give it a few days "
"We&#39;ll be at war with China within a year."
"I don&#39;t hate China they&#39;re business minded , what Trump has said is that Xi , Macron, Kim Jung Un and all these other world leaders are smart, sharp. crafty people and tough negotiators at the top of their game.And then there&#39;s Joe."
"Joe is so afraid Chairman Xi might publish copies of cancelled checks issued to Hunter!!!"
"We can detect war ships around Taiwan but cannot detect objects in our airspace?  Something wrong with that picture."
"In my business travels to China, I found the Chinese people to be very congenial and friendly. They&#39;re the only people on the face of the earth that loathe the CCP more than the rest of the entire world."
"Why didn’t any of this happen when Trump was President?"
"If we&#39;re gonna dance with China, better to do it sooner rather than later.  Our war toys are currently better.  But the trend is not promising. "
"This will not end well."
"We don&#39;t need to go to war with China. Just cut them off economically. Move manufacturing to other friendly countries.  "
"I am against a Chinese invasion of Taiwan. Like Ukraine, Taiwan wants to be independent and sovereign. Free of foreign military occupation. "
"CCP will attack Taiwan before Joetard leaves office or just about the time he exits."
"These balloons can detonate a nuclear weapon and/or EMR device anytime they want at 40,000ft.

China can knock out GPS, cellular, satellites, power grids anytime they want...no need need for an ICBM."
"imagine what Walmart store would look like without Chinese products "
"&#34;Make no mistake: as we made clear last week, if China threatens our sovereignty, we will act to protect our country. And we did,&#34; President Biden said in his State of the Union address last week. ..&#34;Now we&#39;ll let them fly the balloon over our entire country and missle silos first, but eventually, after mounting pressure, and being told what to do, I will do what I&#39;m told to do.&#34;"
"It&#39;s called probing. It is done to gather intel on defenses and wear down the defenders by keeping them constantly on high alert."
"81M ballots got what they wanted with Joey Jr. Oh-biden—his self-inflicted and self-described Armageddon is near. "
"Make no mistake, the faster biden is replaced with a thinking competent leader the better off we&#39;ll be."
"Imagine a world at peace without Joe. "
"Are you happy yet democrats?"
"Don’t worry your safe Taiwan… Joe Biden got your back Man!!   😂😂😂or should I say Joe Biden got China Back!   "
"But Trump will cause the U.S. go into a war…hahaha bunch of Donkey’s the left are.  The left love wars and division…they live for it and layer the pockets with war money…"
"China… is getting ready to do a full first strike on United States  there mapping us today our navy base in Hawaii was laser scan from Chinese satellite was on news and showed green laser light  crazy.. but we all need get ready all out war is just around corner and Joe Biden is sleeping once again!! "
"If the us would do the same thing near Chinese waters with the same military force, I’m pretty sure the Chinese would back off the Taiwan territories of water. Simple solution to this bullying tactic. But Joe will wait for China to attack, only then he will react a week later. Joe continues to prove that he is only capable of reacting. Not much different than mr burns from the simpsons "
"So Biden states that if China threatens our sovereignty we will act to protect our country.  Yet at the border, our sovereignty is threatened every day.  Yet no action is taken by this admin.  Bottom line, we do not believe you Biden.  "
"Joe says the US recognizes the One China policy, which states, Taiwan is an inalienable part of China&#39;s territory, and the Government of the People&#39;s Republic of China is the sole legal government representing the whole of China. Joe is sending mixed messages here..."
"Biden was too late in protecting our sovereignty. He is beholden to China. Americans know this is a fact."
"The nine most dangerous words ever, &#39;Hi, I&#39;m Joe Biden, I&#39;m here to help you."
"China mistakenly believes Taiwan has no military and is defenseless. I think there is still a huge stinger in that Taiwanese Hornet "
"There&#39;s definitely something underway, bits and pieces, not enough to forecast."
"China will move on Taiwan while Joe Drools is president."
"These balloons can detonate a nuclear weapon and/or EMR device anytime they want at 40,000ft.

China can knock out GPS, cellular, satellites, power grids anytime they want...no need for an ICBM.

More than likely, will suppress comms with Taiwan and/or NATO to make invasion of Taiwan easier."
"Thanks Biden!"
"America is gonna pay with much fire and brimstone for electing a communist president!"
"If China and North Korean coordinate attacks on South Korea and Taiwan, we have no chance to support those countries. "
"And undetected below lurk two or three US Attack Subs and maybe boomer but the boomer is too close so no.  One twitch and the CCP navy will need some new ships. "
"MOAB the Chinese Fleet."
"Let&#39;s see, Chinese balloons along the North border, an influx of Chinese nationals on the South border and Chinese posturing  around Taiwan. Where&#39;s Biden in this? "
"Meanwhile our president is 100% MIA"
"Harborfreight is sweating really bad about now...."
"Biden is weak that is why he is conducting military exercises with Taiwan and daring China. Brave Trump would have refused to conduct exercises with Taiwan"
"Beijing Biden the gift that keeps on giving!"
"Do you think China will loan the US the money to fight them"
"The U.S. will be involved in a confrontation with China before the next presidential election."
"At least our LGBTQ1+ soldiers likely won&#39;t go head to head against Chinese soldiers in the coming war."
"Lets Go WW3.... bout to be there soon. 
Wheres Trump when u need him!
No war with Trump and wars and rumors of wars with Biden!"
"Instead of a stealthy military balloon force and smart leaders, we put our biggest gas bag in charge of the military."
"With China Joe in the office China has a free pass"
"We are already at war with these guys. Economic, cyber, biological and now we have both espionage and incursion into our air space. Clearly this is going to turn hot soon"
"Need to impeach Joe"
"It’s coming…"
"Ah Yes... &#34;The USS Nimitz&#34;! One of my old Homes!⚓79&#39;-82&#39;!"
"(SEE AFGHANISTAN) "
"Doing business with China is as sound as picking up a hitchhiker. "
"One positive of a war with China is Harbor Freight and all of the &#34;Dollar Stores&#34; will close.  "
"How many proxy wars can the US maintain at once?  I guess we&#39;ll find out."
"No need to worry our  military WOKE generals are ready!"
"Democrats are the democrat weapon of destruction so democrats go to battle first since they caused this soon catastrophe q"
"Glad Biden has it under control because Trump did mean Tweets and stuff.."
"It is past time that we become Communist China independent. We have rare earth minerals right here in the USA. Anything manufactured in that country can be made elsewhere. Chemicals and pharmaceuticals should be made here under the watchful eye of the FDA. Take away their biggest market and watch Xi Jinping slowly fall."
"No worries.  Once our woke military starts spouting pronouns at the Chinese troops, they&#39;ll laugh themselves to death."
"Biden has made America look weak in the world with his incompetence “leadership”. Every countries who want to bully others have chance to do so now and Biden will not react. He only knows how to send our hard earned money in billions to “help” when it is already too late.
We need to change this nonsense now..!!"
"Joe will introduce to the world his new bubble force team."
"China believes their own lies"
"The consequences of installing a compromised dementia patient in the WH are going to be grave."
"No one strikes fear into our enemies like Joe Biden."
"This would not have happened when Trump was president because he will not provoke China by conducting military exercises in Taiwan. "
"&#34;we will act to protect our country. And we did&#34; ... a week later after China&#39;s mission was accomplished."
"I suspect Joe&#39;s usefulness to China is drawing to an end... and they know he will be clueless when things become real..."
"China has 2 more years to make a big move."
"China taking advantage of US focus on Ukraine."
"Bad thing about this is it will all be blamed on trump☹️. "
"Joes on a bed pan."
"Trump warned us of this, which is why it&#39;s happening. "
"If we cut ties with China where are the alphabet people going to get thier hormone suppressors."
"There will be a blockade to test our resolve … then in the summer, when conditions in the strait are optimal we might just see an amphibious assault.  Should be an interesting year."
"Joe Jinping will do nothing about it. "
"Worst President in history "
"Jill, Jill can you take care of this China thing , I’ll be in the basement…"
"What are the odds that Taiwan is part of Red China by the end of the year?"
"While the Chinese distract Jotato and the Supreme Leader of Canada, they are ramping up to invade Taiwan.  Jotato will claim he never saw it coming."
"If in fact there was any intelligence gathering dimension to the chinese weather balloons, they would have been looking for evidence of build up in military bases to assess our readiness to respond to Chinese aggression in Taiwan, South Korea, Japan or other countries in the South China sea.  If our military has been properly equipped and supplied, such intel would only serve to deter them from foolish actions. Our military <strong>has</strong> been properly equipped and supplied right?.....RIGHT?...."
"Warm up the Laser cannon. "
"American patriotism is a scam. If it weren&#39;t you would not see all these American multinational corporations setting up shop in...China, Honduras, Bangladesh, etc. etc. Look at the labels on your purchases. American patriotism is especially trotted out in preparing for war. Against countries American multinational companies want to dominate or have dominated in the past. Iran. Iraq. China. It is worth it to study American foreign policy. Especially since 1945."
"I’m sure Milley and the pentagon were on the phone with the frequencies to give china  before they started the exercises. "
"Brandon is soiling a box of Depends daily. "
"How do you like those apples? The U.S. military rocks."
"Vamos Brandon !!"
"The Chinese already know that they have a significantly low number of skilled pilots and yet they are willing torisk many of them to lose their lives over the idea of totalitarianism. They always hit the rewind button and start making claims about how people chose to live under a different political ideology. Why would anybody intelligent human being want to live under a regime that like China that was poorer in 1960’s than many African countries. Which means, their ideology allow more 90 per cent of their population to live in squalor for centuries. Today, there are still over 150 million Chinese still living like the way their grand parents lived in the 1960’s in squalor. What does that all mean for the future? The World Population Review with their conservative measures estimates that China will shrink to less than 800 million by the end of the century. Low birth rates, aging population, wars and immigration will be fastest vehicle for their population demise. Sadly, their youth will not function under a totalitarian regime. Similarly, to Russian they intellectual human capital will exit in massive numbers first because they have the resources to do it.  Blame it on BAD GOVERNANCE with Russia as the leader who will lose over 25 million within the next 15 years estimated by the World Population Review. Look at where both China’s and Russia’s Happiness Index ranks amongst other countries. At the bottom of course. "
"Biden so weak milley shameful austin a joke"
"liberals wants to take us to war so they can transform/ take over the United States afterwards"
"For those of who who fail to realize this: if China takes Taiwan, it controls 80% of the world&#39;s most advanced microchips.  After that, we&#39;ll need to beg permission to manufacture our own weapons."
"Here we go "
"US should plant a Carrier Task Force right there."
"Who cares? Taiwan is all Chinese anyway.  Not my problem. They can have it.  The fear is all the USA corporations money sitting in Taiwan.  Again, I couldn&#39;t care less. "
"How would the US feel about Iranian planes and ships constantly in the Gulf of Mexico? None to happy, I suspect. "
"Let’s light this candle. It’s time to put these posers down like the dogs that they are."
"Preparation "
" It&#39;s time we Park a few Carrier Fleets all around Taiwan and blockade it from China! Move a ton of assets into the country over night and set up shop on the Island! China wants to claim everything as theirs.... So it&#39;s time the US does the same.. We Should Claim the Island of Taiwan as part of the 51st State of the United States."
"Them Yellows know they only have 2 more years to wreak havoc upon the world. After President Trump gets back in office, they will be cowering in their rice paddies, assuming Biden hasn&#39;t completely destroyed our military by then."
"Not Under Trump. My new bumper sticker. One can only imagine where we would be if Trump was elected, which he was. Unbelievable "
"Meanwhile, Biden had a General retire because he stated Jelly Bean finally was able to state the definition of a woman."
"We have more firepower under the water than was expended by all forces in WWII. "
"Biden isn&#39;t into protecting this country..
He is into protecting Hunter and himself though...."
"China is spying on America and now massing around Taiwan.  It&#39;s getting ready to hit the fan. "
"Here we go people. It was predicted 2023 is start of world war three. Nostradamus. Don’t doubt it. "
"Democrats don’t have Trump to bash everyday so now they want us buried in war."
"I don&#39;t know about anybody else, but I&#39;m signing up for Mandarin classes!"
"let&#39;s get ready to rumble "
"The balloon warfare will set back the relationship China worked hard to build over the years with many countries whose airspace the balloons invaded--US included."
"<strong>ART of WAR.</strong>Send a couple of balloons over USA, and have them scramble trying to figure out what to do.While they are staring in the sky ... invade them on the ground through their Southern Border.And appear to be eyeing Taiwan.Brilliant on their part, on ours .... not so much."
"Start blowing them out of the sky if they cross into Taiwan&#39;s airspace."
"China and its navy of tugboats."
"If we do go to war with China, who will be with us..certainly not the European Union,they&#39;re in bed with the Chi-Comms."
"Joe is weak-ring. -CCP"
"What about the Russian ships I hear are off our east coast , any truth to that rumor ?"
"Sounds like poking the bear, just like Joe did on Ukraine/Russian border playing war games and doing military drills with other NATO countries&#39; military.. And then wonders why Russia attacks Ukraine? 🤔"
"This is how it starts !!!!!!  And Biden and his handlers to help us through it ……"
"&#34;an unofficial buffer zone&#34;12 miles, not an an unofficial buffer zone. Everyone knows that.We have a russian &#34;trawler&#34; 12 miles off of Pearl Harbor right now, and have every day since the 70&#39;s."
"And here we go….."
"China is trying to force someone to make the first move. They haven&#39;t been in a real armed battle since WWII. Thankfully we have and know what our capabilities are. "
"WWIII happening 2024 or 2025?"
"Bye Bye, Taiwan…
Uncle Joe just gave the nod..
He loves playing with fire.."
"Trump hit China so hard economically they launched the Virus in retaliation. A direct act of war.Biden is weak and not capable in conflict. And like a dog at a fence post, China just left their mark across our Nation  using a few thousand dollars worth of mylar and Radio Shack parts."
"Are all those Chinese ships really necessary just to get Hunter his cocaine for the month? "
"Brave Trump would have sent mean tweets instead of military exercise and given the Chinese president a Nick name "
"Time to play &#39;Battleship&#39;???????"
"1 X a 15 megaton nuke = No Chinese Navy Battle group. Delivered by a US Hypersonic missile it is unstoppable. 
Oh, the Chinese spot a missile around the globe and had a successful test. We&#39;ve done the same for decades."
"The last post left one thing out. If Taiwan is invaded. I think things will be ugly fast but wanted to pledge to Taiwan. We support you and we are many"
"“China&#39;s incursions have become an almost daily occurrence in recent months”. Apparently, not just around Taiwan."
"Xi setting up the Taiwan invasion while Joe&#39;s showing off his military prowess shooting down balloons"
"Let’s play Battleship "
"What the Chinese learned was that no mater what they do, it will take our president and the US Government at least a full week before any response at all. It could be over before Joe can even get out of bed and and get filled with his medicine to stay lucid."
"I hope that the Navy is reloading munitions as we speak, they will be needed for the real thing, soon. Unfortunately. "
"China is about to make the same mistake Japan made during WW2. Just like Russia they have huge untested with zero experience militaries. Russia just got its but kicked by a band of rabble. We have been perfecting warfare for close to 3 centuries while the Chinese have zero practical experience. They think build up of tech they have stolen will be the equalizer. Russia found out all their over whelming tech did nothing with no experience behind the tech. "
"Let Japan and South Korea take care of things in their own area … they’re Big Boys now . "
"Shutter every walmart in America for a month. There will be a famine in china"
"Hate to admit it, but pause for thought suggests that going to war against 25% of the earth&#39;s population might not be the smartest move."
"The US should sink any Chinese vessel that crosses into Taiwanese waters and break out these laser weapons......"
"Give Taiwan a dozen nuke armed missiles and see what China does then."
"The US should sink any Chinese vessel that crosses into Taiwanese waters and break out these laser weapons......"
"Give Taiwan a dozen nuke armed missiles and see what China does then."
"Call him Joe China"
"I think Joe Bidet with his and hunter&#39;s buddies in china are going to start WWIII"
"China watch Russia for almost a year, and have now said to themselves “what are we waiting for? Let’s go to Taiwan.” "
"So when China attacks what do you think the US can do about it. Nothing financially and militarily. Doesn&#39;t matter who is president"
"When China attacks they will regret it . 😊 Truly I’m looking foeward to it . "
" Biden is weak, liberals have us divided and distracted and Biden is in china’s pocket.  What can go wrong"
"Go ahead China.  President Sippy Cup won’t get in your way."
"Honestly, if we make it two years without a real messed up incursion into Taiwan. Not sure what that looks like. Would rather not find out right now"
"Any balloons ?"
"Democrats MO. Make you afraid.
Raise taxes, interest rates and the debt. 
We should be afraid of them "
"So China realizes they got a shrinking window , they know polls show Biden at his lowest. American morale at a new low, were prime to be invaded. The west coast and southern borders will let them in and give them a cell phone, bus ride, hotel reservations and a debit card"
"Liberals said Marines are not allowed to fight unless they wear the new skirt they made for them ! "
"Why don’t we just tell China to back up or sink their ships "
"Stop trying to scare everyone, Taiwan is very close to China of course you are going to see their vessels and aircraft.   This equates to Europe saying to their citizens American ships are in our region off our coast, of course they are because of international waters.  Stop this nonsense!!!"
"Chinese military in the South CHINA sea? Outrageous!"
"The US keeps provoking china whilst complaining about balloons. It imagines it will get a different outcome because it is clearly insane."
"They are waiting for something to get shot down so they can declare war and attack Taiwan."
"Dementia Joe is bumbling into World War III. The big one. "
"Taiwan has had a few days to move production to the USA. SMH"
"about 1 million chinese military would die in an invasion."
"We can see how smart and sensible Elon Must is. Not like the clowns and their leader Biden. "
"Sink them.  No warning.  No announcement.  To Davey Jones&#39; Locker.  "
"So was it 11 ships and an aircraft? Or??"
"Here she comes…."
"If we enter into an armed conflict with China, ALL Dems will need to be arrested and put into internment centers for the duration of the war as they will be quislings for sure..."
"With Joe Biden leading from behind, I&#39;m sure China is shaking in their boots."
"Just read the headline again.  Any sense of US over-reach?"
"A fuse waiting to be accidentally light. "
"President Biden control’s our nation’s military.He will know what to do if China attacks Taiwan."
"China is a big threat to USA! "
"None of our business anyway"
"---we can&#39;t help--we are too busy shooting down balloons---"
"Here we go! "
"sum tin wong??"
"Idk bout you guys buy I&#39;m getting pretty sick of China to the point where war doesn&#39;t sound so bad. "
"It&#39;s time to smoke 🚬 "
"China Joe is on our side....dont worry"
"The Chinese sent in a bunch of cereal boxtops and got them some new boats.  They have to show them off and exhibit some bluster."
"biden&#39;s flexing their muscles. "
"Get scared. Make a big deal out of this. post hatred of dems. You&#39;re WINNING!"
"Splash them."
"bye bye Taiwan...!!!"
"bring it on little man"
"And , anything better. This is the typical response from China. Fox is a waste of time."
"China tortures animals before eating them, im not sure the U.S really understands what they are up against. "
"Chinese aircraft were kites and their frigates were johnboats.  China is a joke."
"Joe Biden&#39;s fake bluster and saber rattling only encourages China to float more UFO&#39;s."
"hiden biden = CCP 🫡🇨🇳"
"Biden flexing his puny muscles.  "
"Cover your ears darlin..."
"We got you where we want you, and now we&#39;re going to beat you."
War
"They are just wanting for joes ok to attack Taiwan.  Disgusting "
War
"They are just wanting for joes ok to attack Taiwan.  Disgusting "
"We would be better off cutting ties with China now than waiting until later.  We are their largest importer and need to take charge while we still can."
"with joe in office,  tonight would a good time to take Taiwan.. keep in mind that 80% of the world&#39;s chips are made at TSMC, so that&#39;s it for us. "
"Anyone else notice how aggressive China has gotten in the last 2.5 years?? They sure wasn’t this way while Trump was commander in chief. Republicans 2024!!"
"Brandon is compromised and weak and the World knows it. Liberal America&#39;s failed leader will draw America into a war before his term is done.Fraudulent elections have serious consequences. "
"Don&#39;t worry people. We&#39;ve got Joe Biden on our side....Said no one. Ever."
"It&#39;s not a question of IF China will invade Taiwan, it&#39;s a question of WHEN.   And when they do invade Taiwan what will the Biden administration do."
"Tell China to wait until we start drafting people, strengthen our military and get a stronger president, I&#39;m sure they&#39;ll understand."
"War is coming. China is going to act before Biden leaves office. "
"We need to get ready now and start up the draft. We&#39;ll start with Memphis, Portland, Seattle and Minneapolis!"
"The US government is far more concerned about equity and EVs than real threats. "
"The problem with Communist China is that they have a false belief in that they are superior to American military strength.  They, as communists have to lie to stay in power.  They lied about Hong Kong,  origins of Covid and the militarizing of their illegally built islands in the SCS.  When did you ever hear a communist admit guilt about anything.  "
"Time for the US and Taiwan to work together to relocate the factories and technology to the US along with their workers. Remove the tech and China will have less of an interest in Taiwan. It won&#39;t be cheap or easy and will ruffle feathers here as elsewhere, but it needs to be done. Anything that can be manufactured on a small island nation can be done here. "
"The US needs to take the tactical lead and not be reactive.Our relationship with China is about to change. The Democrats picked a very bad time to deter oil and gas production here in the US . Our vulnerability and weakness has sent the go ahead signals to our enemies to hit us while our pants are down. Not good for the USA."
"None of this nonsense happened when Trump was President. Incoherent, incompetent Biden will start WWIII. "
"Taiwan has been financed by US tech transfer and investment to build sophisticated micro-chip plants, however the most sophisticated chips for Military use are still built here and in the Netherlands.  Because of bad behavior, China is being shut out of some of the more sophisticated chips so their only way to salvage their military is to take Taiwan. Taiwan is the prize and we know it. Taiwan is as important to us as it is to them. This make war inevitable so be ready."
"Being one of the original crew of the USS Nimitz, I’ll be waiting for my piece of the plank when she is decommissioned, as my certificate states I’m entitled to per Davy Jones Locker."
"CCP will take Taiwan under Joe&#39;s watch.  They would have never made a move on Taiwan under Trump.  Same goes for Putin and his march on Ukraine.  Trump had it all under control until the fake 2020 election."
"Joe&#39;s talking tough about shooting down a balloon. Yeah, it needed to be done, but it&#39;s not like he shot down a squadron of fighter jets "
"The US military came up over 25,000 recruits short at last count.Will Millennials and Gen-Z get drafted into the conflict with China ?If so, how many will run and hide ?"
"The world economists need a series of small wars to kick start the flow of money. Too much of it is setting stagnant in corporate and individual pockets. Small wars are much preferable to big World Wars, being easier to control and manipulate."
"We&#39;ll be at war with China within a year."
"All I can say is the US better beef up its military because China is ready to pounce by all estimations and balloon stuff , it’s a first strike is what China is thinking , they are targeting military mainly . Give it a few days "
"I don&#39;t hate China they&#39;re business minded , what Trump has said is that Xi , Macron, Kim Jung Un and all these other world leaders are smart, sharp. crafty people and tough negotiators at the top of their game.And then there&#39;s Joe."
"Joe is so afraid Chairman Xi might publish copies of cancelled checks issued to Hunter!!!"
"We can detect war ships around Taiwan but cannot detect objects in our airspace?  Something wrong with that picture."
"In my business travels to China, I found the Chinese people to be very congenial and friendly. They&#39;re the only people on the face of the earth that loathe the CCP more than the rest of the entire world."
"Why didn’t any of this happen when Trump was President?"
"If we&#39;re gonna dance with China, better to do it sooner rather than later.  Our war toys are currently better.  But the trend is not promising. "
"This will not end well."
"We don&#39;t need to go to war with China. Just cut them off economically. Move manufacturing to other friendly countries.  "
"I am against a Chinese invasion of Taiwan. Like Ukraine, Taiwan wants to be independent and sovereign. Free of foreign military occupation. "
"CCP will attack Taiwan before Joetard leaves office or just about the time he exits."
"These balloons can detonate a nuclear weapon and/or EMR device anytime they want at 40,000ft.

China can knock out GPS, cellular, satellites, power grids anytime they want...no need need for an ICBM."
"imagine what Walmart store would look like without Chinese products "
"&#34;Make no mistake: as we made clear last week, if China threatens our sovereignty, we will act to protect our country. And we did,&#34; President Biden said in his State of the Union address last week. ..&#34;Now we&#39;ll let them fly the balloon over our entire country and missle silos first, but eventually, after mounting pressure, and being told what to do, I will do what I&#39;m told to do.&#34;"
"It&#39;s called probing. It is done to gather intel on defenses and wear down the defenders by keeping them constantly on high alert."
"81M ballots got what they wanted with Joey Jr. Oh-biden—his self-inflicted and self-described Armageddon is near. "
"Make no mistake, the faster biden is replaced with a thinking competent leader the better off we&#39;ll be."
"Imagine a world at peace without Joe. "
"Are you happy yet democrats?"
"Don’t worry your safe Taiwan… Joe Biden got your back Man!!   😂😂😂or should I say Joe Biden got China Back!   "
"But Trump will cause the U.S. go into a war…hahaha bunch of Donkey’s the left are.  The left love wars and division…they live for it and layer the pockets with war money…"
"If the us would do the same thing near Chinese waters with the same military force, I’m pretty sure the Chinese would back off the Taiwan territories of water. Simple solution to this bullying tactic. But Joe will wait for China to attack, only then he will react a week later. Joe continues to prove that he is only capable of reacting. Not much different than mr burns from the simpsons "
"China… is getting ready to do a full first strike on United States  there mapping us today our navy base in Hawaii was laser scan from Chinese satellite was on news and showed green laser light  crazy.. but we all need get ready all out war is just around corner and Joe Biden is sleeping once again!! "
"So Biden states that if China threatens our sovereignty we will act to protect our country.  Yet at the border, our sovereignty is threatened every day.  Yet no action is taken by this admin.  Bottom line, we do not believe you Biden.  "
"Biden was too late in protecting our sovereignty. He is beholden to China. Americans know this is a fact."
"Joe says the US recognizes the One China policy, which states, Taiwan is an inalienable part of China&#39;s territory, and the Government of the People&#39;s Republic of China is the sole legal government representing the whole of China. Joe is sending mixed messages here..."
"The nine most dangerous words ever, &#39;Hi, I&#39;m Joe Biden, I&#39;m here to help you."
"China mistakenly believes Taiwan has no military and is defenseless. I think there is still a huge stinger in that Taiwanese Hornet "
"There&#39;s definitely something underway, bits and pieces, not enough to forecast."
"China will move on Taiwan while Joe Drools is president."
"These balloons can detonate a nuclear weapon and/or EMR device anytime they want at 40,000ft.

China can knock out GPS, cellular, satellites, power grids anytime they want...no need for an ICBM.

More than likely, will suppress comms with Taiwan and/or NATO to make invasion of Taiwan easier."
"Thanks Biden!"
"America is gonna pay with much fire and brimstone for electing a communist president!"
"If China and North Korean coordinate attacks on South Korea and Taiwan, we have no chance to support those countries. "
"And undetected below lurk two or three US Attack Subs and maybe boomer but the boomer is too close so no.  One twitch and the CCP navy will need some new ships. "
"MOAB the Chinese Fleet."
"Let&#39;s see, Chinese balloons along the North border, an influx of Chinese nationals on the South border and Chinese posturing  around Taiwan. Where&#39;s Biden in this? "
"Meanwhile our president is 100% MIA"
"Biden is weak that is why he is conducting military exercises with Taiwan and daring China. Brave Trump would have refused to conduct exercises with Taiwan"
"Harborfreight is sweating really bad about now...."
"The U.S. will be involved in a confrontation with China before the next presidential election."
"Beijing Biden the gift that keeps on giving!"
"Do you think China will loan the US the money to fight them"
"At least our LGBTQ1+ soldiers likely won&#39;t go head to head against Chinese soldiers in the coming war."
"Lets Go WW3.... bout to be there soon. 
Wheres Trump when u need him!
No war with Trump and wars and rumors of wars with Biden!"
"Instead of a stealthy military balloon force and smart leaders, we put our biggest gas bag in charge of the military."
"With China Joe in the office China has a free pass"
"We are already at war with these guys. Economic, cyber, biological and now we have both espionage and incursion into our air space. Clearly this is going to turn hot soon"
"Need to impeach Joe"
"It’s coming…"
"(SEE AFGHANISTAN) "
"Ah Yes... &#34;The USS Nimitz&#34;! One of my old Homes!⚓79&#39;-82&#39;!"
"Doing business with China is as sound as picking up a hitchhiker. "
"One positive of a war with China is Harbor Freight and all of the &#34;Dollar Stores&#34; will close.  "
"How many proxy wars can the US maintain at once?  I guess we&#39;ll find out."
"No need to worry our  military WOKE generals are ready!"
"Democrats are the democrat weapon of destruction so democrats go to battle first since they caused this soon catastrophe q"
"It is past time that we become Communist China independent. We have rare earth minerals right here in the USA. Anything manufactured in that country can be made elsewhere. Chemicals and pharmaceuticals should be made here under the watchful eye of the FDA. Take away their biggest market and watch Xi Jinping slowly fall."
"Glad Biden has it under control because Trump did mean Tweets and stuff.."
