"China&#39;s long term strategy has reached a new phase.  They&#39;re now changing from portraying themselves as entirely unthreatening into a superpower that not even the US should dare to challenge."
"And the message is: ‘Look what we can get away with. And you won’t do anything about it. You’ll still come crawling back,’&#34;See the push for EVs? Guess who has controlling interest of all Lithium mines and precious metals that are needed to run those cars. "
"A more visible show of the US military might and our willingness to use it must now be shown in the Taiwan region. This might not have been necessary had Biden not blotched the Afghan withdrawal and the more recent balloon fiasco. His dealing with Russia over Ukraine was also a sign of weakness. Ever since the WW2 victory, the US has not shown the resolve to do what is necessary to win a war. "
"Biden is the most hated person in the U.S. and second only to Putin as the most hated man in the World.Biden has destroyed more wealth than any other President of the U.S. and he is not done yet."
"Message is Nobody fears a dementia patient for a president or an all inclusive diversified WOKE military"
"America is divided in our own country china is not "
"For those calling for sanctions. Imagine China locking up all American interests and dumping the dollar. The economy would collapse overnight. We as a country would not be able to function. remember we couldn&#39;t make our own masks. "
"History will record Biden as the worst President in U.S. history."
"Meanwhile in Delaware, dementia joey shuffles crayons 🖍️🖍️ and shouts obscenities at First-dog Commander."
"World Chaos Continues!  I preferred the World Stability and American Prosperity of the previous POTUS! "
"China has paid the Bidens millions of dollars so they can send spy balloons as big as two of  Kamala&#39;s yellow school buses!"
"Can someone explain why the democrats want China to take over America. Many of the policies they are trying to force on us will make it easy for China to invade.<ol><li>Disarm American citizens</li><li>Sell off our businesses and farmland</li><li>Export oil reserves</li><li>Allow aerial surveillance</li><li>Invasion from the southern border</li></ol>"
"Yes, that they own Biden and his family, especially Hunter."
"China&#39;s military strength is quickly going to surpass the United States.  "
"I&#39;m afraid our government is naive enough to think the US has everything under control. I believe these northern borders are a major distraction of what&#39;s going on everywhere else. Check the skies over the Mexican borders and ask why 8,000 Chinese &#39;immigrants&#39; are flowing in. I learned today China now owns enough land here to rival the territory that 2 states the size of New York covers! We need to get more suspicious!"
"The recent testing by the PRC is obviously to determine our ability to discern and track objects of different sized payloads and at what altitude we see them. Based on the released information we have some obvious strategic weaknesses. This opens a window for the release of infectious diseases, or other low payload attacks. Time for some software and hardware updates. We also need to create some autonomous high altitude sentry technologies, ( AI equipped high altitude lighter than air drones) to deal with intrusions."
"Not sure I buy Gallagher&#39;s argument, if they were doing it even during Trump&#39;s term.  China has been doing it, we are just talking about it, now."
"The Chinese have spy satellites orbiting the Earth just like the U.S.  These satellites can look at a vehicle on the ground and determine how much fuel is in the vehicle based on its heat signature.  With satellites with those capabilities, why would the Chinese need to use balloons to gather intelligence?  They are lying to us again, this was not a spy balloon."
"Could be a message to the Biden’s for Hunter being careless with the informational laptop and possible links on the loosely stored classified documents and all of which might reveal a twisted relationship."
"The balloon invasion will set the relationship back for some time, if not months or years.I don&#39;t believe China cares, or it won&#39;t be doing this. It is doing thins on purpose. No repeated invasion is &#34;accidental.&#34;Visiting China by high US official at this point would be seen as kowtowing to China. And it is."
"WE, the people elected a weak man to the presidency along with an even worse vice president. The leaders of the world know it and those of them who would work to reduce our position are not going to waste any time doing it.We have no one to blame but ourselves."
"So the Chinese negotiate like Pelosi. She would make some terrible and divisive statement about Trump or the GOP and then go into a meeting with them that would then produce nothing.So glad granny nanny is out of the speaker chair. "
"I can’t disagree with him. This far China has bat 100%  At one time the US was a true super power. Today American leadership has giving it all away..now we are experiencing the consequences. "
"Taiwan invasion to start soon China testing Dementia Joe&#39;s resolve !"
"This is what happens when you show weakness,… especially to the communist Chinese regime "
"China is attacking the US with spy drones and lasers because Biden is weak and illegitimate.Stolen elections have consequences."
"Repercussions over a spy balloon?LOL. There still haven&#39;t been any repercussions over unleashing covid on the world and killing millions. "
"That wasn&#39;t a spy balloon, they are lying to us yet again. The Government is NOT going to tell us the truth. Why would the Chinese need to send a spy balloon, they have spy satellites for that purpose. The Chinese like to develop deadly viruses. This balloon was a test run for a viral deployment system to spread a lethal virus across the U.S. A Balloon could float across the U.S. periodically dropping vials containing the virus. The vials could be constructed to explode at 1,000 feet with each vial spreading the viral material across a large cross section of the U.S. The Chinese are planning on using balloons to implement biological warfare against the U.S. Think about it.Joe Biden is an extremely weak man and is being paid $1+ million per year by the Chinese through the guise of the Penn Biden Center. The Penn Biden Center was setup by the Chinese and funded with $60 million from the Chinese. Joe Biden receives $1+ million per year from the Penn Biden Center (AKA the Chinese).This would have NEVER happened with a strong President like Trump."
"Biden Inc. has cultivated very close relationships with members of the Chinese elite, and some of those relationships would be very hard to defend. … the Biden family has a series of lucrative deals with the Chinese government, these deals came despite a lack of experience by the Bidens in the areas they cover, they happened while Joe Biden was steering policy towards China. Biden Inc. aka THE GRIFTERS..............."
"<em>Rep. George Santos was charged with theft in Pennsylvania’s Amish Country in 2017 after a series of bad checks were written in his name to dog breeders, according to the court and a lawyer friend who helped him address the charge.</em>"
"At least John Kerry still has an agreement with China to limit fossil fuels - maybe these green powered balloons were approved by Kerry himself!"
"So jill flew on AF2 to the Super Bowl, last week she attended the Grammys, what a life!  On our dime. "
"Now can we increase our production of military arms.  Biden has set up Ukraine at the risk of our own country’s military power for a year.  And Biden needs to get off his but and open up our drilling and complete all border closure to the illegals.  Biden is crippling our country now and it started when he too office.  Our and his security is at stake.  Don’t make it Life and death.  At that point it could be too late.  And we do know terrorist are on our shores with the get aways caught.  "
"&#34;I don’t think it’s a coincidence that it was timed to coincide with Secretary Blinken’s visit, though we don’t have proof of that yet,&#34; Gallagher said in a Sunday interview with WABC 770​. Or in other words ... &#34;I&#39;m just talking through my hat.&#34;"
"China&#39;s message:  &#34;We&#39;re collecting on our &#34;10%&#34; investment in the Big Guy&#34;."
"Maybe it’s time to investigate Swalwell and put him under a heatlamp and gets some answers.  This is why China is sending these balloons, he has given China all our bases.  He’s a traitor and needs to be removed from Congress and never have a part in our country and then tried for treason!  Remember the Rosenbergs!!!!!!!!  Can’t Congress charge him for treason?"
"Why is it that republicans feel it&#39;s their duty to offer conjecture as a solution to every problem? Especially those problems that they caused!"
"But, the Big Guy says that China and the CCP are our buddies."
"Escalate, start sending dozens of weather balloons to China.  Then let’s see what song they play. When you trust a socialist or a communist you are giving up your freedom.  Wiping out it out would be best for our world.  People who want power are not trustworthy.  All of them. "
"Biden’s latest compromised CCP relationship fallout coming to fruition. "
"Send a message back to china with some new tariffs.."
"“President Joe Biden said in an address to the Democratic Senatorial Campaign Committee on Thursday night that the country under his leadership is as close to &#34;Armageddon&#34; as it has been since the Cuban Missile Crisis in the 1960s.”                            Biden invokes possibility of &#39;Armageddon&#39; in Democratic fundraiser speech--- Fox News    10/6/22"
"The CCP and Xi called out Blinken for the Clown he is with his little Clown plane and fellow sidekicks,the Biden Administration."
"Coward Beijing biden in the basement again. "
"Biden is upset that he was forced to shoot down those balloons because now his 10% is in jeopardy.  "
"China now knows that we are going to shoot at balloons coming from everywhere so it will load thousands of balloons with all kinds of plaques and viruses.  Doomsday. Say your prayers."
"Joey only takes messages from his good friend XI and only when they are Biden Inc. connected."
"We need to retaliate somehow.  "
"Why is anyone taking these balloons seriously? 200+ spy satellites. Massive spy network. Army of hackers.If China is using balloons, it’s because they have either fallen off a cliff and are extremely weak, or they wanted to get caught to see our nations reaction. If they were hoping that half the country would freak out at a birthday decoration, they certainly accomplished their goal."
"That&#39;s not why China probing"
"I recently saw some trading cards with a super hero with an orange face and a blond wig . Could he had not just flown to the balloon and bring it back to Florida . "
"The balloon caper was meant to distract everyone from the Biden family saga of crime! Heck with these balloons let&#39;s get to more important things....like jailing the Biden family!"
"..they .CCP are sending probes ... because , they can&#39;t believe we are this weak...!! they think its a ruse..... thanks to Trump !... and more so ...Regan!"
"The U.S. has an answer to China&#39;s message via the Spy Balloon. We have a bought and paid for senilgenarian who lacks a backbone or a brain."
"FBI engineered fraudulent elections have consequences "
" N Korea, Russia, China been antagonizing the US for yrs. Why?  Because the can gets kicked down the Rd."
"Biden and Trudeau both said “ I gave the order “ ! What POS of the two , both are liars "
"Democrats are Chinese allies, if not puppets. "
