"Biden is still trying to learn how to play checkers while the rest of the world leaders are strategically moving around their chess pieces."
"Xi has realized Russia may not be the best military power to align with so they found another that also has oil for their needs. "
"Personally, I’d feel a lot more Safe and Secure with the previous POTUS leading the Free World! "
"Brandon’s Administration is the weakest we have seen in our lifetimes.Many other parts of the world detest the decadence and wokeness of America.  Our enemies now see an opportunity to attack a weak America."
"I feel bad for Hunter Biden and John Kerry.  If not for the recent negative publicity they would be at the meeting cashing in."
"The WWIII alliance is forming. "
"The teams are being assembled for the big game…"
"Great here it comes WWIII as predicted."
"Must be in the market for some balloons...🎈🤔😏🃏♠️"
"The nuclear axis.  Let’s hope we all survive to the next administration."
"We would had a more friendly iran government if we only armed the millions of protesters seeking freedom!"
"US went into china with  eyes wide-open. The chinese came into US with eyes half closed- and yet robbed us."
"This would be a way for us to get rid of them both."
"Joe Biden, the great unifier. "
"It would be a shame if a hardened piece of ceramic the size of a bowling ball came hurling down from space at mach 21 and struck their position."
"Happy with your vote Democrats?"
"Anyone still think that Joe Biden is doing an excellent job with foreign affairs?"
"Why didn&#39;t they invite China Joe? He could shine their shoes for them."
"Two of the most evil men in the world.  Their time will come, how many lives will they take before they get their just dues?"
"And the chess pieces keep moving around the board. Im just wondering if we have a good defensive move left?? Im beginning to doubt that we do."
"&#34;strengthen ties&#34;?  He&#39;s not wearing a tie."
"The current Axis of Evil gearing up.  Time to dump the Dems before they give away the rest of the store."
"Listen to Joe, &#34;China doesn&#39;t have anything on us.&#34;Great jobs Democrats. You elected a leader stuck in the 1970s and 1980s. Every time Democrats move, we lose. Welcome to the new war. It is yet to be determined if hot or cold."
"...one wore a Western suite and the other a dress..."
"If an alliance between N. Korea, Russia, Iran and China doesn&#39;t SCARE this administration, we are doomed. Militarily, economically we are way out gunned. Europe has not sufficiently funded their military for many years. Canada and United States are more concerned about woke politics and equity. Our standing army is miniscule compared to the 4 communist countries banned together. This country is spending it&#39;s way into default. This is NOT looking good for this country in the future "
"Anyone glad they paid Hunter all that money now? Chime is Democrats. Say it was nothing. "
"Trump warned us but we didn&#39;t listen. "
"wake up Joe 
....this is not good..call a Republican they can tell you how to handle it like an adult"
"CITIZENS.  ...WE ARE IN DIRE NEED OF A LEGITIMENT PRESIDENT....AT LEAST ONE THAT&#39;S AWAKE....."
"Strengthening the axis of evil while the Biden administration sleeps "
"Xi is building allies with Russia, Venezuela, Iran , South Africa...."
"Appears Xi Jinping is outsourcing balloon manufacturing. That&#39;s weird. "
"<strong>Trump put the Iranians in their place, he tore up Obama&#39;s terrible nuclear deal and replaced it with &#34;nothing&#34;. He may have spent too much time writing love letters to that other guy in N-korea, Oh, and no deal with China as well. </strong>"
"Probably understand that they will need new economic partners if Russia falls.A military coup is becoming a possibility in Russia as the war in Ukraine continues, President Vladimir Putin’s former speechwriter said Monday.&#34;The Russian economy is deteriorating. The war is lost. There are more and more dead bodies returning to Russia, so Russians will be coming across more difficulties and they&#39;ll be trying to find explanation why this is happening, looking around to the political process and they&#39;ll be answering themselves: &#39;Well, this is because our country is governed by an old tyrant, an old dictator,&#39;&#34; Gallyamov said, referring to Putin."
"Axis of evil"
"Biden will send a pallet of cash to assist them in getting together."
"China has been pushing OPEC since 2015 to only accept the Yuan or gold as payment for their oil.  If Saudi Arabia ever says yes, it&#39;s the end of the dollar as we know it and a huge recession if not depression.  Therefore ole beijing biden will push for the Yuan..."
"<em>&#34;Iranian President Ebrahim Raisi is expected to pay a state visit to china this week at the request of President Xi Jinping...&#34;</em><strong>Well if that ain&#39;t a pair to draw to.  All they need now is one kim, and one</strong><em> maduro. </em><strong>(and I ain&#39;t talkin cigar neither!)</strong>"
"The end is near...."
"This is good news. The US has done an undeniably awful job as &#39;global leader&#39; over the last 30 years. Its way past time a new multi-polar world emerged and broke US hegemony. A hegemony built on maintaining tension and conflicts the world over. "
"Internal code for the meeting: Lets Go Brandon."
"Boycott Communist China products!"
"So we send money to China and they send it to Iran and then we cry about them funding terrorism. "
"Nice masks!…. Look like a couple of liberal Karens…. Lol!"
"ALL the mindless LIBBIES scoffed at Bush&#39;s axis of evil. Who&#39;s laughing now?  ..,the axis of evil"
"John, &#34;Ketchup Man&#34; Kerry&#39;s closest friends!"
"Speaks volumes "
"Hegemon loosing everywhere just because lock of knowledges in history, geography, culture and mentality of countries that Hegemon going to abuse. You&#39;re permanent loosers.Poland, they admired the resilience of Russia in an unprecedented battle with the West2 hours ago Western countries have lost an unprecedented economic battle with Moscow , according to Myśl Polska .According to the Polish edition, the West dealt a record number of blows to all economic areas of Russia . 11 thousand new sanctions were introduced, their total number reached 13.7 thousand. This is much more than restrictive measures were imposed on all other countries of the world combined.This was supposed to “wipe any economy off the face of the earth,” but Russia withstood the blow. Moscow has achieved excellent results in the field of economic competitiveness, the so-called &#34;balance of payments&#34; - the difference between the funds that enter the country and the money that leaves it as a result of trade, investment and various payments. In 2022, Russia recorded a positive result of $227 billion, the article says.Continuation of the story after the adThe destabilization of world markets due to sanctions has led to the fact that commodity prices have skyrocketed. This brought a huge amount of money to the Russian economy, which was immediately redirected to new, &#34;friendly&#34; markets in Asia, Africa and South America.Russian exports could not be blocked, despite efforts, pressure a"
"Another Axis of Evil that must be decimated."
"WWIII axis of evil being formed.  have the nukes ready."
"Yep... They&#39;re all going to want to go in with China, now that the invasion plans are being scanned and planned... Having the weakest President in American history won&#39;t be good for us in 2023....Democrats have jacked us up big... "
"Strengthen effort on going after USA"
"We seem to be pushing countries into the waiting arms of China. Is this our new foreign policy? What is going on? Our sanctions are helping China."
"Of course, China persecuting Muslims in their country is just a minor inconvenience for Iran’s religious leaders.  What’s a few million Muslims when sticking to America is more important?"
"China.  Russia.  Iran.  N Korea.  The new Axis Powers.  And while it all happens Xiden eats ice cream and collects his 10%."
"Joe’s pals. "
"What’s scary is Biden is still sleeping and has no clue in what’s going on!"
"Biden did that 🤪🤡"
"And so it begins. I sense a nuclear device in the making!"
"Nostradamus predicted WW3 in 2023"
"Why isn&#39;t Lurch Kerry in the pic? Those are his two Best Buds!"
"Biden built this"
"YOURE FAULT BIDUM.....

NEVER WOULD HAPPEN UNDER TRUMP....

BE HONEST WITH YOURSELF 

"
"2 more nice guys missing in the photo, Putin and Kim.  "
"Oh, so now we know or pretty much suspected, Iran&#39;s another rouge state antagonizing U.S. here out west with those &#34;unknown flying objects&#34; we&#39;ve yet to discover its origin. Also, didn&#39;t they say awhile back their navy was going to set sail around the world to promote &#34;peace&#34; or whatever they call it as. Yeah, right. Talk is cheap."
"More evidence of how we currently have the most CORRUPT and INEPT federal government in your nation&#39;s history. What could go wrong?  God, help us."
"Obama and Biden slobbering on each other right now. They want to have a beer summit going on soon. Lebron will be administering the summit. "
"The new Axis of Evil! Be prepared to defend our country."
"China will find out real quick that you can’t trust the Iranians.  Of course Iran will find out you can’t trust the Chinese."
"Like I said last night, Once they all ban togetherThen whatKeep watching thoughAll in the name of defense"
"is it a balloon party"
"of course they are 🙄 the new axis of evil"
"China will probably sell them some spy balloons. for them to send over Israel."
"Don&#39;t worry about Iran. The Saudis are planning on joining BRICS+ and SCO too. That can become a big big issue"
"Nice picture of those two but they are not doubled mask and they are not wearing a face shield or rubber gloves  🤣🤣🤣🤣🤡🤡🤡🤡🤡🤡🤡🤡🤡🤡🤡🤡"
"They are allies in SCO.With Russia and India, too."
"There&#39;s a match made in he!!"
"The &#39;Rats&#39; are building their nest."
"&#34;Salt water bad for glass&#34;"
"Lets get the batting order in place for wwiii.  I cant wait for uncle joe and his secretary austin to start sending out invitations to the party"
"&#34;Salt water bad for glass&#34;"
"Lets get the batting order in place for wwiii.  I cant wait for uncle joe and his secretary austin to start sending out invitations to the party"
"Funny isn`t it when the radical Muslim Iranian leaders want to make a deal with the devils  that are imprisoning their brother muslim <strong>Uyghurs</strong>"
Evil!
"they are planning the invasion of iraq and taiwan..."
"The threat to the free world is growing.  We must act quickly and remove the Iran regime&#39;s weapons.  "
"We are under attach"
"I didn&#39;t know that Iran&#39;s president was a transgender, nice dress."
"Good, they deserve each other 🤷‍♂️"
"Anyone not seeing what is transpiring is sleeping like Joe. Alliances are being drawn. We are headed for WWIII. "
"Oh, Magoo, you&#39;ve done it again.  (Failed that is...) "
"They look like masked animal dictators."
"Wow, we could do the world a favor if . . ."
"Murderous Dictators "
"their people should stand together to oust them"
"There are some 25,000,000 chinese muslims called Uyghurs in China. Xi has imprisoned some  and wants to imprison all. Wonder what Xi and Raisi will talk about besides grandkids?"
"Another israeli written article about Iran.... You can trust the word of an israeli.....SAID NO ONE EVER...."
"Pretty bad when you are shorter than Xi Jinping."
"Two POS"
"Two bankrupt regimes in bed with each other."
"Two of a kind… "
"when does Wok Xi put on the Burka? "
"Boy howdy, these two in bed together means nothing but terrible threat to America.  "
"Add Putin and Trump to this duo and you have the 4 Most corrupt Leaders in history "
"This is what happens when our Capital Hill is occupied by the fake allies of apart-heid Israel...."
"Get Your Nukes Ready Folks"
"Why is the Iranian guy wearing a dress? Is he trans too?"
"hiden biden belongs between them"
