"The Chinese did this to see how the American public would react.  The people in the US no longer trust or expect protection from the government.  China is just verifying this and will continue to cause divisions in the US."
"If Schumer’s speaking then you’re hearing nothing but lies. He’s another candidate for term limits and an in-depth investigation."
"&#39;Schumer said the U.S. was able to obtain &#34;enormous intelligence information from surveilling the balloon as it went over the United States.&#34; &#39;They were able to determine that the balloon was round."
"Does anybody doubt that Schumer has been compromised by the CCP now? "
"It’s safe to say WE are the ones who have been humiliated by a “do nothing til it’s too late” POTUS. And now they are just playing with us and laughing — they got what they wanted. The next real threat will come after we begin to ignore these little “nuisance” probes. Don’t JUST fight with weapons; fight with SANCTIONS and TARIFFS until they are on their knees"
"And we actually believe anything Schumer states.  NOT"
"Ok can we just all agree if Chuck says anything it means the opposite."
"Schumer lives in an alternate reality with Joe Biden. US was humiliated not China."
"No they laughing at how weak Biden is"
"Schumer is just a politician and will say anything "
"Ya ok Chuck you just thinking that."
"Chuck&#39;s strategy - lose and declare victory."
"Only people that should be embarrassed are the Biden administration and the Military leaders for allowing these objects to even reach our boarders.  Our family felt protected under the Trump administration, but nothing but vulnerable any more.  We also feel many other affects of the Biden admin., along with our number one hit to our wallets! "
"Schumer has it completely backwards. We used a fighter jet and a $500,000 missile to take down a balloon that had already accomplished its mission. The Chinese are not only laughing:  they have total disdain for this country and its leadership"
"Schumer is covering up for the embarrassing dereliction of duty and feeble response by Biden. Who is he kidding? Stop the lies already! "
"I think it’s much more of an embarrassment for the Biden regime, since it looks extremely weak and ineffective in dealing with China’s “testing” of its resolve. The only reason ol’ Joey is authorizing shoot downs now is because he and his cronies caught flack for letting the first one do an unimpeded flyover of the entire country. Now he’s trying show how tough he is, when everyone knows he’s really in Xi’s back pocket."
"Xi made Biden the laughingstock of the world. China got to fly a spy balloon collecting information on our military bases completely across the U.S. and Biden allowed it.  Mission Accomplished for China"
"Don&#39;t worry just call my son  make a side deal. This man is gonna lead us into war because hes  out of touch has no idea what&#39;s going on either does the laughing hyena. If trump was in office the War Ukrainewould be over and then wouldn&#39;t be some type of conflict to keep everybody on the edge. I wonder how many terrorists are coming through the Southern border because Biden has no idea just like the balloons."
"So why did the Democrats put up such a fuss when Trump referred to COVID as the &#34;Wuhan virus?&#34; As I recall, you were worried about the Chinese taking offense."
"When Schumer talks, think the opposite of what ever he says.  He&#39;s one of the worst in congress. "
"<strong>Schumer says Chinese ‘humiliated’ by spy flight incident</strong><strong>On the contrary, the entire world now sees America as weak because of the ineptness of Biden and his cohorts for letting one balloon finish it&#39;s intended purpose by flying over the entire country before shooting it down.</strong>"
"If Chuck say&#39;s it, it must be true. Yeah and he&#39;s been selling that same bridge for years and living comfortably off the proceeds."
"No Schumer, we were humiliated. They got the data &amp; results they needed from sending a balloon to us.  What&#39;s humiliating is you and your buddys thinking we got the best of them by not doing anything until it trekked across the heart of this country. "
"China takes their sweet time cruising across the sovereign skies of America and they are humiliated?"
"First of all, we are the ones who should be embarrassed and humiliated. These spy devices made it safely across our entire nation. Shame on our military. Worry more about national security than “diversity training.” Second, the Chinese Communist Party doesn’t need spy devices when we allow Tik Tok on government devices and in most homes America. Wake up folks. "
"Senate Majority Leader <a href=""https://www.foxnews.com/category/person/chuck-schumer"" target=""_blank"" rel=""noopener"">Chuck Schumer, D-N.Y.,</a> argued Sunday that the downed Chinese spy balloon carrying sensors and surveillance equipment last weekend off the coast of South Carolina was an embarrassment and a &#34;real setback&#34; for the Communist country, even though the U.S. military has shot down two more unidentified aircraft in recent days.  Oh really?  I would think you and Biden should be totally humiliated since you allowed the Chinese to get all the info they needed in real time when you allowed this balloon to fly across the entire US taking pictures and gleening data all along the way."
"Schumer has it backwards as usual. It is the USA that has been humiliated."
"Nowhere near as humiliated as Americans feel when Schumer opens his mouth in front on the media."
"Humiliating I doubt.  They are probably surprised Joe actually had it shot down. But happy he waited till it crossed the country "
"Nice try, schnauzer-faced Schumer. Always trying to cover for the Vegetable."
"No Chuck, America was humiliated by China.  The first balloon was not downed until after it had completed its mission."
"No Chucky you boss is humiliated he was tested and he failed."
"You can be sure that the truth is directly opposite anything Schumer says."
"So humiliating...  Gathering intelligence about U.S. from a balloon, and violating U.S. sovereign territory, and having not consequences.A leader would coordinate with other nations (which the CCP have done this to as well) around them globe and start implementing consequences against Communist China.  Universal tariffs come to mind.  ...say 5% tarrifs for each incursion, as an example, from all countries."
"The old word for this was &#34;spin&#34;. "
"America is humiliated by Joe Biden and his Administration. Daily."
"Spin, spin, spin…."
"Whatever &#34;Lying Chuck&#34; says believe the opposite!"
"The only humiliation is Schumer himself."
"Ban all imports from China and they’ll go broke. "
"The gaslighting from this administration has just gotten totally absurd! The Chinese are embarrassed about sending spy balloons over our continent with no reprisal? We &#34;set them back&#34; just how?I don&#39;t think that even the most die-hard, fervent, never-Trumper, Democrat can believe this sort of foolishness.We need serious people in our government, and these folks aren&#39;t making the grade!"
"Humiliated? No. Emboldened? Yes."
"Right and China was caught lying about COVID and nothing was done about that.  US should be the one that’s embarrassed "
"What is Schumer smoking?  China was not humiliated; China gained an enormous amount of information in the days their spy balloon was allowed to proceed across the US.  The Biden administration was humiliated and embarrassed by the incident.  Joe was hopeful that no one would find out about the intrusion, and even when they did it took him days to react.  The spin that they didn&#39;t shoot it down for fear of casualties on the ground is ludicrous.  Biden didn&#39;t shoot it down because he has been compromised by the Chinese.  He gave them special treatment since he was VP, and does not want to risk the financial gains he has gotten by selling out to them.  Biden, his administration and the democratic party have become the most corrupt organizations ever. "
"No worries chicky, lebron &amp; the nba will not let you sever ties with them anyways. "
"That’s chucks order for the media to sell to the sheep. Watch. "
"If anything, the Chinese are laughing because Biden allowed the balloon to travel across the entire USA and complete it&#39;s mission."
"The only person that should be humiliated is Joe Biden for letting this spy balloon fly all the way across our country. "
"Umm…Our nation was humiliated by Biden’s Afghanistan debacle before the world.  "
"Sorry Chuck, but it is clearly the other way around."
"How about the Biden administration humiliated by the world! Which is more accurate..."
"No, no they aren&#39;t. WE are humiliated because the Liar in Chief waited until it traversed the whole country before shooting it down. Nice try at spinning but the truth is quite the opposite. "
"How much of America has China already mapped? Or is the real question about how much they haven&#39;t? Hunter&#39;s probably give them all they need anyway. "
"why would they be humiliated? This administration allowed it to finish its mission,  the Chinese never thought they&#39;d get it over all the sites they wanted to see. Since biden and all democrats are heavily invested in China and they have dirt on them from everything from plandemic to voting machines they democrats have to be careful "
"ha ha Chuck.  yes-- China is humiliated for sure.  The fact that the US did nothing about it for a week just adds to their sorrow.  This &#34;experiment&#34; to test the US was a DEFINITE FAIL for Biden and a WIN for China.  US defences are weak and so is our government.  "
"Schumer lives in La La Land. All by himself."
"The Chinese are laughing at Biden and the democrats "
"I think China gave Compromised Joe permission to shoot down the balloon at the end of its intelligence gathering mission, and that China is just pretending to be angry.  It got what it wanted."
"Not even Schumer believes what he&#39;s saying.  If he does, he&#39;s a certified space cadet."
"Right....the only ones humiliated were Biden and his woke admonistration who are more focused on pronouns and children&#39;s genders."
"Sorry Chuck you got it backwards as usual. China 🇨🇳 is laughing and has humiliated America with the spy balloons 🎈 flying across the country. They have proved our weaknesses while the Democrats concentrated on gener, inclusion and a woke military agenda."
"Another episode of &#34;chuckie says the DARNDEST things &#34; brought to by the out of touch dem party .... paid for with your tax dollars ..... what a waste of air...."
"If humiliation were a person, it would be Schumer! "
"That’s what China wants you to think "
"The only humiliation here is ours - democrats, progressives, liberals, socialists, BLM,  1619, wokeness. "
"The only problem with this is that Schumer doesn’t know how to speak the truth, it’s always the opposite of the truth. "
"Humiliated for what? Not like China had fighter planes protecting the balloon. They flew out over us for a week, collected whatever intelligence they could, mission accomplished in their eyes I’d say"
"And the U.S. is embarrassed by Schumer."
"China isn&#39;t humiliated<strong>,</strong> they&#39;re exhilarated. America is humiliated for showing our weaknesses in such an obvious display of incompetence. "
"I think Schumer is out of his mind when he states it is a “set back” for China when they were able to float leisurely, for 8 days, across the entire United States Of America.The set back is his and biden’s, and his is just an attempt at a police CHA (cover his  . . )"
"Typical democrat response. Accuse the opposition of what you’re guilty of doing. Since the democrats secured power our military has been severely damaged by woke ideology and incompetence of the leadership to the extent that I doubt we could win a war with any formidable power, especially with China. "
"So Sen. Schumer, who is more embarrassed and humiliated??  China or the US??  China is embarrassed because their balloon was discovered and shot down.  Meanwhile, we are both embarrassed and humiliated by letting the balloon violate our air space and gather intelligence for a week without taking action.  The Chinese achieved their intelligence mission while we got nothing in return."
"No one is laughing at China but the US. US has become the laughing stock of the world under Biden."
"There was no set back. Biden let them get what they wanted."
"You have to wonder what planet he is on. The Chinese always have a reason and a plan for their actions and right now are drinking Shaoxing while enjoying the Schumer comedy moment"
"I’m pretty sure the US are the ones humiliated by China.  They run rampant, we chase our tails and let them have their way without consequence.  "
"They’re not humiliated at all. This was a test that may have gathered intelligence at the same time. We let that balloon enter our air space in the west, fly completely across the country, and only then did we take action. The test worked for them and humiliated us. "
"Chinese are making fun of us because we have no leader or democracy right now.<strong>We are living under fascism right now.</strong>"
"Sure, Chuckeroo - we can&#39;t track their spy devices and THEY are humiliated.  We&#39;ve had at least 2 major breaches in chain-of-command, and THEY are humiliated.  How much are the Chinese paying you to say this, Chuck?"
"Can he really believe what he is saying.  What’s worse if he truly believes this about China and Biden we are in worse trouble than I thought.   "
"Can he really believe what he is saying.  What’s worse if he truly believes this about China and Biden we are in worse trouble than I thought.   "
"No they&#39;re they&#39;re not, Mr. Disinformation spreader!"
"Schumer can say what he wants but I believe the bulk of america recognize it as a humiliation for Biden and exposing his indecision.  The first balloon could have just as easily been shot down safely before it invaded our air space.  After the blowback, he corrected his error for the second ballon.  Unfortunately when it comes to a nuclear or bioweapon bearing down on us, there is no second chance."
"Schumer says the Chinese are &#34;humiliated&#34;, I doubt it.  They are laughing at us.  We showed them just how weak our leadership is in this country.  "
"If Schumer wants to save face he just needs to stop talking. "
"This will be short and to the point. I don’t believe anything that comes out of Schumers mouth."
"Like everything else that Schumer believes, he has it backwards.  Biden is being humiliated by China as evidenced by the amount of incursions into our airspace.  Xi owns Biden."
"And we are humiliated by you, Biden,Palosi, and the squad."
"The last two lines of this article...&#34;I think this administration is strongly tough on China, but mindful of the fact that we can&#39;t stop talking to them. We have to try to have some kind of relationship,&#34; Schumer said.  That is exactly what Trump did!  "
"China doesn&#39;t care if this &#34;looks bad for them&#34;.  They do not care about appearances.  This is all fluff, I suspect that China didn&#39;t learn anything that they didn&#39;t already know.  And we didn&#39;t make the &#34;look bad&#34; anyway."
"Most Americans are humiliated too Chuck. Humiliated that you even represent a tiny portion of Americans."
"What about the American Companies whos LOGOS appear on the equipment? Are they humiliated? There&#39;s not a chinse word that = humiliated. Humiliation requires a conscience &amp; emotions. Soldier Ants have ZERO emotion. "
"They aren&#39;t humiliated. They are laughing. "
"The other way round"
"Yep! We sure showed those Chinese, didn&#39;t we? Totally humiliated them by allowing their spy balloon travel from Alaska to North Carolina without doing a thing to stop it. What an act of military might and mastery, instituting a plan to embarrass China into becoming a good actor on the world stage!I wonder how that&#39;s going to turn out?"
"In a related story, Chuck Schumer has humiliated the United States for decades "
"Dream on, Schumer. China isn’t humiliated when we shoot down one balloon out of… we’ll, we don’t know do we?"
"Get real, Chuckie! China sends up $5.95 balloon bought at Beijing Walmart, and then they get 5 days of free press coverage and get to laugh when US uses a $30 million jet shooting a $15,000 missle to bring it down after it completely passes over the Continental US. Then they probably drank a $500 bottle of stolen US champagne to celebrate. "
"Schumer&#39;s opinion and $2.75 will get you a ride on his city&#39;s crime ridden subway."
"Chuckie, quit trying to justify Joe the Moldy Cantaloupe&#39;s inaction and dithering.  What has happened is a huge embarrassment for the US and Joe&#39;s weakness and propensity for inaction has encouraged this Chicom behavior.  Also, don&#39;t try the &#34;it happened under Trump but nobody knew about it until now&#34;. "
"Everything Democrats say and do is backwards. "
"Who&#39;s Schumer think he&#39;s kidding? China&#39;s ROTFLTAO at Biden and the US."
"if the fly over gave us more info than supplanting nearly all of our manufacturing to China gives us by actually being in-nation, then why are we there? Schumer, keep on talking, you&#39;re very revealing."
"Why do Dems always accuse others of what They&#39;re guilty of?Always."
"Schumer is part of the problem,not the solution. Democrats have sold us out!"
"I&#39;ve heard a lot of whoppers since Biden &amp; co. were installed, but ol&#39; Chuckie takes the cake here."
"Really Chuck?   They are laughing out loud at you and the Democrats.   They flew their balloon across the entire US gathering intel and we shot it down only after letting them accomplish their goals.   You and Biden are the ones who are humiliated.  "
"No, I am sure the Chinese are laughing there heads off! Just like I do every time I look at Schumer! "
"No Chuck, we are humiliated that you have such a voice in this country."
"Schumer is an American humiliation!  Blah, Blah, Blah and Spend, Spend, Spend.  Yawn!"
"If humiliation is laughing at the US for incompetence then I guess he&#39;s right"
"Schumer… Like he’s an unbiased source."
"Chuckie makes me chuckle. Scary, we have Chuck making decisions that affect all of us. There should be plenty of safe areas in New York State for it to come down in. Your policies are driving New Yorkers to leave, but you know that already."
"Chuckie is not intelligent enough to know what is going on, sorta like this administration."
"In what universe does Schumer reside?"
"The Chinese aren&#39;t hamulated by anything, especially coming from this admin as their clown puppet is in charge. One leaked  document by the CPC detailing the Biden family&#39;s criminal activities and corruption would end the Biden presidency overnight. "
"I doubt it, they traversed the country collecting information while Joe did nothing til they finished their mission."
"Hi Chucky, certainly you are entitled to your opinion but in this case like you senate leadership it stinks "
"Humiliated? Because they brazenly flew an airborne surveillance system over half of America?Chucky has it backwards. OUR military was humiliated."
"<strong>Schumer says Chinese ‘humiliated’ by spy flight incident.  We in turn are humiliated by Schumer every day.</strong>"
"Ya, sure clueless Chuckie.  Sleepy old joe made sure that his buddy XI got all of the pictures that he needed of our military bases before the China spy balloon got shot down."
"Chucky has it completely backwards. AMERICA, is, again, humiliated. The Chinese and the rest of the world are laughing at this incompetent President and his Lyin&#39; administration."
"Chuckie, why would they be humiliated??? They, whosever balloons they are, have already accomplished their mission. Why are they humiliated??? "
"<strong>Schumer says Chinese ‘humiliated’ by spy flight incident: ‘It’s a real setback for them’</strong><strong>As if China wasn’t laughing enough already Schumer had to throw that out there.</strong>"
"Will somebody buy this guy a pair of glasses that fit"
"Schumer will lie about anything."
"They were able to cross the entire USA  to me that’s a success "
"The Chinese are humiliated? Who cares. Americans are humiliated by the weakness of the Biden administration and the Pentagon. "
"Chuckle has it backwards. The Chinese made a fool out of Joe Biden. But hey, we already knew that."
"Not as humiliated as America should be since our government let the thing fly across the country before doing anything about it."
"They are just doing a flyover of all of the farmland they own…"
"Crazies and more crazy to believe that."
"By Chinese do you mean Joe?"
"how are they humiliated? They were there for a week and got a whole lot of info while we bumbled our way around"
"Gather every bit of evidence that they find and display it to the world so everyone else knows what the Chinese are up to. That will have a huge impact on how the world sees China. Of course the Chinese will deny and deny but it seriously needs to be pushed around every news room in the world. Make them appear to be the most untrustworthy people everywhere."
"Schumer is the typical Democrat. He tells lies like the rest. The US was humilated and weak and China got more info than the US will get. I bet Intel was streamed to China so the longer Biden let them fly over the more intel China received. The more that Biden allows China to buy US land the more intel they will get. "
"<strong>Humiliated with all data collected ? They never wish it can fly across the US the get all data they want, the one humiliated is US.</strong>"
"Yeah, that sounds just like Chuck Schumer, we’re getting humiliated by Chinese balloon flights, Covid invasion, academic spying, Chinese payments to schools and the Biden family, and Schumer says the Chinese are being humiliated."
"Davos Treason World Order George Soros LAP DANCER Chuck YOU Schumer. Seen packing his bags to take that long ride from DC to Rocky Mountain Congressional Nuclear Bunker Under Mountain RETREAT!   "
"Sorry Chuck... wrong again.  I don&#39;t think Biden would have done anything unless this got into the news. "
"What else would you expect from Up Chuck Schumer?"
"Do you mean like the USA is humiliated by Schumer?"
"No, they&#39;re not, they are laughing and giving each other high-fives! Schumer is more confused than Joe!"
"Humiliated? Are you kidding me? They did this to see how much they could get away with. Schumer should be humiliated by his analysis. You literally cannot make this crazy up. "
"Well you would know since you&#39;re sleeping with them!!"
"Oh yeah, they are really humiliated after floating 8 days over our country, gathering all surveillance information, and then being able to use that information against us.  Seriously, I&#39;m sure they&#39;re hanging their heads in shame while developing new technology based on our work."
"The Biden administration wouldn&#39;t have done anything if it weren&#39;t for civilians asking questions. Schumer is the worst of them."
"Chuck Schumer should know a lot about being humiliated.... by his own actions. He smells of the swamp."
"How much more proof does one need to see that oxygen flow to a liberal&#39;s brain is impeded?"
"&#34;china humiliated&#34;?!! china flys a spy balloon the width of America, and hovers over military installation obtaining data, and transmits data back to china, right under the nose of America, and china is humiliated, eh? that schumer thing sure makes weird noises as it slithers about, eh?"
"One liar defending the Liar in chief no wonder our country is in the mess it is
"
"Schumer&#39;s brain wiring is fried. China Joe is the one who is humiliated by this Communist Chinese Spy Mission.  The fact has already been established via bipartisan agreement and the majority of people across the Nation."
"Schumer suffers from DDS- Democrat Delusional Syndrome. Once one is stricken with this disease it renders him/her with the inability to think rationally. Most of the Democrat base suffers from DDS. "
"Schumer, like Beijing Biden, kneels before his Chinese master Emperor Xi. "
"Really Chuck? We have to use a 140 million dollar fighter using a half million dollar missile to shoot down a balloon and they&#39;re humiliated."
"Schumer lives in an alternate universe. China sent a spy balloon across the entire country before the feckless president and toothless Chiefs of Staff  waited until all was gathered, shot it down and claimed victory. Now a second balloon was taken out over Canada. Our country  is in the throes os dissolution as we know it. Schumer promised to change America and he is keeping his promise. "
"Chuck, the USA is Humiliated by you."
"&#34;<strong>Schumer says Chinese ‘humiliated’ by spy flight incident: ‘It’s a real setback for them’ &#34;</strong><strong>That&#39;s right Chucky, get out there and say what they told you to say.</strong>"
"Schumer, Fedderman and the &#34;BIG GUY&#34; are all about the same with motor skills, except Fedderman has a legit reason."
"Schumer hopefully only has a few more years left "
"Ya china is humiliated. They are saying hey lets send a balloon over the US, we will fly it over sensitive military sites, let it travel 7 days and see how long it takes them to shoot it down. OMG the never shot it down until it finished its mission, see all that money we gave the Bidens is paying off."
"Typical democrat reaction.  Deflect by saying &#34;it&#39;s the other guys&#34;.  In this case, it&#39;s pretty obvious who is embarrassed.  The US is, due it&#39;s incompetent, woke democrat &#34;leadership&#34;, of which Schumer is a primary example."
"The balloons are a test of response. "
"Kind of the other way around.................... SPIN... SPIN... SPIN !"
"Yeah, they were so embarrassed they sent two more “aerial objects” over us and their defense official even refused to take a call from our Secretary of Defense.  Really embarrassed, boy!  "
"What if,,,, what if China was rehearsing to drop a Virus on the USA and other nations?"
"Schumer obviously is not very bright.  Biden administration isn&#39;t tough on anyone but the American people.  "
"The chinese are embarrassed? With biden, pelosi, schiff, and schumer, they&#39;ve got NOTHING on us."
"Chuckie must be smoking that legal NY chronic. Gaslighting to the fullest."
"Meanwhile democrats remain the biggest embarrassment to Americans in our history. "
"For years I&#39;ve been calling Schumer our National Windsock, but I agree China looks weak obviously lying about the balloons. We should have knocked the first one out over Alaska as well. That part is on China Joe."
"Chuck U. Schumer"
"under the word shimmy is a picture of schumer "
"I don&#39;t believe a word out of his mouth."
"Humiliation is having Chuck Schumer bloviate."
"I think he&#39;s got it backwards."
"No, it’s not a “set back” for China. Anyone with half a brain knows it’s a “humiliating” only for America. Literally, anything a Democrat says, the truth is the exact opposite "
"Somebody call sharpton "
"Schumer is humiliated every time he speaks…."
"I have read the press releases by the CCP and I don&#39;t hear anything remotely showing humiliation or embarrassment by China. They are poking fun at Biden as president of the United States."
"There laughing as they review all the video "
"China says America embarrassed by Chuck Schumer "
"If Schumer is moving his lips,its a lie."
"Let me see if I got this right. The Chinese sent their spy-thing over, is traverses the entire US, it gathers and transmits all of the intel and fully completes its mission before we shoot it down and the CHINESE are humiliated?
Makes perfectly good sense to me. Just like having 17 or so different genders"
"And that&#39;s why we just took another one down, let another one go over Montana, and there are five more in the western hemisphere above our allies.  OK, Chuckie. Swallow your little blue pill.  😂😂😂😂😂😂😂😂😂😂"
"It is really an &#39;embarrassment and a &#34;real setback&#34; &#39; for Biden and his true handlers."
"Schumer is the joke. New York&#39;s best politician next to Ms. Ed. "
"How does Schumer know this ??He was probably told by Milley."
"&#34;The Chinese were caught lying . . . it&#39;s a real setback for them.&#34; See Chucky, like the Dems, the CCP doesn&#39;t care if we know they&#39;re lying. They&#39;ll just keep doing it anyway."
"Schumer is humiliating."
"What a joke he is. Yea they are so scared they don’t want to answer our calls. Just tell the truth. Your administration is making us look like cowards. "
"Really?? I see the opposite."
"Our politicians need to start putting America first and not their political party."
"Schumer don&#39;t get your hopes up. The Chinese got all the information they wanted. They made a fool out of Biden and the Democrats and the US military, so why would they be embarrassed?  To them it was mission accomplished."
"I imagine that the CCP is quaking in their shoes. They now know that our military can pop a balloon 10% of the time.
Or are they laughing about being POTUS?"
"China doesn&#39;t get embarrassed, they have no shame. This was an incredibly embarrassing event for the Biden cartel along with all DEMs..."
"Well, I&#39;m humiliated by Schumer!"
"Schumer needs to stop and smell what he&#39;s shoveling. China will just keep sending balloons outand it&#39;s US that should be embarrassed to have such an incompetent and weak President who hasno real concerns about our National Security. "
"Chuck also thinks New York City is a safe place for the family to visit"
"I read news publications from Germany, France, Israel, Japan, Australia and England. The PRC are not portrayed as humiliated certainly and the opinions on the US are at best mixed."
"Everyone is watching the balloons or the Super Bowl, instead of the big story that&#39;s happening.The White House visit of a CCP supported, illegitimate Brazilian President, who rose to power stealing an election, with the help of the State Department, CIA and Big Tech. Just like Biden did."
"they did it for laughs"
"&#34;Schumer says Chinese ‘humiliated’ by spy flight incident: ‘It’s a real setback for them&#34;...It would take me 3 Bloody Mary&#39;s and 4 tall glasses of Kool-aid to get my head around Schumer&#39;s delusion..."
"Seriously? The Chinese are testing us and Schumer believes they are humiliated? Boy his head is big. Can’t wait until he’s gone. "
"not nearly as humiliated as biden. "
"And you know that how Chuck?"
"Leave it to Schumer and the Dems to spin this wave of communist Chinese spy craft attacks as a win for  America. How sad and demented."
"They&#39;re just running cover for you and the gang like any good partner would do chuckie."
"Chuck, no setback since Joe is in the WH"
"lol.   I think he meant to say the US was humiliated.  "
"Normal vs. Crazy."
"Democrats have redefined so many words that I don&#39;t think Schumer knows what the meaning of &#39;humiliation&#39; is. Biden allowed China to get everything they wanted from the spy balloon as it floated over some of our most sensitive military areas. They also learned Biden is not interested in protecting the American people."
"A set back in what way?? They never intended to get the balloon or its payload back and they don&#39;t care one bit if the world knows. Lame......"
"china is happy that they got more than the 10% they pay the “ big guy”."
"That’s it, an “embarrassment”?  What about an unabashed threat to our homeland? Typical Lib response."
"You can spin this however you want, fact is they keep sending them making us look weak, probably will keep sending them now."
"You can spin this however you want, fact is they keep sending them making us look weak, probably will keep sending them now."
"Ever notice when he speaks he is always reading off prepared remarks.  "
"COVID 23 delivered by balloon. How novel "
"Schumer actually said something, he always reads from a prepared script."
"After that whole Russia thing...I would trust Mexico water over Schumer. "
"No.  China is not humiliated.  America is regularly and constantly humiliated, weakened, and degraded by Biden, Schumer, Pelosi, the Squad, and the other members of the American Communist party (i.e., Democrats)."
"He gets it backwards as usual."
"I&#39;d love to be a fly on the wall when BIDUMB and Chuckie are together talking about their hair transplants the brain-damage must make the conversations interesting to say the least."
"Chuck is having a flashback to his &#34;Electric Kool Aid Acid&#34; days."
"Sure Chuckie sure. "
"he left out the important part... &#34;the US&#34;... it should read... the Chinese &#39;humiliated&#39; the US... again..."
"Chuckie they flew the thing all across our country. Gathering information every minute.  Who is humiliated?"
"Besides, in China&#39;s view the US public is too busy with CRT training in the military, drag queens in schools, kids not learning anything."
"Chuckie says Chinese pals got their feelings hurt. We must compensate them."
"US government officials should feel humiliation.  China is playing with us,getting ready to take over the world. As usual another blatant lie from left."
"Who is humiliated?  I think Chuckie has it backwards. "
"Talk About A Used Car Salesman !"
"So this guy runs the Senate.  That’s just great !  "
"At this rate the chinese are laughing all the way to world domination."
"Schumer has no insight to offer on what the Chinese think or anyone else for that matter. He’s doesn’t think of strategy to obtain an advantage for his country like nearly everyone else in the world does. He too busy opening the border and bankrupting the country."
"Yeah Schumer, They are sooo humiliated they send two more up in they same week. Schumer makes no sense."
"The Chinese are not humiliated, they are gloating at our ineptness in dealing with the balloon. Joe Biden is the laughing stock of the world and he&#39;s to dazed and confused to know. With Article 25 we have a way to remove this cognitively impaired old man. Of course that leaves us with the cackler. Are we doomed?"
"Says the NY senator that is also in the pocket of the Communist Chinese! "
"they are playing chess and Brandon is trying to find a checker board."
"Doubtful! Schumer, the Democrat, still lying!"
"I think having a spy flight gather everything it wanted as it flew over the US humiliated Biden no matter what we gained from it. "
"No, we were humiliated, by dithering Joe."
"Yeah we gained crucial intelligence from observing it fly over the country. It was white balloon and was carrying stuff."
"Yeah, it&#39;s real humiliating to have your spy balloon shot down after it has taken pictures, recordings, and transmitted all of its data to its source. "
"&#34;humiliated&#34;, &#34;suffered a setback&#34;!!!!  On what planet does Schumer live."
"Umm joey humiliated the USA on this one.  Just like the Afghan pull out But they know their pronouns "
"Schumer is a chicom sympathizer!! "
"Keep telling yourself lies Schumer.. the Chinese are laughing at your boss 😆"
"Think Chuckie is living in la la land with Joe and his handlers"
"Chuck Schoomah sez...and only for that reason I don&#39;t believe a word he said."
"China owns the Biden&#39;s and others in politics.  Why else would Biden order the borders to turn into an invasion of the USA without a shot being fired.  As far a Schumer goes, he is probably a bigger liar than Biden.  Our DOJ, FBI, and other branches are simply corrupt and supporting the invasion.What we have in my view is a multi prong approach to taking over the USA by China all for our rich natural resources  and our Generals are sitting on their hands letting it happen.  IMPEACH BIDEN NOW!  Put the Army on the border and round up all of the illegals and deport them NOW.  IF you can&#39;t prove legal citizenship you get nothing but a one way ticket back to your country of origin."
"Hey dummy, China is laughing at us and this is in no way a set back. China pulled our shorts up over our head and to say anything other is ridicules. "
"The Chinese are laughing at us. That’s not the normal response of someone who’s been humiliated."
"Nothing like having delusional leaders"
"Chinese will cross the Pacific same as ants ride on rafts bouyed by the dead bodies of thousands of workers. The invasion has already begun. Thanks Brandon! "
"Schumer says Chinese ‘humiliated’ the US by spy flight incident: ‘It’s a real setback for US.Fixed it..."
"Unfortunately, politicians put us in a position where we have to have a relationship. A manufactured problem, if you will. "
"&#34;I think this administration is strongly tough on China, but mindful of the fact that we can&#39;t stop talking to them. We have to try to have some kind of relationship,&#34; Schumer said.

Sounds like Trump on North Korea🤔"
"Chuck makes me laugh.  The Chinese are not humiliated at all.  It’s just another Dem lie.  Chuck and Brandon lie so much, they would not know a lie if it bit them on the rear end. "
"We were humiliated by Feeble Joe&#39;s response to the first balloon. The world is laughing"
"Look, I don’t believe anything Schumer says. He’s just a propagandist and misinformation machine. "
"yeah right schemer. you&#39;re the kind of guy that would wee wee on somebodys boots and tell them it was raining"
"Whatever Chuck, and our borders are secure too."
"Schumer should be impeached for these remarks! Allowing a spy balloon to travel the length of our country would seem to me negligence!"
"Or country changed when we stopped living by the &#34;spirit of the law&#34; and started living by the &#34;letter of the law&#34;. Turning point, ....&#34;that depends on what the definition of is, is&#34;."
"China opposes the U.S. on almost everything. Wake up! Stop buying stuff made in China. Develop alternative supply chain options. Build alliance for offense / defense with Pacifuc nations. "
"I bet Xi is crying in his pillow over the embarrassment.  It took a week for Biden to do anything.  Xi got the information he needed."
"Yep, and that’s why they keep doing it. Chuck, get a clue. "
"Wrong again Chucky.  China humiliated Joe not the other way around "
"Since when is China &#34;humiliated&#34; about anything?  Chuckie is lying again.  WE are the ones who are HUMILIATED because of our weak and feckless so-called &#34;president&#34; and this regime. "
"Ask me if I care about it, Chuckie! We know you have deep pockets with China along with Lie-den. "
"No, the setback is brandon and you with pelosi."
"In schumer&#39;s world I guess he would say that mexico is humiliated because so many people are leaving their country. the green woke utopia has such foolish logic."
"New Yorkers are not very bright!"
"So Left...is Biden sold out to the Chinese or is he and his handlers just incompetent.  There is no 3rd choice. "
"Looks like Schumer don&#39;t know what he is talking. Looks like Democrat Liberal Left Politicians Culture. China is not humiliated by shooting down Spy Balloon. It is Biden, his Administration and Democrat Politicians should be humiliated for Biden allowing Chinese Spy Balloon to fly over many US States. Probably Chinese Spy Balloon gathered enough Defense secret on the way from West Coast to East Coast. It should humiliate Biden Administration and not Chinese Communist Party not doing anything for almost one week. "
"So now Schumer acknowledges that enormous information was obtained by the incompetent, slow reaction of the White House and letting the balloon traverse the entire USA.  SO WHICH IS IT Schumer?  Biden was smart or not?  Can’t have it both ways."
"Right Chucky. The Chinese tried to sneak the balloon across the US and we outfoxed them. "
"We don’t need a relationship with them… that’s the problem. We should depend on no one but ourselves…."
"I spewed coffee while reading this headline! Chucky is a comedian. "
"The ultimate gaslight. Take one of the most humiliating failures of this administration and try to claim it humiliated the Chinese. Democrats have no shame. "
"Well when the president of the united states os on the payroll of the chinese can we really expect any real action to counter china’s slow motion invasion of the US?"
"Schumer supports selling US land to China. What is this nonsense?"
"A walking advertisement for TERM LIMITS. You are CLUELESS if you think the Chinese are humiliated. They don&#39;t know humiliation! Wake up!!"
"Schumer spins so much he must be permanently dizzy.  The Chinese are hardly &#34;humiliated&#34;.  President poopy-pants allowed them to overfly the entire continent, gathering all the intelligence they wanted, before finally being forced to shoot it down due to political pressure.  "
"The setback is so embarrassing. Better luck tomorrow."
"You can&#39;t get anymore embarrassing than Joey Noodles ruining the country. "
"China Humiliated????? LOL LOL LOL, Schumer should feel humiliated by all of the CRAZY things he and the Democrats are doing to our Country. "
"Only person humiliated is sock puppet Joe Biden..."
"Oh yeah Schumer...China is shaking in their shoes...NOT. "
"Chuck is delusional, like always. "
"Good try at a cover story Schumer."
"“We were able to gain an enormous amount of intelligence “…as we watched the balloon drift over us obtaining an enormous amount of intelligence.  "
"Humiliated!? Yeah... so they send more..."
"He’s lying. He always lies. "
"China flew a balloon over our country which, no doubt, had all its communications jammed. I doubt China got much good out of it...but we did."
"Schumer is either utterly obtuse, or he is pretending to believe this for the sake of political posturing. At this point, does anyone truly feel that by having a $200+ M aircraft shoot down some balloons, then let it dominate our news cycles and panicky political narratives for weeks, the US somehow comes out looking like the dominant world superpower, while China looks humiliated?"
"33k+ deaths from an earthquake but no one cares… "
"These statement just solidify how delusional left is and they believe they can gaslight everyone"
"Schumer is delusional.The Chinese are laughing at the US."
"Chy-na owns the DNC."
"We are suppose to trust canadas word too? 😆.. same agenda as this liberal gov. .. I mean what are people missing ? "
"LOLOL....how is them showing to the world that they can spy on the U.S. for days with total impunity being humiliated??  Old coot Shumer has clearly lost his mind."
"How is this an embarrassment for China, they flew a balloon across the entire country before it got shot down."
"Rick Scott says we need to Sunset Social Security. Isn&#39;t he a republican?  Sounds like Biden was right during the SOTU speech. "
"LOL.... Trust me, the Chinese are humiliated by nothing.  A minor setback perhaps, but certainly not humiliated."
"That&#39;s what he gets for thinking.  Maybe he should stop while he is still ahead.  "
"Remember when Schumer went Whew , and now we are going to change the world? This was their plans all along!"
"Maybe we should let China fly a few more over so we can gather even more information."
"So we shoot something that can&#39;t flee or fight back with a half million dollar missile."
"Could he be any more clueless?"
"<strong>That is like saying a bank robber who is set free to rob again after stealing millions of dollars, is humiliated by the bank.</strong>"
"Not sure what planet he&#39;s living on -  can&#39;t be  Mother Earth.  "
"Hey Chuck, you got it backwards.  They are laughing at us.  The first balloon was too high and so we couldn&#39;t shoot it down. Then we let them cross the country, happily snapping pictures wherever they wanted.   And now these last two balloons are too low and so unsophisticated that we can&#39;t detect them before they enter the country.  All nations are now laughing at use for being so inept."
"<blockquote><strong>Schumer says Chinese ‘humiliated’</strong></blockquote>Schumer is such a transparent propagandist. Obviously the Chinese knew we would see it and knew how we&#39;d react. There&#39;s some strategy behind all of this."
"No Chuckie, Joe was humiliated and embarrassed us as a nation!"
"Hardly "
"The United States, humiliated China? China flies a balloon over the United States territory for a week, and because we finally shot it down, we humiliated them? If that’s truly what Chuck Schumer thinks, he is less competent than I thought."
"actually the US was humiliated by China by allowing the spy craft to complete its mission before shooting it down. wonder how much the Biden family got paid by China for allowing this. "
"The United States, humiliated China? China flies a balloon over the United States territory for a week, and because we finally shot it down, we humiliated them? If that’s truly what Chuck Schumer thinks, he is less competent than I thought."
"actually the US was humiliated by China by allowing the spy craft to complete its mission before shooting it down. wonder how much the Biden family got paid by China for allowing this. "
"It says Schumer argued that it is an embarrassment. He is trying to convince people he knows what he is talking about again...."
"Be very cautious of any politician with dual citizenship in a foreign country."
"These Democrats are dillusional."
"Schumer would win at the game of Twister!  China Humiliated…. Right….   Dems should be humiliated as well as Brandon and his entire admin….."
"But not humiliated by the Russian hoax he screamed about"
"America, Senate, and New York  humiliated by Schumer."
"There are exceptions to the rule that nothing Schumer says is worth paying attention to. This is one of them. His blatant and transparent lie is exactly like what Biden does.  He says something he thinks advances his position no matter how outrageously dishonest it is. So Schumer just proves that all major Dems do the same thing.  F them all. "
"Ok, Dems... You stole the election and now see what you&#39;ve done! "
"Schumer and Biden are  embarrassing, they are both in bed with the Chinese.  Shooting down the spy Ballon once the mission is complete is Treason."
"Schumer, pillar of integrity. ..these aren&#39;t the droids you&#39;re looking for. No, I&#39;m pretty sure they&#39;re the droids. "
"Schumer is one nutjob."
"Schumer says......lol......lol...lol"
"Hey chuck I’ll bet your parents are humiliated, so this is something you actually know about. "
ROFLROFLROFL
"Obama/Rice administration is embarrassed.  Never imagined pulling the levers from behind Joe would be so difficult.  Schumer and his boss Pelosi know this is the truth."
"No more of an embarrassment than Schumer."
"America is humiliated everyday Schumer is in office."
"Neither Schumer or Biden are smart enough to figure out what we may have found, swamp rats have no intelligence they just run together"
"Republicans are the source of entertainment in 2023 and makes the world laugh at the USA."
"China doesn’t care 🌝"
"If China is getting ready for an invasion, SEND ME AMMO!"
"Brandon lets the China Spy balloon fly around the US unimpeded and China is the humiliated one????? 🤣😂🤦‍♂️ - Dims at their finest......."
"Schumer is  a slimy corrupt politician
China has him and creepy China Joe in their pockets "
"That’s exactly what we want. Embarrassment and humiliation in Chinese culture is worse than death. That’s exactly how to hurt them - embarrass them. Constantly, a lot, publicly. "
"Oh yea, very humiliating for China🙄."
"The headline should read &#34;<strong>US humiliated’ by spy flight incident: ‘It’s a real setback for them’</strong><strong>As usual, </strong>Schumer and the Dems are the last to know."
"you after it flew across the US, yeah that&#39;s a real &#34;setback&#34;"
"Another lying delusional politician trying to turn the narrative. They aren’t humiliated. They continue to push the envelope to see what they can gather and get away with.   As Biden, et al. Sit around with their thumbs in their Ears. "
"They all start with &#34;Look&#34; and it&#39;s always complete BS. "
"Go Die chuckie"
"Just another distraction from this administration. Let’s call this one weapons of mass balloons. "
"I am not so sure, Chuckie.  Looks like Biden was the one who was humiliated by waiting so long to shoot down the 1st balloon.  Biden is consistent in his national defense decision-making, however.  He has earned a flat ZERO.  "
"Gee Chuck, I didn&#39;t realize that Biden was Chinese, but I guess we should have figured that out by now. "
"How much money did we spend to shoot down a balloon? China knows this and will send many more. Tell me we don’t have a laser to burn a balloon without having to waste millions on aircraft, missle, fuel for a balloon…"
"Typical lying lib Chuck U. It was humiliating for us to have a spy balloon go clear across the country. Biden asleep at the wheel "
"Humiliated? Then I guess they&#39;re gonna be completely mortified when they attack us through our own borders."
"Not nearly as humiIiated as Biden and his feebIe administration."
"The Chinese and Biden administration (same thing) get caught lying every day and it doesn&#39;t seem to bother them."
"So humiliated that CCP keeps launching new balloons and mocking US as overreactive while &#34;demanding&#34; their equipment back. Delusional statement by chuckles not rooted in fact as usual. "
"democrats need a dose of enormous intelligence!"
"We let the thing travel across the entire continent without interference and it&#39;s the Chinese that are embarrassed? "
"No Chuck, the Chinese are laughing saying &#34;we sent spy balloons a 1000 times before and you just caught us&#34;. We were the ones humiliated. "
"They don’t look as bad as Brandon and Chucky "
"Sorry Chuckie, it&#39;s the USA that has been humiliated. The mere fact that you are saying what you are saying means that either you are intentionally lying to the people you are supposed to serve, or you are a completely delusional just like Brandon. In either case, it also means that you should never be in a position to have any effect on the lives of the American public. "
"Where&#39;d he get that info, tik-tok?"
"Schumer should be humiliated being Schumer."
"Humiliated, Right. Sure. They did it on purpose..Not like it would of gone un-noticed. Chuck U Schumer thinks americans are dumber than he is. Never occurred to him that his premise is wrong."
"I am embarrassed for New York...."
"He&#39;s jewish which means he can lie to the goyim, he lives by the talmud."
"Right -- the US uses a multi-billion dollar jet to shoot down a balloon, and the Chinese are humiliated??? Now the US hysterics are shooting everything they see out of the sky. What could possibly go wrong!"
"Schumer has a direct line?"
"Yea right one of the biggest swamp crooks democRAT Schumer speaks on behalf what the balloons are to China. What a joke."
"Gru is ready to rule!"
"Schumer said the U.S. was able to obtain &#34;enormous intelligence information from surveilling the balloon as it went over the United States.&#34; Like what? LOL!!!"
"Quick! Circle the wagons!"
"This country was embarrassed, not China; they’re still laugh."
"Schumer thinks a lot.... because he doesn&#39;t know a lot."
"an embarrassment and a &#34;real setback&#34; for the Communist country

...and then he woke up in a wet spot..."
"The first one was Stacy Abrams scoping out the all you can eat buffets across the country"
"Chuck is playing checkers..."
"Chuck Chuck Chuck, not even you believes the  Chinese are &#34;humiliated&#34; by the balloon incidents. They got exacy what they wanted and you and your party are the ones humiliated for letting the. get as far as they did. Time for ypu to go back under your bridge. "
"It&#39;s refreshing to see Fox News publish an article about an American senator taking America&#39;s side.  But then you read the comments and wonder if the entire Fox News audience is Chinese bots."
"Only in a libs mind. The other two were taken out in hours suggests otherwise. "
"Chuck is no longer very sharp is he? Biden was humilated. He looked like a bungling clown."
"The Chinese were humiliated?  Come on man! Biden once again had the United States appear as weak  as himself. Allowing that balloon to traverse almost the entirety of the country was not &#34;humiliating&#34; for the Chinese. Wake up chuck!"
"“Chuck the Schmuck” is spewing propaganda.The Chinese are happy! Look at all they are learning from this exercise.Chuck IS Sold Out!"
"He’s another delusional politician who needs to be removed or voted out. We were the ones embarrassed not the Chinese. They were so embarrassed they sent three more balloons!"
"MAGA or die!"
"Chuk Shooomah"
"Crying&#39; Chuck chimes in."
"Schumer the never ending Democrat spin doctor....now you really know America was humiliated by China."
"Bizarre takeaway."
"He surely loves breathing in the sweet smell of honeysuckles in the (BUBBLE) he lives in. "
"Im sure another 50 sailed across the US as incoherent joe and the left wing supremacist party decided who should shoot it down with the correct minority and cross dresser representation and is this discriminatory towards Asians.  These are tough questions libbys must ask first before acting to defend our country in any way lol "
"Chuck and Joe are both delusional if they think China is embarrassed or gives a flying F about the ballon situation. This pure pure projection by two old feeble men"
"Schumer reminds me of the character Wimp Lo from the movie Kung Pow! &#34;We taught him everything backwards, as a joke.&#34; &#34;Ha-ha! I&#39;m bleeding! I win!&#34;"
"Having to use sidewinders to shoot down tow hundred dollar balloons. CCP members all laughing watching CNN. Yeah. they&#39;re humiliated alright."
"Schumer needs a Gaddafi style lynching "
"Crying&#39; Chuck chimes in."
"Chuk Shooomah"
"Schumer the never ending Democrat spin doctor....now you really know America was humiliated by China."
"Bizarre takeaway."
"He surely loves breathing in the sweet smell of honeysuckles in the (BUBBLE) he lives in. "
"Im sure another 50 sailed across the US as incoherent joe and the left wing supremacist party decided who should shoot it down with the correct minority and cross dresser representation and is this discriminatory towards Asians.  These are tough questions libbys must ask first before acting to defend our country in any way lol "
"Chuck and Joe are both delusional if they think China is embarrassed or gives a flying F about the ballon situation. This pure pure projection by two old feeble men"
"Schumer reminds me of the character Wimp Lo from the movie Kung Pow! &#34;We taught him everything backwards, as a joke.&#34; &#34;Ha-ha! I&#39;m bleeding! I win!&#34;"
"Having to use sidewinders to shoot down tow hundred dollar balloons. CCP members all laughing watching CNN. Yeah. they&#39;re humiliated alright."
"Schumer needs a Gaddafi style lynching "
"spoken like a true democrat"
"Yeah, right, Chuckie Boy! You should probably leave the spinning to the spin doctors!"
"Living in dreamland "
"So, Chucky Schumer is laying Biden is Chinese?  Biden is the only one humiliated in this mess. Schumer needs to go too."
"It’s the US that’s humiliated.  Dah, China got what they wanted!"
"Is that why they’re still laughing at us? Give it up Chuckie "
"where was 4uck schumer during covid? oh that’s right trump was in office and instead of defending america and calling out china he attacked the president."
"Schumer says this? Lol"
"So that&#39;s what this treasonous tribe member thinks huh? The only ones embarrassed are the democrats and RINOs who&#39;ve let China do whatever they want."
"schumer lies when he breathes , he is in business with China"
"No Nuts Chucky just can&#39;t understand what projection is can he ?"
"yeah, they&#39;re real upset and humiliated Chuck"
"Schumer is so full of Schiff his eyes are brown."
"Schumer, so obtuse he doesn&#39;t even know when we&#39;re being played...."
"Like our natives said about us, we speak with a forked tongue.  This applies to all democrats. "
"lol "
"What a bunch of baloney. Lame excuse to let ANYTHING fly over our lands in this manner. If we need to study and balloon for a week, something is wrong. Dereliction at best, treason at worst."
"No, Schumer, you are trying to earn brownie points and show that you have more brain cells than Biden……..go back to sleep……"
"Chuck U Schumer, come on man."
"Lol they have no regrets they have proven the ineptness of this admin."
"Curses!  Foiled again.            #DominionSatellites                     #FJBama"
"Sure it was Chuckie. Wonder who wrote that down for him because that clown can’t speak an entire sentence unless he’s reading it. "
"Chucky misses the good ole days of the holocaust."
"Schumer is trying to cover up Biden&#39;s incompetence."
"Republicans love to lick Putin&#39;s boots and are mad that majority of Americans stand strong with Ukraine."
"Chuckie is a joke"
"&#34;....an embarrassment and a &#34;real setback&#34; for the Communist country....&#34;

I wouldn&#39;t count on that Chuckie."
"Schumer is about as intelligent as Schiff For Brains. "
"I guess the Chinese Gov&#39;t just need lessons from Biden, a seasoned and shameless Liar."
"China gets no credit, Brandon was a fool long before these flying saucers…….."
"Typical delusional dem. This guy is truly nuts."
"perfect example of how ignorant and delusional liberals are. "
"Typical delusional dem. This guy is truly nuts."
"perfect example of how ignorant and delusional liberals are. "
"Humiritated?  Sirry rittle man..."
"BuWa - hahahahaha..."
"Humiritated?  Sirry rittle man..."
"BuWa - hahahahaha..."
