"if the US really wanted the Chinese to change their path, the state department would put out a notice stating that due to collapse of diplomatic dialogue and worsening political tensions, US citizens should leave China immediately. Chinese vessels should also be barred from US ports…..etc, etc. They would pick up the phone and come to the table immediately with a completely different attitude….if we wanted that and had the backbone to protect US interest."
"This is how diplomacy works with China. We coddle to kind language and they lie at every turn and our politicians buy it. "
"&#34;The U.S. Congress’s resolution is purely about scoring political points and dramatizing the whole thing,&#34; Mao claimed. &#34;China deplores it and firmly opposes it.&#34; When did it matter how China feels about America’s political stability? Americans don’t care how you feel China about our democracy! "
"So strange that balloon was identified as Chinese on January 28th off the coast of Alaska.But biden decided to let it tour America coast to coast. "
"<strong>China claims Congress &#39;dramatizing&#39; spy flights with bipartisan resolution</strong>yes, of course....we&#39;re just dramatizing the spying that you&#39;re doing on our country.at least china is admitting that it&#39;s spying on us....i mean, they aren&#39;t even hinting at denying the balloon was a spy craft."
"... China can say what it wants, even with Joe in the WH, America is still a sovereign (though compromised) country and can respond to any perceived threat in any way it chooses!"
"The Chinese have only been empowered by weak leadership, buying up politicians (like Joe Biden), and by being allowed to set up spy networks in the US. Coupled with the amount of US debt they hold, it’s only logical in their minds that they think they “own us,” and can do whatever they please. I place the blame on career politicians, comprised mostly of Democrats."
"chinese need to stop commenting on things that are not their business.   I think it’s time we started examining chinese transactions in the US and stop the land buys"
"China lies and dramatizes everything to put its leadership in a lost positive light.  But they don’t like it when others do it to them.  Like democrats, they are never accountable for bad consequences and always right and intolerant of dissenting viewpoints.  Their influence in America has never been this strong."
"When the Chinese talk about political points in 🇺🇸,  that&#39;s when it becomes clear just how involved they are."
"Joe says it&#39;s no big deal. That&#39;s good enough for me. Problem solved. (Sarcasm)"
"If this was an American or European balloon, China would be complaining all the time about this. Saying it is an international outrage after shooting it down on the first day. The Chinese CCP are a joke and need to be told so by the western countries for all there lies they tell to the world and their own citizens."
"If American leftists had their way, we’d be just as indoctrinated as the Chinese are and we’d just wholesale believe anything the government told us. "
"So if I was China and planning an eventual military attack on the USA, I would begin by sending a highly deadly drug to a 3rd party, (Mexican Cartels). Knowing that they would sell it to my target, (USA) to begin my first wave of killing off the fighting age demographic, (teenager to 45 year olds) to the tune of 100,000 a year. Then after about 5 years of diminishing the draft age for the military, I would attack. The question is, why aren’t our military leaders thinking this way? Crazy you say? Maybe not, because part of that theory is already underway. "
"When asked about the nature of the <a href=""https://www.foxnews.com/video/6319732304112"" target=""_blank"" rel=""noopener"">equipment on the aircraft</a>, Mao replied, &#34;I do not have the information.&#34; What ? I thought it was a harmless weather gathering balloon ! "
"Congress should continue to give China both middle fingers with respect to their spy balloons.  Any espionage equipment or vehicles still in the atmosphere over a country is fair game.  You want to overfly the U.S. and spy?  Do it from orbit."
"I wish we could get along with China but a dictatorship led country just doesn’t play well with others. They have wonderful people but they are led by oppressive regimes. "
"If it takes a former reporter/photographer from the Billings Gazette to alert NORAD and the United States military that a Chinese spy balloon is flying over United States heartland, why are we spending trillions of dollars on a defense budget each year?`<em>Very sad state of affairs in this country led by a man that can&#39;t control his own bodily functions let alone his brain functioning. You get what you voted for.</em>"
"And remind me,  why do we care what China thinks? 
The politicians have no shame, the world talks down to them. The citizens are on their own when traveling. 
No country has any respect for the United States. The only counties who pretend to have respect are the ones with their hand out. 
The politicians and Marxists billionaires buy their friends because no one likes or respect them. Reality check"
"No one has done more The Chinese Communist Party than President Biden."
"The Congress members would like to thank the Chinese for providing a timely distraction to keep them from doing their jobs."
"This balloon was no big deal, your overreacting!

What equipment did it have?

Don’t worry about that…"
"Is Brandon really defending the Chinese for flying a spy balloon over the USA?  And they say he isn&#39;t compromised. "
"China is right.. woke dems on a run. Should of been shot down 2 ft in USA air space. "
"American companies need to smarten up. Reselling Chinese manufactured products is short term at best. It damages the companies and America.
For most products there are far more desirable countries that can supply the products that American company’s can not competitively produce. "
"The only thing I see &#39;dramatized&#39; is China&#39;s  LIE that the balloon was for weather, not spying. We know better, sorry. And no....they will never get the balloon back. "
"China owes the US for Trespassing over our land, and over the other 40 countries whose air space they invaded! Forty one countries, should be closing their ports to the Chinese spying on them!"
"<strong>Why hasn&#39;t anyone asked Biden or his administration if they told the Chinese to land their balloon, or it would be shot down.</strong>The Chinese are familiar with that scenario, they forced one of our planes down and took one of our ships!"
"The White Supremacy threat is a lie propagandized by Democrats to discredit Republicans for votes. The Republican Party is anti-racist. 
Those who talk about racism want racism. President Trump talks about Making America Great Again. 
Weak, lost or Evil white people follow Woke people.  

&#34;All American citizens have an inalienable right to think freely.&#34; A Republican value of U.S. Declaration of Independence. 

There are only Rifles and Knives. Some are short and some are long but, none of them assault people. Beware Communist language like, assault rifle, unborn, global warming, COVID-19, coronavirus, abortion rights, etc. 

China isn&#39;t going to waste time playing &#34;Master of the Puppets&#34; with U.S. Democrats. The World needs &#34;Peace Through Strength Law and Order&#34;  President Trump. Democrats want Global Communist Elitism.

Socialism makes people envious. Freedom inspires people to make their own money. Seven deadly sins are pride, greed, lust, envy, wrath, gluttony and sloth. Capitalism loyal to &#34;Free People Matter&#34; is best of the best.

Communist characters matter more than free people in a Communist country. Free people matter more than Communist characters in a free country. 

Democrats in power prove The Constitutional Republic of America needs strengthening through amendment.

Why are Mental Health professionals silenced in the media. 

&#34;I am Transdog. I am having my dog tale surgically put on tomorrow. 
Please, call me Dog.&#34;
Gender Dysphoria is a mental illness. 

Adolf Hitler said: &#34;To conquer a nation, first disarm it&#39;s citizens.&#34;
Really it&#39;s, &#34;To conquer a nation, first monopolize it&#39;s Media then, disarm it&amp;&#39;s citizens.&#34;

Beware Hedonism Philosophy.  Media shows drinking alcohol is good and always a beautiful vacation day. Drinking alcohol is bad in so many ways people cannot list all of them.
Those enslaved to drinking alcohol use moderation as an excuse to drink more alcohol.

Communism and mental illness go together well. 
Not all rich people are leaders but, that doesn&#39;t stop followers from worshiping that rich person&#39;s money and, allowing that rich person to become their master."
"When your Biden retires from politics, I suspect he’s going to become a lobbyist for the Chinese government"
"China is right, the US is overreacting. China already has over 100+ surveillance satellites flying over the US every single day anyway as part of the Yaogan constellation, including optical satellites and sigint satellites."
"China already has hundreds of optical and elint satellites flying over the US, so a balloon that does the same thing isn&#39;t a big deal in terms of surveillance. "
"Biden knew what he was doing, or at least his handlers did.  If they shot it down over land, it would be a guarantee to find all the equipment needed to show that China was spying on all the military bases in preparation for possible attacks.  Shooting it down over deep water provides an excuse for not being able to find everything.  Biden has long been involved with China.  The House of Representatives should demand his tax records going back many years since he has been a multi-millionaire many times over for years.  This is why they are fighting Hunter’s laptop since there are tons of emails proving Joe and his crime family have been involved with China, they are in China’s back pockets."
"They never gave a warning a balloon was coming over the ocean and how can we know for sure its not carrying anthrax to spread over our farmland? "
"This should be a simple fix. Sanction All Made in China Products and No Tax Payer Bailouts for any Corporations that has Factories in China. Both would be a Big Win for America."
"If the FBI is involved with the investigation, China will get the balloon back with a trophy and a hug."
"If it is a &#34;surveillance aircraft&#34; from your adversary and it&#39;s flying overhead, you cannot dramatize it enough."
",,,and that&#39;s not a cogent explanation for violating US airspace without permission,,, try again CCP, we&#39;re waiting,,.."
"Why is China dictating what our politicians should do and shouldn’t do?"
"It&#39;s time to cut CHINA off from anything USA.  better start making things in the USA and don&#39;t listen to one DEM that is on CHINA&#39;S payroll.  These RINOS and DEMS will sell the country out"
"Boycott Chinese goods. You don&#39;t need it. Do without. You will survive. "
"Each and Every Tax Payer Bailout helped China more than America. Now remember to help China more and run out and buy their Products, if you don&#39;t, your Politicians will give their Corporations anther Tax Payer Bailout. "
"So DOD uses a $200M plane and a $400K missile to shoot down a $10K balloon. And Biden says inflation is under control? "
"We, the American People and our RNC/DNC Politicians, have made China a Economic Force around the world. Soon they may be buying up Friends around the world like we have done."
"Show some spine and sanction Chicom. The reason they will not is because most of them are already in china&#39;s pocket."
"China’s commentary about the going’s on INSIDE our government are irrelevant. It’s none of their business, but CLEARLY they aren’t happy that there is any bipartisanship here, especially as it relates to their country "
"China and the Democrats agree, especially AOC! Should tell the American people something!!"
"The people who unleashed a worldwide pandemic and refuse to allow it to be investigated are telling us we overreacted to their balloon. Meanwhile, Biden sells our strategic oil reserve to China, and keeps telling us they’re not bad folks. "
"The fbi is handling this? They&#39;re just waiting for xi to tell them what they found. "
"And so many still believe the release of the “China flu” was just a crazy bug from an animal at the Wuhan wet market. Really?"
"Who&#39;d have guessed that Balloons were High Tech. We have to give the Chinese credit."
"COMMUNIST CHINA has zero credibility. "
"We should not listen to anything China says. They lie as much as the Dems lie.  "
"China is doing to the US what the left does to conservatives. Same playbook. Lie. Deflect. Shame. Minimize "
"The USA routinely made U-2 flights over China in the 1960&#39;s.........Are WE special ???The flights ended when special ECM units of faulty design fitted to the planes made them easy to detect and three were shot down in a very short time."
"<strong>Hey</strong> <strong>Mao Ning, the act of flying that balloon over The United States of America is called <em>&#34;ESPIONAGE&#34;</em> so don&#39;t lace it up with your Chinese Communist Propaganda.</strong>"
"Biden sounds just like Mao."
"This sounds like Joe Biden is giving HIS Chinese Team support on how to make their Woke Fight look better than what Repubs are ‘selling’?  What say You?"
"Hey, you fly your balloons over our airspace ? You get no say in how we handle it.. nothing.. stomp your little Chinese feet.. do what you have to to get over it, we should have shot it down as soon as we were aware of it, that’s something the current president has to deal with"
"Gangster Biden panders to Xi Jinping. "
"China is still claiming it was a weather balloon, yet they never informed us that it &#34;went off course&#34; into our airspace...What does that tell you?"
"I didn&#39;t see any type of motor on those Balloons, boy the Chinese must be a lot smarter than we are, if they can get a Balloon to float over the areas it wants."
"It&#39;s a good thing joe is the President. Otherwise we might think china spying was a bad thing. "
"There are tweets stating the ballon from China had English writing on it. "
"The only difference between China and the USA is they are terrible liars and we are better at it.  To tell us that this was a weather balloon and now basically they’re admitting it was for surveillance just further shows the world that China are terrible liars - not very good at it.  "
"In the meantime, we&#39;re stuck with Brandon in charge "
"Steve Bannon should lead a delegation of leaders from the New Federal State of China to visit Taiwan.  That would really irk the Chi-coms."
"Expel all Chinese diplomats until the real truth is determined. Period."
"Oh wow. China has an opinion about our politics. Who knew?"
"Evil Joe Xiden was told by his overlord in Beijing that the balloon must be allowed to complete its mission.  Hence, the 8 day delay in the response."
"Oh, we are DEFINITELY over dramatizing this in America. 

We over dramatize EVERYTHING in America. 

We&#39;re Drama Queens!"
"<strong>China claims Fox &#39;dramatizing&#39; spy flights for partisan reasons</strong><strong>There, fixed the headline for you.</strong>"
"President Biden said &#34;No one messes with a Biden.&#34; The guy is gangster. "
"Thumbs up if you believe the Chinese weather balloon statements, thumbs down if you don&#39;t."
"Just feeding the puppies"
"china forgot that Trump is no longer the president and they can&#39;t fly balloons over USA without getting them shot down. "
"They are liars. Any claims, promises and threats need to be taken with a grain of salt. Actions speak louder than words."
"Much ado about nothing."
"The Chinese lie, the politicians lie, the FBI lies, the CIA lies.  Lies, lies sweet little lies.  "
"Much ado about nothing."
"The Chinese lie, the politicians lie, the FBI lies, the CIA lies.  Lies, lies sweet little lies.  "
"if the US really wanted the Chinese to change their path, the state department would put out a notice stating that due to collapse of diplomatic dialogue and worsening political tensions, US citizens should leave China immediately. Chinese vessels should also be barred from US ports…..etc, etc. They would pick up the phone and come to the table immediately with a completely different attitude….if we wanted that and had the backbone to protect US interest."
"This is how diplomacy works with China. We coddle to kind language and they lie at every turn and our politicians buy it. "
"&#34;The U.S. Congress’s resolution is purely about scoring political points and dramatizing the whole thing,&#34; Mao claimed. &#34;China deplores it and firmly opposes it.&#34; When did it matter how China feels about America’s political stability? Americans don’t care how you feel China about our democracy! "
"So strange that balloon was identified as Chinese on January 28th off the coast of Alaska.But biden decided to let it tour America coast to coast. "
"<strong>China claims Congress &#39;dramatizing&#39; spy flights with bipartisan resolution</strong>yes, of course....we&#39;re just dramatizing the spying that you&#39;re doing on our country.at least china is admitting that it&#39;s spying on us....i mean, they aren&#39;t even hinting at denying the balloon was a spy craft."
"... China can say what it wants, even with Joe in the WH, America is still a sovereign (though compromised) country and can respond to any perceived threat in any way it chooses!"
"The Chinese have only been empowered by weak leadership, buying up politicians (like Joe Biden), and by being allowed to set up spy networks in the US. Coupled with the amount of US debt they hold, it’s only logical in their minds that they think they “own us,” and can do whatever they please. I place the blame on career politicians, comprised mostly of Democrats."
"chinese need to stop commenting on things that are not their business.   I think it’s time we started examining chinese transactions in the US and stop the land buys"
"China lies and dramatizes everything to put its leadership in a lost positive light.  But they don’t like it when others do it to them.  Like democrats, they are never accountable for bad consequences and always right and intolerant of dissenting viewpoints.  Their influence in America has never been this strong."
"When the Chinese talk about political points in 🇺🇸,  that&#39;s when it becomes clear just how involved they are."
"Joe says it&#39;s no big deal. That&#39;s good enough for me. Problem solved. (Sarcasm)"
"If this was an American or European balloon, China would be complaining all the time about this. Saying it is an international outrage after shooting it down on the first day. The Chinese CCP are a joke and need to be told so by the western countries for all there lies they tell to the world and their own citizens."
"If American leftists had their way, we’d be just as indoctrinated as the Chinese are and we’d just wholesale believe anything the government told us. "
"So if I was China and planning an eventual military attack on the USA, I would begin by sending a highly deadly drug to a 3rd party, (Mexican Cartels). Knowing that they would sell it to my target, (USA) to begin my first wave of killing off the fighting age demographic, (teenager to 45 year olds) to the tune of 100,000 a year. Then after about 5 years of diminishing the draft age for the military, I would attack. The question is, why aren’t our military leaders thinking this way? Crazy you say? Maybe not, because part of that theory is already underway. "
"When asked about the nature of the <a href=""https://www.foxnews.com/video/6319732304112"" target=""_blank"" rel=""noopener"">equipment on the aircraft</a>, Mao replied, &#34;I do not have the information.&#34; What ? I thought it was a harmless weather gathering balloon ! "
"Congress should continue to give China both middle fingers with respect to their spy balloons.  Any espionage equipment or vehicles still in the atmosphere over a country is fair game.  You want to overfly the U.S. and spy?  Do it from orbit."
"I wish we could get along with China but a dictatorship led country just doesn’t play well with others. They have wonderful people but they are led by oppressive regimes. "
"If it takes a former reporter/photographer from the Billings Gazette to alert NORAD and the United States military that a Chinese spy balloon is flying over United States heartland, why are we spending trillions of dollars on a defense budget each year?`<em>Very sad state of affairs in this country led by a man that can&#39;t control his own bodily functions let alone his brain functioning. You get what you voted for.</em>"
"And remind me,  why do we care what China thinks? 
The politicians have no shame, the world talks down to them. The citizens are on their own when traveling. 
No country has any respect for the United States. The only counties who pretend to have respect are the ones with their hand out. 
The politicians and Marxists billionaires buy their friends because no one likes or respect them. Reality check"
"No one has done more The Chinese Communist Party than President Biden."
"The Congress members would like to thank the Chinese for providing a timely distraction to keep them from doing their jobs."
"This balloon was no big deal, your overreacting!

What equipment did it have?

Don’t worry about that…"
"Is Brandon really defending the Chinese for flying a spy balloon over the USA?  And they say he isn&#39;t compromised. "
"China is right.. woke dems on a run. Should of been shot down 2 ft in USA air space. "
"American companies need to smarten up. Reselling Chinese manufactured products is short term at best. It damages the companies and America.
For most products there are far more desirable countries that can supply the products that American company’s can not competitively produce. "
"The only thing I see &#39;dramatized&#39; is China&#39;s  LIE that the balloon was for weather, not spying. We know better, sorry. And no....they will never get the balloon back. "
"China owes the US for Trespassing over our land, and over the other 40 countries whose air space they invaded! Forty one countries, should be closing their ports to the Chinese spying on them!"
"<strong>Why hasn&#39;t anyone asked Biden or his administration if they told the Chinese to land their balloon, or it would be shot down.</strong>The Chinese are familiar with that scenario, they forced one of our planes down and took one of our ships!"
"The White Supremacy threat is a lie propagandized by Democrats to discredit Republicans for votes. The Republican Party is anti-racist. 
Those who talk about racism want racism. President Trump talks about Making America Great Again. 
Weak, lost or Evil white people follow Woke people.  

&#34;All American citizens have an inalienable right to think freely.&#34; A Republican value of U.S. Declaration of Independence. 

There are only Rifles and Knives. Some are short and some are long but, none of them assault people. Beware Communist language like, assault rifle, unborn, global warming, COVID-19, coronavirus, abortion rights, etc. 

China isn&#39;t going to waste time playing &#34;Master of the Puppets&#34; with U.S. Democrats. The World needs &#34;Peace Through Strength Law and Order&#34;  President Trump. Democrats want Global Communist Elitism.

Socialism makes people envious. Freedom inspires people to make their own money. Seven deadly sins are pride, greed, lust, envy, wrath, gluttony and sloth. Capitalism loyal to &#34;Free People Matter&#34; is best of the best.

Communist characters matter more than free people in a Communist country. Free people matter more than Communist characters in a free country. 

Democrats in power prove The Constitutional Republic of America needs strengthening through amendment.

Why are Mental Health professionals silenced in the media. 

&#34;I am Transdog. I am having my dog tale surgically put on tomorrow. 
Please, call me Dog.&#34;
Gender Dysphoria is a mental illness. 

Adolf Hitler said: &#34;To conquer a nation, first disarm it&#39;s citizens.&#34;
Really it&#39;s, &#34;To conquer a nation, first monopolize it&#39;s Media then, disarm it&amp;&#39;s citizens.&#34;

Beware Hedonism Philosophy.  Media shows drinking alcohol is good and always a beautiful vacation day. Drinking alcohol is bad in so many ways people cannot list all of them.
Those enslaved to drinking alcohol use moderation as an excuse to drink more alcohol.

Communism and mental illness go together well. 
Not all rich people are leaders but, that doesn&#39;t stop followers from worshiping that rich person&#39;s money and, allowing that rich person to become their master."
"When your Biden retires from politics, I suspect he’s going to become a lobbyist for the Chinese government"
"China is right, the US is overreacting. China already has over 100+ surveillance satellites flying over the US every single day anyway as part of the Yaogan constellation, including optical satellites and sigint satellites."
"China already has hundreds of optical and elint satellites flying over the US, so a balloon that does the same thing isn&#39;t a big deal in terms of surveillance. "
"Biden knew what he was doing, or at least his handlers did.  If they shot it down over land, it would be a guarantee to find all the equipment needed to show that China was spying on all the military bases in preparation for possible attacks.  Shooting it down over deep water provides an excuse for not being able to find everything.  Biden has long been involved with China.  The House of Representatives should demand his tax records going back many years since he has been a multi-millionaire many times over for years.  This is why they are fighting Hunter’s laptop since there are tons of emails proving Joe and his crime family have been involved with China, they are in China’s back pockets."
"They never gave a warning a balloon was coming over the ocean and how can we know for sure its not carrying anthrax to spread over our farmland? "
"This should be a simple fix. Sanction All Made in China Products and No Tax Payer Bailouts for any Corporations that has Factories in China. Both would be a Big Win for America."
"If the FBI is involved with the investigation, China will get the balloon back with a trophy and a hug."
"If it is a &#34;surveillance aircraft&#34; from your adversary and it&#39;s flying overhead, you cannot dramatize it enough."
",,,and that&#39;s not a cogent explanation for violating US airspace without permission,,, try again CCP, we&#39;re waiting,,.."
"Why is China dictating what our politicians should do and shouldn’t do?"
"It&#39;s time to cut CHINA off from anything USA.  better start making things in the USA and don&#39;t listen to one DEM that is on CHINA&#39;S payroll.  These RINOS and DEMS will sell the country out"
"Boycott Chinese goods. You don&#39;t need it. Do without. You will survive. "
"Each and Every Tax Payer Bailout helped China more than America. Now remember to help China more and run out and buy their Products, if you don&#39;t, your Politicians will give their Corporations anther Tax Payer Bailout. "
"So DOD uses a $200M plane and a $400K missile to shoot down a $10K balloon. And Biden says inflation is under control? "
"We, the American People and our RNC/DNC Politicians, have made China a Economic Force around the world. Soon they may be buying up Friends around the world like we have done."
"Show some spine and sanction Chicom. The reason they will not is because most of them are already in china&#39;s pocket."
"China and the Democrats agree, especially AOC! Should tell the American people something!!"
"China’s commentary about the going’s on INSIDE our government are irrelevant. It’s none of their business, but CLEARLY they aren’t happy that there is any bipartisanship here, especially as it relates to their country "
"The people who unleashed a worldwide pandemic and refuse to allow it to be investigated are telling us we overreacted to their balloon. Meanwhile, Biden sells our strategic oil reserve to China, and keeps telling us they’re not bad folks. "
"The fbi is handling this? They&#39;re just waiting for xi to tell them what they found. "
"And so many still believe the release of the “China flu” was just a crazy bug from an animal at the Wuhan wet market. Really?"
"Who&#39;d have guessed that Balloons were High Tech. We have to give the Chinese credit."
"COMMUNIST CHINA has zero credibility. "
"We should not listen to anything China says. They lie as much as the Dems lie.  "
"China is doing to the US what the left does to conservatives. Same playbook. Lie. Deflect. Shame. Minimize "
"The USA routinely made U-2 flights over China in the 1960&#39;s.........Are WE special ???The flights ended when special ECM units of faulty design fitted to the planes made them easy to detect and three were shot down in a very short time."
"<strong>Hey</strong> <strong>Mao Ning, the act of flying that balloon over The United States of America is called <em>&#34;ESPIONAGE&#34;</em> so don&#39;t lace it up with your Chinese Communist Propaganda.</strong>"
"Biden sounds just like Mao."
"This sounds like Joe Biden is giving HIS Chinese Team support on how to make their Woke Fight look better than what Repubs are ‘selling’?  What say You?"
"Hey, you fly your balloons over our airspace ? You get no say in how we handle it.. nothing.. stomp your little Chinese feet.. do what you have to to get over it, we should have shot it down as soon as we were aware of it, that’s something the current president has to deal with"
"Gangster Biden panders to Xi Jinping. "
"China is still claiming it was a weather balloon, yet they never informed us that it &#34;went off course&#34; into our airspace...What does that tell you?"
"I didn&#39;t see any type of motor on those Balloons, boy the Chinese must be a lot smarter than we are, if they can get a Balloon to float over the areas it wants."
"It&#39;s a good thing joe is the President. Otherwise we might think china spying was a bad thing. "
"There are tweets stating the ballon from China had English writing on it. "
"The only difference between China and the USA is they are terrible liars and we are better at it.  To tell us that this was a weather balloon and now basically they’re admitting it was for surveillance just further shows the world that China are terrible liars - not very good at it.  "
"In the meantime, we&#39;re stuck with Brandon in charge "
"Steve Bannon should lead a delegation of leaders from the New Federal State of China to visit Taiwan.  That would really irk the Chi-coms."
"Expel all Chinese diplomats until the real truth is determined. Period."
"Evil Joe Xiden was told by his overlord in Beijing that the balloon must be allowed to complete its mission.  Hence, the 8 day delay in the response."
"Oh wow. China has an opinion about our politics. Who knew?"
"Oh, we are DEFINITELY over dramatizing this in America. 

We over dramatize EVERYTHING in America. 

We&#39;re Drama Queens!"
"<strong>China claims Fox &#39;dramatizing&#39; spy flights for partisan reasons</strong><strong>There, fixed the headline for you.</strong>"
"President Biden said &#34;No one messes with a Biden.&#34; The guy is gangster. "
"Thumbs up if you believe the Chinese weather balloon statements, thumbs down if you don&#39;t."
"Just feeding the puppies"
"Much ado about nothing."
"They are liars. Any claims, promises and threats need to be taken with a grain of salt. Actions speak louder than words."
"china forgot that Trump is no longer the president and they can&#39;t fly balloons over USA without getting them shot down. "
"The Chinese lie, the politicians lie, the FBI lies, the CIA lies.  Lies, lies sweet little lies.  "
