"The Most Transparent Administration in History is just the Opposite!  As Ron DeSantis stated,  “Just do the Opposite of Every Biden Policy”.  "
"They need that long to get their stories straight."
"What happened to the BidenAdministration meeting with Congress and Senate? They are still accountable. "
"&#34;Pentagon to Lie to U.S. Senate Feb. 15.&#34; More accurate."
"How about tomorrow morning at 8:00 AM. "
"FEB 15 ?    The truth must need-lot of help ?"
"Need a week to get their story straight."
"This gives the Biden Administration another 10 days to fabricate another disaster that will deflect away from this weeks disaster!  "
"The world&#39;s a nicer place in my beautiful balloon It wears a nicer face in my beautiful balloon We can sing a song and sail along the silver sky For we can fly, we can fly Up, up and away My beautiful, my beautiful balloon"
"No need Pentagon! I got this… Ahem… At least one or more Chinese spy balloons entered US airspace last week seeking to gain strategic intelligence about our missiles, strategic defense capabilities, and military bases. Not only were we aware of their presence for at least six days, we also failed to take any course of action to stop these operations until the Chinese likely gained significant intelligence information. Any questions? "
"could have not come at a better time from the handlers in china, getting ready to start looking at the 2,500 boxes of documents at the university of delaware and now look, not a peep about that the veggie in chief might have classified and top secret squirreled away in those boxes.  the ballon came at a perfect time after a call to china."
"Glad it&#39;s not important enough to hurry with the report ...."
"The CCP’s detection balloons are quite cheap to manufacture. If the Taiwan Strait war breaks out, if the CCP plans to manufacture 100,000 of these balloons to attack the United States. How do we deal with China&#39;s future launch of massive balloon weapons to bring war to American soil?I think in the future the CCP plans to invade the Republic of China on the island of Taiwan. In order to scare off the US military, it may create a large number of balloon weapons. Such weapons are fairly cheap to manufacture."
"And it will start with, &#34;Once upon a time in the Great White North a balloon got lost and went to the USA.&#34;"
"So what to expect from the Pentagon, more lies, putting the blame on others, or a real stand up and truth on why it supposedly did not report this to Biden until it was over Montana.  For me to guess, I will go with lies and coverup!!!!!   Just Sayin!!!!!!   Nothing coming from the Biden Administration is about truth anymore!!!!"
"It will take 10 days for them to spin this one."
"... its over. The balloon accomplished China&#39;s mission.  Then POTUS who has been giving confidential info to China for years shot it down after that mission was accomplished! Joe is compromised. Both he and Kamala should be impeached for dereliction of duty at a minimum!"
"Is anyone waiting for the tape of Biden authorizing the balloon shot down last Wednesdayto be released?   LOL!!!!!!"
"Great, give them two weeks to make up the story and get it straight between them.  Get them in this afternoon and start firing people! If Miley is refusing to tell the Commander in Chief about a spy balloon for days then he needs to go!  Somehow he believes he is in charge!  a dangerous man!"
"the report will be delivered the day after Valentine&#39;s Day, because Schumer will be busy that day sending flowers and candy to himself and making love to his mirror"
"Briefing on Feb. 15? That gives the Biden cronies 10 days to make up some good, fabricated lies...<strong>REMEMBER</strong>, you get what you vote for, and a whole lot less!"
"Investigated by the Democrat biased FBI, lying chucky will provide the briefing....bet they come up with a story it was just a microwave with dim sum leftovers in it."
"NOT a balloon ! ........... more like a round Hindenberg ! ............. check the spars in the photo !"
"An answer about the Chicom spy balloon on/by Feb. 15 ???  Is that time enough for the woke Pentagon and the WH to cook up some lies about the whole thing and our getting caught with our pants down???"
"So, does the pilot who shot down the balloon get to put a Chinese flag on his plane or just a balloon?"
"America is terrified by a balloon... Pitiful "
"The chinese proved to the world how incompetent the US is."
😂🤡
"The Most Transparent Administration in History is just the Opposite!  As Ron DeSantis stated,  “Just do the Opposite of Every Biden Policy”.  "
"They need that long to get their stories straight."
"What happened to the BidenAdministration meeting with Congress and Senate? They are still accountable. "
"&#34;Pentagon to Lie to U.S. Senate Feb. 15.&#34; More accurate."
"How about tomorrow morning at 8:00 AM. "
"FEB 15 ?    The truth must need-lot of help ?"
"Need a week to get their story straight."
"This gives the Biden Administration another 10 days to fabricate another disaster that will deflect away from this weeks disaster!  "
"The world&#39;s a nicer place in my beautiful balloon It wears a nicer face in my beautiful balloon We can sing a song and sail along the silver sky For we can fly, we can fly Up, up and away My beautiful, my beautiful balloon"
"No need Pentagon! I got this… Ahem… At least one or more Chinese spy balloons entered US airspace last week seeking to gain strategic intelligence about our missiles, strategic defense capabilities, and military bases. Not only were we aware of their presence for at least six days, we also failed to take any course of action to stop these operations until the Chinese likely gained significant intelligence information. Any questions? "
"could have not come at a better time from the handlers in china, getting ready to start looking at the 2,500 boxes of documents at the university of delaware and now look, not a peep about that the veggie in chief might have classified and top secret squirreled away in those boxes.  the ballon came at a perfect time after a call to china."
"Glad it&#39;s not important enough to hurry with the report ...."
"The CCP’s detection balloons are quite cheap to manufacture. If the Taiwan Strait war breaks out, if the CCP plans to manufacture 100,000 of these balloons to attack the United States. How do we deal with China&#39;s future launch of massive balloon weapons to bring war to American soil?I think in the future the CCP plans to invade the Republic of China on the island of Taiwan. In order to scare off the US military, it may create a large number of balloon weapons. Such weapons are fairly cheap to manufacture."
"And it will start with, &#34;Once upon a time in the Great White North a balloon got lost and went to the USA.&#34;"
"So what to expect from the Pentagon, more lies, putting the blame on others, or a real stand up and truth on why it supposedly did not report this to Biden until it was over Montana.  For me to guess, I will go with lies and coverup!!!!!   Just Sayin!!!!!!   Nothing coming from the Biden Administration is about truth anymore!!!!"
"It will take 10 days for them to spin this one."
"... its over. The balloon accomplished China&#39;s mission.  Then POTUS who has been giving confidential info to China for years shot it down after that mission was accomplished! Joe is compromised. Both he and Kamala should be impeached for dereliction of duty at a minimum!"
"Is anyone waiting for the tape of Biden authorizing the balloon shot down last Wednesdayto be released?   LOL!!!!!!"
"Great, give them two weeks to make up the story and get it straight between them.  Get them in this afternoon and start firing people! If Miley is refusing to tell the Commander in Chief about a spy balloon for days then he needs to go!  Somehow he believes he is in charge!  a dangerous man!"
"the report will be delivered the day after Valentine&#39;s Day, because Schumer will be busy that day sending flowers and candy to himself and making love to his mirror"
"Briefing on Feb. 15? That gives the Biden cronies 10 days to make up some good, fabricated lies...<strong>REMEMBER</strong>, you get what you vote for, and a whole lot less!"
"Investigated by the Democrat biased FBI, lying chucky will provide the briefing....bet they come up with a story it was just a microwave with dim sum leftovers in it."
"NOT a balloon ! ........... more like a round Hindenberg ! ............. check the spars in the photo !"
"An answer about the Chicom spy balloon on/by Feb. 15 ???  Is that time enough for the woke Pentagon and the WH to cook up some lies about the whole thing and our getting caught with our pants down???"
"So, does the pilot who shot down the balloon get to put a Chinese flag on his plane or just a balloon?"
"America is terrified by a balloon... Pitiful "
"The chinese proved to the world how incompetent the US is."
😂🤡
