"Why do they care what we did with the balloon if it was really a lost, out of control weather balloon?  It isn&#39;t like it was going to fly back to them and land."
"It is TWO BALLOONS over North America and South America.  This was just ONE of the balloons.  The other one is over South America."
"in my opinion, the second the balloon entered our air space, it was no longer china&#39;s balloon.  We shot down our balloon off the coast of south carolina"
"Was it our own government that sold the Chinese our American land?  It must have been."
"Why would they fire him? they said it was a civilian balloon."
"Democrats will take the firings as proof the balloon was only a weather balloon that drifted off course even though the balloon was maneuverable."
"Flyover rights are well established for innocent passage of civilian aircraft (permission is still required). When analyzed, if this turns out to be exactly as Xi claims, apologize then offer to pay for the damages. On the other hand, if it turns out to be filled with black box type spy material it should be displayed for the world to see (like Kruschev did with the U2 parts)."
"I can&#39;t wait for comments from the international community when the electronics are recovered and put on display and are obvious to those in the know to have no &#34;weather related&#34; equipment but lots of spy equipment on board. "
"STOP BUYING ANYTHING CHINA - - NOW"
"Meh. The Chinese lie almost as much as democrats do.Birds of a feather."
"&#34;Fired&#34;?  He/she just got transferred to another part of their intelligence agency, and probably got a medal for coming up with a novel way to embarrass the US so badly."
"I thought they said it was from a civilian company?Why would they fire the weather guy if it was owned by a private company?"
"I haven&#39;t heard anyone say if China informed us of a rogue balloon coming our way.  If it was just a weather balloon, why wouldn&#39;t they?"
"This was a pathetic attempt to sell the story that it was a weather satellite gone a stray. The hope was the US would buy this story and not shoot down the balloon. You believe these people?"
"There is a very high probability that this was a weather craft indeed. But difficult to believe anything coming from CCP."
"What I want to know is <em>weather </em>or not they&#39;re going to paint a Balloon below the canopy on the fighter pilot&#39;s jet to honor his first &#34;<strong>KILL!!!</strong>&#34;"
"They Should Fire &#34;XI&#34;!!!!!
😄 🤣 😂 😆 😄 🤣 "
"Biden colluded with Xi by shooting down the balloon over the Atlantic. It difficult to recover whatever carried by the &#39;balloon&#39;. If it was knocked down over Eastern Montana the debris could have been easily recovered. <strong>Montana</strong> spans 93.3 million acres, 28.9 %, or 26.9 million acres, was <strong>federal</strong> land as of 2012."
"If the lie about a &#34;weather balloon gone astray&#34; were true, which it is not, the Chinese would have warned America, as is the international norm! But, what spy ever announces themselves?We have an existential threat in the form of China, and our leftist/communist government in America, is just as great a threat! Many historians, believe that the fall of Rome brought about the Dark Ages.If America doesn&#39;t change course, and get some trustworthy leadership in Washington, what new &#34;Dark age&#34; may come?"
"Where are the other 98?   (97 if you are counting the one over Latin America.)   "
"I don&#39;t either government."
"Just like when American Corporations are found at fault, a scapegoat is needed for public lashing."
"Then we did them a favor in bringing it down for them. Think of all our costs probably more then the balloon "
"Either US will find spy stuff in and around Balloon pieces or not. And it shouldn&#39;t take forever "
"Smoking mirrors..."
" We don&#39;t believe Biden&#39;s tall tales.  What makes them think we&#39;d believe theirs?"
"How does China explain one of its balloons also passing over Costa Rica then Columbia this weekend?"
"If China would have just said the balloon was studying weather patterns in an effort to end global warming, it would still be flying."
"Firing was putting lightly.That in Chinese means firing squad."
"When the balloon popped did glitter come out? Many WH Communist DEM Drag Queens want to know."
"Now thats funny"
"Well, fired?  I doubt it.  Maybe retired with his pension, a big condo at the beach, etc.  The Chinese biggest accomplishment is lying."
"Does anyone honestly believe the USG would admit the truth if it turns out this balloon really was just a lost weather balloon?"
"I&#39;m sure they will now find some classified docs in the Atlantic Ocean now"
"Yeah he got fired alright.  With an AK-47."
"If it was a weather balloon would America admit it?"
"............. and Biden immediately hired Guotai to his Cabinet."
"Can&#39;t believe they wasted a missile on this thing.  A couple, three, supersonic flybys would have brought it down."
"Joe to Xi:   &#34;Are we still good?&#34;"
"Why do they care about the weather in Montana? "
"His body will be the next thing floating across the US"
"his name was Sum Ting Wong"
"Is there such a thing as an honest left wing person?"
"If it was a weather balloon, that is an embarrassment to the Chinese.  If it was a spy vehicle, they sure won that one, "
"Aw look China throws their own people under the bus?   Just like the Biden administration throws Americans under the busloads full of illegals?"
"<strong>&#34;China doubles down on its spy balloon story by firing national weather service chief&#39;</strong><strong>Should read, China doubles down on its spy balloon story by use of firing squad against national weather service chief. LOL</strong>"
"Poor guy....probably never saw it coming...nice scapegoat CCP"
"Can be it is a lost weather balloon. In which case the US looks even more ridiculous than usual."
"Why do they care what we did with the balloon if it was really a lost, out of control weather balloon?  It isn&#39;t like it was going to fly back to them and land."
"It is TWO BALLOONS over North America and South America.  This was just ONE of the balloons.  The other one is over South America."
"in my opinion, the second the balloon entered our air space, it was no longer china&#39;s balloon.  We shot down our balloon off the coast of south carolina"
"Was it our own government that sold the Chinese our American land?  It must have been."
"Why would they fire him? they said it was a civilian balloon."
"Democrats will take the firings as proof the balloon was only a weather balloon that drifted off course even though the balloon was maneuverable."
"Flyover rights are well established for innocent passage of civilian aircraft (permission is still required). When analyzed, if this turns out to be exactly as Xi claims, apologize then offer to pay for the damages. On the other hand, if it turns out to be filled with black box type spy material it should be displayed for the world to see (like Kruschev did with the U2 parts)."
"I can&#39;t wait for comments from the international community when the electronics are recovered and put on display and are obvious to those in the know to have no &#34;weather related&#34; equipment but lots of spy equipment on board. "
"STOP BUYING ANYTHING CHINA - - NOW"
"Meh. The Chinese lie almost as much as democrats do.Birds of a feather."
"&#34;Fired&#34;?  He/she just got transferred to another part of their intelligence agency, and probably got a medal for coming up with a novel way to embarrass the US so badly."
"I thought they said it was from a civilian company?Why would they fire the weather guy if it was owned by a private company?"
"I haven&#39;t heard anyone say if China informed us of a rogue balloon coming our way.  If it was just a weather balloon, why wouldn&#39;t they?"
"This was a pathetic attempt to sell the story that it was a weather satellite gone a stray. The hope was the US would buy this story and not shoot down the balloon. You believe these people?"
"There is a very high probability that this was a weather craft indeed. But difficult to believe anything coming from CCP."
"What I want to know is <em>weather </em>or not they&#39;re going to paint a Balloon below the canopy on the fighter pilot&#39;s jet to honor his first &#34;<strong>KILL!!!</strong>&#34;"
"They Should Fire &#34;XI&#34;!!!!!
😄 🤣 😂 😆 😄 🤣 "
"Biden colluded with Xi by shooting down the balloon over the Atlantic. It difficult to recover whatever carried by the &#39;balloon&#39;. If it was knocked down over Eastern Montana the debris could have been easily recovered. <strong>Montana</strong> spans 93.3 million acres, 28.9 %, or 26.9 million acres, was <strong>federal</strong> land as of 2012."
"If the lie about a &#34;weather balloon gone astray&#34; were true, which it is not, the Chinese would have warned America, as is the international norm! But, what spy ever announces themselves?We have an existential threat in the form of China, and our leftist/communist government in America, is just as great a threat! Many historians, believe that the fall of Rome brought about the Dark Ages.If America doesn&#39;t change course, and get some trustworthy leadership in Washington, what new &#34;Dark age&#34; may come?"
"Where are the other 98?   (97 if you are counting the one over Latin America.)   "
"I don&#39;t either government."
"Just like when American Corporations are found at fault, a scapegoat is needed for public lashing."
"Then we did them a favor in bringing it down for them. Think of all our costs probably more then the balloon "
"Either US will find spy stuff in and around Balloon pieces or not. And it shouldn&#39;t take forever "
"Smoking mirrors..."
" We don&#39;t believe Biden&#39;s tall tales.  What makes them think we&#39;d believe theirs?"
"How does China explain one of its balloons also passing over Costa Rica then Columbia this weekend?"
"If China would have just said the balloon was studying weather patterns in an effort to end global warming, it would still be flying."
"Firing was putting lightly.That in Chinese means firing squad."
"When the balloon popped did glitter come out? Many WH Communist DEM Drag Queens want to know."
"Now thats funny"
"Well, fired?  I doubt it.  Maybe retired with his pension, a big condo at the beach, etc.  The Chinese biggest accomplishment is lying."
"Does anyone honestly believe the USG would admit the truth if it turns out this balloon really was just a lost weather balloon?"
"I&#39;m sure they will now find some classified docs in the Atlantic Ocean now"
"Yeah he got fired alright.  With an AK-47."
"If it was a weather balloon would America admit it?"
"Can&#39;t believe they wasted a missile on this thing.  A couple, three, supersonic flybys would have brought it down."
"............. and Biden immediately hired Guotai to his Cabinet."
"Joe to Xi:   &#34;Are we still good?&#34;"
"Why do they care about the weather in Montana? "
"His body will be the next thing floating across the US"
"his name was Sum Ting Wong"
"Is there such a thing as an honest left wing person?"
"If it was a weather balloon, that is an embarrassment to the Chinese.  If it was a spy vehicle, they sure won that one, "
"Aw look China throws their own people under the bus?   Just like the Biden administration throws Americans under the busloads full of illegals?"
"<strong>&#34;China doubles down on its spy balloon story by firing national weather service chief&#39;</strong><strong>Should read, China doubles down on its spy balloon story by use of firing squad against national weather service chief. LOL</strong>"
"Poor guy....probably never saw it coming...nice scapegoat CCP"
"Can be it is a lost weather balloon. In which case the US looks even more ridiculous than usual."
