"During Sputnik, we had President Eisenhower followed by President Kennedy. Today we have Biden. BIG difference! "
"After 34 years in the military I can unequivocally tell you this administration’s pentagon leadership is overflowing with duds that floated up from the bowl. For the record: NORAD was tracking the alleged civilian balloon from the second it launched in china. So, why not start by revealing the sequence of events starting 13 miles from the Alaskan shoreline"
"weather balloons don&#39;t need solar panels and 60 feet of apparatus to power the basic devices used to monitor the weather.  "
"For one, this wasn&#39;t a balloon, it was an airship.  It could be controlled of both direction and altitude like a simplified Goodyear blimp.  It could change directions, which it did and loiter over targets, which it also did.   An upper altitude airship can do another thing that a satellite cannot do.  It can carry both biological weapons and/or a nuclear device capable of an EMP blast.  If one is capable of expanding this idea how would a COVID like virus (or more deadly virus) work out if there was no electricity for a few years?  This is probably, in actuality, more frightening than Sputnik."
"Now, I’d like to know what the fbi/doj and the other 13, three letter agencies have been up to while the American people were distracted with a shiny object in the sky. Let’s take a guess, hiding classified documents or hindering hunters fake investigations… so many bad things to hide in joes administration. Those poor folks are probably working overtime."
"This isn’t a “Sputnik” moment. This is dereliction of duty to the American people. "
" better security in dependent on qualified leadership. the wrong people are running the government. if the citizens are wanting security, they need to vote for better candidates not woke leaders- not token leaders- not senile leaders."
"Sputnik moment, really? Instead of celebrating  the fact about humankind reaching out into space, we were to be worried about our …world hegemony’ ?We should remember our own display of superiority in Hiroshima and Nagasaki. Our of two events I’d take sounds of Sputnik any time, especially with our research closely following. China’s balloon has shown us how badly our praised and mighty expensive defence system works, freezing up at the critical time. <strong>Any unmanned and unresponsive intruder  should be brought down the moment it entered our airspace. </strong> No hesitation, no going up and down chain of command for a week. "
"It isn&#39;t for most.  This has been an ongoing issue for the las 20 yrs.  Every president and government officials knows about but all they care is becoming part of the government wealthy club.  Once there they brush off anything."
"Imagine this: It is 2018 and a Russian SPY balloon is allowed to fly from Russia to Alaska to Montana to the east coast.What would the Dems and the mainstream media be talking about this morning? My guess: IMPEACHMENT again."
"Thank you rep waltz, please make sure that biden and the democrats understand that the ccp is a bigger threat to the United States than the citizens of our country that want our border laws enforced. I don&#39;t think democrats are capable of telling friend from foe, as evidenced by how they speak of and treat conservatives vs how they welcome and downplay threats from china."
"“…FBI Director Chris Wray testified before Congress last year that the bureau was opening counterintelligence investigations into China every 12 hours.”Yeah, just like the laptop from hel* investigation… Don’t hold your breath for a positive outcome. "
"This administration and military leadership are endangering our existence.  They didn&#39;t know what the payload was.  It should have been deflated in a manner to allow capture while it was in US airspace and before it reached the mainland.  that is what should have happened.  You don&#39;t splash it after it traverses the entire country.  What would have happened if the payload was an EMP.  We would be in chaos right now.  I&#39;m telling you these guys running the country are amateurs at best and it will eventually cost the US treasure."
"With the admission from the Biden administration last week that the <a href=""https://www.foxnews.com/category/politics/defense"" target=""_blank"" rel=""noopener"">Pentagon was indeed tracking</a> a Chinese spy balloon over Montana, I was shocked to discover we had simply allowed our greatest adversary to completely violate our sovereignty and airspace. No question in my mind if Trump were president he would never have allowed Xi to do this and would have shot balloon down as soon as it violated our air=space."
"It is imperative that the US rebuild its manufacturing capability and wean itself off of Chinese economic dependence. We can&#39;t successfully fight a war with a country when they provide a large fraction of our consumer good. We need to rebuild our manufacturing, stop selling our land to the CCP, and rid our military of the woke fungus. After we do these things then we will almost be ready but we also need a competent, America-first, commander-in-chief. There is much work to do while we restore our country to greatness."
"so what was inside of it guiding it?  a drone?  obviously it maneuvered in the way a drone could. we have no privacy.  not from our own country and not from others. the technology now out there is downright concerning.  "
"Place sanctions on them.  China needs us more than we need them.  Their economy is in the tank."
"Now, I’d like to know what the fbi/doj and the other 13, three letter agencies have been up to while the American people were distracted with a shiny object in the sky. Let’s take a guess, hiding classified documents or hindering hunters fake investigations… so many bad things to hide in joes administration. Those poor folks are probably working overtime. They’ll need to recall joes favorite 50 retired intelligence officials to lend a hand.  "
"Sorry but most Americans don&#39;t care about anything unless an event smacks them in the face especially most under 30 who never look up from their phones."
"Joe Biden, a day late and a dollar short.  Leadership(?) at its worst."
"We as America had better wake up to the threat of China! We need to keep our military strong, peace through strength!"
"We have Leaders, Political an Business, who just care about lining their own pockets, and right now, it&#39;s easier to do with Chinese Money. They won&#39;t do ANYTHING about China, and the Media, who used to report on News like this, is still showing Trump as the top story."
"During Sputnik we all identified as Americans and Republican Eisenhower worked with Democrat Johnson. Today our country is divided and Republicans don’t work with Democrats identifying as houseplants or kittens"
"The balloon itself is not scary. However, the U.S. President doing NOTHING for days to weeks (other than praying no one would notice, followed by what was an essentially token gesture AFTER the fact) is VERY scary.  Had this not been seen (or if the tone had been less rancorous), it’s entirely plausible he would have continued to do nothing.   He  NEEDS to be removed from office.  And, heaven only knows what rock our VP has been hiding under; but if she were to conveniently disappear, no one would miss her either. "
"Rather, it was intended to send a clear message from the Chinese Communist Party that they no longer recognize the United States as a threat.

XI is broadcasting just how weak our POTUS is in retaliation for Nancy Pelosi traveling to Taiwan….and he succeeded!"
"Question is, did that spy balloon already transmit it&#39;s information to China, or was the information stored on board for recovery and analysis at a later date? Odds are that China was receiving that info in real time, because of the uncertainty of the balloon&#39;s flight pattern.  Logical."
"I like how people in the media keep calling it the  &#34;Chinese Spy Balloon.&#34; Not sure why the &#34;Chinese Virus&#34; was so offensive to them."
"Be prepared for higher prices in the near future."
"One huge difference here. When Russia launched Sputnik, we didn&#39;t know how to make satellites yet. The scary part was we now knew they did.We know how to make balloons. No one&#39;s worried about it. At least No one who has a brain and who isn&#39;t trying to play political games"
"This is a bad time not to have President Trump at the helm."
"Float a “weather balloon” over China and see how long it takes them to bring it down. "
"The back seat drivers at Fox are giving all their opinions on how to drive our nation into a tree.  If we followed their advice not only Ukraine, but much of eastern Europe would be part of their new and improved Russia."
"So why won’t Biden answer the obvious question? Why was this balloon allowed to enter US airspace in the first place? "
"We should have shot it down as soon as it entered our airspace, said nothing at the time, and had Blinken attend the meeting. And then release the information at an opportune time. The Scarecrow Administration is a greater danger to America than Communist China."
"And ya&#39;ll though that the Carter administration and presidency was bad and noteworthy. Ya&#39;ll haven&#39;t seen nothing yet. Wow just Wow. "
"We had no way to do anything about Sputnik but complain.  The balloon could have been dealt with as it entered US commercial airspace before overflying US territory.  Not the same at all and if Biden had done that, the conversation would have been louder from Xi, but the message re Us sovereignty would have been clear...but no one really expected (Bought and Paid for) Brandon to do anything pre-emptive, especially the Chinese."
"Biden has been plenty tough on china. The CHIPS act is more significant than anything trump did, who by the way did nothing when Chinese balloons flies over the us when he was in office. I guess those facts wouldn’t get clicks on Fox News though. "
"China did it again . They got away with it when China Trump was in charge  , so why not try again ?"
"&#34;Instead, our government dithered.&#34; No, it didn&#39;t. Our military leaders concluded that there was no imminent threat and decided to down it over water instead of over land. If the Chinese hoped to provoke further division in the US by driving right-wing extremists crazy with this balloon stunt, they certainly succeeded."
"The only difference is back in those days we had a president.  Today we just have China Joe."
"LOL, it&#39;s not a Sputnik moment at all. With Sputnik, we have no tech equal to it at the moment, that&#39;s far from the case here. The US military is the best intelligence gathering agency in the world, this is much ado about what will ultimately be a minor incident."
"Sputnik didn’t inspire the American people to more recrimination. No one called for Eisenhower to resign or be impeached. So, yeah, it would be nice if this became a Sputnik moment. For one thing, it’s clear the Air Force needs high-altitude &#34;tow trucks&#34; capable of bringing these crafts down to earth, where they can be dismantled, studied, and sent back to China in pieces. Too many Fox News comments think every threat needs to met by force. Better to show the threat is no threat, and that we’re unafraid. Let’s see what they’re up to, and make them a laughingstock. "
"56 former intelligence officers say the Chinese spy balloon is Russian disinformation "
"decent story .. in one move China has made anti china actions and rhetoric far more  acceptable .  Things were headed that way anyway but now i doubt any government official will want to be taking a remotely pro-china point of view "
"Why wasn’t the balloon intercepted over Alaska?Was it political and military incompetence in an assessment / decision making process?Or did the U.S. want to passively collect intel on the balloon and then shoot it down later?Why didn’t Canada engage this balloon over its sovereign airspace?It was the same threat to Canada’s national sovereignty as it was to the U.S. under the NORAD bi-national construct.Was it reluctance on Canada’s part politically?Or was there a joint decision by Canada and the U.S. to let it fly through Canada in order to intercept its communications, jam its ability to communicate with China, gleen more intel about its capabilities etc before it was ultimately shot down over water?Hopefully it was the latter set of reasons, rather than Canadian political reluctance to intercept it.Otherwise Canada is not a trust worthy partner in NORAD.How likely is it that both Canada and the U.S. are playing 5th dimensional chess against the Chinese and Russians on this topic?"
"so why did joe let china spy on the us brazenly?  for days.  with a view military says was 22 times better than a satellite?  "
"This commentary makes some very good points. I will just add a couple questions that I have from my observations of the Biden Administration and our corrupt unelected Deep State. Could it be that our intelligence agencies are falling behind with keeping up with what our enemies doing because they are too busy surveilling Biden&#39;s domestic political opposition? Could it be possible that the the FBI and/or the CIA contracted with China to spy on Americans for them?By the time the spy balloon was shot down it had competed its mission and transferred the data to any number of sites scattered around the US."
"If China can easily do this, what’s to stop North Korea doing the same? Except with a nuclear payload to detonated at 45-60k feet?"
"May 2018 . A Chinese government-owned company has signed on to build a theme park in a vast development in Indonesia that also features a Trump hotel and condos, a deal that stands to benefit President Donald Trump&#39;s company just as top Chinese envoys head to Washington for trade talks. China Trump "
"I distinctly remember the Sputnik event. I was six at the time. It spelled a major shift in public education emphasis from classic training, which emphasized humanities, to scientific which emphasized math and physics."
"I worked with an intelligence agency 20 years ago. They warned then that China was our major threat. Why has our government not listened? Why are our corporations still trying to make a buck over there?
Do we need another Pearl Harbor to wake us up?"
"This just shows how much power the Chinese government has over the illegitimate Biden. Biden was told exactly when he could shoot down the balloon and not a minute sooner. The US is weak and we are getting weaker every minute that Biden, Miley, and Blinken are in office."
"In 1957, 80% of Americans revered G-d and could appropriately adjust their sights to confront an evil threat.  Today maybe 40% of Americans revere G-d while the fastest growing religion for adults under age 35 is Witchcraft.   The youth are incapable of making a correct moral judgement and are more incapable of recognizing an evil threat to their well being.So the reaction will be like night vs day."
"This isn’t the first time this has happened, I believe the china or Japan in the early 30’s or 40’s sent balloons over us before "
"So THIS is NOT an Impeachable Offense, but &#34;Mean Tweets&#34; by Trump IS ...???!!!---What can Criminal biden POSSIBLY Do that&#39;s &#34;Bad Enough&#34;????? It boggles the mind to watch biden&#39;s Endangering of America with Absolutely NO Response from the DOJ!!!!"
"Comparing a balloon to sputnik. Hahahaha"
"The situation is far worse than many could ever have imagined.Just knowing that there has been some espionage does not begin to cover the multifaceted aspect of the coordinated Chinese Communist Party operations.A good book on this, one which surprised me with the extent of &#34;Turtleman&#34; Senator McConnell&#39;s Chinese connections or that of his relatives, and covers the full spectrum of the Chinese quiet incursions into our science, industry and cultural life,  not to mention schools and politics, is the book &#34;Stealth War&#34; &#34;How China Took Over While America&#39;s Elite Slept&#34; by retired Brigadier General Robert Spalding."
"It&#39;s not wise to start war with CCP now. Not enough to prepare for the war by US and allies army yet. Need time to alarm and mobilize the army and people in Australia, New Zealand, Japan, South Korea, Canada, Philippine, India Taiwan, and even Singapore. The European allies are struggling with Russia in Ukraine war. They can&#39;t fight in Europe and Asia meanwhile. Please calm down American people. The CCP must be toppled by Justice leagues oneday. Xi Jinping is putting himself into the most risky situation when he secured the unlimited throne. Think about it who wants Xi demise as soon as possible? He blocked the way of promotion in the party so those who are not Xi&#39;s junta would be the most enemies for the dictator. CIA should make plan to incite a civil war in PRC. Source from PRC."
"very few people left in this country remember sputnik, and when a good man moved a country into action, and excel at what we did best - To be the bestUnlike the weak inept waste of humanity we have now..."
"If it ever came to blows with China, American companies which have assets in that country can count on China nationalizing all those assets. That may well bankrupt a lot of companies doing business with China. "
"Biden&#39;s reaction was like waiting for a bowel movement from a senior citizen.  Too little and way too late.  God Save America! "
"Sputnik spurred America on to greater things, not the gnashing of teeth, gum flapping, finger pointing, etc.  I was delivering newspapers when the Headline &#34;Sputnik&#34; appeared.  Papers were late that day because all of us paper boys read the article(s) before we went on our routes.  We knew then that America wouldn&#39;t stand for the Russians being first, within 3 years we had new science classrooms and labs, Industrial Ed. and drafting - mechanical drawing tables and easels.  Eight years later, we were on the Moon!!! "
"Art of war.....have them looking where you are not. Asymmetrical warfare. Is what I get from all this."
"Where are we America? Why don&#39;t we have nuclear powered balloons?"
"Funny thing is, spy satellites pass every day, but since you don&#39;t see them, it&#39;s OK."
"Not a surprise. While we are supporting with our military, weapons and money numerous nations and some that are not even our allies, our enemies in the meantime use their assets to strengthen things at home for future conflicts."
"I remember a cool Ohio, October night, standing in the front yard of our home with my mother, and looking up to see the red-colored, blinking, Sputnik rapidly race across the sky. She didn&#39;t have much to say, and while I marveled at the object, I felt that something was very, very, very wrong."
"&#34;Build more American balloons asap!&#34;, Nikky Haley&#34;Impose tariffs on Chinese toy dragons&#34;, Lindsey &#34;the Southern Dandy&#34; Graham."
"According to a statement released yesterday by the Department of Defense, three Chinese balloons &#34;transited the United States&#34; while Trump was President - and he did nothing..Biden has this one shot down and will have the FBI lab at Quantico tear it apart."
"If China sent a spy balloon it’s because they got away with it 3 times during  the Trump administration. Except that this time action was taken .. "
"Sense of security? Here&#39;s the Democrat&#39;s 5 step plan for your security:\<ol><li>Let millions walk into the country over the open southern border</li><li>Let all the criminals out of jail</li><li>Defund the police</li><li>Take all the guns away from legal gun owners so they can&#39;t defend themselves</li><li>Open up American airspace to the Chinese</li></ol> This is their plan for your security."
"We are definitely playing defense here.  A game is NEVER WON on defense.  Let&#39;s get into the game and start THE OFFENSE - "
"China funds in USA should be frozen, their investments in stocks, land etc seized  with no compensation, no exports to or from them, if you lay down with dogs do not be surprised when you get fleas"
"Only Fox could equate an ancient technology with the beginning of the space race."
"It’s just inexcusable and weak.. The administration knowingly ALLOWS an adversary to enter our national airspace with an intelligence collection platform, ALLOWs it to maneuver freely and collect intelligence over some of our most sensitive national security areas, and ALLOWS it to traverse our country deciding to shoot it down only after it departs the east coast. Bumbling, dithering incompetence… period. It should have been shot down when they watched it enter our national airspace over Alaskan waters in late January. "
"The balloon was shot down after crossing the US and its mission completed.  Shooting down the balloon over the Atlantic was cover for the Biden administration’s treasonous collusion.  It was most likely agreed upon between Biden officials and China before the flight took place.The corruption of the Biden family is beyond the pale."
"What does China have on Biden?"
"This is the result of having a spineless dementia patient infesting the WH."
"First of all, I don&#39;t feel that the US or its citizens should be pointing fingers when it comes to this balloon incident.  We ourselves spy on almost every country in the world.  Our intelligence network on the ground as well as satellite network involves almost all other countries, friends or foes.  Secondly, China has been building our need for them to do much of our own manufacturing.  We as a first rate nation cannot even make some of our basic necessities.  When was the last time we made a well designed and built watch, semi-conductor, camera, cell phone, television, etc.  Apple who depends upon China to build their own products instead of using American labor.  They estimate if Americans built the iPhone, it would be almost double the price.  Three, I am very suspicious of this balloon stunt.  China knows it has little to gain by passing a low flying &#34;spy&#34; balloon over our country.  I personally feel that it is a trap which we fell into.  They knew that we were going to defend ourselves after so much of the public and media observed the Chinese balloon.  Washington felt it had to appease the citizens by shooting the balloon down.  Well, by doing this, we just gave China permission to shoot down any satellite which goes over their country.  We took the bait and gave them what they actually wanted us to do.  Of course this is just personal opinion, but what was China trying to gain out of this.  They are very smart people. "
"This could be the beginning of the Balloon Race!"
"This could be the beginning of the Balloon Race!"
"I think it read &#34;Gain of Function, Wuhan&#34; on the side of the balloon......."
"Sputnik moment LOL!  Sputnik was a technological wake up call for the US military that spawned the space program.  This is just a balloon with some sigint and imagery capability that we are overreacting about.  1) the U.S. knew what the balloon was and tracked it before entering our airspace (we knew no harm would be caused); 2) we used non-kinetic means to prevent it from intelligence gathering while over sensitive areas; 3) we analyzed it over our airspace and gained counterintelligence; 4) we shot it down over water where pieces could be retrieved for further study and debris would not harm civilians; 5) we exposed Chinese violations of international law and caught them in a lie to the international community.  I sympathize with the frustrations about not having more communication about classified military operations. There’s usually a good reason for secrecy."
"It should be.  However, the truth is that almost half of the American population doesn&#39;t care about anything outside of their own basic needs.  Patriotism and ownership of our national identity are a dying thing.  This country won&#39;t even exist in 50 years.  We argue internally about everything that doesn&#39;t matter.  Our national debt is a train wreck about to happen.  Nuclear proliferation is out of control.  Biological and chemical weapons are becoming more deadly and easier to produce and will proliferate.  I think that a virus will knock out human civilization, or maybe a series of viruses, released from labs or used as weapons.  Humans will likely be extinct within 200 years and global warming will have had nothing to do with it.  Nobody cares, they just want to drive a lowered car, drink smoke pot, and have deviant relationships.  A small portion of the population cares, and does all the work to support this growing group of adult children who are ruining our world."
"Of course the violation of US airspace can not be tolerated and shooting down the balloon was the right thing to do . Having said that it seems strange that China would have intentionally staged such a provocation on the eve of SecState Blinken  visit to China and  , as China economy is rebooting , while  it seeks to improve relations with the U.S. . Maybe I am wrong .. "
"Why would anyone fear a balloon when satellites monitor every second of every day.  517,000 new jobs would give any anti-American republican reason to whine about most anything else."
"The U.S. military is prepared and ready to defend this country, but it is hard for them to perform their job when we have a compromised President of the United States."
"Until 2020 the US was part of the Open Skies Treaty, which allowed member countries to fly surveillance missions over each other&#39;s territory. A balloon doesn&#39;t pose a threat to the US. We could have shot it down any time, but chose to wait until it was over water because there was no reason to risk collateral damage over it. "
"Missed seeing Sputnik but saw the Echo satellites fly over. This was not that. Mainland china just demonstrated a low tech way to usurp North American defenses....And Joe just let it overfly us...Art of war, folks.......asymmetrical warfare."
"Even though Biden gave permission to shoot it down on Wednesday, the pentagon decided when and where due to the following factors, the size of metal pieces (like 3 city buses), and the height 60 miles high would drop metal debris for 7 miles. The military shot it down in safe area and it&#39;s in only 47 ft of water and easy to retrieve. No injuries."
"It is a wake up call. Wake up! Our president is a puppet of the CCP. "
"Sputnik was not a Spy device, however the ballone was. I&#39;m pretty sure the US Navy will recover what fell. And it will be proven China is Spying and also pretty sure China will Sue The US in the world court. 
USAF Retired. "
"No not at all, what it is, is solid proof Biden and Harris have failed miserably to protect this nation, first Afghanistan, then the border, the drugs coming across, now this.  Both should resign immediately or be impeached and removed from office.  We have a failed administration and it is controlled by their Marxist handlers and a present danger to thins nation.  Elected people are not running this country, time for a very serious house cleaning so the Republicans better take off the gloves and get cracking."
"Good luck getting much of the public to share concern about this, what with their fixation on trans rights and defunding police, etc. 40% of the US still won&#39;t even pay attention to this as a top 10 issue."
"This administration needs to be impeached. This refusal to protect the citizens of this country is unacceptable. Biden is hands down the worst and most useless potus in its history."
"Biggest military blunder in American history just happened under Democrat&#39;s Biden and Harris. They should resign or face impeachment "
"I&#39;d love to see some documentation about these 3 mythical balloons.  "
"Was  this Republican born scared of balloons, or is that a fear that has to be learned.Why are cons so afraid of a balloon? "
"China will start buzzing our planes, watch and see."
"All of a sudden Ukraine and Zelensky are no longer making major headlines.  Where have all the NATO nations gone?  Have they decided they have given enough of their resources and are slowly walking away as home grown problems such as food, heat and inflation are now more of a concern?"
"4 years ago it was stated a a single AIM-9X cost about US$604,000 plus tax and license. so that&#39;s about 2 million dollars in the biden economy? I would have let that balloon hit the jetstream and see how the UK responds."
"Biden needs to go. Yesterday."
"3  China spy balloons entered USA airspace during the Trump administration, they were not disclosed to the public, and NONE were shot down. File it under news FOX won&#39;t report..."
"In the meantime,  we are still selling our oil from the strategic oil reserves to the Chinese. Good job, America.  Will you still vote for democrats next year?"
"It wasn&#39;t a Sputnik moment but I do remember that day. It was a who is Joe Biden? Is he a friend or foe? I&#39;ve decided he&#39;s a foe. Get rid of the guy. "
"Biden is a failed experiment on every level."
"The really scary stuff comes after Sputnik... Yes, the beatniks, the peaceniks, the neatniks &amp; the no-goodniks come knocking."
"So if these balloons can be deployed for a lower cost than that of deploying a fighter jet and firing a missile at it, then the Chinese strategy should be to try to bankrupt the U.S. by overwhelming it with harmless balloons."
"What bothers me the most is why didn&#39;t they take it down as see what it was as soon as it hit our airspace! There&#39;s probaly something greater going on that we may never know. "
"I don’t think he understands the Sputnik moment.  It signified that we were behind in the space race.   I don’t think we need to worry about a balloon gap.  "
"Chinese Spy Balloons Flew Over The U.S. When President Trump Was In Office according to the DoD . "
"We had 3 spy balloons during Trump&#39;s failed presidency. I felt less secure then than I do now. "
"So after we heard MAGA politicians in the last 24 hours screaming that &#34;Trump would&#39;ve shot it down,&#34; we just learned that Chinese spy balloons entered the US airspace THREE times when Trump was in the WH, and he refused to take any action. Hilarious."
"What Biden’s refusal to act on that balloon until it had completed its trip across the U.S. meant, is that neither our military, nor our president feels we are strong  enough to confront China.  So like any bully that gets away with it, we can expect ever more provocations from China, likely while our military continues to focus on wokeness.there are vast areas in our western states where the land is empty.  They could have taken it down then.  Why didn’t they?  Instead, Biden waited until China was able to get whatever it wanted, and only then did he take it down.  This is the action of a “bought” politician."
"But the THREE (3) Chinese ballons that crossed the country while Trump was president were ok, correct?"
"I  Just  wish  Pres,  Trump  was  in  office!!!!"
"“China is watching our border more closely than Biden is,”"
"Ummm, I didn&#39;t lose one second of sleep because of a spy balloon or even a spy satellite.  It&#39;s really no biggie, but just another opportunity to play politics. "
"What do you expect with bumbling brandon in charge..."
"Joe Biden&#39;s America (Failed Presidential Leadership, Wide Open Borders, Airspace, and No National Security)."
"I can see Beijing right now on Google Maps.  Even the streets."
"He&#39;s not called &#34;China Joe&#34; for nothing, eh?"
"&#34;Like Sputnik, the Chinese spy balloon has drastically changed Americans&#39; sense of security&#34;It&#39;s got Republicans running around like their hair&#39;s on fire, so in that sense it was a successful psy-op. But most of us know this for what it is."
"Defund the FBI which helps democrats collude with Russians (Hillary&#39;s Steele Dossier) and then presents FAKE evidence in an American Court of Law to FRAME American citizens.  And tries to subvert democracy by attacking the President.  Remove the &#34;left-wing police&#34; powers and make it a forensic lab."
"The good old days continues to be last week.   Biden again lowers our expectations.   Groundhog Day all over again.  "
"&#34;Balloon Brain&#34;: A present day malady, occurring in predominantly biased politically partisan individuals, in which relatively minor occurrences are dramatically ballooned in significance and importance."
"China Joe!   He compromised America&#39;s defense on his watch.    It was only after Montana citizens leaked this to the news that Biden and others went into damage control mode.   Then, they ignored it till China was satisfied.   They should be in jail for what they did. "
"Regardless of what party is in the White House or controls Congress.  Any unauthorized aircraft, no matter the country of origin or payload should be warned twice to retreat; and if those communications are ignored the aircraft should be shot down.  Period!  Why any administration would allow a potentially dangerous situation like this to get deep into the heart of our country is unthinkable.  If previous administrations allowed it, those leaders should be barred from future government positions.  And the current administration and leaders should be removed from office.You can bet that if the balloon had come anywhere near DC, the decision to shoot it down would have been swift and remorseless."
"I wonder why China would use something this size and so easily tracked if it were actually on a spy mission. I guess I would try to be less visible unless I was assured that my spy mission would not be interrupted until I got the information I needed."
"Time for US to deploy satellites to drop needles on unsuspecting balloons"
"Very adeptly handled by the Biden administration.Right wing politicians are fuming about that more than the Chinese are fuming."
"Was it a moment when Trump let them fly over the States and said nothing?"
"Where is the outcry from the citizens? The president is so out of touch and refuses to take any responsibility for his inaction or actions. Enough is enough, time for us to push for the 25th!."
"A Sputnik moment? Isn&#39;t that the satellite than did nothing but beep and orbit the earth while Americans freaked out about it?"
"China Joe&#39;s America!"
"Inside Biden’s decision to ‘take care of’ the Chinese spy balloon that triggered a diplomatic crisisEeven without a direct threat to the American public, the widely held view inside the administration was that the balloon would need to be shot down, likely after it moved over open water.Waiting to carry out the operation allowed the US to “study and scrutinize” the balloon and its equipment, a senior Defense official said.“We have learned technical things about this balloon and its surveillance capabilities. And I suspect, if we are successful in recovering aspects of the debris, we will learn even more,” the official added.Officials also suggested that collecting debris from the balloon could be easier if it landed in water as opposed to on land.Government agencies worked throughout week to find the right place and right time to intercept the Chinese spy balloon, according to a government source familiar with the shoot-down plans. Earlier in the week, the Federal Aviation Administration had been told by the Pentagon to prepare options for shutting down airspace.A plan to shoot down the balloon was once again presented to Biden on Friday night while he was in Wilmington, where he approved the execution plan for Saturday."
"Comparing a hot air balloon to Sputnik? Congrats on take hyperbole to a whole new level!"
"Can anyone explain why China Joe was working for a Chinese-funded think tank while running for President?  And why he took highly classified documents to this location?"
"3 Chinese spy balloons entered US airspace during the Trump administration but they were never shot down or publicly disclosed .  
Source  the Daily Mail "
"Biden is truly compromised by the Chinese to allow this. He is a threat to our national security and a traitor to our country. "
"It is being widely reported that this happened three times while Waddles was in office and absolutely nothing was said or done. Why might that be?"
"I can very well imagine the Chinese President and his advisors and his military leaders sitting around and deciding on the best way to threaten America and finding out sending a ginormous hot air balloon to spy on US as the best solution. Other items considered and rejected will be use of spy satellites, use of spies on the ground, hacking into the military network and many others!"
"So when does Joe address the American people? Tad late and looses meaning if done this week. "
"The DOD jammed its signal, gathered data on it for 5 days, and then shot it down and recovered it.Seems like our military that gets a $8.5 trillion over ten years budget did a good job "
"Rest assured, China has dirt on the Biden family."
"I am waiting for the balloon to be recovered and then can determine what it was carrying?  My guess is that it is an actual weather balloon."
"America has been awake! its Joe Biden thats asleep."
"More like a &#34;Sun Tzu&#39;s Art of War&#34; moment. 😉Wake up Mr. President."
"As General Buck Turgid said &#34;we got to close the balloon gap &#34;!The Chinese will know about the next hurricane before the US does."
"It should be fun to watch the Repubs and Fox news ignore the 3 balloons during Trump while creating another false hysteria but I did hear Trump did take care of the 3 other balloons during his administration...He took a Sharpie to a map of the Jetstream and moved them over Canada! 😂  "
"Just goes to show China is not afraid of Brandon ..  "
"Breaking News! A correction has been issued from the White House via Vice President Harris: “The size of the Chinese spy balloon was that of 3 YELLOW SCHOOL buses.”"
"Any comment about spy satellites that have been circling the globe for decades, or is this just another Republican attack on Biden by Republicans, to excite their base and loosen their wallets."
"Hunter riding on AirForce One is a concern for national security. "
"Sputnik crashed in kecksburg pa. The locals thought it was ufo. "
"Remove Biden. He’s compromised beyond all imagination with China. To all the balloon to complete its mission over USA is treason. Throw Kamala out too she’s worthless beyond words. "
"According to a statement released yesterday by the Department of Defense, 3 Chinese balloons &#34;transited the United States&#34; while Trump was President - and he did nothing..Biden has this 1 shot down - and will have the FBI lab at Quantico tear it apart."
"It may have been just a diversion from some other &#34;real&#34; spy threat. Just sayin...."
"84 million Americans voted for China Joe &amp; Co because the Orange One posted mean words on social media. Elections have consequences, for sure."
"what about the 3 balloons during tRump administration 🤔 "
"Liberals know that China enslaves children, but it doesn’t bug them. In fact, their love affair with China is such that they even let Chinese spies hold positions in universities. Child slavers are teaching our kids. That’s how much liberals love China, and how little regard for our youth that they have. Given their stance on abortion, this doesn’t surprise. Don’t expect this administration to do a single thing in retaliation. "
"Everything in America is scary. All the time. Just wanted to ruin your day in case Fox hadn&#39;t done that already."
"Oh dear. Now the Chinese know where we keep our cows."
"No, no. They were just monitoring the weather since they have purchased so much of our land.They just want to know what kind of clothes to bring with them when they relocate."
"Picture a fleet of commercial ship scattered the length of the west coast all releasing balloons that can deliver some nefarious load over the mainland of north america and now you know why this chinese balloon was a good test for that...And Joe just let it fly the length of the continent instead of dropping it in the Pacific....."
"This is all funny. China has thousands of Chinese nationals living in the USA now. They have bought $$billions of dollars of real estate here and multiple corporations. There is no doubt many of the Chinese people here are representing the CCP and their regime. They can go anywhere they want to and  see whatever they want to see. Not to mention their ability to hack our computer systems. But yet we make a big deal about a floating balloon blowing in the wind. "
"Three Chinese balloons crossed the US during the Trump Administration ... who said and did nothing.  Biden shot this one down.-----I genuinely do not understand the MAGAverse."
"Trump never did get that deal he promised with China. Of course he never secured our borders with a wall like he promised either."
"Right wing media hyped this Balloon up because of Fridays jobs report; they couldn’t let Biden have a positive news cycle"
"Today’s radical Republicans are trying to turn America into a Christianized version of PakistanTrump&#39;s wall is &#39;morphing&#39;Two years after former President Donald Trump left office, his border wall is &#34;morphing&#34; in strange ways as Republican state governments continue to throw money at it — all while accomplishing next to nothingMarco Rubio Tells a Skeptical Jake Tapper There’s ‘No Comparison’ Between This Chinese Spy Balloon and Those That Flew Above U.S. on Trump’s WatchKoch network to back alternative to Trump after sitting out recent primariesFox News host bizarrely blames &#39;treasonous&#39; farmers after Chinese balloon incidentAmerica is winning with Biden. MAGA is unhappy. MAGA is always unhappy"
"The people who say Americans don&#39;t need guns for protection just let a Chinese spy satellite drift across the entire country."
"What about the 3 balloons on trumps watch?  I guess those Trump kids business dealings were more important."
"I find it interesting that nobody is talking about the 3 Chinese balloons floated over the US during Trump&#39;s Administration."
"The defense department has just revealed that Chinese spy balloons flew over the U.S. 3x (!) when the dictator-curious former guy was in charge. &#39;Must have been around the time the Chinese were giving Ivanka lucrative licensing deals."
"Captain Asthma Biden (Popped collar, Ray bans and all) saved us only after letting the Chinese penetrate our air defense zone in Alaska and transit the country unmolested...Yup Zero to Hero in Joey&#39;s mind, look for Victory laps today...."
"Right! Because a ballon is the aviation equivalent of a matchlock rifle and that strikes fear into every American’ heart. "
"I notice that no mention is made of the fact that China flew balloons over the U.S on 3 separate occasions during the Trump administration and he did nothing about it. "
"Joe Biden’s version of Around the World in Eighty Daze."
"This story is an opinion piece by a MAGA republican. Fox put that info at the very bottom because they know MAGAs only read the Fake Propaganda headlines."
"A test of resolve --- Disappointing answer given to CCP.  Then again why should it surprise anyone, millions crossing our border unchecked."
"China Spy Balloons over the USA. Biden knew. It was planned. Biden stole 2500 cartons of documents and 450 gigs. He made a contract that says they won’t be released to the public until no sooner that 2 years after he is out of office. This is void ab initio. And, also, why is he getting away with all this? Biden arranged for the China Spy Balloons to distract you from his other crimes. And, the DOJ, the FBI and Congress are good with that."
"No it’s a Benedict Arnold moment . Biden is a Chinese spy. "
"Eisenhower was afraid to launch a orbiting satellite for fear that Russia would see overflights as provocative and intelligence gathering; this was prior to Sputnick."
"Interesting gambit by the Chinese. Its not like our military did not know about the balloon before it entered our airspace. Most likely they were interested it what it was created for. "
"Satellites and balloons for weather were eliminated by Doppler Radar communications networks.  US cruise missiles launch effectively with deployment of antennas and flight drones for guides.    "
"The difference: Sputnik highlighted what we didn’t know. “Balloonik” highlights what we IGNORE."
"3 Chinese spy balloons entered US airspace during the Trump administration but they were never shot down or publicly disclosed . Source the Daily Mail . "
"If you feel less safe because a balloon harmlessly floated 60,000 feet in the air you might want to question how you assess danger "
"China spies on the U.S.The U.S. spies on China.It has been going on since WW2.Helps prevent accidental wars."
"It&#39;s a balloon people.  Relax.  They sky is not falling.  I do think you guys realize that all the major powers now use satellites to spy.  "
"Sputnik was not an indication of Eisenhower’s incompetence. The balloon exemplifies Joey’s."
"Balloon Head Biden sure does love taking credit for fixing tiny portions of larger things that him and his administration have broken or have just ignored. "
"How much was slo Joe paid to let the balloon go completely across America before it was shot down? Because it could have been shot down &#34;BEFORE&#34; it ever got to land. "
"Do any of you liberal illiterates remember the U2 incident over RussiaRussiaRussia ? The Russians responded like Men. Biden responds like a goil."
"Quick recap:Biden, Day 1: &#34;What balloon?&#34;Biden, Day 2: &#34;It&#39;s just a weather balloon.&#34;Biden, Day 3: &#34;We don&#39;t want to offend the Chinese.&#34;Biden, Day 4: &#34;It&#39;s too dangerous to shoot down.&#34;Biden, Day 5: &#34;I told them to shoot it down a week ago!&#34;"
"Xi and his &#34;guy&#34; in the White House, what could go wrong"
"OK, it&#39;s been a month. What was the Chinese spy balloon carrying? What are the results of the investigation? What data was collected?  Rest of the story, please..."
"Ray was consumed with white people being the problem. And this is what you get for incompetence."
"Yet another manufactured crisis.  I wonder what the underlying goal is…"
"Hopefully this will mean Biden will NOT win reelection, That is the silver lining."
"The fact of the matter is that China just exposed that the US is vulnerable to an attack by balloons. China will invade the US by coming thru Canada which has no defenses to speak of."
"OMG !!! A Chinese spy balloon that everyone is shocked about, meanwhile, everyone posting videos of that same spy balloon on TikTok"
"I believe nothing this government says. They could have put it up there for all we know."
"If the Chinese are looking for American weakness they need look no further than the significant portion of citizens willing to destroy it based on only repeated falsehoods and rumors. These weak minded patriots are an easy target for propagandists. "
"I notice that Marjory Taylor-Greene is denying that China flew 3 balloons over U.S during the Trump administration. After her brilliant observation that Jews fired lasers at California to start forest fires, we must assume that she is an expert on such matters. "
"As the jet fires its deadly air-to-air missle and the balloon bursts in a violent explosion!...confetti &amp; a banner falls out of balloon reading &#34;Happy Chinese New Year&#34;!"
"Mystery virus pops up in Midwest; film at 11:00."
"Oh no, the Chinese have developed balloon technology??!  Truly a Sputnik moment!  If only the Trump Administration had developed matching balloon technology we could have had a six-year head start in balloon making!!  Dereliction of duty!!"
"We know the Communists will go to any weapon available, ie the Wuhan virus Covid 19.  It seems far more plausible to me that the Communists were studying air currents over the US so they can fashion their next virus to function in a controlled manner to eliminate the citizens of the US.  The Biden administration is privy to the plan."
"What secrets did Biden give away now?"
"Susan Rice and the &#34;Executive central committee&#39;s&#34; finger prints are all over this mess "
"<strong>How to destroy a superpower in two years or less:</strong><strong>Open Borders</strong><strong>Wild inflation</strong><strong>Excessive spending</strong><strong>Arming the Taliban</strong><strong>Turning your backs on Afghan allies</strong><strong>Bow to Chinese</strong><strong>Create a domestic energy crisis</strong><strong>Keep the same clowns in charge of military who just surrendered to 10th century barbarians</strong><strong>Promote nuclear war with Russia</strong>"
"&#34;Xi tested the political will to respond and we failed.&#34; Bull. It was prudent to monitor the balloon then take it down when there was no risk to anyone."
"The Chinese spy balloon is a Sputnik moment on President Joe Biden.  He&#39;s demented and incapable of performing the duties of president.  And his advisors, cabinet officials and military brass are incompetent and must be fired."
"If we were to try &amp; fly a spy balloon over China, how long do you think it would last? It would be shot down the second they find out. We have the weakest government under Biden maybe in the history of this country. We need strength again, we need Republican leadership with kahonas!"
"Has Sen. Cruz introduced a resolution calling for building the fleet of armored balloons yet? "
"Whats next, mainland china building coal fired power plant upwind of the US to raise the CO2 levels over North America......."
"I&#39;m not sure how we would do in a technological war against China, but I&#39;d bet our transgender soldiers would sure give them a run for their money!"
"Wow. Fox Propaganda at It’s finest.  "
"Joe likes ice cream and balloons for his birthday..."
"Biden failed, again and again. "
"I am sure a large percentage of Americans (regardless of age) are clueless to the word Sputnik"
"The DOD jammed its signal, spent 5 days gathering intelligence from it and then shot it down where it posed no harm to Americans and in a place easily retrievable; seems like a successful military operation to me!"
"Meanwhile Putin is threatening us with nukes not balloons "
"Sputnik was not a Spy device. the balloon Was and I&#39;m sure we are trying to recover the junk that feel when we shot it down. 
 "
"People freaking out over this dont know much history as the Japanese did it during WWII. Pretty low-tech thing to freak out over considering China just demonstrated an intercontinental supersonic missile. "
"Now we hear this was the 5th balloon that entered the us. 3 of them under Trump and 2 under Biden. What is going on?? "
"I think Joe and Hunter are lovers!  They are always together. "
"It&#39;s just a balloon. They can Google anything they want to see anyhow. "
"So this Chinese surveillance balloon was allowed to meander across the country for how long, and that was ok? "
"lol...yeah sure. A balloon is a Sputnik moment.  Only at triggering the right.  There are a lot of moments that are doing that lately "
"Lol.  Really?The Cold War with Soviet Russia was <strong>absent</strong> TRILLIONS$ in trade.  There can&#39;t be another Cold War ... this time with China - the world&#39;s manufacturer now."
"Impeach the entire Brandon administration as none of them are or have been upholding their oath of office or following the Constitution! Not one of them has any experience in the office they hold"
"Joe says &#34;I once took a balloon around the world in 80 days. No Joke!  I wrote a book about it.&#34;"
"Take it easy China. Joe is sending you 10X the money to cover the cost."
"This is an exaggeration. It has made people who live in the Fox bubble where truths and lies are reinforced all day by so called experts who know nothing. All they know to do is scream and shout to keep ignorant people glued to the television "
"No real action will be taken.
Academia, industry and government are riddled with Chinese spies and bought and paid for sycophants.
In days this will be forgotten."
"<strong>A BB gun could have shot that balloon down, why missiles? or Stormy Daniels could have busted both of those balloons? Where&#39;s Trump when you need him?&gt;</strong>"
"Biden asked Xi for a distraction to get the document scandal off the front page.  Worked like a charm."
"Na, The Gov. can come out HEROS on this.... Find the remains and claim it had biological weapons on it. They saved us waiting to shoot it down till it was over the ocean."
"<strong>A BB gun could have shot that balloon down, why missiles? or Stormy Daniels could have busted both of those balloons? Where&#39;s Trump when you need him?&gt;</strong>"
"Na, The Gov. can come out HEROS on this.... Find the remains and claim it had biological weapons on it. They saved us waiting to shoot it down till it was over the ocean."
"IMPEACH Biden and Harris .The Biden Administration should be charged with Treason and espionage . "
"Fox is trying so hard to start WWIII... especially after Biden didn&#39;t take Putin&#39;s bait to broaden the Ukraine war.FOX/MAGA did push that... they love guns... especially big guns and tanks."
"The latest Leftwing lie is that &#34;3 Chinese balloons&#34; did the same thing under Trump.   The source is anonymous, of course, and is likely a misstatement of the then widely-reported fact that some Chinese balloons were seen off the waters around Hawaii and Guam.  I remind all you Leftwing lunatics that a balloon this size can be clearly seen, even 10 miles up.  It is in fact how THIS was seen (the Biden Administration never told us, and initially tried to deny it).  Had this happened before, many thousands of people would have seen them."
"Sleepy creepy joe will not wake up. He is owned by the Chicoms."
"Was this article originally written for the &#34;The Onion&#34;?What&#39;s next, Fox drama queens: China is ahead of us in building giant paper dragons? One day, they will take off and attack us!"
"Pilot telling his grandchildren the story...&#34;yea, the Great Balloon War of &#39;23, the balloon was being evasive, but I caught up to it, I put my bead on it &amp; FIRED MY MISSLE!...yea, the good &#39;ol days&#34;..."
"For republicans, it’s more of a “War of the Worlds” moment, reactive ignorant fear and panic, and, of course, politicize it to death."
"No matter the news, Fox is anti-Biden. When CNN was anti-Trump it was a grave conspiracy to ruin is Presidency. With Biden he just soldiers on. Fox demanded the balloon be shot down. It was. What will be the next crisis Fox gins up to attack Biden?"
"We&#39;re way behind, we haven&#39;t had a good balloon corps since the 1860s"
"<strong>3 Chinese spy balloons flew over United States during Trump administration… </strong>"
"President Trump maintained cordial relations with the Chinese by allowing their balloons to fly across the USA unmolested.  Joe provoked them by shooting down their property."
"Balloons would be an interesting way to release biological weapons down on a population. Don&#39;t forget where the Wuhan Flu came from."
"3 were covered during the Trump eea"
"Sure did a good job of knocking Joe&#39;s having classified documents out of the news..."
"Not only do we have a doomsday device gap but we have a balloon gap!"
"I want to dinner yesterday and ordered a Sloppy Joe.  They brought me a stack of classified documents!!"
"<em>&lt;- </em><strong><em>Chinese spy balloon is a Sputnik moment for America - &gt;</em> No it is not. It is a wakeup call that an unelected President is so hateful of the America people that his regime is willing to sacrifice every man woman and child&#39;s safety from foreign aggression. And it you don&#39;t believe that, visit our southern border and weep !!!</strong>"
"it&#39;s not, because we don&#39;t have JFK. We have Brandon"
"25th amendment time."
"No it has not. "
"Did America finally wake up? Is it a valid meaning of being ‘woke’."
"Back to back employee of the month for Hunter."
"Should we fly B52s over china and see how they respond?"
"I’m really not following this story… but if a spy balloon is visible… is it really a spy balloon?  Is this their spy weapon of choice? "
"Big deal, at least we’re WOKE."
"This event exposed the biggest failing of Liberals trying to deal with foreign affairs.  They don&#39;t have the mental capacity to understand and deal with evil.  The CCP, Kim Jong-Un, the Iranian leadership all pure evil.  The inability to effectively deal with a balloon doesn&#39;t give me much hope things will go well until we can elect new leadership in 2024."
"The liberals will find a way to blame it on Trump.   The buck stops with Biden only when it&#39;s convenient."
"The questions is.....when exactly did the USA spot this balloon....that is what the Chinese are testing...."
"China Joe wakes up one morning and has no idea what happened yesterday.   &#34;Did Xi call for me? &#34;      &#34;Hunter, take the limo and do what you do.&#34; "
"-No Matter WHAT Mistake or Crime biden commits---Impeachment is NOT an option!!!???---I blame McCarthy &amp; the Republicans for this!!!"
"It would be interesting to see what is in that pay load."
"I don&#39;t like Biden shooting down things he is so ignorant of what they are. Not to mention, everyone sends up weather balloons ALL THE TIME. some bigger than others.And if Biden thinks &#34;Boy did I teach China I shot down their balloon. &#34; I think Biden ought to pay for this very expensive missile, That just made China laugh I am sure."
"The CCP is thrilled we think it’s a spy balloon. It’s mission was to spread a chemical toxin across the country… But don’t worry liberals, the weaponized balloon identifies as a weather balloon!"
"But this time around, the people&#39;s voice will be ignored."
"Biden worst president in our history"
"Clearly Xoe failed miserable under Xi&#39;s test.  However, in reality Xi has completely compromised Xoe--via his families $$ schemes.  Xoe recognizes should the ChiCom government choose to do so, they could release to the world media the &#34;Criminality and Treasonous&#34; activities of the Xiden Clan which would utter result in their destruction.  "
"If they knew it was on the way they could have dropped it in the Pacific...Instead we find out its here when its over Montana....They didn&#39;t know it was here......Sleep well knowing classified document hoarder Biden is at the helm.....LOL"
"Not when our leaders act so cavalier and nonchalant! "
"Now the Chinese have BALLOON technology. We&#39;re doomed. Might as well surrender!"
"Why yes Fox...I was shocked to the point of panic. Because like most here, I am easy prey to fear mongering. "
"..really!? occurred after Pelosi trip to Taiwan"
"Wow, SputnikThe left today has no clue. Just color, dress sizes, crt, cancel culture matter"
"Are we sure this wasn&#39;t a (d)emo for a civilian monitoring (d)evice that Joebama and son are wheeling and dealing with China for? 🤔 Just a thought 🤷"
"I’ll take drag queens over drama queens everyday "
"The only nation that spies on the USA more than China is Israel. Israel sells or secrets and tech to China all the time as well. "
"After the next Thanksgiving Day Parade, we should send those balloons over China.  That&#39;ll teach &#39;em."
"Remember Americans---Criminal biden is the SAME VP (Not President) recently Caught with Classified Documents in his home!!!!"
"Eisenhower was not owned by the chicoms.  "
"Seems like the Chinese could just hack into Google Earth and get all the pics they want."
"We must have a President NOT on the Chinese payroll."
"And inane rants from potential Republican presidential contenders trying to outcrazy one another will start in 3...2...1..."
"wait until the democrats realize China hates them also. "
"Dont worry...the two FAT MEN...Milley and Austin, the inept duo, got us covered! lol"
"We so desperately need a real president."
"Seems silly and somewhat dated to use a balloon in 2023, especially since you can just walk across the border.
Using a ballon sounds like a Hunter Biden idea that came to him during a whippets session. Something just isn’t right here at all. "
"LOL Sputnik moment . . . not even close!  FOX 😂🤣😂🤣"
"Rep Waltz, the Sputnik moment should be when China spread Covid virus in USA and the incompetent Trump/Pence admin were caught unaware and got exposed as clowns."
"X was testing the dementia patient in the White House.  Brandon failed again. "
"If the balloon was Biden&#39;s fault, then who&#39;s fault was 9/11?"
"General Milley is currently apologizing to his chinese colleagues for shooting down the balloon."
"Collecting intelligence on our nuclear capabilities?  Or downloading the TicToc data from everyone&#39;s phone?  Either way, the chicoms now know that they can get away with whatever they want, and our sock puppet-in-chief will do nothing about it."
"Much ado about nothing."
"We should start a balloon race?"
"This apoplectic man brings apocalyptic euphoria to the woke haters of the world That&#39;s why they love him"
"LOL Sputnik moment . . . not even close!Ridiculous how apoplectic the MAGA crazy train is over this . . . "
"CHINA JOE HAS IT COVERED !"
"No more Chinese food!!"
"Fox headlines red meat for Biden Bashers. Such tools."
"It&#39;s a shame that Trump has convinced MAGA that the Chinese are evil.Do you like reading the printed word?  The Chinese invented moveable type.Do you like shooting your guns? The Chinese invented gunpowder.The girls look pretty hot, too."
"Not that Fox would ever cover THE IDENTITY OF THOSE ACTUALLY RUNNING THE WHITE HOUSE.  YOU KNOW, THE MINOR STORIES. 0___0"
"More propaganda by Fox . Meanwhile it’s ok  to them if Putin threaten us with nukes . "
"IMPEACH Joe Biden and send him back to China. "
"yes i wont be able to sleep at night now because i will be worried about spy balloons dropping bombs on me lol"
"Who needs ballistic missiles......."
"Fear and ignorance does amazing things to the QOP.  "
"And our so called leaders failed very miserably !"
"How can Americans feel secure with Traitor Joeblow Biden in the White House?"
"Waste of a good missle."
"LOL Sputnik moment . . . not even close!Ridiculous how apoplectic the MAGA crazy train is over this . . . "
"CHINA JOE HAS IT COVERED !"
"No more Chinese food!!"
"Fox headlines red meat for Biden Bashers. Such tools."
"It&#39;s a shame that Trump has convinced MAGA that the Chinese are evil.Do you like reading the printed word?  The Chinese invented moveable type.Do you like shooting your guns? The Chinese invented gunpowder.The girls look pretty hot, too."
"Not that Fox would ever cover THE IDENTITY OF THOSE ACTUALLY RUNNING THE WHITE HOUSE.  YOU KNOW, THE MINOR STORIES. 0___0"
"More propaganda by Fox . Meanwhile it’s ok  to them if Putin threaten us with nukes . "
"IMPEACH Joe Biden and send him back to China. "
"yes i wont be able to sleep at night now because i will be worried about spy balloons dropping bombs on me lol"
"Who needs ballistic missiles......."
"And our so called leaders failed very miserably !"
"Fear and ignorance does amazing things to the QOP.  "
"How can Americans feel secure with Traitor Joeblow Biden in the White House?"
"Waste of a good missle."
"LOL, this site has the mute feature, and some antonym557 troll I muted keeps trying to take hits at me. I can&#39;t see any of them, loser. I don&#39;t want to either. "
"Biden is too weak to stand up to anyone! before he&#39;s done we&#39;re gonna be done! the worst president ever.... he&#39;ll be dead soon enough, so what does he care!"
"Republican party: The party of hypocrisy and ‘nothing to see here’. "
"Meanwhile Putin threatens to nuke us "
"Nuke xi"
"Nuke xi"
"During Sputnik, we had President Eisenhower followed by President Kennedy. Today we have Biden. BIG difference! "
"After 34 years in the military I can unequivocally tell you this administration’s pentagon leadership is overflowing with duds that floated up from the bowl. For the record: NORAD was tracking the alleged civilian balloon from the second it launched in china. So, why not start by revealing the sequence of events starting 13 miles from the Alaskan shoreline"
"weather balloons don&#39;t need solar panels and 60 feet of apparatus to power the basic devices used to monitor the weather.  "
"For one, this wasn&#39;t a balloon, it was an airship.  It could be controlled of both direction and altitude like a simplified Goodyear blimp.  It could change directions, which it did and loiter over targets, which it also did.   An upper altitude airship can do another thing that a satellite cannot do.  It can carry both biological weapons and/or a nuclear device capable of an EMP blast.  If one is capable of expanding this idea how would a COVID like virus (or more deadly virus) work out if there was no electricity for a few years?  This is probably, in actuality, more frightening than Sputnik."
"Now, I’d like to know what the fbi/doj and the other 13, three letter agencies have been up to while the American people were distracted with a shiny object in the sky. Let’s take a guess, hiding classified documents or hindering hunters fake investigations… so many bad things to hide in joes administration. Those poor folks are probably working overtime."
"This isn’t a “Sputnik” moment. This is dereliction of duty to the American people. "
" better security in dependent on qualified leadership. the wrong people are running the government. if the citizens are wanting security, they need to vote for better candidates not woke leaders- not token leaders- not senile leaders."
"Sputnik moment, really? Instead of celebrating  the fact about humankind reaching out into space, we were to be worried about our …world hegemony’ ?We should remember our own display of superiority in Hiroshima and Nagasaki. Our of two events I’d take sounds of Sputnik any time, especially with our research closely following. China’s balloon has shown us how badly our praised and mighty expensive defence system works, freezing up at the critical time. <strong>Any unmanned and unresponsive intruder  should be brought down the moment it entered our airspace. </strong> No hesitation, no going up and down chain of command for a week. "
"It isn&#39;t for most.  This has been an ongoing issue for the las 20 yrs.  Every president and government officials knows about but all they care is becoming part of the government wealthy club.  Once there they brush off anything."
"Imagine this: It is 2018 and a Russian SPY balloon is allowed to fly from Russia to Alaska to Montana to the east coast.What would the Dems and the mainstream media be talking about this morning? My guess: IMPEACHMENT again."
"Thank you rep waltz, please make sure that biden and the democrats understand that the ccp is a bigger threat to the United States than the citizens of our country that want our border laws enforced. I don&#39;t think democrats are capable of telling friend from foe, as evidenced by how they speak of and treat conservatives vs how they welcome and downplay threats from china."
"“…FBI Director Chris Wray testified before Congress last year that the bureau was opening counterintelligence investigations into China every 12 hours.”Yeah, just like the laptop from hel* investigation… Don’t hold your breath for a positive outcome. "
"This administration and military leadership are endangering our existence.  They didn&#39;t know what the payload was.  It should have been deflated in a manner to allow capture while it was in US airspace and before it reached the mainland.  that is what should have happened.  You don&#39;t splash it after it traverses the entire country.  What would have happened if the payload was an EMP.  We would be in chaos right now.  I&#39;m telling you these guys running the country are amateurs at best and it will eventually cost the US treasure."
"With the admission from the Biden administration last week that the <a href=""https://www.foxnews.com/category/politics/defense"" target=""_blank"" rel=""noopener"">Pentagon was indeed tracking</a> a Chinese spy balloon over Montana, I was shocked to discover we had simply allowed our greatest adversary to completely violate our sovereignty and airspace. No question in my mind if Trump were president he would never have allowed Xi to do this and would have shot balloon down as soon as it violated our air=space."
"so what was inside of it guiding it?  a drone?  obviously it maneuvered in the way a drone could. we have no privacy.  not from our own country and not from others. the technology now out there is downright concerning.  "
"It is imperative that the US rebuild its manufacturing capability and wean itself off of Chinese economic dependence. We can&#39;t successfully fight a war with a country when they provide a large fraction of our consumer good. We need to rebuild our manufacturing, stop selling our land to the CCP, and rid our military of the woke fungus. After we do these things then we will almost be ready but we also need a competent, America-first, commander-in-chief. There is much work to do while we restore our country to greatness."
"Place sanctions on them.  China needs us more than we need them.  Their economy is in the tank."
"Now, I’d like to know what the fbi/doj and the other 13, three letter agencies have been up to while the American people were distracted with a shiny object in the sky. Let’s take a guess, hiding classified documents or hindering hunters fake investigations… so many bad things to hide in joes administration. Those poor folks are probably working overtime. They’ll need to recall joes favorite 50 retired intelligence officials to lend a hand.  "
"Sorry but most Americans don&#39;t care about anything unless an event smacks them in the face especially most under 30 who never look up from their phones."
"Joe Biden, a day late and a dollar short.  Leadership(?) at its worst."
"We as America had better wake up to the threat of China! We need to keep our military strong, peace through strength!"
"We have Leaders, Political an Business, who just care about lining their own pockets, and right now, it&#39;s easier to do with Chinese Money. They won&#39;t do ANYTHING about China, and the Media, who used to report on News like this, is still showing Trump as the top story."
"During Sputnik we all identified as Americans and Republican Eisenhower worked with Democrat Johnson. Today our country is divided and Republicans don’t work with Democrats identifying as houseplants or kittens"
"The balloon itself is not scary. However, the U.S. President doing NOTHING for days to weeks (other than praying no one would notice, followed by what was an essentially token gesture AFTER the fact) is VERY scary.  Had this not been seen (or if the tone had been less rancorous), it’s entirely plausible he would have continued to do nothing.   He  NEEDS to be removed from office.  And, heaven only knows what rock our VP has been hiding under; but if she were to conveniently disappear, no one would miss her either. "
"Rather, it was intended to send a clear message from the Chinese Communist Party that they no longer recognize the United States as a threat.

XI is broadcasting just how weak our POTUS is in retaliation for Nancy Pelosi traveling to Taiwan….and he succeeded!"
"Question is, did that spy balloon already transmit it&#39;s information to China, or was the information stored on board for recovery and analysis at a later date? Odds are that China was receiving that info in real time, because of the uncertainty of the balloon&#39;s flight pattern.  Logical."
"I like how people in the media keep calling it the  &#34;Chinese Spy Balloon.&#34; Not sure why the &#34;Chinese Virus&#34; was so offensive to them."
"Be prepared for higher prices in the near future."
"One huge difference here. When Russia launched Sputnik, we didn&#39;t know how to make satellites yet. The scary part was we now knew they did.We know how to make balloons. No one&#39;s worried about it. At least No one who has a brain and who isn&#39;t trying to play political games"
"This is a bad time not to have President Trump at the helm."
"Float a “weather balloon” over China and see how long it takes them to bring it down. "
"The back seat drivers at Fox are giving all their opinions on how to drive our nation into a tree.  If we followed their advice not only Ukraine, but much of eastern Europe would be part of their new and improved Russia."
"So why won’t Biden answer the obvious question? Why was this balloon allowed to enter US airspace in the first place? "
"We should have shot it down as soon as it entered our airspace, said nothing at the time, and had Blinken attend the meeting. And then release the information at an opportune time. The Scarecrow Administration is a greater danger to America than Communist China."
"And ya&#39;ll though that the Carter administration and presidency was bad and noteworthy. Ya&#39;ll haven&#39;t seen nothing yet. Wow just Wow. "
"We had no way to do anything about Sputnik but complain.  The balloon could have been dealt with as it entered US commercial airspace before overflying US territory.  Not the same at all and if Biden had done that, the conversation would have been louder from Xi, but the message re Us sovereignty would have been clear...but no one really expected (Bought and Paid for) Brandon to do anything pre-emptive, especially the Chinese."
"Biden has been plenty tough on china. The CHIPS act is more significant than anything trump did, who by the way did nothing when Chinese balloons flies over the us when he was in office. I guess those facts wouldn’t get clicks on Fox News though. "
"China did it again . They got away with it when China Trump was in charge  , so why not try again ?"
"&#34;Instead, our government dithered.&#34; No, it didn&#39;t. Our military leaders concluded that there was no imminent threat and decided to down it over water instead of over land. If the Chinese hoped to provoke further division in the US by driving right-wing extremists crazy with this balloon stunt, they certainly succeeded."
"The only difference is back in those days we had a president.  Today we just have China Joe."
"LOL, it&#39;s not a Sputnik moment at all. With Sputnik, we have no tech equal to it at the moment, that&#39;s far from the case here. The US military is the best intelligence gathering agency in the world, this is much ado about what will ultimately be a minor incident."
"Sputnik didn’t inspire the American people to more recrimination. No one called for Eisenhower to resign or be impeached. So, yeah, it would be nice if this became a Sputnik moment. For one thing, it’s clear the Air Force needs high-altitude &#34;tow trucks&#34; capable of bringing these crafts down to earth, where they can be dismantled, studied, and sent back to China in pieces. Too many Fox News comments think every threat needs to met by force. Better to show the threat is no threat, and that we’re unafraid. Let’s see what they’re up to, and make them a laughingstock. "
"56 former intelligence officers say the Chinese spy balloon is Russian disinformation "
"decent story .. in one move China has made anti china actions and rhetoric far more  acceptable .  Things were headed that way anyway but now i doubt any government official will want to be taking a remotely pro-china point of view "
"Why wasn’t the balloon intercepted over Alaska?Was it political and military incompetence in an assessment / decision making process?Or did the U.S. want to passively collect intel on the balloon and then shoot it down later?Why didn’t Canada engage this balloon over its sovereign airspace?It was the same threat to Canada’s national sovereignty as it was to the U.S. under the NORAD bi-national construct.Was it reluctance on Canada’s part politically?Or was there a joint decision by Canada and the U.S. to let it fly through Canada in order to intercept its communications, jam its ability to communicate with China, gleen more intel about its capabilities etc before it was ultimately shot down over water?Hopefully it was the latter set of reasons, rather than Canadian political reluctance to intercept it.Otherwise Canada is not a trust worthy partner in NORAD.How likely is it that both Canada and the U.S. are playing 5th dimensional chess against the Chinese and Russians on this topic?"
"so why did joe let china spy on the us brazenly?  for days.  with a view military says was 22 times better than a satellite?  "
"This commentary makes some very good points. I will just add a couple questions that I have from my observations of the Biden Administration and our corrupt unelected Deep State. Could it be that our intelligence agencies are falling behind with keeping up with what our enemies doing because they are too busy surveilling Biden&#39;s domestic political opposition? Could it be possible that the the FBI and/or the CIA contracted with China to spy on Americans for them?By the time the spy balloon was shot down it had competed its mission and transferred the data to any number of sites scattered around the US."
"If China can easily do this, what’s to stop North Korea doing the same? Except with a nuclear payload to detonated at 45-60k feet?"
"May 2018 . A Chinese government-owned company has signed on to build a theme park in a vast development in Indonesia that also features a Trump hotel and condos, a deal that stands to benefit President Donald Trump&#39;s company just as top Chinese envoys head to Washington for trade talks. China Trump "
"I distinctly remember the Sputnik event. I was six at the time. It spelled a major shift in public education emphasis from classic training, which emphasized humanities, to scientific which emphasized math and physics."
"I worked with an intelligence agency 20 years ago. They warned then that China was our major threat. Why has our government not listened? Why are our corporations still trying to make a buck over there?
Do we need another Pearl Harbor to wake us up?"
"This just shows how much power the Chinese government has over the illegitimate Biden. Biden was told exactly when he could shoot down the balloon and not a minute sooner. The US is weak and we are getting weaker every minute that Biden, Miley, and Blinken are in office."
"In 1957, 80% of Americans revered G-d and could appropriately adjust their sights to confront an evil threat.  Today maybe 40% of Americans revere G-d while the fastest growing religion for adults under age 35 is Witchcraft.   The youth are incapable of making a correct moral judgement and are more incapable of recognizing an evil threat to their well being.So the reaction will be like night vs day."
"This isn’t the first time this has happened, I believe the china or Japan in the early 30’s or 40’s sent balloons over us before "
"Comparing a balloon to sputnik. Hahahaha"
"So THIS is NOT an Impeachable Offense, but &#34;Mean Tweets&#34; by Trump IS ...???!!!---What can Criminal biden POSSIBLY Do that&#39;s &#34;Bad Enough&#34;????? It boggles the mind to watch biden&#39;s Endangering of America with Absolutely NO Response from the DOJ!!!!"
"It&#39;s not wise to start war with CCP now. Not enough to prepare for the war by US and allies army yet. Need time to alarm and mobilize the army and people in Australia, New Zealand, Japan, South Korea, Canada, Philippine, India Taiwan, and even Singapore. The European allies are struggling with Russia in Ukraine war. They can&#39;t fight in Europe and Asia meanwhile. Please calm down American people. The CCP must be toppled by Justice leagues oneday. Xi Jinping is putting himself into the most risky situation when he secured the unlimited throne. Think about it who wants Xi demise as soon as possible? He blocked the way of promotion in the party so those who are not Xi&#39;s junta would be the most enemies for the dictator. CIA should make plan to incite a civil war in PRC. Source from PRC."
"The situation is far worse than many could ever have imagined.Just knowing that there has been some espionage does not begin to cover the multifaceted aspect of the coordinated Chinese Communist Party operations.A good book on this, one which surprised me with the extent of &#34;Turtleman&#34; Senator McConnell&#39;s Chinese connections or that of his relatives, and covers the full spectrum of the Chinese quiet incursions into our science, industry and cultural life,  not to mention schools and politics, is the book &#34;Stealth War&#34; &#34;How China Took Over While America&#39;s Elite Slept&#34; by retired Brigadier General Robert Spalding."
"very few people left in this country remember sputnik, and when a good man moved a country into action, and excel at what we did best - To be the bestUnlike the weak inept waste of humanity we have now..."
"If it ever came to blows with China, American companies which have assets in that country can count on China nationalizing all those assets. That may well bankrupt a lot of companies doing business with China. "
"Biden&#39;s reaction was like waiting for a bowel movement from a senior citizen.  Too little and way too late.  God Save America! "
"Sputnik spurred America on to greater things, not the gnashing of teeth, gum flapping, finger pointing, etc.  I was delivering newspapers when the Headline &#34;Sputnik&#34; appeared.  Papers were late that day because all of us paper boys read the article(s) before we went on our routes.  We knew then that America wouldn&#39;t stand for the Russians being first, within 3 years we had new science classrooms and labs, Industrial Ed. and drafting - mechanical drawing tables and easels.  Eight years later, we were on the Moon!!! "
"Funny thing is, spy satellites pass every day, but since you don&#39;t see them, it&#39;s OK."
"Art of war.....have them looking where you are not. Asymmetrical warfare. Is what I get from all this."
"Where are we America? Why don&#39;t we have nuclear powered balloons?"
"Not a surprise. While we are supporting with our military, weapons and money numerous nations and some that are not even our allies, our enemies in the meantime use their assets to strengthen things at home for future conflicts."
"&#34;Build more American balloons asap!&#34;, Nikky Haley&#34;Impose tariffs on Chinese toy dragons&#34;, Lindsey &#34;the Southern Dandy&#34; Graham."
"I remember a cool Ohio, October night, standing in the front yard of our home with my mother, and looking up to see the red-colored, blinking, Sputnik rapidly race across the sky. She didn&#39;t have much to say, and while I marveled at the object, I felt that something was very, very, very wrong."
"According to a statement released yesterday by the Department of Defense, three Chinese balloons &#34;transited the United States&#34; while Trump was President - and he did nothing..Biden has this one shot down and will have the FBI lab at Quantico tear it apart."
"If China sent a spy balloon it’s because they got away with it 3 times during  the Trump administration. Except that this time action was taken .. "
"Sense of security? Here&#39;s the Democrat&#39;s 5 step plan for your security:\<ol><li>Let millions walk into the country over the open southern border</li><li>Let all the criminals out of jail</li><li>Defund the police</li><li>Take all the guns away from legal gun owners so they can&#39;t defend themselves</li><li>Open up American airspace to the Chinese</li></ol> This is their plan for your security."
"We are definitely playing defense here.  A game is NEVER WON on defense.  Let&#39;s get into the game and start THE OFFENSE - "
"China funds in USA should be frozen, their investments in stocks, land etc seized  with no compensation, no exports to or from them, if you lay down with dogs do not be surprised when you get fleas"
"Only Fox could equate an ancient technology with the beginning of the space race."
"The balloon was shot down after crossing the US and its mission completed.  Shooting down the balloon over the Atlantic was cover for the Biden administration’s treasonous collusion.  It was most likely agreed upon between Biden officials and China before the flight took place.The corruption of the Biden family is beyond the pale."
"It’s just inexcusable and weak.. The administration knowingly ALLOWS an adversary to enter our national airspace with an intelligence collection platform, ALLOWs it to maneuver freely and collect intelligence over some of our most sensitive national security areas, and ALLOWS it to traverse our country deciding to shoot it down only after it departs the east coast. Bumbling, dithering incompetence… period. It should have been shot down when they watched it enter our national airspace over Alaskan waters in late January. "
"This is the result of having a spineless dementia patient infesting the WH."
"What does China have on Biden?"
"First of all, I don&#39;t feel that the US or its citizens should be pointing fingers when it comes to this balloon incident.  We ourselves spy on almost every country in the world.  Our intelligence network on the ground as well as satellite network involves almost all other countries, friends or foes.  Secondly, China has been building our need for them to do much of our own manufacturing.  We as a first rate nation cannot even make some of our basic necessities.  When was the last time we made a well designed and built watch, semi-conductor, camera, cell phone, television, etc.  Apple who depends upon China to build their own products instead of using American labor.  They estimate if Americans built the iPhone, it would be almost double the price.  Three, I am very suspicious of this balloon stunt.  China knows it has little to gain by passing a low flying &#34;spy&#34; balloon over our country.  I personally feel that it is a trap which we fell into.  They knew that we were going to defend ourselves after so much of the public and media observed the Chinese balloon.  Washington felt it had to appease the citizens by shooting the balloon down.  Well, by doing this, we just gave China permission to shoot down any satellite which goes over their country.  We took the bait and gave them what they actually wanted us to do.  Of course this is just personal opinion, but what was China trying to gain out of this.  They are very smart people. "
"This could be the beginning of the Balloon Race!"
