"Paul is right yet again. The damage done to the balloon is nothing compared to the potential damage to national security. Although action was finally taken, it was too late. Now we appear weaker to the world, and our enemies are taking advantage."
"This Chinese surveillance balloon should have been shot down long before it crossed into the continental United States. Once it came into the country it was too late to bring it down because there’s absolutely NO WAY ANYONE had any idea what was inside. If Biden was told about the situation while it floated over the pacific then dragged his feet with indecision he failed to protect the country once again. "
"Sen Paul is right.  Biden needs to demand not just an explanation for the balloon&#39;s presence, but also for why China didn&#39;t notify the international community when it had to know the balloon was way of course and was going to cross several nation&#39;s airspace. In a nation (China) supposed to be so afraid of losing face, it seems they would have known it is more honorable to let people know than think they wouldn&#39;t find out. Chinese honor has become non-existant."
"Things must have changed. When I was in uniform, if we got an order on Wednesday, by Thursday it was either &#34;well done&#34; or a really abusive and direct conversation with the CO. "
"Looking at the published paths it took it also passed over and near military contractors production facilities. "
"Biden didn&#39;t &#34;dither,&#34; he followed the advice of military leaders, which was to wait and down it over water. Republicans have no actual policies that can win widespread support, so all they can do is scream about anything that Biden does. "
"The Chinese balloon may not have been able to get any information not available elsewhere, however the balloon was an in your face challenge. This type of challenge/insult must be responded with a swift and effective response. Anything less is failure."
"Between this and our border invasion, it&#39;s pretty obvious our government will not defend America from anything. We need to defund every part of this woke kakistocracy. "
"If Biden had ordered the military to shoot the balloon down over the U.S., Rand Paul and other MAGA lawmakers would be saying:&#34;Biden&#39;s premature decision to shoot the balloon down was a risky and capricious move putting Americans&#39; lives in danger.&#34; He could have waited until it was over water to minimize the risk.&#34;"
"One now has to ask if team biden is working for the Chinese and against America.  This action here is more proof that team biden is waging war on America "
"Biden. The. # NOT VERY MUCH. COMMANDER &amp; CHIEF"
"Will the explanation include the amount of money the Biden Cartel received for allowing the flyover?"
"China Spy Balloons over the USA. Biden knew. It was planned. It didn&#39;t happen on President Trump&#39;s watch - Biden did it. Biden lies. About everything. Of course. Biden stole 2500 cartons of documents and 450 gigs. He made a contract that says they won’t be released to the public until no sooner that 2 years after he is out of office. This is void ab initio. And, also, why is he getting away with this? Biden arranged for the China Spy Balloons to distract you from his other crimes. And, the DOJ, the FBI and Congress are good with that."
"It took so long to respond because they were trying to figure out the balloon&#39;s gender."
"Maybe the US was listening to communications going on between the balloon and China and wanted to collect more comm intel. This is not a moment to score political points and get on TV. "
"I know when I want lessons on being a tough guy and projecting strength Rand Paul is always the first guy I&#39;d turn to."
"Allowing the balloon is as bad as the open border. Why is congress allowing all this law breaking without consequences. Vote them all out in 2024"
"Joe doesn’t know how to demand anything except his 10%"
"Sounds like some top generals in the military need to be replaced too!  "
"They don&#39;t call him China Joe and Beijing Biden for nothing."
"Biden followed military advice from real generals, not the armchair generals found too easily in this comments section."
"Given Biden’s propensity to lie to make himself look good, I don’t believe his statement that he gave the Pentagon authority to shoot down the balloon days ago."
"Don&#39;t demand anything Joe.  They are laughing at us enough already. "
"Trump and his people let this go on and on and on.We do need an explanation for the Trump Administration&#39;s inaction that enabled the Chinese to think they could do this yet another time. Biden shot it down and that will be the end of these intrusions."
"Rand Paul&#39;s neighbor is the man."
"Weak? He ordered the military to find out as much about it as they could, scramble their signals and then destroy it.  Three went over during Trump&#39;s single term and he did NOTHING."
"Notice as this Chinese spy balloon was floating over the US gathering data that the MSM wasn&#39;t talking about Biden Inc&#39;s stolen classified docs and all the money the Chinese sent to his think tank."
"he&#39;s not the Commander in Chief of anything"
""
"Biden is culpable, he is part of it all"
"this was a test by China of the Biden Administration they&#39;ll give it a grade when they stop laughing"
"While the obvious conclusion is that we were asleep during the balloon passage into our country, I want to believe and give our military the benefit of the doubt that we hacked into it and gathered a large amount of data. The Chinese, however arrogant and ignorant, should not think of us as Taiwan."
"It should have been destroyed 6 mile off the coast of Alaska."
"AWWW Come on Man, you know I can&#39;t think that fast. "
"what did you expect from a man that thinks Hunter is the smartest person he knows"
"1] The balloon was not transmitting data back to China. Whether we were jamming it or how we were monitoring it the military did not specify. Out electronic warfare capability is best in the world.2] Since the balloon was not collecting information the military felt it&#39;s job is protect people on the ground. So they waiting until it was over water, No one was hurt and no property damage."
"The reason Biden was so slow to respond to the balloon-fiasco is because he did not hear from his puppet-masters Obama and Rice "
"I personally think the United States should stop all trade with China over this spy balloon incident since China also said it “reserves the Right to make further response if necessary” regarding the shoot down of their spy balloon."
"And if the military shot it down over some State, Randy Paul would have declared &#34;Biden&#39;s decision was dangerous&#34;. Can&#39;t win in partisan politics."
"<strong>&#39;Paul urges Biden to &#39;demand an explanation&#39;</strong><strong>..</strong><em> Joe will as soon as Ron Paul give an explanation of what&#39;s on his head</em>"
"How about closing the Chinese Embassy and sending their mouthpiece home "
"Republicans don&#39;t care that it also happened under Trump. That&#39;s how you know their outrage is hatred for Biden and has nothing to do with balloons."
"i like paul, i wish he contest 2024 , only reasonable senator. Rest of them (except few more) crazy war mongers. This  one , china said, it is a civilian weather balloon, using Biden navigation system. "
"Demand an explanation? Doesn&#39;t sound very strong. If Trump were still the president, Xi might have apologized personally. Election, even a dubious one, has consequences."
"Joe Biden is huge LIAR!  He loves to pretend he lives in an alternate dimension.    Joe Biden is NOT to be believed!"
"Impeach POTUS. He has failed to protect the country, and has failed to fulfill his oath of office!"
"Biden needs to resign immediately "
"Biden and his administration are more concerned with sending BILLIONS of our taxpayer dollars to Ukraine than protecting our own country, its people and our sovereignty. "
"The dentist with the rug on his head, who regularly gets beaten up by his neighbor, says what?"
"Senator Paul:Are you interested in hearing from the former guy as to why he allowed Chinese spy balloons into our airspace and then didn’t inform the American public about it?"
"The balloon will not be recovered. Biden will claim that the balloon and its contents are un recoverable. "
"biden too Xi - I think they&#39;re on to us."
"In history and in real life, it is the predator and prey relationship. Which do you want to be? "
"I&#39;m sure China thinks the U.S, is super strong after allowing election deniers and supporters of the insurrection to have leadership in our House. "
"This guy is ineffective, he demanded Fauci’s resignation multiple times and was completely ignored just like he will be now."
"Rand&#39;s neighbor is a patriot."
"I believe Biden when he said he gave the military permission to shoot down the balloon &#34;days ago.&#34; The problem is that when it wasn&#39;t done he forgot he gave the order."
"This is what happens when the &#39;president&#39; is compromised. "
"How about those positive economic numbers?"
"Rand Paul. He makes me laugh trying to be relevant."
"I hope Paul investigates those three balloons on Trump’s watch, too."
"Rand Paul is lucky Joe Biden isn&#39;t his neighbor. "
"If Biden had shot down the GINA balloon over Montana, the MAGAts would be whining about how Joe could dare to endanger Americans on the ground. "
"So in this segment did this guy say what he would do and does he have the blessing of the military?"
"Responding immediately is not shooting first then thinking about it. Biden did respond by listening to experts. Now THAT is a nice change from Fat Donny."
"Saying something isn&#39;t threat and doesn&#39;t scare you isn&#39;t a sign a weakness. "
"&#34;Fox News has also learned at least one Chinese spy balloon flew over portions of Texas and Florida during the Trump administration, despite the former president&#39;s insistence it never happened.&#34;.Boom!!!!"
"De Santis / Paul 2014 🇺🇸 🇺🇸 🇺🇸 “ we don’t care what you say anymore”Ron DeSantis“ what I want from the government is less taxes, State rights and responsible suspending. Rand Paul editorials to his college newspaper in the late 1980’s (his positions have never changed)“I am under no obligation to be honest with the media or medical industry that is knowingly lying to my face”Corey Lewandowski next chief of staff."
"Rand pretends to be an expert on covid so maybe he knows what the effective dispersal range would be for a biological weapon released at 60,000 feet.    Seems like a good reason to wait until the balloon isn&#39;t above people, crops or livestock to shoot it down then, huh Rand? "
"The best thing Xiden could do would be to dissect the spy balloon and post all of China&#39;s state secrets they can pull from it. But he likely won&#39;t because that will tweak Xi and result in lower paychecks for Hunter."
"if slow joe gets an explanation, i would hope that cackles harris doesn&#39;t try to explain it to him"
"He is correct. A person with advanced dementia can&#39;t make fast, accurate decisions. Start impeachment. This was a trial balloon and we failed miserably."
"Oh come now, this is clearly a tempest in a teapot.  Biden&#39;s domestic opponents are really grasping at straws with this non-issue."
"We do not need an explanation; we need to impeach him right away. He put us in harms way, unlike no other president has done (and we had a few who tried) Impeach, Impeach, Impeach!!!"
"Here&#39;s what looked weak:  when Rand Paul was thrashed by his neighbor.  LOL"
"The entire Biden administration has sold out America. Resign immediately. Our national security is compromised as well."
"Not only should biden and others be impeached but also arrested and tried at a military tribunal for treason.“The Constitution is not an instrument for the government to restrain the people, it is an instrument for the people to restrain the government...”, Patrick Henry."
"Wow! What if they start flying paper airplanes over montana? We will be in trouble then."
"Joe was beaten by a balloon."
"Give him a break. He was a true gentleman and waited for permission from Beijing before disposing of it. "
"Joe was beaten by a balloon."
"Give him a break. He was a true gentleman and waited for permission from Beijing before disposing of it. "
"Hail the glory of gods chosen son. The prophet trump. The man that never lied. Praise him. Trump truly is the second coming of Jesus. Now let us sing praise “ all hail Donald Trump leader of the free world”. Gods choice to smite the philistine. Yes democrats you are the serf. Praise be to the exalted one. He anoints the chosen by his glory powers god gave him. In trumps name amen"
"Who cares what R. Paul says?"
"Rand Paul.  LOL"
"Nah, it&#39;s safer to go after parents at school meetings."
"Rand is nothing but an arm chair quarterback in need of a visit to a barber."
"BREAKING NEWS: ...&#34;Fox News has also learned at least one Chinese spy balloon flew over portions of Texas and Florida during the <a href=""https://www.foxnews.com/category/person/donald-trump"" target=""_blank"" rel=""noopener"">Trump administration</a>, despite the former president&#39;s insistence it never happened.&#34;"
"Republicans get really brave when attacking weather balloons."
"Impeach 46 !!!"
"joe is once again lying"
"Xi remembers that BiDUMP told Putin he was OK with a Russian &#34;minor incursion&#34; into Ukraine. We know how that worked out."
"Good luck with that and Joe already blamed the Trump administration. "
"Reading the comments I see Rand Paul has a strong following of haters.  "
"..Demanding   Joe  anything , Takes    Energy   and   Time ..."
"Rand, step it up!You&#39;ve fallen out of the Top 500 Republican demagogues."
"Come On Guys!there was no risk of anything. Biden declassified what the balloon was collecting just by thinking about it. He has the same powers as Donny Boy"
"Of course Putinpoodle Paul wants to talk about China. I wouldn’t be surprised if Putin funded and paid for the Balloon through cutouts. "
"Don&#39;t expect too much, in-regards to the our absent minded leader, Senator Paul because ... IT&#39;S NOT GOING TO HAPPEN ! Chairman Xi doesn&#39;t even have to say anything, by just giving Brandon the look,<strong> our great emperor will tremble, start fumbling with words and FOLD !!!</strong>"
"He should demand an explanation as to why it was shot down over the Atlantic and not the Pacific."
"Hey Rand, go do something productive, like mowing your lawn. "
"The Chinese are playing BiDUMP like a cheap violin."
"I have no belief that Rand Paul knows anything. Then you combine that air-head Maria Bartimano who has not gotten better with age, only worse."
"Bread and Circuses."
"Traitor Joe can’t do anything because he’s the “Wuhanchurian Candidate.”"
"Rand Paul&#39;s hair is starting to resemble Phil Spector.   Now he looks and sounds like Spector. "
"Yeah. I want to know why tRump allosed three transits of the US and did absolutely nothing."
"This is absolute malfeasance"
"I don&#39;t believe the issue lies with Biden here, the issue lies with the Pentagon openly refusing to shoot it down. "
"I&#39;d pay good money to have a video of Rand Paul&#39;s neighbor thrashing him.  LOL"
"☝️😃 just think MAGAts....only six more years!!!!"
"We’re talking about a balloon. We could ( and should ) have obliterated it the second it entered our air space . This administration is cowardly , weak , and inept . Heaven help us . Semper Fi . "
"I take it Dr. Fauci is not around for this RINO to whine at?"
"Who cares what R. Paul says?
Always whining, but never has a possible solution."
"☝️😃 Rand Paul&#39;s neighbor is a true American PATRIOT!!!"
"knowing comrade biden, he won&#39;t get an explanation but I&#39;m certain he&#39;ll give an apology!!!"
"Biden and his administration lost. To slow to react. You snooze, you lose."
"Hey Rand...&#34;urging&#34; will get you nowhere...Arrest..."
"Paul, where have you been?  Your picture hasn&#39;t been on FOX for a while."
"Sen Jerry Curl in speaking with noted tRump apologist and conspiracy lover dribbled on and on..."
"any result with this incident,  republicans would make fools of themselves as they are doing"
"Biden is as messed up as a soup sandwich "
"Weak irrational president, weak irrational response."
"Hard to take Paul seriously when he always looks like he just WOKE up"
"Go Rand Paul!!!! 👏👏👏👏👏"
"Rand Paul is a communist. He dined with Putin, talks the Putin talk and is not to be trusted. Biden should pay no attention to this traitor from Kentucky. "
"When Mighty Mouse (Rand Paul) becomes president, then he can demand stuff.  Until then, he&#39;s just another MAGA loser."
"FOX CENSORS COMMENTS ABOUT THE &#34;BIG GUY&#34;. "
"Damaging, huh? Wonder where he got that? hee hee"
"When it comes down to it, Biden is just a frightened old man."
"This is treasonous!"
"Everything about Biden is weak. Remove the communist traitor from office! No doubt in my mind that Joe Biden is a foreign agent for China. "
"more biden lies and ineptitude "
"Biden the cowardly dog."
"Biden the cowardly dog."
"Paul is right yet again. The damage done to the balloon is nothing compared to the potential damage to national security. Although action was finally taken, it was too late. Now we appear weaker to the world, and our enemies are taking advantage."
"This Chinese surveillance balloon should have been shot down long before it crossed into the continental United States. Once it came into the country it was too late to bring it down because there’s absolutely NO WAY ANYONE had any idea what was inside. If Biden was told about the situation while it floated over the pacific then dragged his feet with indecision he failed to protect the country once again. "
"Sen Paul is right.  Biden needs to demand not just an explanation for the balloon&#39;s presence, but also for why China didn&#39;t notify the international community when it had to know the balloon was way of course and was going to cross several nation&#39;s airspace. In a nation (China) supposed to be so afraid of losing face, it seems they would have known it is more honorable to let people know than think they wouldn&#39;t find out. Chinese honor has become non-existant."
"Things must have changed. When I was in uniform, if we got an order on Wednesday, by Thursday it was either &#34;well done&#34; or a really abusive and direct conversation with the CO. "
"Looking at the published paths it took it also passed over and near military contractors production facilities. "
"Biden didn&#39;t &#34;dither,&#34; he followed the advice of military leaders, which was to wait and down it over water. Republicans have no actual policies that can win widespread support, so all they can do is scream about anything that Biden does. "
"The Chinese balloon may not have been able to get any information not available elsewhere, however the balloon was an in your face challenge. This type of challenge/insult must be responded with a swift and effective response. Anything less is failure."
"Between this and our border invasion, it&#39;s pretty obvious our government will not defend America from anything. We need to defund every part of this woke kakistocracy. "
"If Biden had ordered the military to shoot the balloon down over the U.S., Rand Paul and other MAGA lawmakers would be saying:&#34;Biden&#39;s premature decision to shoot the balloon down was a risky and capricious move putting Americans&#39; lives in danger.&#34; He could have waited until it was over water to minimize the risk.&#34;"
"One now has to ask if team biden is working for the Chinese and against America.  This action here is more proof that team biden is waging war on America "
"Biden. The. # NOT VERY MUCH. COMMANDER &amp; CHIEF"
"Will the explanation include the amount of money the Biden Cartel received for allowing the flyover?"
"China Spy Balloons over the USA. Biden knew. It was planned. It didn&#39;t happen on President Trump&#39;s watch - Biden did it. Biden lies. About everything. Of course. Biden stole 2500 cartons of documents and 450 gigs. He made a contract that says they won’t be released to the public until no sooner that 2 years after he is out of office. This is void ab initio. And, also, why is he getting away with this? Biden arranged for the China Spy Balloons to distract you from his other crimes. And, the DOJ, the FBI and Congress are good with that."
"It took so long to respond because they were trying to figure out the balloon&#39;s gender."
"Maybe the US was listening to communications going on between the balloon and China and wanted to collect more comm intel. This is not a moment to score political points and get on TV. "
"I know when I want lessons on being a tough guy and projecting strength Rand Paul is always the first guy I&#39;d turn to."
"Allowing the balloon is as bad as the open border. Why is congress allowing all this law breaking without consequences. Vote them all out in 2024"
"Joe doesn’t know how to demand anything except his 10%"
"Sounds like some top generals in the military need to be replaced too!  "
"They don&#39;t call him China Joe and Beijing Biden for nothing."
"Biden followed military advice from real generals, not the armchair generals found too easily in this comments section."
"Given Biden’s propensity to lie to make himself look good, I don’t believe his statement that he gave the Pentagon authority to shoot down the balloon days ago."
"Don&#39;t demand anything Joe.  They are laughing at us enough already. "
"Trump and his people let this go on and on and on.We do need an explanation for the Trump Administration&#39;s inaction that enabled the Chinese to think they could do this yet another time. Biden shot it down and that will be the end of these intrusions."
"Rand Paul&#39;s neighbor is the man."
"Weak? He ordered the military to find out as much about it as they could, scramble their signals and then destroy it.  Three went over during Trump&#39;s single term and he did NOTHING."
"Notice as this Chinese spy balloon was floating over the US gathering data that the MSM wasn&#39;t talking about Biden Inc&#39;s stolen classified docs and all the money the Chinese sent to his think tank."
"he&#39;s not the Commander in Chief of anything"
""
"Biden is culpable, he is part of it all"
"this was a test by China of the Biden Administration they&#39;ll give it a grade when they stop laughing"
"While the obvious conclusion is that we were asleep during the balloon passage into our country, I want to believe and give our military the benefit of the doubt that we hacked into it and gathered a large amount of data. The Chinese, however arrogant and ignorant, should not think of us as Taiwan."
"It should have been destroyed 6 mile off the coast of Alaska."
"AWWW Come on Man, you know I can&#39;t think that fast. "
"what did you expect from a man that thinks Hunter is the smartest person he knows"
"1] The balloon was not transmitting data back to China. Whether we were jamming it or how we were monitoring it the military did not specify. Out electronic warfare capability is best in the world.2] Since the balloon was not collecting information the military felt it&#39;s job is protect people on the ground. So they waiting until it was over water, No one was hurt and no property damage."
"The reason Biden was so slow to respond to the balloon-fiasco is because he did not hear from his puppet-masters Obama and Rice "
"I personally think the United States should stop all trade with China over this spy balloon incident since China also said it “reserves the Right to make further response if necessary” regarding the shoot down of their spy balloon."
"<strong>&#39;Paul urges Biden to &#39;demand an explanation&#39;</strong><strong>..</strong><em> Joe will as soon as Ron Paul give an explanation of what&#39;s on his head</em>"
"And if the military shot it down over some State, Randy Paul would have declared &#34;Biden&#39;s decision was dangerous&#34;. Can&#39;t win in partisan politics."
"How about closing the Chinese Embassy and sending their mouthpiece home "
"Republicans don&#39;t care that it also happened under Trump. That&#39;s how you know their outrage is hatred for Biden and has nothing to do with balloons."
"i like paul, i wish he contest 2024 , only reasonable senator. Rest of them (except few more) crazy war mongers. This  one , china said, it is a civilian weather balloon, using Biden navigation system. "
"Demand an explanation? Doesn&#39;t sound very strong. If Trump were still the president, Xi might have apologized personally. Election, even a dubious one, has consequences."
"Joe Biden is huge LIAR!  He loves to pretend he lives in an alternate dimension.    Joe Biden is NOT to be believed!"
"Impeach POTUS. He has failed to protect the country, and has failed to fulfill his oath of office!"
"Biden needs to resign immediately "
"Biden and his administration are more concerned with sending BILLIONS of our taxpayer dollars to Ukraine than protecting our own country, its people and our sovereignty. "
"The dentist with the rug on his head, who regularly gets beaten up by his neighbor, says what?"
"Senator Paul:Are you interested in hearing from the former guy as to why he allowed Chinese spy balloons into our airspace and then didn’t inform the American public about it?"
"The balloon will not be recovered. Biden will claim that the balloon and its contents are un recoverable. "
"biden too Xi - I think they&#39;re on to us."
"I&#39;m sure China thinks the U.S, is super strong after allowing election deniers and supporters of the insurrection to have leadership in our House. "
"In history and in real life, it is the predator and prey relationship. Which do you want to be? "
"This guy is ineffective, he demanded Fauci’s resignation multiple times and was completely ignored just like he will be now."
"I believe Biden when he said he gave the military permission to shoot down the balloon &#34;days ago.&#34; The problem is that when it wasn&#39;t done he forgot he gave the order."
"Rand&#39;s neighbor is a patriot."
"This is what happens when the &#39;president&#39; is compromised. "
"How about those positive economic numbers?"
"Rand Paul. He makes me laugh trying to be relevant."
"I hope Paul investigates those three balloons on Trump’s watch, too."
"Rand Paul is lucky Joe Biden isn&#39;t his neighbor. "
"If Biden had shot down the GINA balloon over Montana, the MAGAts would be whining about how Joe could dare to endanger Americans on the ground. "
"So in this segment did this guy say what he would do and does he have the blessing of the military?"
"Responding immediately is not shooting first then thinking about it. Biden did respond by listening to experts. Now THAT is a nice change from Fat Donny."
"&#34;Fox News has also learned at least one Chinese spy balloon flew over portions of Texas and Florida during the Trump administration, despite the former president&#39;s insistence it never happened.&#34;.Boom!!!!"
"Saying something isn&#39;t threat and doesn&#39;t scare you isn&#39;t a sign a weakness. "
"De Santis / Paul 2014 🇺🇸 🇺🇸 🇺🇸 “ we don’t care what you say anymore”Ron DeSantis“ what I want from the government is less taxes, State rights and responsible suspending. Rand Paul editorials to his college newspaper in the late 1980’s (his positions have never changed)“I am under no obligation to be honest with the media or medical industry that is knowingly lying to my face”Corey Lewandowski next chief of staff."
"Rand pretends to be an expert on covid so maybe he knows what the effective dispersal range would be for a biological weapon released at 60,000 feet.    Seems like a good reason to wait until the balloon isn&#39;t above people, crops or livestock to shoot it down then, huh Rand? "
"The best thing Xiden could do would be to dissect the spy balloon and post all of China&#39;s state secrets they can pull from it. But he likely won&#39;t because that will tweak Xi and result in lower paychecks for Hunter."
"if slow joe gets an explanation, i would hope that cackles harris doesn&#39;t try to explain it to him"
"He is correct. A person with advanced dementia can&#39;t make fast, accurate decisions. Start impeachment. This was a trial balloon and we failed miserably."
"Oh come now, this is clearly a tempest in a teapot.  Biden&#39;s domestic opponents are really grasping at straws with this non-issue."
"We do not need an explanation; we need to impeach him right away. He put us in harms way, unlike no other president has done (and we had a few who tried) Impeach, Impeach, Impeach!!!"
"Here&#39;s what looked weak:  when Rand Paul was thrashed by his neighbor.  LOL"
"Not only should biden and others be impeached but also arrested and tried at a military tribunal for treason.“The Constitution is not an instrument for the government to restrain the people, it is an instrument for the people to restrain the government...”, Patrick Henry."
"Wow! What if they start flying paper airplanes over montana? We will be in trouble then."
"The entire Biden administration has sold out America. Resign immediately. Our national security is compromised as well."
"Joe was beaten by a balloon."
"Give him a break. He was a true gentleman and waited for permission from Beijing before disposing of it. "
