"It’s the United States fault they are such a super power. We gave them our manufacturing companies, dumped money into their economy. Helped them build their nation and now we have to fear them. It’s time to stop supporting their government. Pull our support, bring our companies back to US soil. "
"Yes, China is a threat. Only a few decades ago, they were riding bicycles and farming rice. WE made them rich. It was Dems and Republicans that sent out manufacturing there in the name of profits. Now, they copy our products and make the money themselves. They don’t even take our recycle waste anymore. Now we are letting them buy our own land and water resources. They are ravenous and relentless. "
"For a Country that helps nobody but themselves, yep they have a trick up their sleeve for sure. They are on a mission to take what doesn’t belong to them and history and current events prove it. As other countries concentrate on being stronger . I cannot say the same about the US, we have lost standards and discipline that we’re not getting stronger but weaker . Democrats are the main reason for decline. No reason to explain ,  most already know . "
"The Chinese have just deployed a huge first strike ICBM force.  440 new silos each with an ICBM and each ICBM has a 30 nuclear MIRV payload, that&#39;s 1320 nuclear warheads.  Meanwhile our newest ICBMs use 1980&#39;s technology deployed in the 1990&#39;s.  The electronics are obsolete creating critical maintenance and reliability issues, i.e., not all missiles will launch and some of the warheads on those that do launch will either miss their targets or fail to go bang.  The US is becoming increasingly vulnerable to a 1st strike by a Chinese regime  that has much different view of human rights and the value of human life than the west.  Will not change soon, we ran up $31.5 Trillion debt in good times, which is well above our GDP.  As interest rates rise, interest on this debt will eat up our budget.  5% interest on $30 trillion is $1.5 trillion with total tax revenues less than $4Trillion.  The US , with an aging population, is basically on a course toward default."
"Can’t walk. Can’t talk. Doesn’t know where he is. Doesn’t know where he’s going. Has to be told where to sit, when to stand. Who to point to for questions, then read from a script for the answer. Doesn’t know what time or day it is. "
"<strong>Xiden has brought us closer to a third world war than we have been since the cold war</strong>, and he&#39;s done it in just 2 years. If we survive until 2024, we need to vote as many liberals (aka socialists) out of office as we possibly can. Our survival, and the worlds, may very well depend on it."
"China isn&#39;t our main threat we are our main threat. Great powers of the past have fallen from within that&#39;s the road we&#39;re on. A few more nukes one way or the other won&#39;t make a difference we can already destroy the world many times over there is no such thing as winning a nuclear war it&#39;s MAD mutual assured destruction we have known that for decades there is no such thing as a first strike win. America is on a slippery slope as it is China has been infiltrating America for decades their Marxist ideology has a firm grip on our universities down to grade school and the government funds these institutions. Most of what we&#39;re hearing and reading are deliberate sidetracts to take our focus off the things that will ultimately do us in."
"Look at how much has changed in just two short years. Elections have HUGE consequences, and those who stole an election to install a weakling puppet have succeeded in making sure The United States is weaker and incapable to do anything about it. Brandon will go down as the worst President in history as well as the sole reason The United States is no longer a super power to be feared. "
"These balloons aren&#39;t the problem. China is buying out American company&#39;s, buying farm land, military schools, EVERYTHING!  SAMW AS THEY ARE DOIBG IN AUSTRALIA! Then they are giving loans to small towns and know they can&#39;t pay it back. China is taking over the world and Biden and thebrest if them have allowed it to happen!"
"Biden sold China 🇨🇳 26 million barrels of oil from our reserves! We now have lowest supply since 1983.Why would Biden do such a thing!? Answer, China 🇨🇳 told him to from previous deals Joe made with China and his family finances. "
"Four months ago an online website was started and is immensely popular. The customer buys directly from a warehouse/manufacturer in China at incredible savings. At the rate it’s growing Amazon and Walmart among others could see a decline in sales, causing stocks to go down and jobs eliminated. China holds an enormous amount of the US debt and have the lowest rate of inflation in the world. China is attacking on multiple fronts and appears to be winning handily."
"European culture and values are what made the US a strong nation. That culture and those values are dwindling down making the US weaker by the year. China is playing a long game, it’s just a matter of time that the minorities become the majority and the US will be to weak to defend itself. Can Central or South America beat China in a war? I don’t think so my friends."
"&#34;America was born by uniting in defiance of outside threats, and we’ve done it many times since then.&#34; While this statement is very true, it looks more and more each day like those who seek to destroy us have managed to place people in key positions throughout every branch of our government who are more than willing to assist in bringing this nation down. Some may be in it purely for personal monetary gain, but some look to be true believers in a one world government. The only way to usher this in is to ensure that sovereign nations are weakened to the point of being unable to defend themselves from it. They are now inside the wire."
"He did respond.  Thanks for the cash, come on over. "
"The War with China (and it is going to happen) will be this generations Pearl Harbor.  There is not a doubt in my mind the US is completely unprepared and it will be an unmitigated military disaster with the deaths of 10&#39;s of thousands of US sailors as a result and a crippling of the US Navy that we&#39;ll never recover from."
"The simple fact of the matter is that the USA has sat on its&#39; military laurels for far too long &amp; has become completely complacent. China is bound &amp; determined to be not only the next super power , but the ONLY one."
"Unfortunately our political leaders have sold out to China.  I hope we wake up before it’s too late.  We are making their military superiority possible and funding most of it"
"Things will not change until we get rid of our China compromised president known as China Joe. "
"If you think these spy balloons are scary, just wait until the one passes overhead dispersing SARS-CoV-3.0. They&#39;re doing &#34;test flights&#34; now to see how well they&#39;ll work."
"Reagan and Trumpare 2 presidents who truly stand out as the greatest Presidents for their strength and brilliant strategy for peace through strength. Reagan should have completed his Star Wars project. If people could see beyond the propaganda they could then acknowledge the incredible accomplishments that served and lifted up Americans of every race. Trump served the poorest communities by creating wealth in America for all races. He began to break down the institutions that kept poor communities down. The swamp as they call it is in fact a power structure that funneled wealth to a chosen few. This evil corrupt power structure had corrupted every branch of Government and Politics. Trump was fighting this evil swamp at every turn even from within his own party. Among Trumps incredible accomplishments was The Space force. Rush rightly identified the &#34;low information crowd&#34;. Look at Democratic leaders that have ruled over communities ravaged by drugs, poverty, crime and have had generations of children growing up in an evil environment. Ever wonder why those Democratic leaders never better the lives of those they rule? If we do not continue to fight the evil that Trump exposed we will be destroyed from without and within.Are there enough Patriots left in America to wake up and stand together? If we stop listening to the race baters, the true evil that keeps us fighting each other, then maybe we could see that we are all the same and stand together and fight the swamp."
"Joe Biden came in with more foreign affairs and political experience than anybody in the history of the world for president and look what he has done so far pulled out of Afghanistan hurting our allies and Friends starting and funding a war in in Ukraine possible war with China and Taiwan unstable Middle East and open borders here in America and run away inflation or what they say it&#39;s transitory SMH"
"I disagree with the statement: “China is the enemy, not the Democrats.” There are plenty of Democrats hellbent on destroying America from within, and helping China achieve its goals."
"Trump was starving China economically, forcing it t slow it military build up. That all ended with Biden. Now Biden is pumping cash and business back to China, even selling them our precious oil behind closed doors. "
"How many passenger flights per day are Air China controlled? What is to say these flights don&#39;t have scan devices onboard sending real time info back to Beijing? Everything about China has to be suspect because they are expanding their influence worldwide.  They know right now the opportunity is available to build a wealth information about our military and how it functions daily.While America plays games with liberals, the real deal is being developed overseas between Russia, China and Iran! They smell weakness in US and are already taking advantage to build a military system that will rival American military might within a few years."
"At the same time, congress needs to step up the investigation(s) into Hunter and Joe’s involvement with China. Letting a spy balloon traverse the U.S. stinks to high heaven.  🎈"
"We the people must stop buying goods from China and buy made in the USA.  I returned 4 pieces of furniture to Sam’s club yesterday, all made in China.  I might not be able to avoid it all but I’ll do what I can.  Come on patriots we can make a difference!"
"China has thousands and thousands of spies walking around in the United States. Or even training them at our so-called universities. This country, the United States, will be defeated from within by our own political liberal decisions. We are very weak and susceptible to defeat. Thank you, uncle Joe, and liberal Democrats."
"Easiest way to stop China is for the free world to stop buying everything China makes.  That will shut down their economy fairly quickly.  But we all know that will never happen because we don&#39;t want to have to pay higher price on everything we consume."
"Yup - Free trade worked out well didn&#39;t it. We need to force companies to move production back to the U.S. Tax companies to the point where it will be less expensive to make their product here. It will hurt but the alternative appears to be worse. And stop buying anything made in china! We finance their war machine every time we buy something from them.  "
"No, the scariest threat is the CCP OWNS Biden."
"There was a time not so very long ago that there was nothing that posed itself as ‘scary ‘ to this nation. That was when patriotism and leadership worked hand in hand. That synergy no longer exists as it once did."
"China is overtaking the US as the number one super power. Don’t believe me just look at their military compared to what the Secretary of Defense is doing to ours. China virus, fentanyl, and they’re not even firing a shot. For the first time in our history we have F22 Raptors shooting hellfire missiles in American air space and they don&#39;t even know what they are shooting at. We have a President that had 36 years of experience as a U.S. senator and 8 years as Vice- President. A President that is the epitome of a corrupt career politician! We installed an immoral, unethical freeloader that never had a plan except to live on the public dole."
"But we have introduced &#34;equity&#34; into our military arsenal. Yup and while China has been busy building the most powerful armed force in the world our leaders were focused on making transexuals comfortable amongst the ranks."
"&#34;Many unanswered questions from the Biden administration.&#34; Like.. Did you accept the money from Hunter? Are you comprised? Why have the Chinese been acting so tough since you took office? Why did you cancel Trump&#39;s tariffs on them saving them $Billions? And more..."
"If anyone believes that Biden, who can’t coherently string five words together, is running the country then they’re the one who needs the cognitive test.The Biden administration is the first time in history that this country doesn&#39;t know who the real president is. Who&#39;s writing his cue cards? He&#39;s openly admitted several times, hes only allowed to read what&#39;s on the card and he seriously hasn&#39;t a clue what&#39;s going on with the country. "
"Joe Biden put his family’s financial well being ahead of our country. Joe Biden sold himself and his elected position to China 🇨🇳 then he and democrats weaponized federal agencies against Americans 🇺🇸. Joe Biden has accomplished more damage to America 🇺🇸 than any person in American 🇺🇸 history. Joe Biden is a compromised president and his action are always in favor of China.The latest actions against Americas Catholics, releasing a memo 📝 identifying Catholics as terrorists."
"A weak leader is more dangerous for us than all of those Nukes the world has pointed at us. When/if we wake up to that, we’ll be in a place where we stand a chance as a nation. Being divided by race, and wokeness in general will be our undoing. Thank God Jesus is in control still. "
"The Dems want raise  the minimum wage to $25 per hour just do show up to any job.  China and the whole world is laughing at us paying fake workers to stay at him without a job. "
"once again

Donald j. Trump

was correct

he was also correct with

the space force

"
"The best option to counter China is through economic measures.  Bring the manufacturing back to America and sanction Chinese goods in favor of goods made in friendly countries. That&#39;s exactly what President Trump was doing, so naturally the Democrats reversed those policies."
"We are justified in our fear of the Chinese regime and its power &amp; goals.  When our Washington officials, state and city leaders can&#39;t face up to crimes in our cities, face down criminals, go on the criminal offensive mode, and protect its citizens from crime how will they react to a Chinese offensive?"
"<strong><em>&#34;Biden needs to prepare to respond to growing threats from China.&#34;</em></strong>  Biden is the threat.  His collusion with that country is a threat to ours."
"JOJO isn’t condemning anyone for their actions except for republicans. There’s far more evidence that China and Russia is a threat to our country and not one word said. He incompetent,corrupt and must be removed from office!🇺🇸🇺🇸🇺🇸🇺🇸"
"Biden is not going to do anything that could harm china when his family depends on income from china to support their way of life. "
"And here we are, weakening ourselves by getting rid of fossil fuels and honoring drag queens."
"All of this hoohaw is at the feet of a military machine that has become a government all its own.  No over-site or accountability. Too much time out of the battlefield, woke infections and a leadership that reflects very opposite of readiness.  "
"While the American military is busy holding &#34;inclusion&#34; classes. We need a leader who can lead!"
"Our only real leverage the US has on China is the $$$ we spend in manufacturing upholding their economy. "
"If we don&#39;t address the trade deficit with China our country is finished.  It&#39;s that same trade deficit that is allowing China to expand.  We spend billions on foreign aid in countries that hate us.  China spends their money building infrastructure in these same countries and moving in their military.  They&#39;ve already got a foothold in South and Central America.  They use Mexico to funnel drugs into our country.  Their goal is to collapse our economy and then offer to help us rebuild under their monetary and political umbrella."
"The United States is paying for Chinas weapons program and Biden is selling them what’s left of our fuel reserve !👎🏼🤡🤡"
"The chinese do not need to send in spy balloons. Its a red herring. They have infiltrated all aspects of life in the united states. Got their students into all the universities, got their people into our administration, empowered the verts to bring down the nation, pour drugs into the country and prevail on the greed of consumer goods. There are many other things they do but the US will keep silent and take it until it is too late to prevent the takeover of this country."
"War is coming and despite the fact that the writing was on the wall for years, the US is not ready.  This entire administration should be charged with treason. "
"How many Democrats want their &#34;money back&#34;?When you get a temp from an employment agency, you can get rid of them if it does not work out.When you vote a president into office, you are stuck for the entire term."
"The biggest threat from China is owning the DNC, social media and the College campuses."
"And China is doing so WITH AMERICAN DOLLARS!! How about an initiative to bring manufacturing back home????"
"Of course they are building faster than imaginable... the vast majority of every consumer dollar spent in the US winds up a Chinese bank account.  And the Chinese government owns everything in their country.  People act so surprised... the US has done this to ourselves!  So now what do we do?"
"And just think, Tic Tok is imbedded in everyday life and our government knows what it’s doing. Send a strong signal America and ban it!"
"Our weapons supplies are depleted and so is our strategic oil reserves!  China knows this! "
"China&#39;s Goal: The CCP has made clear that it wants to fundamentally alter global deterrence dynamics, with the goal of tripling its nuclear arsenal by 2035.
USA&#39;s goal: Get rid of gas stoves!
Let&#39;s Go Brandon!🙈"
"The huge threat of Biden and the DNC make China smaller by comparison."
"The scariest threat coming out of China is our compromised president.  Joey&#39;s done more damage to our nation than anything China could ever do."
"THE BIGGEST THREAT TO THE ENTIRE PLANET IS THE DEMOCRATIC PARTY AND ITS UNHINGED POWER."
"Joe’s not worried about the USA, He’ll have an emeritus status at a CCP college or honorary position with the government, 20’ bronze statue in Beijing, be living in Beijing and given all the ice cream he can eat for handing over the keys to the US."
"China Joe is still hiding from the American people. "
"Does anyone in the Democratic Party yet regret voting out President Trump. Maybe you should. "
"Glad I&#39;m 70 most of the world will never see that age."
"Joe will task the VP to find the root cause to China&#39;s aggression. "
"Trump warned you what would happen if Biden was President "
"As long as Biden is in charge, we will have threats from China and others.  They sense weakness."
"We are at the point of imminent invasion by China.  But I&#39;m sure all the vaccinations, mask mandates, CRT, Jan 6th Committees, gender confusion, and tearing down monuments has prepared us for such an invasion."
"Balloons!
How about the Chinese money flowing..pouring into our universities 
Just look at the changes in the last 15 years.
Scary to say the least!!!"
"And we are being lied to daily about the Chinese intentions. Whose compromised?"
"I wish me and my family was healthy and didn&#39;t need doctors and hospitals. I&#39;d move them right now to a village in the Amazon and let the upcoming war of mutually assured destruction pass us by. "
"He can&#39;t respond....all that money from China through Hunter would represent a conflict of interest."
"And they own an American President, China Joe !"
"China isn&#39;t betting on a single pronged attack, in addition to their military capabilities which have expanded exponentially in the past two decades, they&#39;ve added civil unrest in America both as a distraction and an effort to weaken America, they&#39;ve invested in infrastructure and industry around the world in an attempt to control smaller nations, and most recently began to develop strong alliances with our enemies in Russia and the Middle East.   China is a threat, far greater than the others, but combined, they equate to a clear and present danger that must not be ignored. "
"Quadruple the tax rate for &#34;out-of-state&#34; land owners."
"You can bet that sometime between now and the 24 election the Democrat&#39;s working with their Commmunist Chinese CCP partners will be releasing a new Virus of some sort to disrupt our Elections, it&#39;s the only way they win."
"I think it&#39;s high time that Brandon sends Kamala and Mayor Pete over there with a council of Social Workers to straighten that government out..... "
"You prepare, the Government will not/cannot protect or save you.We have no borders, crime is rampant, it is not safe anywhere, they are trying to disarm you while freeing criminals and not enforcing our Laws.We&#39;re on the cusp of WWIII and no one seems to care in Washington DC, so my advice would be...you prepare and stop waiting on the Government to do anything."
"By 2035.

Anyone else notice that there are a lot of goals set for 2035."
"I can still remember the four years of global peace, prosperity, low taxes, cheap gas, 1.5% inflation, secure borders, record employment for women, blacks and Latinos under President Trump and I despise the deep state and democrat voters for causing this global chaos and destruction "
"China?Our most important problem is ensuring men can use the ladies room..."
"The CCP steals and copies from everybody and we continually let them get away with it. WHY? Is it because a &#34;balanced&#34; superpower arrangement thwarts the anxieties of the lesser prepared? If all the countries have the same basic weapons mix they know would be used against them then perhaps some goofy parity is achieved. Personally I want the U.S. to be in front of everybody so WE ARE SECURE."
"Our military is in shambles right now.  Transgender brass,  you have a mentally ill leader, leading men into battle??? The army has made logistics a nightmare.  They change their main battle rifle to the 6.8.  Marine corps has stayed with the 5.56, so now when we are on an island fighting together we can’t help the other with rifle munitions, and additional supplies are needed.  Germans did that in WW2 it failed them miserably. As a nation when do we ask as a people, when is enough is enough?  "
"SHAM PRESIDENCY!!!!"
"Brandon is owned by China, don&#39;t expect anything from him!"
"We don&#39;t even have decent generals.  No Eisenhowers, no Pattons.  "
"We are not going to succeed. We waited too long. The clock is ticking on our world leader status. Don&#39;t kid yourselves. You had better be figuring out how you plan to live in this new world where we don&#39;t call the shots anymore. Your kids aren&#39;t going to live with the same securities we have always had.We have to keep moving forward like there&#39;s a chance. But we should not be naïve to the realities we are facing. It&#39;s not good. Prepare."
"it&#39;s really working out well that we sent many of our jobs there for cheap labor and, oh, by the way we had to give them our intellectual property when we did so!  &#34;We know China is developing a subsonic stealth bomber that’s essentially a copycat of our B-2 bomber, and that China is continuing work on Jin-class submarines capable of carrying up to 12 nuclear missiles at a time.&#34;"
"I am so glad that Schiff and Swalwell are no longer on the House Intelligence committee. "
"China has become more aggressive because Biden is a weak president. I have my doubts, but I hope we can last two more years with the worst president in history at the helm. "
"As long as Biden is in office China can do as they please since they have Joe in their pocket."
"Joe is the best president that China has ever had "
"China is the REAL threat to the US.  I believe the Bible mentions a million man army from the East.Pay attention.  God didn&#39;t give us that book for no reason."
"I have to respectfully disagree. The scariest thing to come out of the PRC was their manufactured weaponized virus that they somehow lost control of and got let loose into the world.  If we didnt learn from that, balloons arent going to do anything."
"Start revoking student and work visas given to Chinese nationals."
"I&#39;m not impressed with all that talk of the great Chinese arms build up. After (if) they get it what are they really going to do with it. Boast how much of this or that they have? MAD is still in effect and will continue to be for the foreseeable future."
"Biden is the Chamberlain of our time. Trump is the Churchill of our time. "
"&#34;the scariest threat out of Beijing&#34;?Hunter Biden and his dad."
"China Joe sold out U.S. Workers when Joe and Hunter flew home from China on Air Force Two with over a billion dollars in their pockets.  China Joe is merely a meat-puppet for Chairman Jinping. "
"We blew up the Norstream pipeline; an insurmountable environmental disaster.We are depleting our emergency oil reserves to 1983 levels. We are sending munitions and technology to Ukraine, at our sole expense. Biden is Tribalizing the citizenry. We are de-industrializing. Who&#39;s side is Biden on?"
"I think we can all agree. The scariest threat out of China is Joe Biden."
"I am more scared of our Biden Admin than the Chinese and Russians."
"I&#39;ve never seen anything worse in the history of the world than the Democratic Party"
"Easy to solve the China problem.  Remove their Most Favored Nation status from the World Trade Organization.  Their economy would collapse in less than a year.   "
"The United States pays china $74 million dollars a day in intrest alone for debt. "
"Just like WWII, we are going to be caught with our pants down while our Clowns in Washington try to figure out what a man/woman is.  Rudderless and leaderless "
"Remember when the “other guy” was going to “drag us into wars”?"
"CCP&#39;s hero is Beijing Biden and he is doing everything in his power  to insure your grandkids must learn Mandarin.   And you are asleep.   "
"Many have known this for sometime. Our Minuteman III is early 1980&#39;s technology compared to the newer ICBM&#39;s being developed by the THUGs of the CCP and Russia this is very worrisome.  Also we are locked into the previous treaties with Russia which limits us in the number of warheads we can deploy.  The airfleet of the Triad is the weakest in that even though we have stealth capability it would be difficult to carry a direct air attack over either country, same for them.  Of course MAD always kicks in when considering the use of nuclear weapons.  A first strike would result in a massive counter strike on the country that used them first.  "
"When China sets a deadline for doing something they nearly always complete it early."
"There are holes in the Strategic Treaties for nuclear weapons.  We need to redo all the treaties with a view to equalizing them amongst ALL nuclear nations.  If there is no agreement, we need to pursue our own path and do what is necessary to insure dominance in this area.  "
"Biden is the biggest threat to us."
"Scariest thing out of Beijing is Biden as President."
"<em>China&#39;s spy flights are not even close to the scariest threat out of Beijing</em>Nope. joKe biden is. "
"Can&#39;t trust Chairman Joe to do the right thing for Americans."
"The MOST AUTHORITARIAN REGIME in the world is here at home in USA - a GROUP OF OLIGARCHS controlling UNIPARTY in Washington via payoffs through their lobbies and the DEEP STATE when arm twisting is needed. Our SO-CALLED Democracy is an illusion that mass media sells to the public.😠😠😠"
"The MOST AUTHORITARIAN REGIME in the world is here at home in USA - a GROUP OF OLIGARCHS controlling UNIPARTY in Washington via payoffs through their lobbies and the DEEP STATE when arm twisting is needed. Our SO-CALLED Democracy is an illusion that mass media sells to the public.😠😠😠"
"The previous administration didn&#39;t detect it? What does that mean? The military didn&#39;t detect it... not the previous administration. Or, the military detected it and didn&#39;t inform the previous administration and that should be of huge concern. "
"Well China doesn&#39;t have a lot to fear from the US military at this point as the Brandon administration has forced out all pro America leaders, installed unqualified token people of color in command and embraced making sure our soldiers concentrate more on being woke instead of being trained for conflict."
"Stop allowing Chinese students to flood our universities as “foreign exchange” students…. Their tuition and R&amp;B are paid by the CCP and they are expected to steal any Intellectual Property or Trade Secret they find. 40-50% of exchange students at the University of California are Chinese. Send them all home and don’t allow any others to come here.  That will get Xi’s attention "
"The world suffered millions of deaths from a virus that came out of China.  A balloon is nothing."
"Joe isn&#39;t going to bite the ( CHINESE) hand that feeds the Biden CRIME FAMILY!"
"Biden-Harris is the greatest threat to America&#39;s survival we have ever faced. "
"Biden claimed in his SOTU that he brought manufacturing jobs back to the U.S. Liberals reading this, please provide proof of Biden&#39;s claim because our trade deficit was almost $1 trillion last year, by far a record trade deficit. Be specific with proof. (I expect nothing more than <em>crickets</em> from liberals)"
"<strong>China&#39;s spy flights are not even close to the scariest threat </strong>sitting in the White House<strong>.</strong>"
"The scariest threat out of Beijing is the Biden Administration."
"The billions we are spending on the fake New Green Deal program could be spent on more critical items that are being ignored."
"Expect more viruses to float our way. Covid China didn&#39;t even receive a slap on the hand, escaped all intense investigation, thanks to corrupt WHO
. Killing thousands and creating economic havoc with an invisible weapon is priceless."
"biden is in bed with China! that&#39;s why he is allowing all this to happen, he is making millions and not doing a thing.  this why Hunter went to China, to make deals for Joe.   "
"China has infiltrated and rooted itself politically to the top of the United States political chain. 🙄 <strong>That&#39;s a fact Jack!</strong>"
"Right now the greatest threat we face from the Chinese Communists are the Chinese nationals allowed to attend our universities, the spy nests called &#34;Confucius Centers&#34; on those campuses, and Chinese Communist ownership of our land. All of these should be stopped at once."
"Agreed, the scariest thing out of Beijing is Joke Biden.  "
"Our culture &amp; people have not understood the Chinese culture &amp; government.  They are not interested in international laws (unless they benefit them).  They are driven to succeed in the LONG term by whatever means.  Their govt is Not humanitarian ---they have a billion humans whose jobs are to produce according to govt regs. They intend to be world dominant despots. The Western world had better get tough."
"And we funded the entire thing with everything made in China"
"China is moving ahead faster than anyone expected and Biden has us going back to the stone ages."
"China has ALL the records of the Biden family corruption and could release it at any moment. They know Biden won&#39;t do squat.

Joe Biden is COMPROMISED. "
"You will see no actions taken against China by Joe.  He has been in their pocket for years.  All bought and paid for."
"“Who am I, how did I get here?”sleepy Joe"
"China and Russia want to destroy democracies around the World, so everything they do supports this.   China has been allowed to buy massive tracks of farming land around the World and their operatives have been parking money in other real estate.   We are asleep"
"BTW anyone see how  mayor Pete ranted about the Michigan State shootings almost immediately but took 10 days to make a statement about the Ohio train derailment? Boy, do we have some really incompetent people in Biden&#39;s cabinet!"
"History books will not be kind to this administration. "
"Although China has more souls to lose, America will oblige them. "
"When is Congress going to allocate funds to rebuild the USA defense forces to soundly and quickly respond to what appears to be an inevitable war with China?"
"Didn’t Biden first argue that China was our friend during his campaign? "
"100 nukes, 500 nukes, 1000 nukes; doesn’t really matter.  The world is over as we know it if just 1 nuke is launched.  "
"President Trump is my president, Trump 2024 guaranteed!"
"And why is China so strong?Why is the US $31 trillion in debt?Why is our nation divided?Why is our border both South and North being invaded?I can go on and on but the answer to just about any question that has to do with the US and it&#39;s failures areOUR POLITICIANS!!!!!!!!!!!!!!!!!!!!!!!!"
"So the Chinese are building B-2 copycat bombers, wonder how much they paid Biden for the designs?"
"Reagan bankrupted Russia with an arms race they could not afford, now China is in a position to do the same!"
"The rise of China is a product of the greatest generation, Nixon and his detante.  They’re generation thought they would bring China into the mainstream world.  All they accomplished was to make the communists stronger and more dangerous.  Remember, communists are not a country where everyone shares the wealth.  It’s a country where a small minority are rich and powerful and everyone else is treated as surfs.  The baby boomers, my generation,  and the younger crowd are now faced with what they reaped and sowed.  China wants to overwhelm the west militarily and make us their surfs.  "
"time for the dems in the administration to quite playing woke game and focus on strategic issues like our nation&#39;s survival.  Biden I&#39;d fiddling while the US burns."
"We need to Nationalize all China property in the United States and rid ourselves of their money (Democrats will surely miss the money)."
"No.  The scariest thing coming out of China is the students they send here to study at our top university.  When here, they study and are polite and try to mix in with the Caucasians, however they. Are notoriously sneaky.When they graduate they back to China and brief the communist party on everything they know or they will enter out tech and financial firms and steal whatever they can find in the way technical or business knowledge.The Chinese are not our friend folks.We will find that out someday when hopefully it&#39;s not too late."
"The Great War is coming whether we like it or not. Billions of people will die in this one folks. "
"Unfortunately Joe Biden was “bought by China” and has already betrayed America."
"Joe Bidumb is a Chinese asset!"
"We need a real President!That&#39;s my opinion!"
"Bidumber is employed by China. He will welcome an invasion with open arms. He hates Americans."
"Bidumber is employed by China. He will welcome an invasion with open arms. He hates Americans."
"before you can react to the danger; you must be able to see the danger; brain dean puppet joe does not see china as a danger,  We could be in trouble."
"China is certainly a threat but the democrat party is a bigger threat to America. "
"Many unanswered questions from the Biden administration.&#34; Like... Why did citizens spot and report the first one before your military did? What&#39;s up with that Joe?"
"As the Biden administration talks about used car lot balloons."
"With US interest debt to China, they enough grow their military and hundred thousand spy balloons, which we paid for it, so keep spending until we..... boom."
"Biden and his administration has done nothing but show weakness and wokeness to the entire world, just wondering what they thought was actually gonna happen.      they had to know that when you portray weakness, then you&#39;re asking for trouble"
"We built China&#39;s economy with ill-advised policy and unbalanced trade.  The average Chinese person, while a polluter of the air, is not a bad person.  However, their government is evil and deadly.  They have fierce fighters in their military and technology that is frightening, although not stable nor redundant.  We should avoid a war with China and better understand their deterrence thoughts.  Both nations already have enough nukes to end the world several times over.  Biden should be removed, as well as Harris, if they do not turn this around asap.  My, how far we have come from Reagan, Bush, and Trump.  God help us!  Turn to God in prayer."
"Don’t let foreigners buy land in America!!!"
"When you see the elite government officials on TV being replaced by aids and staff who are making comments on National TV on their behalf, while the real Elected Leaders are not so easy to find...think Nuclear Bunkers...because that is where our brave leaders will be....Anyone seen joe this week?..."
"The scariest threat coming out of Bejing is Joe Biden and the Dems."
"The &#34;scariest threat out of Beijing&#34; is the corrupt  American politician."
"When will Xi allow Biden to appear public?"
"$54.6-million was donated to the Biden Center at U. Penn by a CCP member. This happens while their stealth bomber appears to be manufactured from US blueprints. Asking Biden to do anything is pointless. He must simply be removed as long as he befriends a nation preparing for war with us."
"Vote red."
"Most of the US weapons will be in Ukraine and Afghanistan when China attacks."
"They&#39;ve already taken over. Their president is in the White House And doing everything they want him to do.  "
"While we bicker about peaches and bananas, Chins is plotting world dominance. Wake up, America, or start practicing your Mandarin."
"What information can a balloon at 40,000 feet glean that the already existent highly sophisticated spy satellites cannot? I would just like to know if anyone out there can supply me with any specific answer."
"Our military is not shooting down weather balloons all of a sudden, these aren&#39;t weather balloons they are shooting down so our government knows more than they are telling us. "
"&#34;The American people were rightfully outraged at the Chinese Communist Party’s (CCP) recent incursion into our airspace with its spy balloon..&#34; Nope, Americans are &#34;rightfully outraged&#34; at the JoHoBama administration&#39;s and our &#34;work&#34; military&#39;s responses to China violating our national airspace."
"I wonder how much the Big Guy gets if he lets China invade the United States...."
"As the jobs go overseas, America now risk the possibility of remotely installed leadership being outsourced as well."
"Biden is hiding in the basement again - when the going gets tough our dear leader hides hoping it will all go away.  I blame the democrats for putting America in peril.  Off with their heads!!"
"the scariest threat out of China is Joe Biden"
"The ChiComs have so much dirt on Biden and his crime family that he is totally compromised and thus rendered completely ineffective. China basically has carte blanche to do whatever they want knowing any response from the Biden administration will be tepid at best."
"Yep, just wait until they unleash another bio weapon now that they know how well it works. Hemorrhagic fever or Cholera will be next."
"China owns Biden. It can&#39;t get any scarier than that."
"With China Joe in the White House, this pace will likely continue."
"In hind sight, maybe Nixon shouldn’t have gone to China."
"This report is spot on.  China knows that it can do as they please since they have plenty of stuff to bury the Bidens.  The disappearance of the CCP spy chief that Hunter was working with, was the warning to the Bidens that you too could be destroyed at a moments notice, so play nice or else!"
"we are spending a fortune on  going green and have sacrificed our energy independence which will have no impact to global warming because China and Russia will never follow us down this path.  "
"Building their Nuke arsenal with all that money the U.S. and the rest of the world pays for Made-in-China products.."
"It would help if Biden and his family were not China’s payroll."
"<strong><em>The entire world along with millions of American citizens laugh at this fake lapdog democrats stole an election for</em></strong><strong><em>Stolen elections have severe consequences, the worst is yet to come!</em></strong>"
"You want to talk scary? I’ll give you a scary, Joe Biden is your president. "
"Before the Chinese bought the Clintons in the 90s, they were farmers. They had no capabilities over the horizon. Thanks to Bill and Al, the allowed China to acquire technology that developed this new China threat. "
"The MOST AUTHORITARIAN REGIME in the world is here at home in USA - a GROUP OF OLIGARCHS controlling UNIPARTY in Washington via payoffs through their lobbies and the DEEP STATE when arm twisting is needed. Our SO-CALLED Democracy is an illusion that mass media sells to the public.😠😠😠"
"To watch our country go down the drain has to eat trump alive Bigly.  I would take him back in a minute,  even with his toxic personality.  At least he knows how to run the country. "
"Time for trump."
"Biden can hardly function. Has to be told what to say, when to say it. Doesn’t even know where he is half the time, blurts things out that don’t even make sense. He’s about 2 steps behind Fienstien. How long will the dems  let this man continue? Until Then, this country will continue to sink to new lows and our adversaries are on the sidelines like a bunch of hungry lions waiting to pounce and when they do it’s not going to be pretty"
"There&#39;s a weapon that we wield that China cannot be protected from .... Our economic prowess and buying power, or the lack thereof. If we choose, we can starve China out."
"Don’t buy Chinese anything "
"wwiii brought and bought to you by you Biden, Soros crime families "
"DON&#39;T WORRY THEY WILL TELL YOU LIES AND EXPECT YOU TO BELIEVE THEM. THEY WILL TELL YOU OVER ,OVER AMD OVER."
"74 now thank God by the time China takes over I&#39;ll be dead, my poor grandchildren."
"It doesn&#39;t matter if it&#39;s one warhead or 20,000. If one launches, everyone else&#39;s does too. There&#39;s no winner in a nuclear war, only survivors. "
"We will all be speaking Mandarin just like our president sooner or later. "
"we are spending $800 billion dollars a year on the military , more than the next 10 nations COMBINED! Where is the money going? "
"America is not a democracy

America

was never ever

never ever

a democracy

we are a constitutional republic

democracy

is a communist word
"
"And corporate America out of pure greed is financing this communist Chinese war machine whose only purpose is to kill us and our “leaders” are complicit in this suicidal madness. We need Trump back more than ever if we are to survive as a nation. "
"We need to focus on our Nation&#39;s critical and urgent need items, many are primarily sourced out of China. This needs to be stopped. The US should be manufacturing the majority of these items, with percentages sourced out of other friendly or allied countries!  Medicines lead the list, but there are many others like medical supplies, consumables and staples.Next, we should be securing raw materials in and out of the USA. China has been working on this for many years where the USA has been totally reliant on private industries. It could takes years to develop sources critical to the survival of our country! Time to focus on the here and now while keeping the future in sight!"
"The US should get serious with China and rip out that bandaid instead of removing it gently. 
Give notice to all Chinese students and people on employment visas here in the US that they have 60 days to leave the country. 
We should also give 60 days for the last Chinese ships and freighters to leave our ports. "
"Biden couldn&#39;t even make a decision on the first balloon until it was over the Atlantic.His mind is toast, and so are we with him and his clown show in charge..."
"Senator, you are wrong on one point.  Democrats are our enemies, just as much as China is."
"In a stern warning to xi brandon threatened to up his take to 15%  🙄"
"Joe- &#34;They like me i&#39;m a good guy man. I mean being so good guyish has to count for everything&#34;KJP- removes his cylindrical object out of her mouth &#34;i&#39;ll add it to my binder&#34;"
"Build more nukes and delivery apparatus to get back even with china. Then…well, do what’s necessary to put china back in the Stone Age. It’s coming, don’t bury your head in the sand and get ready. Don’t come here when it starts, we’ll be as dangerous as the chinese. "
"The main threat facing America is election integrity."
"A lot of people are talking about cutting off doing business with China. But the simple fact is we have no sources to replace our commerce with them. For example, China owns us on pharmaceuticals alone. They make most of our medications, or the precursors to them."
"Does anyone recall that we were flying U-2s and SR-71s into the airspace of countless countries with which we were not at war, for the express purpose of spying on them, for over 4 decades, until satellite imaging technology replaced them? We still spy on them with satellites, but we aren&#39;t &#39;violating their airspace&#39;, for the simple reason that the international treaties defining &#39;airspace&#39; did not try to extend that definition beyond the earth&#39;s atmosphere.The Chinese are not doing anything that we ourselves haven&#39;t been doing for a long, long time. If you don&#39;t believe me, ask Gary Powers, if he&#39;s still alive."
"At least $1.6 million (4 x $400,000 per missile) used to shoot down 4 balloons.  I&#39;ve said that $1,250 worth of 20mm would do the job just as well.  Now we&#39;re looking all over God&#39;s green earth for the debris.  Maybe a better idea is $50 worth of 20mm (2 rounds) would put 4 holes in the balloon, so that it would slowly and safely descend and be recovered mostly intact.  "
"China could kill hundreds of thousands of American citizens buy just holding back the 90% insulin they supply to America. They have us right where they want us. "
"China Joe’s BEST BUDDY IS CHINA !!!! WAKE UP AMERICA !!!"
"Biden IS OWNED by Beijing! His corruption has allowed himself to be pushed into a corner for use by Beijing, Soros &amp; Pelosi.Thus, his corruption has been used against AMERICA deliberately to transform (destroy) and make America heel to a new world order. I am sure of this."
"American’s don’t be distracted from Joe Biden committing Treason  ! "
"China becomes bolder and more powerful, while we have Nero at the helm!  What could go wrong???"
"The US spends the most on military.  More than the next 8 or 10 or whatever countries.  Why do we spend so much?  Not because we build more, but because we spend it on massive regulations, and oversight etc.  We also create the best tech. so our weapons our that much better, more efficient and more accurate.  We also spend an enormous amount on VA disability, which is far more lenient than Social Security disability.  I know many Vets on disability that work full time and make 6 figure incomes and keep all their disability incomes, when S.S.D. removes benefits if you make more than $1,300 a month gross. "
"While the spy balloons are no-doubt useful to the Chinese government, they are not much more than a distraction to take our attention away from the real threats posed by our own government and its support of Xi. China has satellites (and so do we) that can see what flavor Biden’s ice cream cone is while at the ocean in Rehoboth Beach. Don’t tell me these balloons are more sophisticated than that!"
"And the Chinese are building out their nuclear force at a time when the Pentagon&#39;s foremost concern is whether our troops are using the correct pronouns for trans members. SMHNEVER EVER VOTE FOR A DEMOCRAT. NOT EVER."
"Bill Clinton&#39;s administration gave McDonald Douglas permission to sell precision machinery to China that allowed them improve targeting of precision of their intercontinental ballistic missile fleet of nukes.Joe, Hunter, and other Democrats have followed his example."
"We are financing it all, it&#39;s hard to find anything not made in China, even American brands, any technology not given to them by our greedy businesses, they have stolen, time to disengage, send their &#34;students&#34; in our universities home, we are helping China destroy us."
"We’re all guilty of making China what it is today. Cheap stuff made in China bought through any number of retailers here. "
"Biden:  The scariest thing is not getting my checks from China on time."
"Why would Biden want to say anything bad about China, that&#39;s like biting the hand that feeds the big guy!!
besides he can&#39;t pronounce autocracy anyway!"
"Oh well will have to lower our standards to be # 2 or 3, were use to lowering our standards look at our Politicians and education system"
"China owns Democrat party, has interfered in our elections … Biden and senators that do not who they are or what to do … but get folded by China what to do and when to do it! "
"Remember when this administration said school parents were a bigger threat to the United State’s Of America than China. This administration and the Democrats are a joke."
"&#34;...But spy balloons are not even close to the scariest thing Beijing has up its sleeve.&#34;Let&#39;s see...Covid 20, 21, 22, 23....Monkey Flu......"
"China elected Biden"
"&#34;...But spy balloons are not even close to the scariest thing Beijing has up its sleeve.&#34;Let&#39;s see...Covid 20, 21, 22, 23....Monkey Flu......"
"China doesn&#39;t need to use balloons or even spy satellites. They have control over your cell phones and have had for years."
"China actually believes they can destroy us first with a sneak attack.  That’s why they’re surveillance of our nuclear triad.  With the current administration’s indecision they’ll probably succeed.  It only takes 30 minutes folks."
"My father was a WWII veteran that served in the Normandy Invasion, Battle of the Bulge, and freed the Dachau Concentration Camp.  He always said, &#34;Nothing prepares you for war.&#34; He lived with those nightmares his entire life.  He was one of 14 that survived from his battalion. Biden is taking us into WWIII."
"...the scariest thing out of Beijing is knowing they own the &#39;Bidumbs&#39;. "
"I go along with this article. These balloons haven&#39;t killed 1.4 million Americans, like the covid virus did! And much like the response about the deaths the Biden administration will do nothing. "
"Of course it&#39;s not, look what they did with the COVID virus. The ICBMs is because we have allowed ourselves to be shoe-stringed by our politicians and what the world thinks.  "
"Wall Street made China what they are today.  Cheap labor, anyone?"
"Budget cuts elsewhere to increase defense spending, unlikely. The US has already exhausted the deficit spending option. How soon will it be until the interest payment on the national debt is a $Trillion a year*. In 2017 the top 5% of earners already paid 59% of income tax collected, top 10% paid 70%.. *In late May, the Congressional Budget Office (CBO) projected that annual net interest costs would total <strong>$399 billion in 2022</strong> and nearly triple over the upcoming decade, soaring from $442 billion to $1.2 trillion and summing to $8.1 trillion over that period"
"Biden just wants to disarm us!"
"Remember when it was just mean tweets to worry about?"
"Ridiculously high corporate taxes, unrealistic union wages, and excessive regulations have driven manufacturing offshore and into the hands of our strategic enemies. If we do not deal with these fundamental issues the problem will never be resolved. "
"The scariest thing so far China gave America is a Compromised President."
"I&#39;m glad I live 12 miles away from any nuclear targets.  Wish it was farther, but it is what it is.  I keep telling my wife we should stock up on some vegetable seeds."
"Is Biden still sell oil out of the strategic reserve? China will be buying."
"The next balloon from China might have a new disease or worse in it&#39;s payload.Wise up!"
"Biden want take any action against China except sign more self beneficial contracts that will put money in his pocket! Wake up America!!!!!"
"Why do we never mention that Biden is owned by the CCP"
"China has a goal to triple their nuclear arsenal by 2035.  Ours is to only sell electric cars… full of Chinese batteries.  Seems we may be paying for thier ICBMs."
"We should be terrified of the Biden Administration not the Chinese for Biden is destroying our country "
"Confucius say: time to get head out of dark place...."
"It&#39;s all about the Benjamins, Sippy cup Biden will have us at war before he is out of office. The Military industrial machine who makes the money? "
"First things first: <strong> Made in China</strong><strong>The two things that keeps President Xi up at night.</strong><strong>One:</strong> 1.45 billion Chinese citizens who may decide to revolt one day.<strong>Two: </strong>U.S. Nuclear Submarines, each loaded with 16 Trident D-5 SLBM&#39;s and dozens of nuclear warheads, trolling the Pacific Ocean and the China Sea."
"America, be very wise and proactive or we will have a another (and much worse) national Pearl Harbor on our hands…"
"The country will have collapsed by 2035. By then the CCP will be able to walk up to the white house and take the keys without firing one round "
"How can they be doing it faster than anybody imagine. Where are our satellites? Where are our spies? In two years the Democrats have destroyed the USA. Hope y’all are proud."
"Here is my question ...
&#34;Why is U.S. Strategic Command announcing the military status of the US to THE WHOLE WORLD?&#34;"
"She is naive to think that a lot of Democrats will support the US in a conflict with a socialist or communist nation."
"A weak President and United States make the world a more dangerous place. And Biden is the weakest, most corrupt and incompetent President ever."
"Why has our WOKE military not been planning for Russia and China?"
"&#34;Stated plainly: one of the most ominous authoritarian regimes in modern history is attempting to build the most capable nuclear arsenal in the world. And they’re doing it at a pace faster than anyone imagined.&#34; - That&#39;s partially because China has very few restrictions and protocol/red tape that slows down the process of creating nuclear weapons and bombs unlike the US, that is RIDDLED with paperwork, process, shutdowns and other issues that are 1000% ridiculous to the development of our strategy."
"When a Senator with her in-depth knowledge of military preparedness shows this level of concern, folks had best pay attention. The US quite obviously needs to strike first , and with absolute finality. "
"Do what the cowards in the Goverment will not do BOYCOTT CHINESE GOODS!"
"&#34;Our military needs the right tools and personnel as it enters a new era of defense.&#34;  I wonder if they are talking about woke service men and women that won&#39;t call the Chinese by the wrong pronouns as they are run over by the CCP armed forces."
"Meanwhile, 90% of the goods sold in America are made in China. It’s the price you pay for doing business with a communist party."
"Biden, &#34;C&#39;mon man!  They don&#39;t call me China Joe for nothing!&#34;"
" Life, Liberty and the Pursuit of Happiness isn’t their concern. "
"Everyone complains about China cheap stuff and junk… seems they are getting pretty good at making things. "
"Made in the USA … used to mean something "
"So you’re trying to tell me balloons are not the biggest thing to fear from China.  Thank you!"
"And yet 1 emp will take out all of your electronics! As usual ego joe,  you&#39;re looking the wrong way "
"China probably knows what goes on in area 51, and we&#39;re not allowed to know."
"BIDEN IS INCOMPETANT.  "
"The Chinese Communist Party is trying to undermine democracy and destabilize our economy. Fortunately, they have under-estimated the will and strength of President Trump, true Patriot Americans, and will not succeed.President Trump 2024."
"The  Book War of the World&#39;s. &#39;Mars scrutinized Earth mapping out its strategy to attack and takeover for its resources...&#34;2023 Replace Mars with China and earth USA. While we fought trillion dollar wars for 20 years in Afghanistan, borrowing trillion from China , we allowed China to take over economically, militarily, infect and kill 1.3millionAmericans, and now their time is here they will take Us, Taiwan, Japan and South Korea and our gutless leadership will hand them all over without a fight. Chinas purge of world population will eliminate all inferior races, blacks, Hispanics whites and they will then be a homogeneous race with 5billion less people on this planet. "
"I hate to say it but I honestly see a nuclear war in the future. China, Russia, Iran and possibly North Korea could all gang up on us and it will be lights out!"
"The socialist democrats running our country could not care less if China took us over, they already listen to what they are told by Xi"
"It&#39;s just a matter of time. China will eventually attack the US and we won&#39;t have the means to stop them. Thanks for nothing, deep-state leftists. "
"Covid and Biden are what Communist China was able to do to the USA without firing a singleshot!!!"
"Agreed. China has led by rail guns, hypersonic missiles, biochemical warfares and wealth. Time West and others wake up to Commies threats."
"The only thing democrats are focused on is attacking and controlling American citizens above all else. "
"were going to be the &#34;sleeping giant&#34; once again, but at what cost? As long as dems are in charge of things......it will likely happen!"
"None of this matters. What is happening at Asbury University is starting to move across the nation now. God is in control, the harvest is at hand and judgement comes for the wicked. Don&#39;t be afraid, pray up and be ready :)"
"The scariest threat out of Beijing is the little Chinese puppet in the White House!"
"The scariest threat is not China or Russia, it’s Washington dc maniacs "
"Biden and Trudeau are CCP collaborators  there preparing  us for the occupation of the Chinese communists in America and Canada. "
"I would be worried that if China has our eyes on the skies, then you always look the other way. Submarines? Crossing the border? You know they did catch quite a few Chinese crossing our borders illegally recently..... "
"Don&#39;t forget to include, WE let it roam the US skies for a week before being alerted by civilians, then only when pressured did WE shoot it down."
"All nations who actually pass a good global citizen test should approach China as an economic block.
It should be put to China, politely, if you invade Taiwan or initiate any act of war, ALL current and future orders for manufactured goods are considered cancelled.
Their economy wont last a month."
"We need to take them out very soon "
"When you have a leftist regime occupying 1600 Pennsylvania Ave proclaiming white supremacist domestic terrorists are the most dangerous threat to the United States it&#39;s all an illusion created by these snowflakes. Just think how the lame stream media would react if one of the sons of 45 had shady business deals with foreign countries like China that were flagged by financial institutions for potential money laundering. Biden Crime Family has been increasing their wealth during the past 10 years, but the media doesn&#39;t care since they&#39;re focused on that shiny object known as 45."
"None of their threats are scary. Media hype. No one plays on the same field with the West. The Japanese were the only ones who came close, and that was because we were distracted with the Nazis in Europe at the time."
"Meanwhile everything in a department store is made in China."
"Here we go again. Lets get into a nuclear arms race. In 2021, the US spent $801 Billion on defense, China spent $293. You don&#39;t want to help our poor citizens with insurance, you don&#39;t trust the government, you complain about the debt. But here you are rattling your sabres for a bigger US military?"
"Look, China is absolutely no threat to the United States. They have 1.6 billion people and one &#34;President for Life,&#34; President Xi - the human egg-roll. The Chinese Communists have blocked the Chinese people from any sort of profitable enterprise - no entrepreneurs are allowed in China. You will never see any re-runs of &#34;Shark Tank&#34; on TV-Beijing. So, they are forced to spy and steal from us. How to beat them cold? Out-create them, build it in America, don&#39;t let them copy anything, and hide our IP better. End of the CCP. It will collapse like a leaky hot-air balloon."
"Never going to happen JS it must happen but until 2024 it will never happen, this is why I think a presidents term should be eight years instead of four. One goes out one comes in an knocks everything down it has became very irritating watching our American politics here lately because of this main factor how dose a president do something meaningful when half the country wants something else then the other half."
"Chinese Aircraft Carriers, are no comparison to U.S. Aircraft Carriers. The Chinese Type 003 is diesel powered. The Ford-Class are nuclear powered. The Chinese aircraft on the Chinese aircraft carriers are inferior as well. The CCP aircraft carriers are obsolete, and no threat to the USA. The Chinese should continue to steal atolls around the world and build islands to accommodate their inferior fighter jets."
"Biden is not known as “China Joe” for nothing. He’s bought and paid for by the CCP. Prove me wrong."
"When I was still in the military about 10 years ago...we were already preparing for China as a growing adversary. I really despise how Fox and its viewers disparage the military for political points."
"We need to find the submarines that are launching the balloons. "
"The biggest threat to America are members of the Democrat party which has become anti America. Also members of both parties mostly democrats who sell us out for money from China."
"While we are focused on nonsense like gender identity and diversity, China is building an advanced military and nuclear arsenal…and I assure you they aren’t promoting people in their military based on pronouns and skin color."
"Blah, blah, blah. No words in the world are going to stop China now. They&#39;re on a role to become a superpower with the largest and most powerful military on Earth so that no one dare defy them. Of course your imagination will tell you what their next plan is from there..."
"The easiest path for left’s Marxist takeover of the US is to support China’s efforts at world domination.  It doesn’t hurt either for the Dems to get rich in the process."
"isn&#39;t it funny everything the left complained the right was doing is everything the left is doing even getting us into wars"
"So what&#39;s the game plan? Nothing. "
"The only court that matters is the SCOTUS."
"Any with mid level intelligent would know not to leave any trace of a spy aircraft for others to track if it is down. Therefore, if it is truly a spy balloon, there won&#39;t be any prints over it to say it belongs to any Chinese CIA equivalent. Chinese government would also deny it belonging to China once found strayed across US. Chinese press official did say that it is a Chinese weather balloon strayed beyond control rather than denied its belonging. Of course, the Biden Administration needs to answer -----If it is a spy balloon, why allowed it to fly across US? it should be shooted down while entering territory water of Alaska.If it is not a spy balloon, as harmless suggested by Pentagon, then, why shooted it down after it is leaving US territory? Should he just withstand on Republican politicians try to manipulate national security to harm him?"
"I want to be be assured by our government that America is building our military capabilities FASTER than China!!!"
"Joe Biden is an internal threat to America and China 🇨🇳 an external threat. Important point is the external threat is in control of the internal threat!"
"Joe Biden is an internal threat to America and China 🇨🇳 an external threat. Important point is the external threat is in control of the internal threat!"
"Why would we need to build new more nukes? We have enough to end the world 10 times over. We need to be working on our interceptor technology and survivability infrastructure."
"Joe doesn&#39;t want to do anything to offend his Chinese Daddy"
"The Bidens are treasonous traitors and should receive the appropriate penalty"
"The legacy of Nixon and Kissinger."
"&#34;The President should have forcefully condemned the actions of this dangerous autocracy ...&#34;I&#39;m the LAST person to defend Fake President Joetard, however in line with the old expression, &#34;a barking dog never bites,&#34; it&#39;s uncharacteristically smart of Joetard to NOT shoot his mouth off, for once. What matters is action, not words."
"So, when do we borrow more money from China to Bailout our Corporations that need and use China again? Yep China Bad, China Evil, now run out and support the Corporations that support China, buy their products, or we&#39;ll be bailing them out again."
"Americans actually got themselves in this mess with China"
"They have many spies in America that came with millions of dollars buying America influence. NBA, Nike, Coke-a-Cola, Disney,  Hollywood,  and the list goes on. They are buying land and resources in America.  Biden is compromised, and if he does much, they will take him down, letting Kammy be the leader of the Democrat Marxist America. "
"Hey as long as they keep those buffers open and we keep swelling up - all is good!"
"More and more evidence of kid-glove treatment towards China.  Suspicious of This administration being compromised toward the CCP.  China has something on the Biden family, wonder when it will come out."
"&#34;Stated plainly: one of the most ominous authoritarian regimes in modern history is attempting to build the most capable nuclear arsenal in the world. And they’re doing it at a pace faster than anyone imagined&#34;...This should be a lesson to all Americans that government corruption is a bigger threat than global adversaries. Once a corrupt puppet like Joe Biden is installed, the end is not far away...."
"Reagan was the best president.  Ever."
"weak leadership. "
"It&#39;s OK folks, we are safe. Biden&#39;s just a Xi&#39;s dog. He won&#39;t do anything against his master !!!!"
"Time to close the border yet? What is he waiting for? All the signs are here. "
"As difficult as it may be we and other Democracies must stop financing this criminal regime.American companies must leave China. Many goods can be developed in other countries and higher tech must come home.If anything the handling of the Covid virus shows the superior ingenuity of America enterprise.Liberals have collectively ignored the Military budget and have expanded their relationship with China. It is the 12th hour and time is running out. China has stolen and bribed it&#39;s way to compete with us with little resistance.Stop the talk and walk the walk."
"MRV’s changed the equation. How many times do you need to destroy the earth? If nukes start flying it’s over. "
"China is the worlds largest dictatorship "
"Joe doesn’t have to share intelligence information with the public. Why should he? The Chinese will have the information. Think before you post. It’s better not to tell people what you really think. "
"If the geniuses in the Congress were so concerned about China being such a threat to the US, why have they started the war with Russia and thus drove Russia into the arms of China. It only served to strengthen China."
"Biden is a Chinese balloon"
"We all know the Biden administration is in cahoots with China. All along they knew about it but got caught; then had no choice but to shoot it down, to TRY &amp; make themselves look good.  "
"disease then balloons what&#39;s next?"
"The biggest threat from Peking is tiktok and the uncaring parents who allow their children to access a CCP ran platform."
"Imagine having your taxes made public and it shows you made millions from China while president and while claiming democrats and specifically Joe and hunter were doing exactly what you did. Trump knows that feeling well."
"Trump and all Republicans 2024 and China will be dealt with. Biden and Obama-led unofficial Devils Cabinet a joke."
"nothing new"
"Why are we not giving the Chinese the &#34;USSR&#34; treatment? We were not sharing tech with the USSR, importing millions of cargo containers a year from the USSR, allowing Soviets into the USA to study, selling them our farmland. Why not a total boycott of China, and we instead look towards India as a low cost country...."
"Want an analogy of what America is now under the Lunatic Party?Got to an insane asylum, fire all the staff and let the crazies run the place."
"I think the cookies given away in the take out dinners are listening devices . Thanks Joe . "
"Biden is compromised.  He will do nothing to check the Chinese. The rest of this conversation is pointless."
"Dont worry people...if you can see the flash your already dead."
"Alas, Biden and his puppets are totally oblivious to what&#39;s going on.  There&#39;s nobody at home!"
"Under our current socialist woke dumpster 🔥 Administration,
we all better order Chinese language lessons from Babel during the next two years"
"The scariest thing out of china is lunch special #32."
"“China is going to eat our lunch? Come on, man — They can’t even figure out how to deal with the fact that they have this great division between the China Sea and the mountains in the West. They can’t figure out how they’re going to deal with the corruption that exists within the system. They’re not bad folks, folks … They’re not competition for us.” - Joe Biden 2019"
"&#39;The balloon should serve as a wakeup call for America.&#39; America has been awake, but the old coot in the WH sleeps 24 hours a day and is incompetent to do his job along with his administration of thugs.  Don&#39;t they get it, that if China continues to take such aggressive actions, they, too, will pay the price.  Do they honestly think China will give them advance notice so they can pack up and head to the hills???"
"and biden so clueless makes it easy.  the worst is china definitely has weponized its satellites to destroy all communication and navigation when the time comes. biden probably believes they wouldn&#39;t violate space weapon agreements.  "
"LOL, These &#34;stories&#34; are very funny. Corporate America Needs Cheap Chinese Labor to make their Products. Our RNC/DNC Party Leaders will give those exact same Corporations all of the American Tax Money they need to keep their Factories in China open, &#34;Bailouts&#34;.With you the Party members backing. wow LOL"
"Folks, they&#39;re not that bad."
"The only thing I used to be worried about is the fact that we allow China to own land in this country.  Then one day it became clear that our government will allow them to fly military craft over our entire continent.  Now I worry about two things."
Democrat=Communist
"Bidums only hope would be to start a war by ejection 2024. "
"They need us to keep buying their stuff. If we stop, they lose their economy.Win/Win for us."
"...well, the CCP did release COVID-19 upon the world from a bio-weapons lab in Wuhan as a test run of its lethality. Killed a few million CCP citizens with the virus doesn&#39;t bother the communists at all ... and now you know why democrats are so hard-core pro-abortion."
"Biden shot down China&#39;s surveillance balloon. Trump did not. We have enough nuclear arms to reduce the entire world to cinders. Why invest in more? Just keep the ones we have in working order.Coincidentally, Senator Fischer&#39;s top campaign contributor was Boeing, who happens to be a defense contractor. "
"Biggest threat is the 360k military aged Chinese students in the US right now. We receive 25k plus containers a day from China. Getting them weapons and blackmailing them to fight would be easy."
"The scariest threat from China is obviously sitting in the white house."
"Does it really matter if a hundred or five hundred nuclear weapons land on the US. And a few hundred on Europe. We send hundreds. Europe sends 69. Combined sub forces launch over five hundred. The entire earth will be covered by a radioactive cloud. God help us."
"And the ChiCom flu."
"Thanks to President Trump our nuclear capabilities are being upgraded. Left up to Biden This wouldn’t be happening. "
"Maybe the 3rd world war is what is wanted to achieve the New World Order?????"
"I can&#39;t help but wonder how many terrorists have already crossed our southern border-"
"Joe is lost....totally lost......"
"china scare tactic to increase defense budget. "
"We sure have some “scary” things, too! People forget that we have nuclear weapons also? "
"The headline us correct, but it did not go further to say that it is Hunter and Joe Biden is the scariest thing to come our of Beijing."
"Thank you all for voteing for diaper joe.  Your grandkids are the ones that will loose. "
"I think a lot of US haters abroad…and domestic will say something to the order of “US spies on every other country though” but it’s really the issue of which culture has the best intentions…and it’s not Chinese culture. "
"The only thing Biden was afraid of was that bad dude know as Korn Pop!"
"My God, this Administration are going to hurt themselves trying pat themselves on the back. Amazing how they are attempting to spin this in their favor."
"Biden is such an awful president! It&#39;s seems as if we will be very lucky to avoid world war 3 with Biden in place as president. He is extremely weak, not a leader at all and a detriment to our military and our security! "
"Joe’s teleprompter is demanding at least half of China Joe’s 15%. 🥸💥"
"Truth.  Another Chinese Flu type of virus released upon the population would be scarier.  Forced masking, vaccinations and shutdowns would be even worse."
"the biggest threat i think is that somebody else besides america is becoming a super power ,and boy does it bother everybody lol pretty hard to handle the truth"
"all things in due time"
"”The CCP has made clear that it wants to fundamentally alter global deterrence dynamics, with the goal of tripling its nuclear arsenal by 2035.&#34;...Has Brandon tried offering them Kool-aid?  It&#39;s worked so well for the Democratic Party...."
"When China eventually makes its move on Taiwan it&#39;s going to be a very interesting time to live in."
"Everything China has Has been stolen or copied from America. "
"&#34;The American people were rightfully outraged at the Chinese Communist Party’s (CCP) recent incursion into our airspace with its spy balloon&#34; W-R-O-N-G!!! The American people are MORE Enraged over biden! Let&#39;s get the Facts straight!!! Impeach this Criminal NOW!!!"
"The scariest thing, is the Marxist rule. "
"Against Chinese spy balloons, we should call on our allies to cut off the supply of Chinese helium.YES. The future Xi Jinping regime&#39;s China intends to invade the island of Taiwan. If the US defends the island of Taiwan. We will be fighting the Chinese army."
"China saw how the world reacted to Russia when it invaded Ukraine.  No one wanted to start a nuclear war so everyone backed off.  What do you think we will do when China invades Taiwan?  We&#39;re stuck in a corner.  Going to the UN is useless."
"Then America needs to stop spying on countries as well.  I mean seriously "
"well said, hopefully this is a wake up call."
"China Joe"
"China be darned, the biggest threat to the US is sitting in the OvalOffice "
"It never ceases to amaze me the time, effort and expense that man takes in order to destroy their fellow man. Humans are the worst thing to happen to our planet. There&#39;s already enough nukes to bust this planet in half but of course man needs more. "
"They are not the scariest thing to come out of China but look at our leadership , that is scary!"
"When China eventually makes its move on Taiwan it&#39;s going to be a very interesting time to live in."
"The scariest thing, is the Marxist rule. "
"Against Chinese spy balloons, we should call on our allies to cut off the supply of Chinese helium.YES. The future Xi Jinping regime&#39;s China intends to invade the island of Taiwan. If the US defends the island of Taiwan. We will be fighting the Chinese army."
"&#34;The American people were rightfully outraged at the Chinese Communist Party’s (CCP) recent incursion into our airspace with its spy balloon&#34; W-R-O-N-G!!! The American people are MORE Enraged over biden! Let&#39;s get the Facts straight!!! Impeach this Criminal NOW!!!"
"China saw how the world reacted to Russia when it invaded Ukraine.  No one wanted to start a nuclear war so everyone backed off.  What do you think we will do when China invades Taiwan?  We&#39;re stuck in a corner.  Going to the UN is useless."
"Everything China has Has been stolen or copied from America. "
"well said, hopefully this is a wake up call."
"Then America needs to stop spying on countries as well.  I mean seriously "
"China Joe"
"They are not the scariest thing to come out of China but look at our leadership , that is scary!"
"China be darned, the biggest threat to the US is sitting in the OvalOffice "
"It never ceases to amaze me the time, effort and expense that man takes in order to destroy their fellow man. Humans are the worst thing to happen to our planet. There&#39;s already enough nukes to bust this planet in half but of course man needs more. "
"Not to mention they apparently figured out a way to kill 17 million people without repercussions(covid). "
"Joe Biden  🤡 is paralyzed in his decision making by balloons 🎈 just like a real clown 🤡."
"We have to stop bad mouthing biden’s paymaster "
"The scariest thing out of Beijing is...the ownership of their puppet and <strong>American Traitor China Biden </strong>"
"This country should be demanding the impeachment of senile joe , Harris, and his administration now "
"Biden to be prepared?  he won&#39;t.  he is afraid of China, and he&#39;ll be basement in Delaware. "
"Dont count on wokeism and democrats for answers.They like the idea of communism."
"Xi Jinping for crematorium "
"i am sure the china govt. tells the Bidens both train wreck and his worthless off spring  parts of what they are up to "
"Biden’ bribes are paying off in spades for China … the MSM are accomplices in this treason to America !!!"
"They will work their capabilities til they can get chemical weapons undetected over every state and country that doesn’t abide by their commands then detonate them all without a single bullet fired . Nukes destroy land they want remember that "
"The Communist Chinese have already infiltrated our colleges and universities and are working to create Marxist and socialist political leaders from local  to federal levels of government. Many of our leaders openly praise socialist agendas that are tearing us apart. "
"ALL A HUGE EFFORT BY THE CROOKED BIDEN ADMINISTRATION TO DEFLECT ATTENTION TO THEIR CRIMINAL TREASONOUS COLLUSION WITH THE CCP‼️‼️‼️😡😡😡😡"
"Coming soon:  Massive earthquake strikes china killing millions."
"The world is laughing at us.  We are a country without a leader."
"First of all , it IS the Democrats fault. They elected this demented fool. Second,, its laughable to think Biden will ever stand up to China. He has gotten rich from them. And the Democrats and their allies in the media refuse to even look into his pay to play schemes. This guy is corrupt, thru and thru. But so are many of our elected leaders. Money talks here, and China spread it out knowing this. Until the democrats are routed, and Biden is tossed out, there will not be any meaningful change towards China. The time for China to invade Taiwan is now...they know Biden and our woke military will &#34;closely monitor the situation&#34;...and nothing else. Expect it to happen soon."
"Why does Ivanka tRump have 18 Chinese patents for merchandising in China?"
"Hey Joe Where you going with all that Chinese Money in your hands "
"<strong>Fox shouldn&#39;t be scaring the MAGAS so early in the morning. It&#39;s not good for their health.</strong>"
"What&#39;s the biggest threat...the debt we owe China.....or the debt your great great great great grandchildren will never pay off?"
"Biden&#39;s &#34;woke&#34; policies play right into the hands of the CCP. He might as well collect a weekly paycheck from Beijing."
"Don&#39;t expect China Joe to do anything that would adversely affect China; China owns him:                “Hunter Biden ‘asked China business chairman for $10M and sent best wishes from “entire Biden family” email shows”--- The Sun (UK)    11/16/20                &#39;More money than God:&#39; Chinese titan lavished Hunter Biden with 3-carat gem, offer of $30 million--- Fox News    11/28/21"
"We are a country without a leader."
"Great. If they use nukes it’s mutually assured destruction for the entire northern hemisphere. Cool"
"If nuclear powers don’t work together to eliminate all nuke weapons, it’s only a matter of time before we create a Mad Max World……someone will eventually make a huge mistake….no one can win a nuke war"
"Western nations need to end all trade with China. Send them back to the 50&#39;s."
"Scary threat?  Have you ever been to a real Chinese restaurant, like where all the diners are Chinese?  Like a banquet hall in Chinatown.  The food is crazy.  Cray-cray!"
"Well when their nukes are on the way here we can send some back ,keep it going and the whole earth will be in nuclear winter."
"I was thinking possibly another bioweapon worse than covid because this information about China surpassing America in ICBM&#39;s was reported weeks ago by non MSM. Try to keep up FOX."
"If it comes to nukes we are all dead. "
"China is evil "
"What next....Lucy in the sky with diamonds?"
"What&#39;s the cost of a balloon vs. the cost of the armament we&#39;re shooting them down with?Is China taking a page out of Charlie Wilson&#39;s handbook?"
"I’m glad I don’t live in Hawaii or on the west coast. "
"Brandon can’t do anything with the CCP. They’ve got so much dirt on he and so many other anti-American, money loving Democrats. "
"&#34;China&#39;s spy flights are not even close to the scariest threat out of Beijing&#34;I thought they were going to say Tik-Tok."
"EVERYONE JUST NEEDS TO BE AFRAID TO INFLATE THE MILITARY-INDUSTRIAL COMPLEX EVEN FURTHER!"
"I can’t believe Admiral Kerby can actually say or agree with the propaganda he’s putting out. "
"joe gave hunter all the military secrets china asked for... we are doomed. "
"Oh boy, let’s make earth uninhabitable for 10,000 years"
"Another congressional puppet of the mic. &#34;Spend more on the military &#34;.Never mind we already spend more than the next 9 countries combined Never mind that the pentagon fails every audit .....not accounting for Trillions of dollars. Never mind that the current administration is full of sociopaths that lied us into a proxy war with Russia. Wake up America!"
"Instead of shaking down the taxpayers for more military spending we should stop those who are feeding the Chinese Communist monster--American corporations."
"Fentanyl is the scariest threat out of Beijing. The Chinese don’t want to and don’t need to attack us with military. They’re killing us with bio weapons and poison. And they’re getting away with it because the Biden Admin and Democrats across the board are suspiciously uncurious on both."
"She must have. MAJOR stock in defense contracts   "
"No no, it&#39;s JOE BIDEN "
"This is China making the US &#39; look the other way &#39;"
"The biggest threat to the US from China is watching Pepa Pig in the oval office."
"If we&#39;re going to war with China, now is better than later."
"China spy’s on us and we spy on them. Nothing new year and we use satellites for that. "
"The biggest threat? We are witnessing the rise of a Kim Jong-un type government led by  Biden and his democrats who have managed to fill their family coffers with unbelievable wealth off the backs of the American people. The Manchurian Candidate himself is the most corrupt politician to ever sit in the WH..."
"Yeah what else is new, anyone paying attention (anyone with an IQ above 80) knew  China has been ramping up its nuke force for quite a while now. "
"Here, hear!!On another note, FNC is becoming a cesspool of stories about Hollywood / British Royals / The View / National Enquirer-lvl TRIPE!!! Please: don’t click on these stories if you agree!! "
"Sure, he&#39;ll get his foreign policy from Fox lol. "
"Nuke Shanghai and Beijing immediately. Test their resolve to play!"
"The scariest threat is in Washington DC. "
"not nearly as scary as the biological attack Fraudci and the Chicoms unleashed on the world called Covid 19."
"China is preparing with the help of bidum to attack the US mainland."
"&#34;Beijing Biden&#34;"
"Really don&#39;t know why we are worried. After all THESE NUKES ARE MADE IN CHINA! Nothing made in China is as good as MADE IN THE USA!😁"
"OHH so scary I&#39;m a fearmongers dream, really I thought they had better spy satellites "
"&#34;Biden needs to prepare to respond to growing threats from China&#34;<strong>BEST joke this year ! ! !   🤣😆🙃</strong>"
"So now the controlled media have been instructed to print anti China paraphernalia…"
"I&#39;d still rather see 100% of the Media Focused on biden&#39;s stolen Classified Documents while he was VP! (Also, obama&#39;s possible involvement!) Impeach biden NOW!!!"
"Right Wing fear mongering."
"What is scarier. Chinese spy balloons or Biden as President?"
"Interesting, so China is a bad guy for doing everything we do......  "
"Comes from CHINA…"
"Let&#39;s declare war on China and get it over with."
"Yeah what else is new, anyone paying attention (anyone with an IQ above 80) knew  China has been ramping up its nuke force for quite a while now. "
"Here, hear!!On another note, FNC is becoming a cesspool of stories about Hollywood / British Royals / The View / National Enquirer-lvl TRIPE!!! Please: don’t click on these stories if you agree!! "
"Sure, he&#39;ll get his foreign policy from Fox lol. "
"Nuke Shanghai and Beijing immediately. Test their resolve to play!"
"The scariest threat is in Washington DC. "
"not nearly as scary as the biological attack Fraudci and the Chicoms unleashed on the world called Covid 19."
"China is preparing with the help of bidum to attack the US mainland."
"&#34;Beijing Biden&#34;"
"Really don&#39;t know why we are worried. After all THESE NUKES ARE MADE IN CHINA! Nothing made in China is as good as MADE IN THE USA!😁"
"OHH so scary I&#39;m a fearmongers dream, really I thought they had better spy satellites "
"&#34;Biden needs to prepare to respond to growing threats from China&#34;<strong>BEST joke this year ! ! !   🤣😆🙃</strong>"
"Right Wing fear mongering."
"So now the controlled media have been instructed to print anti China paraphernalia…"
"I&#39;d still rather see 100% of the Media Focused on biden&#39;s stolen Classified Documents while he was VP! (Also, obama&#39;s possible involvement!) Impeach biden NOW!!!"
"What is scarier. Chinese spy balloons or Biden as President?"
"Interesting, so China is a bad guy for doing everything we do......  "
"Comes from CHINA…"
"So Fox is saying that a supersonic stealth bomber is more scarier than a weather balloon… way to go captain obvious LOL 😂 "
"Let&#39;s declare war on China and get it over with."
"China is a yellow stool"
"Sink every container ship in the South China Sea, blame someone else."
"We are doomed "
"More fearmongering from Fox and a senile old lady deluded by visions of her childhood."
"I say just let it go and soon enough they will nuke California ! "
"Communist republicans align with all Communist on social issues. "
"<strong>MAGAS, Who believes China is going to nuke the United States? I&#39;d like to mock you for a while....</strong>"
"&#34;Biden needs to prepare for response to China.&#34; Go hide in your DE basement joe and come back out in 2025 when you will be &#34;NAMED&#34; (not elected) POTUS illegally again. You are useless and an embarrassment to the USA. "
"This administration plans on taking a stronger look at the China threat after we resolve the Transgender bathroom problem."
"so nuke their nukes and get it over with"
""
"China is a dog’s dinner "
"Nuke Idaho!"
"Manbun fail"
"These people are a joke !!!! "
"&#34;Biden needs to prepare for response to China.&#34; Go hide in your DE basement joe and come back out in 2025 when you will be &#34;NAMED&#34; (not elected) POTUS illegally again. You are useless and an embarrassment to the USA. "
"This administration plans on taking a stronger look at the China threat after we resolve the Transgender bathroom problem."
"so nuke their nukes and get it over with"
""
"China is a dog’s dinner "
"Manbun fail"
"Nuke Idaho!"
"These people are a joke !!!! "
"WW3 !!!WW3 !!!WW3 !!!"
"WW3 !!!WW3 !!!WW3 !!!"
"WW3 !!!WW3 !!!WW3 !!!"
