"The war in Ukraine is just a huge diversion.  China and Russia knew what would happen when Russia started this war in Ukraine.  They knew the US and other countries would support Ukraine.  They knew we would send them money and US assets to help defend Ukraine.  Now that we have spent billions and billions on Ukraine, it is now China&#39;s turn to do their part of the plan.  Start acting out in hopes to start a war.  We have released strategic oil reserves, given away military assets to Ukraine, and spent billions to help fund their efforts.  We are in no position to be in a big war with China and they know it.  This was part of a bigger plot between Russia and China."
"In the old days they bombed us.  Even worse, now they among us now infiltrating us all through business, schools,  and all levels of government."
"The war against the US started decades ago when government and industry let China in the door. China has demonstrated patience and it&#39;s paying off. "
"They have been at war for years against us. These balloons are just another way to attack us, as well as gather information. I agree with the guy I heard on FOX News the other day who said they can float a balloon over here with a electric magnetic pulse that can take out our power grid and it would take years to get back up."
"The Biden administration is aiding China.  That&#39;s becoming abundantly clear."
"I wish we were still living in Trumps American. Inflation was near 1%, Gas prices at $2.00, our border was secured, we were Energy independent, no Wars...but in reality - BIDEN is POTUS and he has ruined everything and <strong>our Country is no longer safe</strong>"
"The Biden admin is not ignoring China...they are opening the door wide for China...lots and lots of money being paid"
"Our whole Beltway has been in denial, blinded by insider dollar signs.  Joe, he was right there welcoming China into the WTO, and go to work on their behalf right away.  There&#39;s a reason why main street America went on food stamps and Joe was moving into Beach Houses."
"PRC has not declared war. U.S. has not declared war. She’s off her rocker. Be careful what you wish for. World War III will be dangerous and have more casualties than the Vietnam War. Keep the war hopes low. "
"What would be the incentive for China to have a hot war with the US?  The US is their biggest customer of consumer goods.  Defense contractors however would greatly benefit form another long drawn out Cold War between the two largest counties.  "
"That&#39;s a little exaggerated.  Our relationship is tenuous at best but it&#39;s not war.  Both sides do everything they can to get an edge in every possible aspect of relations, nothing more.  It&#39;s just now they are being a little more brazen about it since they know the US has such a weak leader when it comes to foreign affairs and defense."
"The Biden administration is more focused on diversity and equity in our military than preparing it for war, I am worried that we would be glaringly unprepared in that event."
"It would be funny if it wasn&#39;t true. Sadly, China IS having an economic war with us. But Biden can&#39;t do anything about it because if he does, he won&#39;t get paid. "
"Biden and his administration are not ignoring the signposts, they are aiding China.  Biden borrowed money from China to send to Ukraine.  China interfered in the election to help out Biden in office. Biden is guilty of Chinese collusion. "
"How long are we going to let Biden be in charge? He was voted in. He can be voted out along with his, just as clueless, side kick. It’s going to be too late IF no action is taken immediately. "
"Sounds like a new job for Kamala. Balloon watcher. She can try to find the root of the balloons. I don’t think balloons have any roots, but I bet she can find some."
"CBS News reported on Tuesday that the US knew about the China spy balloon &#34;the moment it lifted off from the south coast of China, per U.S. officials.&#34;&#34;According to U.S. officials, after takeoff, the spy balloon drifted east in the direction of Guam and Hawaii and then went north to Alaska and entered U.S. airspace on Jan. 28. Given the path, it&#39;s possible that the balloon was blown off course by weather, but U.S. officials said that once it came south over the continental United States, it was being controlled by China.&#34;So the US knew about this spy balloon even longer than we&#39;ve been told?  Why are we not seeing more about this?"
"The Biden administration is not ignoring the signposts.  They put them up to guide the Chinese in."
"Communist China&#39;s role in Covid, along with the fentanyl and the ingredients for it being supplied to the drug cartels, is warning enough that Communist China is a war with us."
"Joe isn&#39;t ignoring China&#39;s aggression, he&#39;s assisting."
"2027 is a sham date from china. They will start years earlier, depending on our woke politicians and military sitting on their hands. Sure looks pre-orchestrated on both sides. Lends credibility to our government selling us out."
"2025 and 2027.New President and new congress.They will be hand wringers and sideline sitters afraid of making a decision.Meanwhile, China will be on the move."
"The Biden Crime Family is already bought and paid for by China ... good luck."
"Money talks and China paid the Bidens a lot of it so don&#39;t expect Joe to have a problem with anything China does."
"Is anyone surprised at this point? Biden doesn’t even know where he’s at half of the time."
"Come on man!  They&#39;re not bad folks, folks.  The entire leadership is oblivious at best or bought off at worst.  Readiness is at an all time low and leaders won&#39;t even address the threat.  We better pray!"
"China has been cleaning our clock for decades. They own half of this country. They have been buying up our land and businesses forever. And they are not our only enemies who own us. From grain production to toll roads, we are being bought piece by piece. I don&#39;t like Biden but come on...isn&#39;t that just click-bait?"
"When a Chinese Hypersonic missile takes out 25% of DC, will Biden think that China is a threat to our country?"
"In my opinion we’ve had a good run.  As portrayed in the movie “Independence Day” it won’t be long and it will be “Checkmate”."
"<blockquote><strong>China is already at war with America</strong></blockquote><strong>Some of us knew this 30 years ago.</strong>"
"Duh.  The USA is so dependent on China for their manufactured goods, minerals.  All American businesses and politicians can do is huff and puff.  The barn door was left open decades ago."
"The Chinese haven&#39;t invaded Biden&#39;s basement yet, so sleepy Joe thinks all is well with the world."
"They already killed a million US citizens without firing a shot, starting in March 2020. "
"China and the US has been in an economic war for years and so far China has been winning.Oddly enough Japan used that same excuse to attack Pearl Harbor. "
"This is the government Amerika voted for.  The boys club does not care about personal freedoms or the future they are creating.  Just pay your taxes and allow Hydra to control your life."
"Being dependent on China for &#34;green $$$$$&#34; energy is a horrible idea."
"Biden has been monetizing this battle for years, as well as pouring fuel onto the fire, including our oil reserves."
"Well our military is learning new pronouns.  No time for war right now.  Next they must learn what a woman is.  The administration is trying to figure that one out before issuing guidance."
"Chemical, biological, economic, information.  The only thing they HAVEN&#39;T done is nuke us."
"The Chinese are conducting Intelligence Preparation of the Battlefield (IPB). This is a precursor an invasion or strike."
"This administration is bought and paid for by China.  Now they are saying the first Chinese balloon flight may have been accidental.  Yea right.  They through the military out there telling us all it was absolutely under control and making directed movements and navigation.  Chinese basically admitted it was a spy balloon otherwise would have never cared if we shot it down.  And the news today had china threatening US interests for the shoot down.  Joey can’t handle the threat so now he is on his knees selling out America to the Chinese once again."
"China owns Biden so much that the CCP is POTUS."
"Computer viruses, Human viruses fentanyl, spies planted in governments, Low tech spying, High tech spying, secrets theft, corporate theft .... we owe China nothing   They have been at war with the world for years."
"Spot on. Meanwhile, the Biden administration grounds our surveillance blimps at the southern border. It&#39;s hard to believe Biden&#39;s actions are anything less than nefarious to the American people and our country."
"the Japanese attempted balloon bombs in WWII, one even went off in Oregon, but these were a onesy, twosy deal.   China has the capacity to inundate our western coast with hundreds of thousands of balloons carrying various payloads meant to disrupt society and produce chaos.  We have no plan for this potential attack."
"What better way to distract the nation from what is taking place in Wash. D.C. than bright shiny objects like weather balloons? They aren&#39;t telling us what they are because they want to leave it to our imagination to think the worst.  The democrats are in serious trouble and they&#39;ll try anything to hide it from the public."
"Divide and conquer.The woke left have been working for Communist China and they do not care.We are at our weakest in our history. First step kill the woke.Hey they want you dead so why not?"
"This like the UFO stories Fox likes to hype. We, the Russians and Chinese do this all the time, once in awhile the crafts go awry. Nothing will change. No one considers them a major threat. Fox is always in need of grist for their mill, especially since Biden forced Trump into retirement."
"Yep, Trump was going to get us into WWIII. How many times did the left use that line?"
"I was pondering the US assets that may have to be sold off, or more like re-allocated in some devious manner, to generate cash to pay off our national debt.  I came to some unpleasant conclusions."
"Brandon will not step on China&#39;s toes....They own him and  is getting closer to owning the US thanks to this Administration...."
"Biden will not slap the hand that feeds him "
"We have an inept over the hill gang (this administration), lead by a incompetent professional career politician. And this is what we get, we&#39;re potentially sitting ducks."
"Apparently ,  the US government is the only one who doesn&#39;t know we are in a cold war with China. And it&#39;s heating up fast. China&#39;s economy is on the verge of collapse and they don&#39;t have anything to lose. "
"Thanks Ms Koffler for being a voice for all of us retired Soldiers etc. 
the military has lost its way under Biden, Austin and Milley. "
"China should just sit back and relax, The Biden administration is destroying America from the inside out."
"After Taiwan is invaded and Philippines...Joe may declare MRI&#39;s and blankets be given."
"The Brandon Administration only sees one signpost... &#34;the signpost up ahead... TWILIGHT ZONE&#34;, which they are trying their best to turn America into."
"I think Hunter&#39;s laptop, CRT, and Hillary&#39;s emails are more important than passing legislation to fix this country."
"How do you &#39;pre-program&#39; a balloon to follow a given route? The Jetstream is very unpredictable, except it flows west to east - pretty big area for a planned incursion powered by only the weather.. Seems pretty hit or miss, and would I think a satellite is a better surveillance device. "
"We have been at war with China since the 1970s and China has been cleaning our clock. The Chinese know that the US is all about the money. They pay top dollar to get their students into US Schools.  They also buy up any real property, financial portfolios, and businesses they can.  Even more tragically, they own a significant portion of our national debt. As Lenin is reported to have said &#39;We will hang the last capitalist with a rope he bought us&#39;.  Our greed will be our undoing."
"I could really go for a mean tweet right now!!"
"Gotta love Fox and Republicans. One article criticizing shooting down a balloon with a military jet, when the balloon was a $12 science experiment... And this article, letting us know we are in war with China."
"China owns corrupt, compromised Biden while our incompetent law enforcement looks the other away with a &#34;blind eye&#34;."
"I&#39;m horrified that Joe and Hunter&#39;s assistant was Chinese.  It&#39;s obvious China reviewed the weak-minded in the Beltway and felt they hit a goldmine in greedy Joe and his son.  It&#39;s so appalling."
"China has been at war with the US since Mao was able to proclaim how great China was because Nixon came to them.  "
"This is how Biden and his group of diversity hires handle everything, ignore it cover it up and the pawns will forget about it. "
"Russia, China, Iran and North Korea all know that the United States essentially doesn&#39;t have a president.  And they are not about to let this Golden Opportunity slip through their fingers.  It&#39;s going to make Pearl Harbor look like a Sunday School picnic."
"Biden is in chinas pocket he sold out the usa Why with all this evidence isnt he impeached! And removed harris to. Our country is at war with china wouldnt doubt the train derailment arent part of that."
"Why would joey cut off his cash cow??"
"China gets the bulk of their income from the US and we get the bulk of our “stuff” from them. Outright war with China will not happen as long as that statement is true. "
"It all started when China assisted Biden with rigging the electionCovid was the deal....Truth"
"Russia and China, along with their proxies Iran and North Korea, are just so much like the bad actors that we saw in World War 2. This is all going to end in a massive loss of human life."
"The U.S. government wants war with China.  Americans support war with China.  So we will have a war with China soon."
"People aught to pay heed to Rebekahs’ warnings. "
"You might say it&#39;s a test balloon on how far China Joe will let Xi get away with."
"I could really go for a mean tweet right now!!"
"One of the worst things they did to us was give us a President like Joe Biden."
"China owns Joe so don&#39;t expect him to do anything."
"Let’s be honest, the Chinese are way smarter than you, they are probably the only country that hasn’t spent anything on the Ukraine special operation,  and when they repatriate Taiwan you won’t have anything to send them"
"Let’s be honest, the Chinese are way smarter than you, they are probably the only country that hasn’t spent anything on the Ukraine special operation,  and when they repatriate Taiwan you won’t have anything to send them"
"We shouldn&#39;t be using $500,000 AIM-9X missiles to shoot down $2,000 balloons.Time to get creative. Use 2.75&#34; FFAR training / marking &#34;dumb&#34; rockets. Modify with super-cheap &#34;collision&#34; sensors to trigger an explosive shrapnel charge - plenty of destruction for a balloon envelope. Much less mass and technology to hit the ground, reducing the chance of collateral damage. They can probably build them in quantity for around $200 each.And they&#39;re fun to shoot, too."
"As a former...So you have no idea what the actual threat assessment is.  Move on.  Hack."
"As usual, Fox authors are trying to sell you on the idea that the exact opposite of what is happening is reality.  The Biden administration is well on top of the China situation, completing the ring of bases in the west Pacific just in the last few months.  And, I have to laugh that someone who wrote a book about the threat from Russia even being allowed on Fox, which has become the Kremlin&#39;s mouthpiece in their insane efforts to defend Trump&#39;s crimes at all costs."
"We have been at war with China for very long time. Trump was doing something about it. Our supposed POTUS is in their pocket, so it&#39;s just going to get worse."
"So China&#39;s idea of war is to flood us with cheap junk, which we buy because we don&#39;t make anything in America except weapons of mass destruction,  were statistics show toll is high. "
"Republicans do not realize China hates BidenBiden is cutting down all their technology importsBiden has vowed to support TaiwanSo why do you think they are increasing their spying of the USAAn attack on Biden is supporting Communist China "
"Come on, man. The military has other priorities, like making sure their service members can use any bathroom they like. (China is going to murder us. China is going to murder us so hard.) "
"Biden is totally consumed with looking at himself in the mirror........"
"Just keep buying those Chinese made MAGA hats!"
"China must pull a pearl harbor on USA. First the space war and then unmanned drones mass produced under ground in Nevada. USA must build mobile nukes to deter China or they may see that our silos are not reloadable. Minuteman missiles are sitting ducks."
"The Neocons are really pounding the war drums loudly to get us in a war with China. "
"Triggering panic in America is quite easy. Fox and others were claiming weather balloons were aliens... 900 or more balloons are launched every day from hundreds of institutions and governments. Only America ran screaming in the streets "
"Clinton, Obama, and Joey, all are weak. Other than a loud mouth, they can&#39;t do anything."
"Ya, and every President in the last 15 years did not get it."
"Here comes the fake security expert, Rebekah Koffler, to regurgitate obvious things about China that have been said for years now by more informed people."
"It&#39;s not that Biden is ignoring anything, they just haven&#39;t put it on the teleprompter yet..
Where&#39;s that dang Easter bunny???"
"Balloons are 17th century technology.  The fact that they sent a balloon just makes me laugh.  Amazing to see the utterly HYSTERICAL media trying to foment fear over this daily.  "
"I could really go for a mean tweet right now!!"
"China is Bidens Boss"
"If the US shoots down every balloon-like object that appears that will take a lot of Sidewinder Missiles.  How long will it take to go through the whole inventory of Sidewinders?"
"Gen. Mike Minihan, believes the country will be at war with China by 2025.Might be sooner than you think."
"Look at all of this ridiculous hysteria over one single balloon. This is a typical example of why warmongering neocons are the biggest threat to the free world.  Through propaganda outlets like Fox News, they whip up the heehaws into screaming for war because they have interests in the defense industry and want bigger profits."
"Putin is already at war with the free world and Fox is ignoring, well, not just &#34;signposts.&#34;"
"how about repubs pressure all US corporations in China come back to the US....."
"For the love of God!The very LAST thing we need is Republicans talking about war again."
"The US hegemony is over. Time to back down and realize we dont run the world any longer."
"China is playing Chess and Biden is gnawing on the poker chips."
"Folks at the Pentagon have nicknamed Biden, &#34; George S Patton &#34; for his defeat of Russia and his taking down objects in the stratosphere."
"Reading this article is no different then listening to the neighbors opine regarding their reality of hat China is doing knowing nothing about China. Such a waste."
"China has been very clear, they want us dead, they&#39;ve publicly stated numerous times......perhaps we should listen. "
"What do you want Biden to do?"
"Does China think it can take on the U.S., Australia, New Zealand, Great Britain, Canada, France, Israel..?"
"Read &#34;The Art of War&#34; and understand how China is preparing to defeat the US and western &#34;inferior &#34; culture.."
"&#34;You give is back our barroon!&#34; &#39;It contains ancient Chinese secret!&#34; "
"China owns spineless Joe......"
"…Joe Biden is a paid Supreme Leader in this China war on America..It’s sponsored by the (D) CCP Party…Absolutely hilarious… Get it right."
"&#34;Ancient Chinese secret, huh?&#34;"
"We are at war with CH-ina since COVID. Trump gave them a free pass. And operation warp speed really meant hurry up and attack America. "
"Not impressed."
"DIA?  Did she work for nut job Michael Flynn?"
"China horde needs nukes to stop."
"Republicans ignored Trump openly taking bribes from China while he was stinking up the White House. Donald Trump was a Chinese foreign agent."
