"How many”objects” illegally crossed the southern border in the past 48 hours?"
"“We don’t know what these objects are” and then “they don’t pose a threat”. If you don’t know what it is, HOW can you state definitely that they are not a threat? "
"While authorities do not yet know what the downed objects were, <a href=""https://www.foxnews.com/politics/defense-secretary-austin-shootdowns-unidentified-objects"" target=""_blank"" rel=""noopener"">Austin has said</a> &#34;they are not a threat.&#34; This statement says to me - we don&#39;t know anything. Period. Including if there are any threats. "
"Biden will sign an executive order regulating the use of balloons at used car lots, birthday parties, and outdoor memorials."
"Believe it or not but Harris says the Chinese spy program shouldn&#39;t impact our relations with them. What!!!  Money over safety.  We should immediately be booting TikTok out of the country, we should be taking over property bought by the Chinese government.  We should be investigating their involvement in our universities and we should start hearings on this administrations involvement with China."
"This is the kind of &#34;protection &#34; America gets when you pass out jobs based on diversity, equity, and inclusion......and NOT merit. "
"If America manages to survive the Biden administration, it will be a miracle."
"Well, he didn&#39;t actually say there weren&#39;t any, he simply said he wasn&#39;t aware of any. Considering it took several years for them to discover 3 balloons that supposedly entered our air space during Trump&#39;s term, that isn&#39;t particularly noteworthy."
"There is not one person on Biden&#39;s cabinet that is competent. No not one. The proof is in their performance. "
"Why would we believe anything he or anyone else in this administration says?"
"The number of questions raised by these events is astonishing:  How&#39;d the balloon get past the world&#39;s most advanced airspace security system? Why wasn&#39;t it demolished over Montana where NO ONE LIVES? Why was it allowed to meander? Why was an F-22 used? Why was a $633-thousand missile used when bullets would work fine? Why no retaliation?"
"Why haven’t we seen any evidence of the the 3 more shot down? No pictures, no debris, nothing. Could be there aren’t any? All a ploy to get your mind off the documents? Haven’t heard anything about that since the balloon."
"Not sure I trust someone who has access to a multi-trillion dollar air defense system built over decades and yet did nothing to intercept a spy balloon before citizens on the ground saw it with their naked eyes and then took a few more days after everybody was watching it before taking action.  "
"Did  they recover the missile that was lost in Lake Huron?Did they find any of the  object that was shot down on the ice?Does anyone in the White House know anything?Who is in charge in the White House and why aren&#39;t they answeringquestions?  Where is our fearless leader and great communicator? "
"Release the gun camera footage of the object. You know they have pictures to verify what was shot down.  The lib Dems are hiding things from you that hurts their Party.  Party over country. "
"America spends $700+ Billion a year on National Defense!  Why should we be having these conversations? "
"So the White House, Pentagon or any other agency will not tell us anything about these 4 incidents but Austin holds a presser to let us know that they shot nothing down the last 48 hours.  This entire administration is incompetent and never tells the truth.  "
"Thanks for keeping us safe Austin and good luck salvaging as much as possible of your reputation and self respect."
"&#34;No new &#39;objects&#39; reported in last 48 hours, Pentagon says.&#34;

Of course not, it&#39;s a weekend thing."
"Watching Austin hold a news conference is not a reassuring thing to me.  He never exudes confidence, leadership or brilliance in any setting."
"Anybody else completely distrust our DOJ, FBI, and Pentagon?"
"Why do I always feel so uneasy when I see this goon stand behind a podium with the title of Secretary of Defense? "
"This is the most inept and corrupt administration in history. I guess that&#39;s what you get when you appoint people based on their race, gender &amp; sexuality as opposed to Merit."
"And oddly enough, they expect isn’t believe that. 70% will and 30% will have a good dose of skepticism. "
"Don&#39;t believe Austin as the Pentagon has lied to American people time after time so how do you trust someone that&#39;s involved with the Joe Biden administration you don&#39;t, if you want to hear the truth listen to China they know what&#39;s going on in the U.S. "
"I’m not sure trusting the word of the Biden administration is a reasonable thing to do."
"Defense Secretary Lloyd Austin, We have been UFO clean for the last 48 hrs."
"Austin needs to resign "
"Well let’s see hot air balloons ruled out, what are the car lot balloons filled with? and how do they stand up to the extreme cold air at higher altitude?? Now they say that there may be thousands of these OBJECTS up there!!! Really interesting because if that’s true with all the telescopes  many extremely powerful ones would have to be spotting this massive amount of whatever’s up there !!!"
"&#34;We&#39;re going to do everything we can to recover debris if it&#39;s possible. That will help us learn a lot more about what these objects are,&#34; Austin said. You are GOING to do that? It&#39;s been 2 days! Why aren&#39;t you already doing that?"
"So they are going to be transparent now ? 🙄"
"Diversity hire Austin does NOT fill me with a great deal of confidence. "
"Austin has as much credibility as Biden --- NONE."
"No new objects reported doesn&#39;t necessarily mean there were no new objects."
"Nothing new reported? Doesn&#39;t mean they are not there, just means we have not reported on them."
"I love this country - I don’t trust my government much. Maybe the post office.Too woke and too prone to hiding and lying. "
"Austin is probably looking at messenger pigeons as the next possible treat. This guy is definitely on the ball."
"I bet one of the balloons had a payload of classified documents stolen by Biden when he was Vice President."
"I bet every time Austin or Milley speak are adversaries giggle a little."
"Seems this would not be a good time to be in the hot air balloon ride business."
"Uh huh. Sure. We&#39;ll believe that. Not."
"So we went from thousands to none.  I guess that means mission accomplished, but whose????"
"D.S. Austin:  Isn&#39;t that stuff floating around up there some of the equipment we left in Afghanistan?"
"This whole administration is a joke, and as a recently retired veteran, the Austin/Milley show is a huge embarrassment... total incompetence."
"No &#34;alien spacecraft&#34; reported in the last 48 hours, eh?  Guess they figured out that we weren&#39;t worth the trouble after all..."
"Yeah… the notion of “Take me to your Leader” seemed hilarious too"
"They don&#39;t know what these objects are? I&#39;m no conspiracy theorist but that&#39;s hard to accept. We don&#39;t have the surveillance capability to determine what these objects are? The government can&#39;t even give us an idea at this point. I feel like third world countries are more informative and transparent."
"I guess weather balloons are now safe."
"I guess they want Americans comforted by that..NOT..they’re not fooling anyone.."
"of course no new objects as CHINA is busy going through DATA already collected = Hellooooo?"
"1 million falsely accused in weaponizing of legal systems per year in divorce alone. Civilization is over folks. Hang on to you boots. Here we go!!!"
"How did our military get infected with these progressive liberal’s ?"
"And uh... if any are, will they be permitted to cruise the entire continent before being dealt with?  Perspiring minds wish to know."
"“Reported”? Still can’t believe anything said outa this regime. "
"Everything points to those 3 objects. being extraterrestrial. The briefing that the military gave senators. Was limited and with few answers.  And considering that they got shot down over us Canadian territory. Why yet, no recovery  of or photographs , videos being shared???"
"They haven&#39;t seen any in 48 hours - doesn&#39;t mean there aren&#39;t any.These things pose no threat - even though we don&#39;t know what they are.The U.S. is now run by children. Children who lie constantly. Thanks Democrats."
"Who is this Lloyd Austin guy?….geez.   Oh,  checked box.   "
"Plenty of unidentified objects in the Pentagon."
"Translation They stopped looking for them. &#34;Nothing to see here citizen. Carry on.&#34;"
"That’s a relief…meanwhile the invasion in our borders from illegals continues…"
"An unusual statement coming from the administration:  &#34;These balloons are difficult to identify on radar because they move so slow.&#34;What??  That is unbelievable!  I would love to see proof of that statement!"
"Hmmm, wasn’t there a guy once who said Chiiinaaaa. Was a threat?"
"&#34;<strong>No new &#39;objects&#39; reported in last 48 hours&#34;</strong><strong>Does that include the clumps from Biden&#39;s diaper exiting his pant cuffs?</strong>"
"This administration continues to amuse and baffle me. Lloyd and Garland have to read off of prepared speeches when they should be fluent in their area of expertise. Who’s calling the shots here?"
"Pentagon says that no &#39;new&#39; objects have been reported.  Just the same ones that have been spying on us for many years."
"ET says “call home” 👽"
"some how i don&#39;t feel like a celebration is in order."
"oh thank God I feel much safer now"
"Yea, we&#39;ve shot down 3 of our own balloons and we think that will show the Chinese that we mean business. "
"Biden’s MIA but that’s nothing new I guess… hiding in a basement or bunker somewhere far away from our well known missile silos….."
"when you project weakness and woke ideals...people start to test if you are still the big dog."
"<strong>Defense Secretary Lloyd Austin says government is &#39;going to do everything we can to recover debris&#39; from downed flying objects.</strong>He talks like our military is composed of a bunch of cupcakes and we have no technology to find &#34;objects&#34; that have been shot down. He is one unimpressive Defense Secretary.  If America is ever attacked, he will be the one waving the white flag of surrender!"
"AND WHY SHOULD I BELIEVE WHAT IS BEING SAID"
"most worthless woke general in American history"
"The first still photo of Austin looks like he just saw a UFO and is frozen.  I say we put him and his boss on a big balloon and send it over to China just to see what their response would be to a U.S. balloon floating over Beijing."
"Between Biden, Milley and Austin, America has some world class birdbrains at the top of the chain of command."
"I don&#39;t believe there were three other objects floating over America.  This was probably just to Biden look like a tough guy. We probably spent 2 million to make Joe look like he&#39;s doing the job. "
"Hey hey hey. It’s Fat Albert. Who knew he’d become Secretary of Defense."
"Americans can&#39;t trust anything from the Biden administration. The lies are non stop "
"Yeah like we can believe everything our government says anymore."
"WOW, that’s reassuring!"
"Did they set up one of those chalkboard signs?"
"I guess all the used car dealers got the memo."
"You’ll have to forgive me but after seeing this man’s Afghan withdrawal deposition, I don’t believe a word that comes out of his mouth"
"&#34;All quiet on the western front...&#34;"
"If they could only tell us no new intruders  in the past fourth eight hours....send those sidewinder missiles to the southern  border."
"All the space cadets piloting the UFO’s have escaped and are now employed in Joezo’s administration."
"Where are the videos of the &#39;objects&#39; prior to being shot down?"
"China was mapping locations (while we’re looking up) for the Chinese Illegals increasing 700% at the Southern Texas Border to report to after being released on their own recognizance as Asylum seekers. Fuefeng Group purchased 370 acres 12 miles from Grand Forks AFB. The base capabilities include Intelligence, surveillance, and reconnaissance. Biden’s version of Mr Roger’s Neighborhood. Won’t you be my neighbor? "
"I don’t understand why we use a $400000 rocket to bring thes balloons down when a 50 cent bullet would do the same and people could get out of the way. "
"Liberals lie as a profession and I do not believe we are being told the truth. "
"Austin, a politically motivated loser. This guy should be replaced with a noncommissioned enlisted man. "
"Don&#39;t worry there will be more!! Our American sell out companies who use China and keep making them billions will just keep testing us as we supply them with the money to threaten us....way to go USA...."
"Based on their history, no surprises there.   Probably having woke quality time and doing each others hair.  Pentagon is run by slackers."
"Now, Austin can go back to his woke agenda."
"None reported or just none shot down ."
"Yep! Nothing to see here folks, just move on! "
"So now they’ve decided not to shoot down objects again?"
"Seems if those last 3 balloons were weather  or are some kind of study balloons you would think the owners would speak up."
"Joe tells China to ramp up the balloons to keep people distracted about Hunter and the documents and to hide the fact that a VP was allowed to walk off with top secret documents and sell them to a foreign country like China."
"Our greatest threat is the unidentified objects floating around the White House and pentagon."
"The local dollar store ran out of helium"
"Biden, Austin and Milley could not outsmart a girl’s badminton team."
"I wonder if they accounted for the visions of birds floating around in a 360 in Quad B&#39;s dome when he closes his eye..."
"I remember when you could buy weather balloons from Edmund Scientific or from the back pages ads in science magazines. Just grab a cylinder of helium and you are in the balloon business."
"Ginnyearl Autism...the truth is beyond his grasp"
"Everyone was saying these UFOs were a distraction to keep people from caring about the East Palestine, Ohio Derailment and refusing to shut down that line to do a proper cleanup. Add Biden blowing up the Nord Stream pipeline. The Biden  Admin is now the world&#39;s #1 Eco-Terrorist organization in history. Then they admitted they have zero proof they shot down anything. So they are moving on. "
"White House will be celebrating in the Rose Garden. Party balloons are timed to release at noon. 🎈"
"Oooooo.. Bidy shot down balloonies.. Tough guy! "
"Dear Aliens,Please take Biden, Trump, Hillary, Weird Bill, the Obamas, George W. Bush and Vladimir Putin to your leader…and keep them there!Thank you…."
"Sky junk. Stuff left over from past atmospheric experiments."
"&#34;While authorities do not yet know what the downed objects were, <a href=""https://www.foxnews.com/politics/defense-secretary-austin-shootdowns-unidentified-objects"" target=""_blank"" rel=""noopener"">Austin has said</a> &#34;they are not a threat.&#34; Then whyda&#34; shoot &#39;em down ?"
"Oh well, I can sleep better now, cause this admin is so open and honest and would never deceive or lie to me.....NOT"
"Have they checked Bidens diaper for objects?   It’s been only 4 hours since his last change.  "
"Maybe General/Secretary Milley Vamilli and Blinking can put together a Balloon Force !"
"Austin doing a great job.  He protected the homeland for 48 hours!"
"Biden is taking care of business.  I know this upsets Trumpers who don’t like when America succeeds under Biden.   "
"No new objects in last 24 hours....are we celebrating that or just telling us that?  It is easier to lie than tell the truth."
"Who would believe this woke diversity general, and who would follow him into combat?...I do not know anyone who would do either.Yesterday, there were thousands of these unknown objects flying around...today there are none...."
"Austin is a hero.  he has scared all the flying objects with his F-16&#39;s.  tough, just like joe."
"African nations have never been successful military powers throughout history. 

So here we are."
"&#34;Has anybody seen my science experiment?&#34;"
"Lloyd Austin- now there is a picture of strength and wisdom.LOL,LOL"
"Why are we shooting down drones in Syria then? Seems a bad move while trying to give aid."
"Didn&#39;t Austin say the first missile missed the fourth  balloon because it was a practice missile lolol"
"None reported apparently means they just did see any.  "
"BREAKING NEWS:WKRPA large object was just detected moving towards the salad bar at Golden Coral....film at 11:00"
"General Miley and General Austin said that the Russian soldiers lost the Ukraine war. But just few minutes ago. I heard the Russian military is advancing while the Ukraine soldiers are running while leaving behind their dead friends. I wonder when they are going to start telling us the true?"
"Do they even know? Can we get verification from civilians - as they found the first one!!!"
"While authorities do not yet know what the downed objects were, Austin has said &#34;they are not a threat.&#34;

🤔

Smells a lot like the movie
&#34;Mars Attacks&#34;"
"&#34;No new &#39;objects&#39; reported in last 48 hours, Pentagon says&#34;America feels safe now.  LOL"
"DefSec Austin: &#34;Sidewinders....At long last, a bunion corrector that really works!&#34;"
"You conservatives don’t need to know any of this yet and your demands just sort of blend in with the rest of your daily demands. No one’s listening anymore, the American people are joking it off as UFO’s. "
"I hear folks around the country are releasing huge bundles of helium party balloons, just to frighten MAGAs."
"There was nothing to be concerned about after the Chinese spy balloon traversed across the country gathering information..  all others were sent up to save President clueless’ face…."
"In the photo it looks like he just saw a ghost or a UFO."
"&#34;&#34;No new &#39;objects&#39; reported in last 48 hours, Pentagon says&#34;&#34;--Whoopee!"
"Have someone at the Pentagon call the old guy in Montana and get a report."
"I guess all the meteorologists have grounded their weather balloons since Biden has now declared war on them!"
"Maybe they were returned to their mothership. "
"No longer believe anything coming from this administration. "
"Maybe we ran out of $400,000 missiles to pop these balloons?"
"You get what you Vote for. "
"Biden isn’t talking because even he, the Liar n chief, can’t pull off theridiculous narrative that there were more spy balloons…"
"This means the ban on Birthday balloons is working!!!The Biden administration is the most inept in US history--they have made our military a flaccid group of cross dressers.....SAD!"
"The aliens got tired of waiting in line at the Party Store to fill their balloons with helium so they went home.  "
"So with that statement &#34; they have shot down at least four&#34; does it mean they shot down more they arent talking about?"
"MSM: Just in, the FBI has discovered/recovered objects from J. Biden&#39;s Corvette that appear to be pieces of a CCP spy balloon."
"They&#39;re about a billion flying objects in biden&#39;s head - all dead brain cells...."
"Lloyd Austin is a complete Marxist hack."
"Nice when nothing happened is the crux of the story"
"No surprise to find the “Hate on America Club” here.  "
"How would this guy know?"
"Ugh, this guy is NOT TRUSTWORTHY "
"Is that because the Weather channel has chosen not to fly their weather balloons due to anticipation of our government shooting them down?"
"👽👽👽👽👽👽👽👽
👾👾👾👾👾👾👾👾
👽👽👽👽👽👽👽👽
👾👾👾👾👾👾👾👾
👽👽👽👽👽👽👽👽

&#34;NOTHING TO SEE HERE&#34;

🤫

."
"Ran out of practice drones already??"
"&#34;No new &#39;objects&#39; reported in last 48 hours, Pentagon says&#34;<strong>&#34;Those dang Aliens have gone stealth on us&#34;, Austin said.</strong>"
"Why didn’t they shoot down the platforms with puffy red and white suited  people floating over the Super Bowl "
"Yeah okay.. like the American people believe the government… if in fact there was any after the actual Communist Chinese 🎈 "
"Why didn’t they shoot down the platforms with puffy red and white suited  people floating over the Super Bowl "
"Yeah okay.. like the American people believe the government… if in fact there was any after the actual Communist Chinese 🎈 "
"They narrowed the aperture again. When they want to look tough, they&#39;ll open the aperture, shoot something down, then change it back."
"lol, right they are going to cover it up!!!"
"This is the Dementia Joe Biden, the great communicator appointments! "
"Austin is completely  lost"
"Whoopi, the high school drop-out, thinks that this Austin dude is the sheets."
"They went back for reinforcements.  Next time we won&#39;t shoot them down without a fight!  Take as sarcasm or opinion - your choice."
"They shoot down a balloon with an F22 and this guy starts talking like he is Five Star General Patton."
"My gender reveal balloon flew away. Please do not shoot it down."
"Uncle Joe and his cabinet are a parody of the DC swamp. I don&#39;t understand the surprise Americans have that he and his followers are clowns."
"This guy is a product of DEI and it shows. "
"Trump said he spotted a meatball in Florida. "
"They just haven&#39;t found them yet! Austin is such a leader, we can all sleep better tonight, Milley is on the job as well...the only person more ignorant than those two is LIEden!"
"Austin is a diversity hire who is incompetent and corrupt"
"False flags."
"They are going to spend 100 million dollars recovering $800 worth of cheap chinese garbage with no intel value."
"How many”objects” illegally crossed the southern border in the past 48 hours?"
"“We don’t know what these objects are” and then “they don’t pose a threat”. If you don’t know what it is, HOW can you state definitely that they are not a threat? "
"While authorities do not yet know what the downed objects were, <a href=""https://www.foxnews.com/politics/defense-secretary-austin-shootdowns-unidentified-objects"" target=""_blank"" rel=""noopener"">Austin has said</a> &#34;they are not a threat.&#34; This statement says to me - we don&#39;t know anything. Period. Including if there are any threats. "
"Biden will sign an executive order regulating the use of balloons at used car lots, birthday parties, and outdoor memorials."
"Believe it or not but Harris says the Chinese spy program shouldn&#39;t impact our relations with them. What!!!  Money over safety.  We should immediately be booting TikTok out of the country, we should be taking over property bought by the Chinese government.  We should be investigating their involvement in our universities and we should start hearings on this administrations involvement with China."
"This is the kind of &#34;protection &#34; America gets when you pass out jobs based on diversity, equity, and inclusion......and NOT merit. "
"If America manages to survive the Biden administration, it will be a miracle."
"Well, he didn&#39;t actually say there weren&#39;t any, he simply said he wasn&#39;t aware of any. Considering it took several years for them to discover 3 balloons that supposedly entered our air space during Trump&#39;s term, that isn&#39;t particularly noteworthy."
"There is not one person on Biden&#39;s cabinet that is competent. No not one. The proof is in their performance. "
"Why would we believe anything he or anyone else in this administration says?"
"The number of questions raised by these events is astonishing:  How&#39;d the balloon get past the world&#39;s most advanced airspace security system? Why wasn&#39;t it demolished over Montana where NO ONE LIVES? Why was it allowed to meander? Why was an F-22 used? Why was a $633-thousand missile used when bullets would work fine? Why no retaliation?"
"Why haven’t we seen any evidence of the the 3 more shot down? No pictures, no debris, nothing. Could be there aren’t any? All a ploy to get your mind off the documents? Haven’t heard anything about that since the balloon."
"Not sure I trust someone who has access to a multi-trillion dollar air defense system built over decades and yet did nothing to intercept a spy balloon before citizens on the ground saw it with their naked eyes and then took a few more days after everybody was watching it before taking action.  "
"Did  they recover the missile that was lost in Lake Huron?Did they find any of the  object that was shot down on the ice?Does anyone in the White House know anything?Who is in charge in the White House and why aren&#39;t they answeringquestions?  Where is our fearless leader and great communicator? "
"Release the gun camera footage of the object. You know they have pictures to verify what was shot down.  The lib Dems are hiding things from you that hurts their Party.  Party over country. "
"America spends $700+ Billion a year on National Defense!  Why should we be having these conversations? "
"So the White House, Pentagon or any other agency will not tell us anything about these 4 incidents but Austin holds a presser to let us know that they shot nothing down the last 48 hours.  This entire administration is incompetent and never tells the truth.  "
"Thanks for keeping us safe Austin and good luck salvaging as much as possible of your reputation and self respect."
"&#34;No new &#39;objects&#39; reported in last 48 hours, Pentagon says.&#34;

Of course not, it&#39;s a weekend thing."
"Watching Austin hold a news conference is not a reassuring thing to me.  He never exudes confidence, leadership or brilliance in any setting."
"Why do I always feel so uneasy when I see this goon stand behind a podium with the title of Secretary of Defense? "
"Anybody else completely distrust our DOJ, FBI, and Pentagon?"
"This is the most inept and corrupt administration in history. I guess that&#39;s what you get when you appoint people based on their race, gender &amp; sexuality as opposed to Merit."
"And oddly enough, they expect isn’t believe that. 70% will and 30% will have a good dose of skepticism. "
"Don&#39;t believe Austin as the Pentagon has lied to American people time after time so how do you trust someone that&#39;s involved with the Joe Biden administration you don&#39;t, if you want to hear the truth listen to China they know what&#39;s going on in the U.S. "
"I’m not sure trusting the word of the Biden administration is a reasonable thing to do."
"Defense Secretary Lloyd Austin, We have been UFO clean for the last 48 hrs."
"Austin needs to resign "
"Well let’s see hot air balloons ruled out, what are the car lot balloons filled with? and how do they stand up to the extreme cold air at higher altitude?? Now they say that there may be thousands of these OBJECTS up there!!! Really interesting because if that’s true with all the telescopes  many extremely powerful ones would have to be spotting this massive amount of whatever’s up there !!!"
"&#34;We&#39;re going to do everything we can to recover debris if it&#39;s possible. That will help us learn a lot more about what these objects are,&#34; Austin said. You are GOING to do that? It&#39;s been 2 days! Why aren&#39;t you already doing that?"
"So they are going to be transparent now ? 🙄"
"Diversity hire Austin does NOT fill me with a great deal of confidence. "
"Austin has as much credibility as Biden --- NONE."
"No new objects reported doesn&#39;t necessarily mean there were no new objects."
"Nothing new reported? Doesn&#39;t mean they are not there, just means we have not reported on them."
"I love this country - I don’t trust my government much. Maybe the post office.Too woke and too prone to hiding and lying. "
"Austin is probably looking at messenger pigeons as the next possible treat. This guy is definitely on the ball."
"I bet one of the balloons had a payload of classified documents stolen by Biden when he was Vice President."
"Seems this would not be a good time to be in the hot air balloon ride business."
"I bet every time Austin or Milley speak are adversaries giggle a little."
"So we went from thousands to none.  I guess that means mission accomplished, but whose????"
"Uh huh. Sure. We&#39;ll believe that. Not."
"D.S. Austin:  Isn&#39;t that stuff floating around up there some of the equipment we left in Afghanistan?"
"This whole administration is a joke, and as a recently retired veteran, the Austin/Milley show is a huge embarrassment... total incompetence."
"No &#34;alien spacecraft&#34; reported in the last 48 hours, eh?  Guess they figured out that we weren&#39;t worth the trouble after all..."
"Yeah… the notion of “Take me to your Leader” seemed hilarious too"
"They don&#39;t know what these objects are? I&#39;m no conspiracy theorist but that&#39;s hard to accept. We don&#39;t have the surveillance capability to determine what these objects are? The government can&#39;t even give us an idea at this point. I feel like third world countries are more informative and transparent."
"I guess weather balloons are now safe."
"I guess they want Americans comforted by that..NOT..they’re not fooling anyone.."
"of course no new objects as CHINA is busy going through DATA already collected = Hellooooo?"
"1 million falsely accused in weaponizing of legal systems per year in divorce alone. Civilization is over folks. Hang on to you boots. Here we go!!!"
"How did our military get infected with these progressive liberal’s ?"
"And uh... if any are, will they be permitted to cruise the entire continent before being dealt with?  Perspiring minds wish to know."
"“Reported”? Still can’t believe anything said outa this regime. "
"Everything points to those 3 objects. being extraterrestrial. The briefing that the military gave senators. Was limited and with few answers.  And considering that they got shot down over us Canadian territory. Why yet, no recovery  of or photographs , videos being shared???"
"They haven&#39;t seen any in 48 hours - doesn&#39;t mean there aren&#39;t any.These things pose no threat - even though we don&#39;t know what they are.The U.S. is now run by children. Children who lie constantly. Thanks Democrats."
"Who is this Lloyd Austin guy?….geez.   Oh,  checked box.   "
"Plenty of unidentified objects in the Pentagon."
"Translation They stopped looking for them. &#34;Nothing to see here citizen. Carry on.&#34;"
"That’s a relief…meanwhile the invasion in our borders from illegals continues…"
"An unusual statement coming from the administration:  &#34;These balloons are difficult to identify on radar because they move so slow.&#34;What??  That is unbelievable!  I would love to see proof of that statement!"
"Hmmm, wasn’t there a guy once who said Chiiinaaaa. Was a threat?"
"&#34;<strong>No new &#39;objects&#39; reported in last 48 hours&#34;</strong><strong>Does that include the clumps from Biden&#39;s diaper exiting his pant cuffs?</strong>"
"This administration continues to amuse and baffle me. Lloyd and Garland have to read off of prepared speeches when they should be fluent in their area of expertise. Who’s calling the shots here?"
"Pentagon says that no &#39;new&#39; objects have been reported.  Just the same ones that have been spying on us for many years."
"ET says “call home” 👽"
"some how i don&#39;t feel like a celebration is in order."
"oh thank God I feel much safer now"
"Yea, we&#39;ve shot down 3 of our own balloons and we think that will show the Chinese that we mean business. "
"Biden’s MIA but that’s nothing new I guess… hiding in a basement or bunker somewhere far away from our well known missile silos….."
"when you project weakness and woke ideals...people start to test if you are still the big dog."
"<strong>Defense Secretary Lloyd Austin says government is &#39;going to do everything we can to recover debris&#39; from downed flying objects.</strong>He talks like our military is composed of a bunch of cupcakes and we have no technology to find &#34;objects&#34; that have been shot down. He is one unimpressive Defense Secretary.  If America is ever attacked, he will be the one waving the white flag of surrender!"
"AND WHY SHOULD I BELIEVE WHAT IS BEING SAID"
"The first still photo of Austin looks like he just saw a UFO and is frozen.  I say we put him and his boss on a big balloon and send it over to China just to see what their response would be to a U.S. balloon floating over Beijing."
"most worthless woke general in American history"
"Between Biden, Milley and Austin, America has some world class birdbrains at the top of the chain of command."
"I don&#39;t believe there were three other objects floating over America.  This was probably just to Biden look like a tough guy. We probably spent 2 million to make Joe look like he&#39;s doing the job. "
"Hey hey hey. It’s Fat Albert. Who knew he’d become Secretary of Defense."
"Americans can&#39;t trust anything from the Biden administration. The lies are non stop "
"Yeah like we can believe everything our government says anymore."
