"This is exactly why we haven&#39;t heard squat about these spy balloons. Gas lighting us into thinking that they adjusted there radars to see more object&#39;s is just infuriating. This administration is trying to hide their collusion with China. "
"Translation: China has agreed to buy 4 more Hunter original finger paintings."
"Kamala is just now receiving her CCP deposits in her offshore bank account.  Now is not the time to break off relations with China."
"I did not want conflict either, but after my wife went for the &#34;competition,&#34; she discovered in court that I was both conflictual and competitive at the same time. I was awarded the children,she paid child support and insurance, and the kids and I lived happily ever after. THE END"
"She should never talk to the public."
"I agree. We shouldn&#39;t let an adversary gathering intelligence over our country in preparation for an invasion effect our relationship."
"Harris went on to say, &#34;When we speak about China, we&#39;re speaking about China. And when we speak to China, we are speaking to the Chinese. This incident hasn&#39;t changed our position.&#34;"
"Obviously it will not affect their relationships. They own Joe. "
"<em>&#34;shouldn’t impact relations with China&#34;</em>We shouldn&#39;t even HAVE relations with China."
"Yet another reason why this person is unfit for office."
"We are more concerned about the decisions and actions of a nursing home resident and a woman with child like behavior, than we are about aliens."
"Because of Kamala’s poor communication skills and weak leadership skills, she is the reason why Biden won’t ever get impeached."
"<strong>The troubling reason why Biden is so soft on China</strong>—Peter Schweizer, New York Post, May 11, 2020In 2013, then-Vice President Joe Biden and his son Hunter Biden flew aboard Air Force Two to China.Less than two weeks later, Hunter Biden’s firm inked a $1 billion private equity deal with a subsidiary of the Chinese government’s Bank of China. The deal was later expanded to $1.5 billion.In short, the Chinese government funded a business that it co-owned along with the son of a sitting vice president.If it sounds shocking that a vice president would shape US-China policy as his son — who has scant experience in private equity — clinched a coveted billion-dollar deal with an arm of the Chinese government, that’s because it is. ...”Without the aid of subpoena power, here’s what we know:The businesses of Hunter Biden and his partners created a series of LLCs involved in multibillion-dollar private equity deals with companies owned by the Chinese government.The centerpiece of these deals is Rosemont Seneca Partners, an investment firm controlled by Hunter Biden and his associates: Chris Heinz, who is John Kerry’s stepson, and Heinz’s longtime associate Devon Archer [currently in prison].   The trio founded Rosemont Seneca in 2009 and quickly began making deals through a series of overlapping entities under the Rosemont name....”Less than a year after opening Rosemont Seneca’s doors, Hunter Biden and Archer were in China meeting with top Chinese officials.”"
"Kamala sez..............  Our relations with China have been great ever since the days when Hunter took charge of them."
"Who doesn’t love a nice red Chinese balloon, right? Can you raise your hand if you love a nice red Chinese balloon? <em>(cackling</em>) Many of us saw and maybe even had a nice red balloon when we went to school and maybe some of us had a Chinese friend who gave us a balloon, right? (<em>significant cackling</em>) It’s part of our experience growing up. It’s part of a nostalgia, a memory of the excitement and joy of seeing or having nice red balloons, These nice red Chinese balloons take us there, don&#39;t they?? (<em>uncontrollable cackling, requiring deactivation of mic</em>)"
"AHHHHH YESSSSSS, THE old liberal strategy of PEACE through weakness.  It works.......  NEVER.  "
"Kamala , what balloons ? Joe where’s the ice cream ? Kamala I want a balloon. Joe I want ice cream. Dr j we will go for ice cream and balloons later as soon as Doug and I are finished making the bed. "
"I wonder what China would have to do for Harris to believe relations should be affected.  Between she and Joe, the combined IQ might approach 90.  "
"With statements like that, I guess I am grateful she doesn&#39;t do much. "
"Sure let them spy all they want.   She must have some Chinese stocks in her portfolio. "
"&#34;I don&#39;t think the American people need to be worried about aliens. Period,&#34; Kirby said.&#34;Well, maybe the ones on the southern border....right?"
"Was she laughing, when she said that ?"
"Translation: Wait I minute I haven’t cashed all my chicom checks yet. "
"The &#34;China connection&#34; that is our WH, this administration and the Biden family continues as they bring in the VP as one of &#34;their own&#34;..     First question to our &#34;esteemed&#34; VP is how could the spy fly over US territory &#34;not impact&#34; relations with China; "
"And this is what could be the president if senile slow Joe fades into the basement? God help us. Something has got to happen to save our country and our future. Divine intervention. "
"This article could have been condensed into the following ... VP Harris said &#34; I don&#39;t Think&#34;. "
"This is simply too ignorant to let stand.  VP Harris simply does not understand the Chinese threat to the USA.  I wonder if she ever visited China?  Clueless is simply not a strong enough word.  So very sad and disappointing that USA has &#34;Leaders&#34; like this."
"Kamala said &#34; china is a place where Chinese live. If they lived in Japan, they would not be Chinese. In fact, many Chinese live in china. Am I clear on this?&#34;"
"Is she aware the only relations to China are the Biden family&#39;s?"
"<em>&#34;VP Harris says&#34;</em>Well, there&#39;s the problem."
"Conflict is here, whether she or Biden likes it. Let&#39;s just hope these two bumbling jack wagons can figure out how to keep it from becoming armed or nuclear conflict. 2 years and some change. 2 years and some change is how long its been and they&#39;ve already botched this much up."
"Another one bought and paid for by Xi"
"And this is what is a heartbeat away from the presidency.God help us."
"6 months from new she will be our leader. be afraid, be very afraid."
"This woman checked a few boxes. Got a job she is not qualified to hold.. Another fraud on display. No qualifications. No skills. No merit. She is plainly over-matched and lost. Get her outta there."
"Harris continues to show why she is a democrat in good standing. Her lack of intelligence is right up there with the vegetable. "
"&#34;I don&#39;t think the American people need to be worried about aliens. Period,&#34; Kirby said during the briefing.

This is turning into a distraction to keep us from seeing any reporting on the Illegals pouring into the country from southern AND northern borders"
"Biden is the weakest president this country has ever had. The world is watching and other leaders are going to start testing his boundaries as well.  Putting partisanship aside I would welcome any other democrat in his place. We can’t do worse.Under Biden, it now costs me $100 to fill up my tank, $3000/month to rent my apartment (not even in a nice area), and my grocery bill is eating away at my savings. Very few things are still affordable - Car insurance ($23 per month from Insurance Panda), my electric bill ($22/month thanks to Solar Melon), and gym ($15/month from Planet Fitness).  But I’m sure those will go up too. Even crime and murder rates are through the roof.Joe Biden has been on the wrong end of almost every important decision and or event in his 50 years of destruction as a public servant."
"I think Joe has had to cut her in on his percentage."
"Nah everything is cool with china, always has been. Brandon &amp; Kamala have it under control. As long as they keep receiving their checks it’s all good.  Unfortunately for us our country has been pilfered by this administration that of a war does start we are already In Trouble.   "
"China is ramping up for CONFLICT while Kamala is trying to solve a puzzle with AOC."
"well, if it doesn&#39;t, it should!"
"She said we should work toward improving  our relations while there really could be better if we worked at improving  them as we all recognize  that improved relationships are better and improved. Oh never mind!"
"They are not UFOs because UFOs are unidentified. We know these are UFOs so therefore they are UFOs. Thus we conclude that these UFOs are indeed UFOs.  

Kamala"
"If Kamala Harris says it is all good with China, we should all feel reassured, should not we?  May be she should be appointed to address the &#34;root causes&#34; of all these Chinese spy balloons."
"Kamala shouldn&#39;t have relations with anyone. "
"She is VP because of her skill or talent? Or is there another reason she was chosen as VP? "
"Golden knee pad award."
"Well,it does make relations with China clearer as well as China’s open door to the basement."
"&#34;&#34;China&#39;s decision to send surveillance craft into U.S. airspace should not impact America&#39;s relations with the country, Vice President Kamala Harris said Tuesday.&#34;&#34;Right! Never consider any country violating your sovereignty as anything of importance! Try selling that to those who live in Poland in the late 30&#39;s.More ignorance from a member of history&#39;s greatest incompetent American administration! Even the Carter administration was not as incompetent as Biden&#39;s."
"proof of our Whitehouse collusion with China. impeach the administration "
"When they do a &#34;Clueless&#34; reboot, Kamala should be the star."
"Just stop reading any story that has a Harris quote.  You will be better off. "
"But, in 2019, Biden said China is NOT our competition. More double talk from the worst administration ever. They are OWNED by China."
"Trump: Speak loudly and carry a big stickHarris: Speak incoherently and give me your stick."
"What’s a little spying on us , they paid joe and Kamala for the privilege. "
"Another brilliant morsel of wisdom"
"That&#39;s right, cackles. A blatant, deliberate invasion of our air space and violation of our sovereignty should never affect relationships with the offending country - especially if it&#39;s China! What an empty head."
"You have to ask yourself the only valid  question: If Ms. Harris and our glorious leader were suddenly hit by a truck, hit by a falling chinese balloon, shot, or whisked away by aliens, would we notice a bump in the day to day dynamics of running this country"
"Harris hasn’t said a coherent thing since getting in office, why is FOX giving her any air time whatsoever?"
"Smoke Alert!  Willie&#39;s Plaything, is blowing smoke again. The Biden Administration needs China to retract and to close down to US inquiries. Create an atmosphere of cold war suspicions to all the Evidence against him and his son. Just like they did to Trump with Russia. Trump had discovered the Moscow to DNC pipeline. Routed through John Kerry and Iran and Hunter in Ukraine.They will kill all your children so Hunter will not be embarrassed."
"&#34;The US is a big country in the west. China is an even bigger country...&#34; - Kamala Harris"
"Why is the most underqualified Vice President in history making comments on something she has no clue about."
"She would say the same if China took over Hawaii using their balloon armada."
"The only country that upsets Biden and Harris is America. "
"she also says pull the string and the cow goes moo."
"Yep, that’s what’s important… what China thinks! GADS!"
"Leadership abilities- NONE!"
"You can&#39;t hold this person accountable for anything she says. Even therapy and a brain transplant won&#39;t help"
"Harris needs to just sit there and be quiet!!"
"Give new meaning to being &#34;number 2&#34; in line as the Commander in Chief!  She is full of it!"
"From the mouth of the Border Czar who  says our Borders are safe and secure. She is a ridiculously terrible con. "
"Why would she fight her controllers?"
"And the border is secure."
"Dangerously clueless."
"I don’t think she can put anyone at ease. It’s like uncle Eddie giving assurances "
"Well, if it comes out of VP Token, it can go directly into the trash."
"Sometimes you don&#39;t have to look for conflict, it comes to you. And you better be ready.I remember growing up I was told, you don&#39;t start a fight but you better be ready to finish one. "
"Yeah, relations are as bad as they ever were."
"get your knees in shape Harris, China is a heavily populated country."
"Yeah, relations are as bad as they ever were."
"get your knees in shape Harris, China is a heavily populated country."
"Brilliant.  "
"If spying on us doesnt change relations, what does?  China must have so much on Biden that he is quaking in his boots."
"Giggles is a real air-head. What an embarrassment out VP is. "
"keep your sentences short, and meaningless...now, get your heels up :/"
"Kamala is like a victim of domestic violence.  It is like saying, after your spouse smacks you around, it will not affect the relationship."
"She does give credibility to KJP for saying that Biden is the best communicator in the administration every time she opens her mouth."
"could there be anymore of an inept tool for a VP.."
"Help me out here! Everything that is imported from China could be tariffed to make up for the billions we are spending and will spend to stop their spy balloons. "
"Bawwwww He hawwww! Giggle! Got my heels up over my head a little bit."
"Right , it shouldn&#39;t impact relations because her and brain dead Biden are making too much money. "
"So what are we supposed to do Kamala let as many spy balloons from China fly over the US as they want too."
"God, she&#39;s dense.  Scary that she&#39;s next in line after Biden."
"I had very little respect for Dan Crenshaw anymore.  Now I have zero.  "
"She says she likes school buses. Presumably she rode the short bus."
"balloons will come and go
balloons will balloon
balloons will fly near the moon"
"I guess we are supposed to forgive China for invading our air space.  When I was a girl scout, we used to sing this little song. &#34;make new friends but keep the old, one is silver and the other is CHINESE !!!!!!!!"
"Gee, China doesn&#39;t control the Biden Administration...no."
"I get confused.  Is our national vegetable Joe or Kamala?"
"What&#39;s that old saying?  Oh yeh...&#34;having your head in the clouds&#34;.  Apparently, Kamala Harris&#39;s head is still like 60,000 feet up.  She has no clue and hasn&#39;t from day #1.   "
"Kamala also wants the Oval Office.  THAT&#39;S NOT GONNA HAPPEN EITHER."
"She doesn&#39;t like the fact that all money goes to Hunter.  "
"She  loves balloons, cackle, cackle cackle . . . . I know right.  Yellow balloons cackle, cackle cackle.  Someday we will see the craters on the moon with out own eyes, flying from a yellow balloon!"
"If it flew over Mexico she would be livid Giggles the laughing Hyenas is a joke even France laughs at us!   "
"Her message bought and payed for by CCP"
"Biden wants to keep getting his 10%."
"Thanks Kamala we feel so much better hearing this from someone who would have a tough time showing us where China is on a map"
"Ah, Joe&#39;s faithful parrot: &#34;That&#39;s what how told me to say. That&#39;s what Joe told me to say.&#34;  The Dems actually found someone worse than Joe, and made her VP."
"She just says something every few weeks, just enough to garner a paycheck."
"Isn’t mattress back scheduled to make any intelligent statements before the next election?"
"Give her the job of finding out what the core issues with China are!!!  That will do it!!!!"
"The &#34;Big Guy&#34; gets 10%.  How much does the &#34;Little Girl&#34; get, 5%? "
"But I just literally read a article, about China gearing up for countermeasures..."
"Of course not, we wouldn&#39;t want their kickbacks to stop"
"Vice President Harris is Biden’s worst blunder!"
"What qualifications does she have to make such statements? Sleeping with Willie Brown shouldn&#39;t be on her resume."
"Really, Kam? They’re threatening us. "
"does she even know where China is located? "
"What flies higher?  Joe’s Wuhan balloon, or Kamala’s heels. "
"Xi to Biden:  &#34; It&#39;s my balloon and you pop it!... If you don&#39;t apologize, I&#39;m not going to play with you no more&#34;"
"Wrong again Mrs Vice President.  I don&#39;t want competition with them.  I don&#39;t want anything Chinese.  "
"Is that Kamala speak for China shouldn&#39;t stop sending $$$$ to American politiians?"
"Why is she still talking?"
"Did I just hear a comic drum roll?"
"&#34;&#34;China&#39;s decision to send surveillance craft into U.S. airspace should not impact America&#39;s relations with the country, Vice President Kamala Harris said Tuesday.&#34;&#34;Right!  Never consider any country violating your sovereignty as anything of importance!  Try selling that to those who live in Poland in the late 30&#39;s. More ignorance from a member of history&#39;s greatest incompetent American administration!   Even the Carter administration was not as incompetent as Biden&#39;s. "
"Kamala is about as usefull as Alec Baldwin with a gun. "
"....but it will"
"Shot down one Chinese balloon and three more UFOs appeared. Old Joey is trying to find what they are and attempt fruitlessly to find any debris.  It seems that aliens discovered a way to tease old Joey.  "
"How does she feel about peeping Toms? Although a disgusting thought can we send cameras into her house to watch and record everything going on there?"
"Social communist ideas, this is what they want you to believe."
"Kamala what exactly are your qualifications to make these statements. Border CzarLOL"
"No of course not, China is absolutely thrilled with the shooting!!!!"
"this revelation came to her while doing her willie brown position, on her back with her heels up !!!"
"When Harris gets her script from her minions, I wonder if she knows when she is to be virtue signal lying, and just lying per usual."
"This country has two corrupt people in the executive branch.  Biden and his adminstartion are owned by the Chinese and do their bidding."
"Kackle Kackle Kackle. Not a WORLD leader. Who cares what she says.., "
"I was going to say something and I forgot what I was going to say"
"Missy kneepads should concentrate on the border, before pontificating on matters beyond her realm"
"china watches Harris and must laugh hysterically "
"what ?"
"You are all right - we should start a war with China today!"
"Harris opens her mouth and inserts foot. 😂🤣"
"Want in one hand and wish in the other Coremella they hate US."
"Nuts remains nuts."
"I don&#39;t know why anybody cares about what she has to say.
我不知道为什么有人关心她必须说的话。"
"OMG! Between Biden and Harris, I&#39;m not sure who is more brain dead. Neither of them should be in office - let alone as P and VP. SMH..."
"Another do-nothing, know nothing political comment from an inept VP! "
"The Hyena has spoken...nonsense as usual..."
"Gosh, this admin becoming more inept and clueless by the hours"
"OMG! Between Biden and Harris, I&#39;m not sure who is more brain dead. Neither of them should be in office - let alone as P and VP. SMH..."
"Another do-nothing, know nothing political comment from an inept VP! "
"The Hyena has spoken...nonsense as usual..."
"Gosh, this admin becoming more inept and clueless by the hours"
