"What was that the main stream media was crowing about after the election? &#34;We&#39;re going to have adults in charge again.&#34; Well, how&#39;s that working out? Not well from my vantage point, and that includes on everything from the economy, inflation, energy prices, the border, we are now at war with Russia, China war coming soon, and well, it&#39;s a long list."
"Remember this in 2024.

What&#39;s right is right and 
what&#39;s left is wrong. "
"If there were previous balloons under trump and he wasn’t told about them, then those that knew of its existence should be tried for treason "
"Every decision Biden makes is based on the political impact. This is what happens when you have these career politicians. They percieve their job not to serve their constituants but to get reelected."
"We need a full investigation of who knew and who kept sensitive information from our president. "
"Not only did he not care until the public found out, but his strategy to cover it is always the same:  lie.  Imagine his excuse being, &#39;Hey they did it while Trump was in office&#39;.  Trump would have had that thing down and parts of it hanging off Xi&#39;s neck in a NY minute."
"&#34;So they know about the balloons?&#34; Yes Mr President. &#34;Okay tell them Trump had balloons too&#34; "
"Its not that Biden didn&#39;t care, its he didn&#39;t want anyone to know. Biden administration is one long cover up"
"Biden - Unqualified  &amp; Placed. 
Our most important American Issue Today is Election Integrity....."
"Joe is comprised and sold us out to china. There is no other explanation for why this happened and how he let it cross our country without any explanation whatsoever. "
"Would you want to make your money source mad? Biden and his son are on China’s payroll!"
"Between what Biden isn&#39;t telling us--and what the thoroughly Chinese-penetrated and compromised intelligence and defense communities aren&#39;t even telling Biden-- the Chinese are going to rule the 21st century without America offering up any more than faint resistance. This is the way the world ends, not with a bang, but a whimper."
"I agree with Mast. Biden is so corrupt that he cares about little but himself. He makes conciliatory statements when he gets found out, but then goes back to being his unprincipled self again. He&#39;s the political Ying to Soros&#39; Yang, I think it makes them both happy, but still losers just the same."
"Brandon - The only President in US History, who knew about a China Spy balloon, and just let it fly around the country and smiled and waved as it went by. 🙄🤦‍♂️"
"They tried to tell Joe but couldn’t find him, he was either in one of his many homes, getting an ice cream or was busy hiding documents they haven’t found yet that he promised to give hunter."
"Guess they can&#39;t use email right now while both Joe and Hunter are under investigation.  &#34;The Bidens have <a href=""https://www.foxnews.com/politics/biden-hunter-presidential-history-first-father-son-duo-separate-investigations"" target=""_blank"" rel=""noopener"">made presidential history</a> for being the first father-son duo to be simultaneously - but separately - under federal investigation. &#34;"
"Well... if they knew about the balloon long before we were informed by the good people of Montana, and Blinken only shut down his trip the day before he was supposed to ship out, then it&#39;s clear that the Biden regime did not care."
"Just like bidens secret documents, he’s been allowing china spy balloons since he first stole the election. "
"China Spy Balloons over the USA. Biden knew. It was planned. It didn&#39;t happen on President Trump&#39;s watch - Biden did it. Biden lies. About everything. Of course. Biden stole 2500 cartons of documents and 450 gigs. He made a contract that says they won’t be released to the public until no sooner that 2 years after he is out of office. This is void ab initio. And, also, why is he getting away with all this? Biden arranged for the China Spy Balloons to distract you from his other crimes. And, the DOJ, the FBI and Congress are good with that."
"How ironic that it was a civilian photographer that precipitated the disclosure of the balloon and not the administration. There is no one in charge in this administration. The Chinese know it, 70% of the American public knows it. Apparently, the core of the Democrats party is coming around to that point of view. The real question is: What took the Democrats so long?"
"<strong>Biden didn&#39;t care about China&#39;s spy flight over US. The reason he did not care was because it would compromise his personal business relationships with China.</strong>"
"Balloon was apparently first detected over Alaska.  Only days after the public found out about it, over Montana, did Biden say/do anything.  Really sad."
"Seems to me like our FAA radar facilities around the country would have picked up the balloon while monitoring air traffic -- unless the balloon and equipment were made of some radar stealth material which I highly doubt.So, what were radar operators told to say and do?Can someone with more radar experience share their thoughts?"
"open the gates and bring that big wooden horse on in!"
"Clearly show Biden is working for China "
"The US and other countries need to start holding China responsible for their antics. We need to at least cut trade with them by 75% and take on a police of equal trade, if we but $10m in items from countries, they need to buy an equal amount from us. "
"Why did the military keep this information from Biden from the first contact on 1/28 until last Wednesday? Does this tell us the military is actually in charge? Whoever held this info from the Commander in Chief should be fired immediately. Let’s Go Brandon!"
"🤔 do ya think it’s because he is compromised. "
"I have a family member who is a flight controller and they knew from the get-go. The government was tracking it. If it hadn&#39;t been for that one fella who saw it and let &#34;the cat out of the bag&#34; ol&#39; Biden and his wimpy generals would have done not a darn thing!! "
"Joe has his title and as many ice cream cones as he wants. It’s all drama at this stage of his life for him anyway. Your kids should be very wary about him becoming their commander in chief. "
"Bidumb doesn&#39;t care about anything but his 10% and getting more hair plugs."
"China OWNS Biden, so his underlings know to bury evidence of Chinese espionage.Not the first time an American President was owned by those who&#39;d bring us down..."
"This was a test of Biden
How fast did they identified? What did Joe do initially, his cognitive abilities, did he just dismiss and give to someone else to take care of? Took over a week and after they were all done collecting info from all our bases Joe destroyed
Failed. China now knows if they attack Tiawan Joe won&#39;t do anything until it is all over"
"We had Tokyo Rose during WWII.  No we have Beijing Joe."
"It has been reported that these balloons have flown over America in trumps administration as well. It was also reported that he was not informed.  Let that sink in for a second.  The only explanation is that our military as well as our intelligence agencies are infiltrated.  It most likely also means that this was acceptable under the Obama administration.  The real republicans need to get a handle on this before it becomes kinetic warfare.  Maybe that is what we need.  Win or lose it’s time to get after it."
"Biden was told, It took him 4 days to remember"
"The balloon had already transmitted crucial data back to China before Biden and Company shot it down. The American people may be a little, but not as slow as Old Sourpuss Joe Biden."
"He still doesn&#39;t care, just to be clear"
"So true because he’s in business with China."
"That&#39;s assuming Joe even knew about the balloon.  He was incognito in &#34;Hobo&#34; Beach for his customary 4-day weekend."
"GOP lawmakers should all have helium balloons at the State of the Union speech tonight and release them during Uncle Joe’s rambling address."
"He is just the tip of the iceberg. "
"President Biden and his son are the greatest Chinese infiltrators. Who needs a spy balloon when you have these two in the back pocket of china. "
"Pudding time Joe…and there are balloons outside. Joe: ‘tapioca or chocolate today?’"
"All America wants to know is when is joe and kamala going to get impeached?  The sooner the bettter. "
"the balloon was heading to Biden&#39;s house for more documents"
"Which begs the question:  what else don&#39;t we know?"
"We are already building another one for China with taxpayer money."
"Biden know that the Chinese have already been able to buy all of the details they need about the US defense locations. Maybe 10% of the purchase price was held back until the Chinese could verify the data through various means. "
"That is because China knows what it paid for when it bought Joe Biden!"
"I don&#39;t believe for 1 second that biden didn&#39;t know. and what did he do? immediately started claiming china flew 3 over us when Trump was president. he really knows how to pass the buck"
"Lloyd and Mark would have told him when they first found out, but they were attending a CRT and DEI seminar in China."
"Biden let China gather all the information on our nuclear operations that they needed the damage was done! Payment was made to the Big Guy by Being "
"<a href=""https://www.foxnews.com/politics/spy-balloon-likely-sent-extensive-intelligence-to-china-experts-say"" target=""_blank"" rel=""noopener"">The Pentagon said</a> Thursday it &#34;acted immediately to protect against the collection of sensitive information&#34; from the balloon.Any explanation of how? This balloon floated roughly 7,000 miles across both the US and Canada, so how did you &#34;act immediately&#34; to impeded data transmissions from a spy platform 12 miles in the air? Are we supposed to believe that any capability to do so even exists?"
"Ladies and gentlemen.  We are witnessing the most INEPT and WEAKEST administration in our lifetimes.  Right here.  Right now."
"They could have punctured the balloon with aircraft fire over Alaska and had it slowly setttle down to the ground in a single piece instead of blowing it to H and back all over the ocean floor.. They would have stopped it from gathering information.. Whoever is responsible for allowing it to traverse the entire  country should be tried for treason.."
"Should have been shot down the minute it crossed our air space in Alaska. God I wish we had a real president."
"Didn&#39;t want to try to salvage in one piece also. A few bullet holes and would have floated down like a feather. Incompetence at it&#39;s finest!!!"
"Biden is owned by China, and they already paid him reporations."
"Biden is in the back pocket of the CCP.
Nothing he is doing is good for America. "
"China had to send a balloon because Joey&#39;s secret document pipeline is momentarily too hot to use right now."
"Someone should be held accountable for treason. Our government knew this and did nothing!  Sleepy Joe should be held accountable for this and fire all the people involved!   (but that will  never happen)"
"Brandon is worthless. "
"If the balloon was releasing a bioweapon into the air, we will find out in a couple of weeks when there is a major outbreak of some new contagion."
"I wonder what other things the Biden administration isn&#39;t telling the American people that we should be aware of.I bet Biden didn&#39;t know about it until he listened to Fox News."
"When Joe Biden was Vice-President, his son Hunter used that influence to broker lucrative deals with the Chinese to purchase cobalt mines in the African Congo, which contains the richest deposits of cobalt in the world.... you know, &#34;10% for the &#39;Big Guy&#39;&#34;.... Cobalt is a rare-Earth metal, a key component in lithium-ion batteries which power things like electric cars and phones. When Biden took office in 2021, he immediately did two things: First, he put a 20-year moratorium on all cobalt mining in the US, and then began a massive push to force everyone into electric cars. It&#39;s a very easy series of dots to connect, of money to follow. This is the Teapot Dome Scandal all over again, but things are so corrupt now, it doesn&#39;t matter anymore. The FBI/DOJ know all this but won&#39;t do squat, because they&#39;ve become political terror agencies for the Democrat Party."
"Biden probably knew about it before it happened.  Just got another 10 for the Big Guy."
"Tiktok should have been banned long ago. Ban Biden too."
"Looks like some people at the CIA trying to cover for Biden"
"Duh. I’m surprised he didn’t try to convince us it was ours. "
"Joe did not want to damage his business partners assets. "
"Remember when America was Constantly barraged with Trumps cahoots with China And Russia ?Ahh yes , Good times."
"The country has a rogue government working plain and simple! "
"Biden gives China resource, food and mining rights. Allowed a China spy balloon to travel unopposed over the United States. Biden removed us from Afghanistan, China now is in Afghanistan. Ever play Clue?"
"Come on man, China was paying Hunter $10,000.00 a mile.  That&#39;s why Joe waited until it crossed the entire country.  Biden wanted his 10% to be large, very large. "
"They were just checking if the TOP SECRET papers from Joe&#39;s garage matched what they saw with the camera at 50,000 feet... a little comparative analysis so to speak..."
"So Biden claims the Pentagon didn&#39;t tell him about the balloon until it was over Montana ,heads should roll, almost as bad as Milley calling the Chinese telling   that they won&#39;t attack"
"And the sleeping liberals will finally realize we need to be armed, they will wish they were too.  "
"After passing the sensitive military sites in Montana, the balloon was moving southeastward over the heartland of the central United States during the day and was expected to remain in U.S. airspace for several days, officials said."
"Our President is comprised "
"Our President is comprised "
"And we&#39;ll know Congress cares when they impeach B&amp;H. This rises to that level."
"“He believes” is how this article starts. F your feelings and your beliefs, there are not facts.  "
"Will the big guy get his 10 % for the flyover?"
"I&#39;m surprised the Chinese aren&#39;t claiming they were using that balloon to do aerial surveys of all the land they&#39;ve recently been buying in that part of the country."
"Exactly!!   They saw it over Alaska move to Canada down to Montana-all areas sparsely populated and could have been shot down then.  They did nothing.Then after watching it go through Montana, the Dakotas and Nebraska, they announce they don&#39;t want to shoot it down over populated areas so they will wait.  Of course the next &#39;unpopulated&#39; area is the Atlantic Ocean so they allow it to fly over all sorts of military and civilian installations and gather all the information China can get before it is shot down and plummets straight do wn to the sea.  I expect the next announcement to be that there wasn&#39;t really any info they could get from the pieces they found in the ocean. "
"The only reason Biden let this balloon go for 8 days over our country was to change the news cycle from his documents and dead beat son to this."
"Biden works for China. Many Democrats do the same. "
"I&#39;m really starting to wonder if Biden scheduled a press conference in which he signed over US sovereignty to China if anyone would do anything to stop it or if there would even be news coverage of it.  It&#39;s like treason is just the thing all the cool kids are doing in DC."
"This is treason against the American people at its highest level. Proof positive we have been sold out to China. This balloon spy or not should have been dropped before it crossed over to American soil. Would we let a Russian bomber fly over our soil?! Kenya aka dementia joe would say yes. "
"If you had the money going into Joe&#39;s family&#39;s bank accounts from China you wouldn&#39;t care either, your president Joe Biden is a sellout to China and if Americans can&#39;t see that well then when China takes over the USA maybe then you will realize the Biden administration is funded by a terrorist organization."
"He cared enough to get his 10%"
"If civilians hadn&#39;t spotted that balloon, Joe would have done nothing. "
"Well that paycheck won&#39;t be coming any longer. What&#39;s he and his son going to do?"
"It took one of us from Montana to spot and report on it exposing Biden’s incompetence."
"Very believable "
"“The idea that Communist China has a spy balloon headed towards Whiteman Air Force Base in Missouri right now — the home of the Stealth Bomber — is absolutely unbelievable,” said Sen. Eric Schmitt, R-Mo. “No American should accept this. I don’t.”"
"Biden is bought and paid for by China."
"That is no small balloon and the Chinese knew exactly what they were doing by launching this balloon into the jet stream! Don&#39;t worry, Biden is best friends with the Chinese!"
"DO NOT BY MADE IN CHINA!!!!!!! Do YOUR part, please!!!!!!!!!!"
"If this wasn&#39;t spotted, nothing would have been said, the Liberal Socialist Democrats are<strong><em> </em></strong>the party of Obstruction, Misleading Information, Smoke Screens, Fabrication, Lies, Collusion, and Corruption)."
"But it was just a weather balloon!  China said so."
"Biden is more compromised than the Kardashians undergarments. "
"Worst President in American History.  Good job Dems destroying the country.. "
"Of course, not he and Hunter wore paid off buy the Chinese there both so corupt they need to be prosecuted "
"&#34;What is the purpose of NORAD?The North American Aerospace Defense Command (NORAD) is a binational military command responsible for <strong>aerospace warning, aerospace control, and maritime warning</strong>. As a binational command, <strong>the NORAD Commander is appointed by and responsible to the Heads of Government of both Canada and the United States (US).</strong>So does this mean that <strong>BOTH the Trudeau and biden administrations</strong> totally missed noticing the chinese<em> weather</em> balloon entering our airspace<strong>How can that be possible?</strong>"
"It is all about our power grid.  If China were to attack, it would be power grids.  They would be foolish any other way."
"Whoops! Nobody was supposed to notice, were they Joe?? "
"That&#39;s the Corn Pop we know.Biden knew, the balloon flew...."
"They knew it was coming and ignored it or allowed it?When it was discovered by civilians, the Schiff hit the fan.Now it&#39;s &#34;well under Trump ... They flew undetected over the US&#34;.... Undetected but they knew that they flew over the US?"
"A quid pro quo shopping spree to the Chinese to pay them back for Hunter’s.     We need to make “Biden “ a verb.     Biden, verb, to compromise a sacred oath while pretending to be simply incompetent.    "
"Biden only cares about his 10%."
"Being reported by the NSA that the spy balloon was packed full of explosives so it could be destroyed remotely. I think all weather balloons have that capability. What a disgrace this administration is."
"did the big guy get his check for allowing the Spy Flight ☺️"
"As a native Montanan, I just have to say, we are not called BIG SKY COUNTRY for nothing. 🤭 "
"i don&#39;t think &#39;security&#39; told him or the WH until they were forced to.and i really do not like xijoe."
"China owns biden after what they did for him in 2020."
"China gate, China gate, China gate!"
"IMPEACH BIDEN NOW"
"The CCP has bought and paid for Joey 10 Points and his Crime Family. Why would Biden rock the &#34;balloon&#34; as it were. Can&#39;t put the grift in jeopardy."
"China owns Biden "
"Over the past weekend a press reporter asked Kamala Harris what she thought of red China, after they were caught with their satellite spying on us.

Her response:  it looks good on a white tablecloth.





"
"Biden didn&#39;t know about it until until the rest of us did. "
"Biden, unlike Trump, trusted his military advisors and followed their recommendations.On the other hand, Trump wasn&#39;t even AWARE of three incursions."
"Susan Rice said Biden didn&#39;t need to know."
"Bidumb is up to his eyeballs in corruption with China."
"China owns 1.9 billion acres of farmland in the US.  Say hello to your niebors!! 

BIDEN IS SELLING US OUT TO CHINA!!!

"
"Remove this COMMUNIST from office. "
"Potato Head and his Democratic Socialist Party just can&#39;t get a break.  "
"<strong>Not a single article on Fox News that criticizes China but lots of stories condemning the USA.  What country does Fox News answer to because it is not the USA?</strong>"
"Biden didn&#39;t care about China&#39;s spy flight over US until Americans found out, says GOP lawmakerHey as long as Hunter and the big guy were getting their 10% from China, why upset the gravy train?"
"Biden cares about nothing!His only concern is defending himself and his son from corruption charges!The corrupter of family and government for 5 decades! "
"Manchuruan candidate. Did Xi promise to let you live when he comes in with 300m troops Joe."
"Absolutely right. Dementia patient Joe and this administration don&#39;t care about the safety of America and the American law abiding citizensWhen they get caught with their pants down. It&#39;s  Trump. Trump Trump. Or systemic something or other Worst president and administration in our history has done nothing for America or the American law abiding citizens"
" Biden (not my president) is on the Chinese payroll. Ray Charles can see that! He thinks in his little tiny brain that he is king. Not an elected official. "
"Biden was counting on getting tons of air miles on China Airlines He cashes them in for 10% "
"Of course Biden didn’t care … he’s  and his Drag Show performers (Austin and Milley) are being paid by China … traitors all of them"
"there are always balloons at a clown show."
"Joe is the mastermind behind Hunter&#39;s wealth! He is also guilty of stealing documents with the intent of enabling his son."
"Honestly, these two years with this senile old man as our &#39;leader&#39; has made me think one of two things when it comes to his policies with China: 1. He is afraid of them...as shown yet again by another example on how long he sat on the spy balloon incident when any strong president (Reagan, Trump, for example...at least I hope so) would not have hesitated to shoot it down once it entered US airspace. Or 2. He&#39;s in collusion with the Chinese...and since he&#39;s the representative of the leftists Democratics then, de facto, so are they. One way the other, he needs to go. And seriously...we can&#39;t wait until November 2024. He needs to go now."
"Biden just flat doesn&#39;t care about America and that goes for his entire administration. GET HIM OUTTA THERE1"
"Is it any surprise... Joe is lost in the headlights! "
"Somewhere along the line, somebody committed treason.  Find out who."
"<strong>Senators on Feb. 15</strong> will receive a classified briefing on the Chinese balloon that was shot down by the U.S. military.Cover up, again. "
"Most likely true!"
"The Biden’s I’m sure have been compensated well from China to let this happen!!!"
"Biden is out to destroy America "
"well of course he didn&#39;t care ...it&#39;s was too close to teletubbies air time "
"What a contrast in presidents. In October 1962, President  Kennedy goes on national TV announcing that U2 spy plane flights over Cuba found evidence of offensive missiles, 90 miles from the continental U.S. In 2023, a Chinese &#34;spy&#34; balloon flies over most of the United States and President Biden does virtually nothing about it and stays quiet, doesn&#39;t go on national TV only saying something when the news media gets wind of it flying over Montana."
"It was in US airspace for five days before the Montana sighting. They saw it off the westernmost coast of Alaska on January 28.  This guy is THE biggest threat to Americans. Yeah Dems and trolls .. you&#39;re in that group too unfortunately "
"Biden knew about it before that.  Xi told him in advance.  Xi is pulling Biden&#39;s leash."
"Biden&#39;s Chinese master probably told him to not down the balloon until it finished gathering data and transferred it to the CCP. Then the balloon is useless after that.    "
"🇺🇸🇺🇸 THE VEGETABLE 🥦 AND CHIEF THOUGHT THE SPY BALLOON 💭 WAS “ CHARLIE BROWNS GREAT PUMPKIN 🎃 “ ….RETURNING HOME. 🇺🇸🇺🇸🇺🇸🇺🇸🇺🇸🇺🇸🇺🇸"
"lol  The undetected balloons now the detected balloons by the big guys 10% take from all the wonderful enemies of the USA"
"If military and intelligent agency knew about this before it got to the mainland someone needs to be fired.  If they didn&#39;t know about it until it got to the mainland someone needs to be fired."
"I bet you nobody gets fired....except Biden in 2024"
"Shocker...nothing on Fox about the 3 Balloons that flew over during the Orange Kings reign....how odd."
"Biden needs to be removed by whatever means necessary."
"Biden was notified that the balloon was over Eastern Alaska on 1/28. The same day that the balloons communications were jammed.  After that it was just a balloon."
"He probably got some money from China to keep quiet. "
"Biden was notified that the balloon was over Eastern Alaska on 1/28. The same day that the balloons communications were jammed.  After that it was just a balloon."
"That&#39;s probably one of several balloons that are travelling over the United States. These aren&#39;t billion-dollar planes."
"Precisely. "
"And now that we know about it, what is he going to do....NOTHING! Xi told him that they was going to do it and there was nothing he could do to stop them. Xi called him as soon as it was off the South Carolina coast and told him &#34;you can shoot it down now, we have what we need&#34;"
"<em>&#34;Rep. Brian Mast said Monday </em><strong><em>he believes </em></strong><em>the Biden administration would not have shot down a China spy flight if Americans had not found out about its existence as it traveled over Montana.&#34;</em>What he &#34;believes&#34; is not fact. Another do nothing congressman getting a few minutes of fame on FOX. "
"Worse president ever!"
"<strong>Biden didn&#39;t care about China&#39;s spy flight over US until Americans found out, says GOP lawmaker, Joe`s balloon was &#34;DETECTED&#34;!</strong>"
"so now they admit it was gathering intelligence after denying ti last week. ccp and biden. bff&#39;s."
"Joey&#39;s spin, it happened under Trump, begs the question:How many committed Treason, in order to hide this from Trump?"
"come on, man! xiden doesn&#39;t care about anything he isn&#39;t told to care about :/"
"Ha ha ha, why does most every response out of Biden’s lying mouth claim something negative toward Mr Trump. So jealous like a little kid"
"Biden and his Administration are on China&#39;s payroll. This balloon incident is grounds for impeachment."
"Truth. "
"There were 3 Chinese spy balloons during the time Trump was president, I&#39;ll bet the balloons were noted in the daily Presidential intelligence briefings.....the ones Trump never bothered to read...."
"Once again, we have the WH acting on something only because they got called out on it.  No way did JRB tell the Pentagon Wednesday to take out that balloon.  To him, that seemed to fit the narrative that he was on top of things --- right!   Only that minority percent of people who think JRB is doing a great job would be the ones to believe that.  The majority of Americans know the JRB is a man who is deathly allergic to telling the truth about anything.  "
"Why have cartoonists not done Uncle Joe in a Jules Verne Hot air balloon with an old timely spy glass floating over Zimbabwe incorrectly thinking it&#39;s China, and called it, &#39;Biden&#39;s Revenge,&#39; or something?  It seems like Meme city."
"Thought it was his birthday balloon while eating ice cream made from dairy and riding in his 7 mpg Corvette."
"Hey look Balloon!"
"It does not matter whether Brandon was informed or not.  When required, the Pentagon officials simply told him that a chinese child lost a balloon, and it was playing in the clouds.Brandon just telling stories about he was lifted away into the clouds as a youngster holding on to his balloons, and the &#34;Kamel&#34; sat and cackled."
"Why would Biden care about a Chinese spy balloon when he&#39;s employed by the Chinese"
"WOKE MILITARY"
"Why is the most corrupt, traitor, communist president still in office????? It’s obvious that he is trying to destroy America. Out of control inflation, increase in gas, trying to force the middle class into  your new green deal onto everyone. Sold the gas supply that was to be used in an emergency in America to China , selling land in America to China. We have a compromised president we is a communist, he needs to be impeached!!!

"
"Mast obviously hasn&#39;t looked at Google Earth lately.  I could see the furniture on my back patio on Google Earth and it was pretty darned clear.  Intel satellites are capable of reading license plates.  "
"If you think this generation of democrats is bad wait till the next edition we are ______"
"Why would Stuttering Joe let this happen?"
"Biden takes his orders from his bosses in Peking. He held the door open for them."
"Biden needs to raise your taxes to pay for Xi&#39;s spying.  Xi is making Traitor Joe pay for the spy balloon."
"Creepy Joe is a Spy"
"Incompetence at its best."
"Wait until he finds out about how many military operations never make it into the national news. "
"China is treating the US like a frog in a pot of water on the stove. Not only is it time to wake up, it&#39;s time to take action."
"Former Intelligence Committee members - Schiff &amp; Sewall- did a stand up job! "
"Kind of like Trump giving an interview saying how deadly covid was and how easily it spreads and then telling the American people that it was just the flu and not an issue in America.#TrumpBidenWorstPresidentsEver"
"as per usual. only react when caught. "
"Look at all these Walmart employees commenting on these comment boards. "
"Biden’s got billions to help China spy. The plan is China invades sets democrats up as communist country. "
"This administration is constantly not aware of items it should be aware of.  Everyone has been Bidenized....unaware of reality."
"All a big misunderstanding ! When told of the balloon, Joe asked whos birthday it was. Where is Jackie ?"
"joe was too busy eating ice cream and getting his diaper changed to notice or care"
"Creepy Uncle Joe:  The perfect juxtaposition of incompetence and incontinence."
"Biden doesn&#39;t care about anything, his mind is gone. He has flashes of memory but it&#39;s not accurate someone has to tell him to act like he cares, his life is a puppet show. He cares about ice cream, breathing, and not much else."
"Biden is the worst president ever "
"China has so many black mail tapes on our government officials that they had no choice but let it fly until it cleared America."
"This reminds me of the old magician trick. Watch the right hand and don’t pay attention to the left hand. We could have shot this spy balloon over Alaska but didn’t. What is Obama aka dementia joe pulling over our countries eyes?"
"The Vegtable in Chief was sure Xi sent it over to him as a party favor, and the Vegtable just couldn&#39;t bring himself to pop his special balloon."
"biden just thought it was a pretty thing way up in the sky"
"Of course he didn’t."
"Imagine that Joetardo didn&#39;t care. Joe probably knew in advance from Hunter letting him know what China was up to in exchange for a kindergarden type painting out of Hunter&#39;s personal drug assisted useless painting selection."
"Zoe thought this was a balloon payment on his 10%!"
"<strong>These GOP Congressmen are such childish little people.  </strong>"
"It&#39;s infinitely more accurate to say the the Republicans didn&#39;t care about it until it happened on Biden&#39;s watch. When it happened under the lying fraud&#39;s watch people didn&#39;t eve know, including the clueless biggest loser himself. It needed the Biden administration to clue them in on what they missed. What can one say about the guy used to find intelligence briefings useless?? &#34;I know more than the generals&#34;."
"Why would he when he&#39;s getting a kickback from his Chinese owners?"
"Biden probably thought that someone was just having a birthday party and a balloon got away."
"The demented pretend POTUS will probably send taxpayer dollars to China to pay for the &#34;weather&#34; balloon."
"When Biden first heard about this he thought it was a party just for him complete with balloons and ice cream cones "
"You know they are going to cover their rear-ends and say the balloon wasn&#39;t a spy balloon at all."
"Lots of balloons flying around up there.This one had apparently been circling the planet since March.Ignorance is bliss. Lots of blissful Americans. "
"The Orange  King didnt even know about the 3 Balloons during his administration...whats your point."
"Does Joe get to write off his 10% of the destroyed balloon?"
"POJ  &#34;cares&#34; about Red Jell-O with Dinner"
"&#34;This is all too much to worry about. That blonde lady that follows me around said we can go ride bikes when it gets warmer&#34;                                                          joey"
"the headline is exactly correct"
"Relax, the balloon was just filming new tik tok videos."
"Biden thought it was an errant birthday party balloon!!!"
"Only a stumbling, mumbling buffoon doesn&#39;t care about a Chinese spy balloon. I made a rap. "
"And here we are several days later and no one at the Pentagon has been fired.  Because the excuse that Biden was not told is most likely baloney.  Trump would have rolled some heads by now."
"one day America will be the United States of China..........wait for it"
"Lets just hope Joe isn&#39;t taking one of his 4 day naps if a missile is launched."
"Senators to be briefed on Chinese balloon next week, Schumer saysWhy the wait, Chuckie? Damage Control???"
"Just another example of BDC.  Biden doesn&#39;t care  "
"😂 “Americans”"
"Its an outrage...OUTRAGE.-signed the GOP Cult."
"I really want to talk more about those China Balloons that flew by under Orange Traitor&#39;s watch. "
"Trump didn’t either "
"Hide and deny"
"Bigger threat are chinese spy satellites all having a good look in your backyard right now."
"WWOD. What Would Obama Do."
"Let’s go Brandon "
"Obvious from the beginning"
"Whatever liar 😏"
"Trump didn’t either "
"Bigger threat are chinese spy satellites all having a good look in your backyard right now."
"Hide and deny"
"WWOD. What Would Obama Do."
"Let’s go Brandon "
"Obvious from the beginning"
"Whatever liar 😏"
"Biden loves China, loves communism!"
"The Biden Crime Family&#39;s Check Cleared, So Why&#39;d They Care!!!"
"IMPEACH .. NOW !! "
Yep
"If this and if that - all but confirmedThat&#39;s all hog wash from another Trumptoid from Florida"
"true dat"
"Well duh"
"More fake news Fox.  Check the communication records before looking silly."
"Republicans are being mocked all over social media! Bwahahaha!"
"Neither did NORAD or the Pentagon!!! Lying or incompetence!!!"
"Neither did NORAD or the Pentagon!!! Lying or incompetence!!!"
"Wynken (China) Blyken (Secretary of State) and Nod (Biden)"
""
""
"What was that the main stream media was crowing about after the election? &#34;We&#39;re going to have adults in charge again.&#34; Well, how&#39;s that working out? Not well from my vantage point, and that includes on everything from the economy, inflation, energy prices, the border, we are now at war with Russia, China war coming soon, and well, it&#39;s a long list."
"Remember this in 2024.

What&#39;s right is right and 
what&#39;s left is wrong. "
"If there were previous balloons under trump and he wasn’t told about them, then those that knew of its existence should be tried for treason "
"Every decision Biden makes is based on the political impact. This is what happens when you have these career politicians. They percieve their job not to serve their constituants but to get reelected."
"We need a full investigation of who knew and who kept sensitive information from our president. "
"Not only did he not care until the public found out, but his strategy to cover it is always the same:  lie.  Imagine his excuse being, &#39;Hey they did it while Trump was in office&#39;.  Trump would have had that thing down and parts of it hanging off Xi&#39;s neck in a NY minute."
"&#34;So they know about the balloons?&#34; Yes Mr President. &#34;Okay tell them Trump had balloons too&#34; "
"Its not that Biden didn&#39;t care, its he didn&#39;t want anyone to know. Biden administration is one long cover up"
"Biden - Unqualified  &amp; Placed. 
Our most important American Issue Today is Election Integrity....."
"Joe is comprised and sold us out to china. There is no other explanation for why this happened and how he let it cross our country without any explanation whatsoever. "
"Would you want to make your money source mad? Biden and his son are on China’s payroll!"
"Between what Biden isn&#39;t telling us--and what the thoroughly Chinese-penetrated and compromised intelligence and defense communities aren&#39;t even telling Biden-- the Chinese are going to rule the 21st century without America offering up any more than faint resistance. This is the way the world ends, not with a bang, but a whimper."
"I agree with Mast. Biden is so corrupt that he cares about little but himself. He makes conciliatory statements when he gets found out, but then goes back to being his unprincipled self again. He&#39;s the political Ying to Soros&#39; Yang, I think it makes them both happy, but still losers just the same."
"Brandon - The only President in US History, who knew about a China Spy balloon, and just let it fly around the country and smiled and waved as it went by. 🙄🤦‍♂️"
"They tried to tell Joe but couldn’t find him, he was either in one of his many homes, getting an ice cream or was busy hiding documents they haven’t found yet that he promised to give hunter."
"Guess they can&#39;t use email right now while both Joe and Hunter are under investigation.  &#34;The Bidens have <a href=""https://www.foxnews.com/politics/biden-hunter-presidential-history-first-father-son-duo-separate-investigations"" target=""_blank"" rel=""noopener"">made presidential history</a> for being the first father-son duo to be simultaneously - but separately - under federal investigation. &#34;"
"Well... if they knew about the balloon long before we were informed by the good people of Montana, and Blinken only shut down his trip the day before he was supposed to ship out, then it&#39;s clear that the Biden regime did not care."
"China Spy Balloons over the USA. Biden knew. It was planned. It didn&#39;t happen on President Trump&#39;s watch - Biden did it. Biden lies. About everything. Of course. Biden stole 2500 cartons of documents and 450 gigs. He made a contract that says they won’t be released to the public until no sooner that 2 years after he is out of office. This is void ab initio. And, also, why is he getting away with all this? Biden arranged for the China Spy Balloons to distract you from his other crimes. And, the DOJ, the FBI and Congress are good with that."
"Just like bidens secret documents, he’s been allowing china spy balloons since he first stole the election. "
"How ironic that it was a civilian photographer that precipitated the disclosure of the balloon and not the administration. There is no one in charge in this administration. The Chinese know it, 70% of the American public knows it. Apparently, the core of the Democrats party is coming around to that point of view. The real question is: What took the Democrats so long?"
"<strong>Biden didn&#39;t care about China&#39;s spy flight over US. The reason he did not care was because it would compromise his personal business relationships with China.</strong>"
"Balloon was apparently first detected over Alaska.  Only days after the public found out about it, over Montana, did Biden say/do anything.  Really sad."
"Seems to me like our FAA radar facilities around the country would have picked up the balloon while monitoring air traffic -- unless the balloon and equipment were made of some radar stealth material which I highly doubt.So, what were radar operators told to say and do?Can someone with more radar experience share their thoughts?"
"open the gates and bring that big wooden horse on in!"
"Clearly show Biden is working for China "
"The US and other countries need to start holding China responsible for their antics. We need to at least cut trade with them by 75% and take on a police of equal trade, if we but $10m in items from countries, they need to buy an equal amount from us. "
"Why did the military keep this information from Biden from the first contact on 1/28 until last Wednesday? Does this tell us the military is actually in charge? Whoever held this info from the Commander in Chief should be fired immediately. Let’s Go Brandon!"
"🤔 do ya think it’s because he is compromised. "
"Joe has his title and as many ice cream cones as he wants. It’s all drama at this stage of his life for him anyway. Your kids should be very wary about him becoming their commander in chief. "
"I have a family member who is a flight controller and they knew from the get-go. The government was tracking it. If it hadn&#39;t been for that one fella who saw it and let &#34;the cat out of the bag&#34; ol&#39; Biden and his wimpy generals would have done not a darn thing!! "
"Bidumb doesn&#39;t care about anything but his 10% and getting more hair plugs."
"This was a test of Biden
How fast did they identified? What did Joe do initially, his cognitive abilities, did he just dismiss and give to someone else to take care of? Took over a week and after they were all done collecting info from all our bases Joe destroyed
Failed. China now knows if they attack Tiawan Joe won&#39;t do anything until it is all over"
"China OWNS Biden, so his underlings know to bury evidence of Chinese espionage.Not the first time an American President was owned by those who&#39;d bring us down..."
"We had Tokyo Rose during WWII.  No we have Beijing Joe."
"It has been reported that these balloons have flown over America in trumps administration as well. It was also reported that he was not informed.  Let that sink in for a second.  The only explanation is that our military as well as our intelligence agencies are infiltrated.  It most likely also means that this was acceptable under the Obama administration.  The real republicans need to get a handle on this before it becomes kinetic warfare.  Maybe that is what we need.  Win or lose it’s time to get after it."
"Biden was told, It took him 4 days to remember"
"The balloon had already transmitted crucial data back to China before Biden and Company shot it down. The American people may be a little, but not as slow as Old Sourpuss Joe Biden."
"He still doesn&#39;t care, just to be clear"
"That&#39;s assuming Joe even knew about the balloon.  He was incognito in &#34;Hobo&#34; Beach for his customary 4-day weekend."
"So true because he’s in business with China."
"GOP lawmakers should all have helium balloons at the State of the Union speech tonight and release them during Uncle Joe’s rambling address."
"He is just the tip of the iceberg. "
"All America wants to know is when is joe and kamala going to get impeached?  The sooner the bettter. "
"Pudding time Joe…and there are balloons outside. Joe: ‘tapioca or chocolate today?’"
"President Biden and his son are the greatest Chinese infiltrators. Who needs a spy balloon when you have these two in the back pocket of china. "
"the balloon was heading to Biden&#39;s house for more documents"
"Which begs the question:  what else don&#39;t we know?"
"We are already building another one for China with taxpayer money."
"Biden know that the Chinese have already been able to buy all of the details they need about the US defense locations. Maybe 10% of the purchase price was held back until the Chinese could verify the data through various means. "
"That is because China knows what it paid for when it bought Joe Biden!"
"I don&#39;t believe for 1 second that biden didn&#39;t know. and what did he do? immediately started claiming china flew 3 over us when Trump was president. he really knows how to pass the buck"
"Lloyd and Mark would have told him when they first found out, but they were attending a CRT and DEI seminar in China."
"Biden let China gather all the information on our nuclear operations that they needed the damage was done! Payment was made to the Big Guy by Being "
"<a href=""https://www.foxnews.com/politics/spy-balloon-likely-sent-extensive-intelligence-to-china-experts-say"" target=""_blank"" rel=""noopener"">The Pentagon said</a> Thursday it &#34;acted immediately to protect against the collection of sensitive information&#34; from the balloon.Any explanation of how? This balloon floated roughly 7,000 miles across both the US and Canada, so how did you &#34;act immediately&#34; to impeded data transmissions from a spy platform 12 miles in the air? Are we supposed to believe that any capability to do so even exists?"
"Ladies and gentlemen.  We are witnessing the most INEPT and WEAKEST administration in our lifetimes.  Right here.  Right now."
"They could have punctured the balloon with aircraft fire over Alaska and had it slowly setttle down to the ground in a single piece instead of blowing it to H and back all over the ocean floor.. They would have stopped it from gathering information.. Whoever is responsible for allowing it to traverse the entire  country should be tried for treason.."
"Should have been shot down the minute it crossed our air space in Alaska. God I wish we had a real president."
"Didn&#39;t want to try to salvage in one piece also. A few bullet holes and would have floated down like a feather. Incompetence at it&#39;s finest!!!"
"Biden is owned by China, and they already paid him reporations."
"Biden is in the back pocket of the CCP.
Nothing he is doing is good for America. "
"China had to send a balloon because Joey&#39;s secret document pipeline is momentarily too hot to use right now."
"Someone should be held accountable for treason. Our government knew this and did nothing!  Sleepy Joe should be held accountable for this and fire all the people involved!   (but that will  never happen)"
"Brandon is worthless. "
"If the balloon was releasing a bioweapon into the air, we will find out in a couple of weeks when there is a major outbreak of some new contagion."
"I wonder what other things the Biden administration isn&#39;t telling the American people that we should be aware of.I bet Biden didn&#39;t know about it until he listened to Fox News."
"Biden probably knew about it before it happened.  Just got another 10 for the Big Guy."
"When Joe Biden was Vice-President, his son Hunter used that influence to broker lucrative deals with the Chinese to purchase cobalt mines in the African Congo, which contains the richest deposits of cobalt in the world.... you know, &#34;10% for the &#39;Big Guy&#39;&#34;.... Cobalt is a rare-Earth metal, a key component in lithium-ion batteries which power things like electric cars and phones. When Biden took office in 2021, he immediately did two things: First, he put a 20-year moratorium on all cobalt mining in the US, and then began a massive push to force everyone into electric cars. It&#39;s a very easy series of dots to connect, of money to follow. This is the Teapot Dome Scandal all over again, but things are so corrupt now, it doesn&#39;t matter anymore. The FBI/DOJ know all this but won&#39;t do squat, because they&#39;ve become political terror agencies for the Democrat Party."
"Tiktok should have been banned long ago. Ban Biden too."
"Looks like some people at the CIA trying to cover for Biden"
"Duh. I’m surprised he didn’t try to convince us it was ours. "
"Joe did not want to damage his business partners assets. "
"Remember when America was Constantly barraged with Trumps cahoots with China And Russia ?Ahh yes , Good times."
"The country has a rogue government working plain and simple! "
"Biden gives China resource, food and mining rights. Allowed a China spy balloon to travel unopposed over the United States. Biden removed us from Afghanistan, China now is in Afghanistan. Ever play Clue?"
"They were just checking if the TOP SECRET papers from Joe&#39;s garage matched what they saw with the camera at 50,000 feet... a little comparative analysis so to speak..."
"Come on man, China was paying Hunter $10,000.00 a mile.  That&#39;s why Joe waited until it crossed the entire country.  Biden wanted his 10% to be large, very large. "
"And the sleeping liberals will finally realize we need to be armed, they will wish they were too.  "
"So Biden claims the Pentagon didn&#39;t tell him about the balloon until it was over Montana ,heads should roll, almost as bad as Milley calling the Chinese telling   that they won&#39;t attack"
"After passing the sensitive military sites in Montana, the balloon was moving southeastward over the heartland of the central United States during the day and was expected to remain in U.S. airspace for several days, officials said."
"Our President is comprised "
