"Regardless, now that China has easily migrated thousands of spies and operatives here, and this administration helped clear the airways so visibility from China’s balloon to critical targets was literally perfect from coast to coast, I’m sure the chaos planning will be infinitely easier for them.  If they weren’t sure, they are now exactly how to attack nuclear plants, nuclear waste sites, dams, high impact locations to disrupt railroads, chemical plants and storage, various gas distribution choke points, food distribution hubs (and easier ways to cut them off), water and sewage treatment facilities and associated supply routes, and on and on and on….  A coordinated and massive attack on these would paralyze our economy, and ability to wage war, when the time comes, we’ll be too busy to do anything but rebuild our lives.  Our government is more interested in creating new pronouns and new inventive ways to divide us than protecting its people.  Good job Joe!  I would add Dems in that too, but there are some Repubs that seem to be pretty supportive of the PRC too.  Sad…"
"So--they are predicting war with China.  First step, repatriate all the land assets that China has in the U.S.  Default on all U.S. loans to China, no need to repay them--they&#39;ve been stealing from us for years.  That should bring down the national debt to a manageable level. Next, invest in manufacturing facilities in the U.S. for drugs, computer chips, batteries and anything else we need to import from China. Where do we get the money for the industrial infrastructure?  We can stop sending so much money to 3rd world people. After all, we don&#39;t need to invest in the economics of 3rd world people--they&#39;re already on their way here, ready to cross the border and walk right into our 5 star hotels."
"China not only gathered photos of America&#39;s military bases from the closest vantage ever, but they analyzed America&#39;s response to a future bio-weapon attack. Biden failed to protect America, as we&#39;ve become accustomed to."
"Are you kidding.  If even one spy balloon the size of a basketball had flown over the U.S. while Trump was president, those who supposedly &#34;detected&#34; them after the fact would have made sure it was front page, above the fold news for weeks.  "
"The US developed high altitude balloons as well many years ago. They are used for upper atmosphere research, mainly in remote places like Antarctica and I think Canada.  Just FYI I don&#39;t know current stats on those US balloons, but they used to be able to carry payloads upwards of 2000 lbs, carried live telemetry and have pointing control systems for the gondola. So yeah, they are most certainly capable of spy use.  So shooting them down now, is wayyyyy too late.  They have already transmitted the data which they acquired. "
"This will all stop once all statues are torn down and gas stoves banned. 🤣🤣🤣🤣"
"The news blackout ended in 1945 so that&#39;s no excuse for people not knowing about it today. They just don&#39;t learn much about history anymore. Ask anyone under 50 what happened on June 6, 1944, August 6, 1945, November 22, 1963, July 20, 1969, or why July 4 is a holiday and watch the blank stares. I still remember learning about the Battle of Hastings and the Magna Carta after all these years. "
"At least these balloons are more reliable than Frontier Airlines."
"They used to have one of the FuGo balloons ( pretty sure it was one of them) at Wright Patterson Air Force Base  in Dayton Ohio.  The Air Force Museum is a great place to visit."
"This is the first time a sitting president watched a spy device go from coast to coast before doing anything."
"If this has happened before, then why did they vacillate this time? Shouldn&#39;t they have protocols in place by now?"
"The Chinese want to know how many gas stoves we have."
"CamelUH Harris: &#34;It was great big,big,big pretty balloon!&#34;"
"China was just uploading information from their number one spy device.....the iPhone 😳 built by the Chinese for the Chinese "
"if the pilot hits 2 more balloons he can upgrade to a bigger stuffed bear"
"The Commander and Chief, after the fact, blames the Military for the balloon fly over. Great Lead!"
"Politics at best. One can ask where else US surveillance missions are flying. All developed nations spy one another adversary or not. "
"Lets Go Brandon. Feckless"
"Maybe the wuhan #2 flu balloon,  this had the possibility of dispersing a bio weapon attack, or planning for one, checking drift and detection.  This is not a joke about party baloons.  This is deadly serious and we have a cognitively compromised Potus  and  idealogs running the country.  "
"It&#39;s not a news blackout now. It&#39;s propaganda news or fake news. Fake Facebook, YouTube, TicTock, and Twitter propaganda! The Democrats just flat out lie about things and have the backing of News, Bigtech, and newspapers. "
"Interesting History..."
"Perhaps vigilance in instances like this in the future wouldn’t be a bad idea.  If something like this were hovering over a large stretch of land that I owned, what’s to stop me from taking out my binoculars to investigate it further?  "
"It is passed one to get our supply chain out of China. Remove our dependence on CCP"
"Summary: Brandon knew about the balloon before it entered our airspace and hoped it would not be discovered.Much like the classified documents scandal he hid for 14 years....The silence is deafening….Dem policies have…1)     Opened our borders to the largest invasion in our history of criminals, terrorists, COVID carriers, the unvaccinated, drug dealers and more killing tens of thousands of Americans.2)     Damaged the oil industry severely causing a worldwide economic crisis.3)     Created numerous, useless and ineffective mandates that started a worldwide economic crash, didn’t slow COVID, destroyed industries and cost people jobs4)     Closed schools, damaged education and continues to be a blight on millions of children nationwide even though children are virtually unaffected by COVID.5)     Released violent criminals and refuse to uphold the law allowing thousands of murders, burning medical facilities, churches and other arsons, openly threaten judges, violently attack free speech, violent riots, vandalism, looting, assaults nationwide6)     Destroyed women’s sports by forcing them to compete against men7)     Removed, demonized, attacked, undermined, and threatened parental rights even trying to get parents listed as domestic terrorists by the FBI8)     Killed 13 service members and turned over billions in weapons to terrorists in AfghanistanAnd the Dems say nothing….The silence is deafening…"
"I haven&#39;t seen this question asked, but does anyone know if any viruses or other pathogens were released into our atmosphere from this spy balloon? It worries me when reporters don&#39;t ask the obvious questions to the people in charge."
"Just get rid of Biden…."
"<strong>brandon must be removed from office!!!</strong>"
"&#34;The balloons are today considered the first intercontinental ballistic device&#34;bal·lis·tic/bəˈlistik/<em>adjective</em><ol><li>1. relating to projectiles or their flight.</li></ol>A balloon is not a projectile..."
"There were also 3 other Chinese balloons over US territory from 2016 to 2020"
"Putin: &#34;I like what I see in Biden. Good job, brother Xi.&#34;"
"No names mentioned, except the newly inserted Trump and of course Biden.The WH tried to implicate China and now they are inserting Japan.Laptop, anybody?!"
"Remember Balloon Boy? 2009 and he got fined 36K for his hoax. Seems he was punished more than the Chinese."
"It was thought at the time that Japan might use the balloons in an attempt at biological warfare by sending Bubonic Plague infected fleas into North America.Imagine what horrors China might have in store for us after going through the relatively mild CoVid experiment."
"I hear John Le Carré is working on a new novel - Tinker, Tailer, Soldier, Balloon..."
"And the dems are trying to blame Trump for the Japanese balloons as well."
"That balloon should not have made it over US soil.  Yet another example of how weak our President is."
"Don’t forget the terrorizing cross-country broomstick flights of Nancy Pelosi, Kamala Harris, Maxine waters and the Squad."
"&#34;One thing is clear, however: there can be no news blackout. This isn’t 1945.&#34;I beg to differ - many things get &#34;blacked out&#34; in the modern era"
"It is frightening indeed to think the balloon went undetected 3 times during the Trump days. "
"Why is this so surprising?? In 2019 China released a biological weapon on the U.S. (COVID-19) and did not suffer from a counter strike or retaliation. So why not launch a surveillance device? No mystery here! Just like drugs from Mexico, how many went undetected? Where there is 1, there are more…… "
"I can&#39;t believe how nonchalant people are, like we just went through a major our break of coviflu19 that was unleashed on the world on purpose or not who knows, millions dead and now we&#39;re finding out China is purposely flying who knows what, (obviously NOT president&#39;s) over the United States, who the is in charge and NOT protecting American citizens!!"
"US national defense is a shame. China just proved it again!This is the same reason our enemies were able to pull off Pearl Harbor and 911 attacks.We have fancy weapons, but we couldn&#39;t deal with a few balloons."
"You don’t wanna mess with Joe.”  Obama "
"One ballon, thousands of Chinese university students. Which is worse? "
"mass hysteria ........satellites see it all"
"Listen to the libs and now Trump is working with China. First, it was the Russians, what next, Iran?
If this happened under Trump, the story would have leaked, and the dems would have impeached Trump."
"it may not be the first, but it&#39;s the worst, don&#39;t down play the damage..."
"While Republicans were taking turns setting their hair on fire – demanding that the balloon be shot down immediately – the NSA and DoD were studying its photographic and electromagnetic transmissive capabilities. "
"The only reason I see why they waited that long was to have the virus load go out to sea.  None of it makes any sense otherwise.  "
"The balloon was gathering signals emitted by special miniature sensors sewed in the MAGA red caps made in China . They would collect brain waves and send them to the balloon . Unfortunately, there was no data transmitted."
"So every time something blows up in Bidens face he blames Trump or says its Trumps fault. This is all Biden lies and dis- mis information to cover this  total incompetence"
"It is passed one to get our supply chain out of China. Remove our dependence on CCP"
"Biden: Tracking the balloon to shot it down at the right time.Trump: Tracking his Chinese bank account to make sure the Chinese deliver the payment."
"I cleaned my pellet gun yesterday! "
"Biden’s weakness has infected our military and national security..weakened our nation with mistrust of government and disunity of the American people..promoting hate and crimes in our cities..emboldening our enemies nations overseas to possible invasion..allowing Communist China to set up shop in America..infiltrating our infrastructure..wake up Americans..see your real threats to liberty and freedom.."
"Somehow Biden needs to understand Americans Do Not like Chinese balloons floating around … Biden has no clue how we feel! "
"How ironic, when hot air doesn&#39;t recognize hot air Just kidding. "
"Al Gore invented balloons "
"Good to know our Civilian Air Patrol was the FIRST to spot the balloon. Worthless."
"Is the US preparing the public for a war with China?"
"Thanks for reporting common knowledge as &#34;news,&#34; Fox."
"China has satellites looking down in the world for years . "
"&#34;Japan’s purpose was terror. What is China’s?&#34; - The Chinese balloons are clearly for surveillance. Talk about weak reporting here."
"Wow, someone at fox actually knows history."
"as soon as i saw the headline i knew it was dragging the ole Japanese incendiary balloons out of the closet "
"Time to take out the Chinse balloons and satellites....MAGA"
"When you have a weak dementia diaper wearing commander in chief and a bubble head vice president only in office because of her skin tone, what do you expect? The Chinese see us as easy prey. Not to mention our &#34; woke&#34; weirdo friendly military."
"China, China, China, Biden, Biden, Biden....."
"China, China, China, Biden, Biden, Biden....."
"Regardless, now that China has easily migrated thousands of spies and operatives here, and this administration helped clear the airways so visibility from China’s balloon to critical targets was literally perfect from coast to coast, I’m sure the chaos planning will be infinitely easier for them.  If they weren’t sure, they are now exactly how to attack nuclear plants, nuclear waste sites, dams, high impact locations to disrupt railroads, chemical plants and storage, various gas distribution choke points, food distribution hubs (and easier ways to cut them off), water and sewage treatment facilities and associated supply routes, and on and on and on….  A coordinated and massive attack on these would paralyze our economy, and ability to wage war, when the time comes, we’ll be too busy to do anything but rebuild our lives.  Our government is more interested in creating new pronouns and new inventive ways to divide us than protecting its people.  Good job Joe!  I would add Dems in that too, but there are some Repubs that seem to be pretty supportive of the PRC too.  Sad…"
"So--they are predicting war with China.  First step, repatriate all the land assets that China has in the U.S.  Default on all U.S. loans to China, no need to repay them--they&#39;ve been stealing from us for years.  That should bring down the national debt to a manageable level. Next, invest in manufacturing facilities in the U.S. for drugs, computer chips, batteries and anything else we need to import from China. Where do we get the money for the industrial infrastructure?  We can stop sending so much money to 3rd world people. After all, we don&#39;t need to invest in the economics of 3rd world people--they&#39;re already on their way here, ready to cross the border and walk right into our 5 star hotels."
"China not only gathered photos of America&#39;s military bases from the closest vantage ever, but they analyzed America&#39;s response to a future bio-weapon attack. Biden failed to protect America, as we&#39;ve become accustomed to."
"Are you kidding.  If even one spy balloon the size of a basketball had flown over the U.S. while Trump was president, those who supposedly &#34;detected&#34; them after the fact would have made sure it was front page, above the fold news for weeks.  "
"The US developed high altitude balloons as well many years ago. They are used for upper atmosphere research, mainly in remote places like Antarctica and I think Canada.  Just FYI I don&#39;t know current stats on those US balloons, but they used to be able to carry payloads upwards of 2000 lbs, carried live telemetry and have pointing control systems for the gondola. So yeah, they are most certainly capable of spy use.  So shooting them down now, is wayyyyy too late.  They have already transmitted the data which they acquired. "
"This will all stop once all statues are torn down and gas stoves banned. 🤣🤣🤣🤣"
"The news blackout ended in 1945 so that&#39;s no excuse for people not knowing about it today. They just don&#39;t learn much about history anymore. Ask anyone under 50 what happened on June 6, 1944, August 6, 1945, November 22, 1963, July 20, 1969, or why July 4 is a holiday and watch the blank stares. I still remember learning about the Battle of Hastings and the Magna Carta after all these years. "
"At least these balloons are more reliable than Frontier Airlines."
"They used to have one of the FuGo balloons ( pretty sure it was one of them) at Wright Patterson Air Force Base  in Dayton Ohio.  The Air Force Museum is a great place to visit."
"This is the first time a sitting president watched a spy device go from coast to coast before doing anything."
"If this has happened before, then why did they vacillate this time? Shouldn&#39;t they have protocols in place by now?"
"The Chinese want to know how many gas stoves we have."
"CamelUH Harris: &#34;It was great big,big,big pretty balloon!&#34;"
"if the pilot hits 2 more balloons he can upgrade to a bigger stuffed bear"
"China was just uploading information from their number one spy device.....the iPhone 😳 built by the Chinese for the Chinese "
"The Commander and Chief, after the fact, blames the Military for the balloon fly over. Great Lead!"
"Politics at best. One can ask where else US surveillance missions are flying. All developed nations spy one another adversary or not. "
"Lets Go Brandon. Feckless"
"Maybe the wuhan #2 flu balloon,  this had the possibility of dispersing a bio weapon attack, or planning for one, checking drift and detection.  This is not a joke about party baloons.  This is deadly serious and we have a cognitively compromised Potus  and  idealogs running the country.  "
"It&#39;s not a news blackout now. It&#39;s propaganda news or fake news. Fake Facebook, YouTube, TicTock, and Twitter propaganda! The Democrats just flat out lie about things and have the backing of News, Bigtech, and newspapers. "
"Interesting History..."
"Perhaps vigilance in instances like this in the future wouldn’t be a bad idea.  If something like this were hovering over a large stretch of land that I owned, what’s to stop me from taking out my binoculars to investigate it further?  "
"It is passed one to get our supply chain out of China. Remove our dependence on CCP"
"Summary: Brandon knew about the balloon before it entered our airspace and hoped it would not be discovered.Much like the classified documents scandal he hid for 14 years....The silence is deafening….Dem policies have…1)     Opened our borders to the largest invasion in our history of criminals, terrorists, COVID carriers, the unvaccinated, drug dealers and more killing tens of thousands of Americans.2)     Damaged the oil industry severely causing a worldwide economic crisis.3)     Created numerous, useless and ineffective mandates that started a worldwide economic crash, didn’t slow COVID, destroyed industries and cost people jobs4)     Closed schools, damaged education and continues to be a blight on millions of children nationwide even though children are virtually unaffected by COVID.5)     Released violent criminals and refuse to uphold the law allowing thousands of murders, burning medical facilities, churches and other arsons, openly threaten judges, violently attack free speech, violent riots, vandalism, looting, assaults nationwide6)     Destroyed women’s sports by forcing them to compete against men7)     Removed, demonized, attacked, undermined, and threatened parental rights even trying to get parents listed as domestic terrorists by the FBI8)     Killed 13 service members and turned over billions in weapons to terrorists in AfghanistanAnd the Dems say nothing….The silence is deafening…"
"I haven&#39;t seen this question asked, but does anyone know if any viruses or other pathogens were released into our atmosphere from this spy balloon? It worries me when reporters don&#39;t ask the obvious questions to the people in charge."
"Just get rid of Biden…."
"<strong>brandon must be removed from office!!!</strong>"
"&#34;The balloons are today considered the first intercontinental ballistic device&#34;bal·lis·tic/bəˈlistik/<em>adjective</em><ol><li>1. relating to projectiles or their flight.</li></ol>A balloon is not a projectile..."
"There were also 3 other Chinese balloons over US territory from 2016 to 2020"
"Putin: &#34;I like what I see in Biden. Good job, brother Xi.&#34;"
"No names mentioned, except the newly inserted Trump and of course Biden.The WH tried to implicate China and now they are inserting Japan.Laptop, anybody?!"
"Remember Balloon Boy? 2009 and he got fined 36K for his hoax. Seems he was punished more than the Chinese."
"It was thought at the time that Japan might use the balloons in an attempt at biological warfare by sending Bubonic Plague infected fleas into North America.Imagine what horrors China might have in store for us after going through the relatively mild CoVid experiment."
"I hear John Le Carré is working on a new novel - Tinker, Tailer, Soldier, Balloon..."
"And the dems are trying to blame Trump for the Japanese balloons as well."
"That balloon should not have made it over US soil.  Yet another example of how weak our President is."
"&#34;One thing is clear, however: there can be no news blackout. This isn’t 1945.&#34;I beg to differ - many things get &#34;blacked out&#34; in the modern era"
"Don’t forget the terrorizing cross-country broomstick flights of Nancy Pelosi, Kamala Harris, Maxine waters and the Squad."
"It is frightening indeed to think the balloon went undetected 3 times during the Trump days. "
"Why is this so surprising?? In 2019 China released a biological weapon on the U.S. (COVID-19) and did not suffer from a counter strike or retaliation. So why not launch a surveillance device? No mystery here! Just like drugs from Mexico, how many went undetected? Where there is 1, there are more…… "
"I can&#39;t believe how nonchalant people are, like we just went through a major our break of coviflu19 that was unleashed on the world on purpose or not who knows, millions dead and now we&#39;re finding out China is purposely flying who knows what, (obviously NOT president&#39;s) over the United States, who the is in charge and NOT protecting American citizens!!"
"US national defense is a shame. China just proved it again!This is the same reason our enemies were able to pull off Pearl Harbor and 911 attacks.We have fancy weapons, but we couldn&#39;t deal with a few balloons."
"You don’t wanna mess with Joe.”  Obama "
"One ballon, thousands of Chinese university students. Which is worse? "
"mass hysteria ........satellites see it all"
"Listen to the libs and now Trump is working with China. First, it was the Russians, what next, Iran?
If this happened under Trump, the story would have leaked, and the dems would have impeached Trump."
"it may not be the first, but it&#39;s the worst, don&#39;t down play the damage..."
"While Republicans were taking turns setting their hair on fire – demanding that the balloon be shot down immediately – the NSA and DoD were studying its photographic and electromagnetic transmissive capabilities. "
"The only reason I see why they waited that long was to have the virus load go out to sea.  None of it makes any sense otherwise.  "
"The balloon was gathering signals emitted by special miniature sensors sewed in the MAGA red caps made in China . They would collect brain waves and send them to the balloon . Unfortunately, there was no data transmitted."
"So every time something blows up in Bidens face he blames Trump or says its Trumps fault. This is all Biden lies and dis- mis information to cover this  total incompetence"
"It is passed one to get our supply chain out of China. Remove our dependence on CCP"
"Biden: Tracking the balloon to shot it down at the right time.Trump: Tracking his Chinese bank account to make sure the Chinese deliver the payment."
"I cleaned my pellet gun yesterday! "
"Somehow Biden needs to understand Americans Do Not like Chinese balloons floating around … Biden has no clue how we feel! "
"Biden’s weakness has infected our military and national security..weakened our nation with mistrust of government and disunity of the American people..promoting hate and crimes in our cities..emboldening our enemies nations overseas to possible invasion..allowing Communist China to set up shop in America..infiltrating our infrastructure..wake up Americans..see your real threats to liberty and freedom.."
"How ironic, when hot air doesn&#39;t recognize hot air Just kidding. "
"Al Gore invented balloons "
"Good to know our Civilian Air Patrol was the FIRST to spot the balloon. Worthless."
"Is the US preparing the public for a war with China?"
"Thanks for reporting common knowledge as &#34;news,&#34; Fox."
"China has satellites looking down in the world for years . "
"&#34;Japan’s purpose was terror. What is China’s?&#34; - The Chinese balloons are clearly for surveillance. Talk about weak reporting here."
"Wow, someone at fox actually knows history."
"as soon as i saw the headline i knew it was dragging the ole Japanese incendiary balloons out of the closet "
"Time to take out the Chinse balloons and satellites....MAGA"
"When you have a weak dementia diaper wearing commander in chief and a bubble head vice president only in office because of her skin tone, what do you expect? The Chinese see us as easy prey. Not to mention our &#34; woke&#34; weirdo friendly military."
"China, China, China, Biden, Biden, Biden....."
