"They had the opportunity to take it down before creeping coast to coast, however they were probably hoping it would complete it’s mission without notice to not ruffle any feathers with China. It’s becoming more evident how many in our government and institutions are intertwined with China. American sellouts."
"The only reason we know about this is because it was photographed by a US civilian. Otherwise we would read about it 20 years from now."
"The law enforcement and intelligence agencies have become so politically compromised under Biden-Harris, can they even be trusted to brief the representatives of the people honestly?"
"what a fiasco. that balloon should have been shot down within minutes of entering our territory. at this point it is just salvage recovery of anything that we can find. the Chinese have already gathered their Intel at home base. they could care less about that balloon now because they already have what they want. will Congress act after the fact?"
"I could give that briefing in one sentence; &#34;The balloon was shot down after it completed its mission.&#34;"
"Why would I believe anything that corrupted agencies report and especially the likes of Schumer. "
"Did I miss reading in this article WHEN they are poised to have this meeting? It would be informative to know WHO is giving this briefing. I’d think something of such a national security issue would have caused them to hop to it with an immediate date time and specifically named briefers, especially since there are a lot of trust issues occurring with Intelligence etc. personnel. "
"&#34;Top Level Briefing&#34; = No information for American citizens, some air-time and a nice catered meal for some politicians."
"Blank Stare Biden now claims he flew his specially designed balloon to take Dorothy and Toto back to Kansas and made a right turn at Albuquerque."
"Thanks XI, they are no longer talking about all the places that I stashed top secret documents.  Love, Joe."
"Uh..., they should have received a top level briefing at the earliest possible time we were aware it occurred..., not after it became an international failure and cluster..."
"It had to finish it&#39;s mission before joe could get his 10%"
"Congress/Senate please be sure to ask why Biden wasn’t in a command center involved in being informed, advised and present in case a critical decision was needed to be made right as they were preparing to take down an invading spy craft? Instead, his priority was traveling to a private luncheon and giving up all of 5 seconds of his time, saying, “It was fixing to be taken care of.”"
"Americans, so not let our country deteriorate further.  We are weak and vulnerable to attack on our own soil.  Contact your elected officials to deman immediate impeachment of Biden and Harris.  

Meanwhile the world laughs at America.  The entire Biden administration has sold out America."
"Schumer is at it again, more propaganda from the top Democrat in the Senate.  If it wasn&#39;t for a photographer in Montana, it may never be informed by the Biden administration. "
"Good thing Schiff is gone, he would leak the information."
"We can’t protect America from Fentanyl, cartels, or balloons. "
"We want term limits! Even if everyone starts at year zero. Term limits now!"
"&#34;We are five days away from fundamentally transforming the United States of America” - BO - how’s that working out?  We are $32trillion in debt - soon, we shall default for failure to even pay the interest … the republic is fundamentally dying.  Maybe war is our only hope."
"They&#39;ll recover the balloon and discover there&#39;s not a single camera on board and the most threatening intelligence gathering equipment on it was a thermometer because Republicans fear science more than Chinese spying."
"I can hear the briefing now. Nothing was really found that we could detect it’s going to take a bit longer to analyze. The salt water damaged a lot  we did find a letter addressed to Joe with a check enclosed "
"The Republicans are talking about passing a resolution condemning Biden&#39;s response ahead of his State of the Union address tomorrow. Responsible legislators would get the information first and make relevant conclusions based on knowledge instead of putting forth conclusions before they know all the relevant facts. "
"Top Level in the Federal Gov&#39;t? BwahahahahahahaThere is nothing top level about our gov&#39;t. "
"=&gt;The United States must project strength to deter China – this failure is another example of weakness by the Biden&lt;=  The balloon was a trial run by the Chinese to assess our vulnerabilities....Now they know and will be rooting for Biden to be re-elected....The Chinese respected Prez Trump who would have shot it down the minute it was identified and entered US Airspace......He might have confronted China and sent not only the Secy of State to Taiwan but a few American generals as well...We have a weak president, we live in a weak country because of him and the Democratic party who is more worried about taking away your gas stove to save the planet........You treat a bully the way they treat you...."
"We&#39;re planning on wasting time in congress on this as well? Only questions that need to be asked there should be why it was allowed to go all the way across instead of shooting it down with something low caliber so it could land softly. // orWhy did Biden mess this up too. "
"Schiff says he has evidence that proves whatever he claims."
"Who cares?  Congress is going to be told just what the administration wants to tell them."
"They want answers?  Never going to happen, just more gaslighting! The Biden administration isn’t held accountable for anything!  SOU will be a sham, more gaslighting and nothing of importance to the people will be addressed. It will be a “pat joe on the back” lengthy statement! "
"Last time I checked, we spent billions annually for radars and satellites to track everything anywhere in or outside the Earth’s atmosphere. Evidently, the Chinese have discovered our weakness. A balloon. "
"Maximized our intel gain?  Obviously Schumer is content that the PRC has obtained every bit of information they were seeking to get.  This man’s elevator is not stopping at the top floor."
"It’s hilarious that hacks are still getting sound-bytes from Schumer even though he’s been kicked off the committee. "
"Where is the 2nd balloon? They announced a second balloon was out there &amp; then suddenly they stopped talking about it."
"My radar can see a school of fish working a small area from 50 miles away. "
"The briefing should have happened when the thing was over canada.  Can’t wait to see what the democrats in attendance leak for the benefit of their chinese overlords."
"China could have just launched an attack on the US with all of their forces...and if trump said &#34;i would not allow this&#34;the dems and liberals would be out in full force screaming &#34;we support China&#39;s attack on the US....&#34; and for only one reason.unbelievable psychopathic TDS..."
"Don’t blame me.  I voted for the Legitimate President without Dementia. "
"Be advised, Congressional leaders. You will be sold a fictitious story and a boatload of lies similar to the FBI’s story of Russiagate and the ‘insurrection’ committee."
"Given the gang of 8 includes dims, you can be assured that meeting will be leaked to CNN/MSDNC if it serves the narrative. "
"Joe Biden will be go down in history as the worst President of the United States of America Ever!"
"Of course the democrats will praise poor old Joe for his negligence with regards to this espionage incident.  The democrats are a dangerous cabal "
"American Tax Payer Bailouts for Corporations that have, &#34;Made in China&#34;, on their Products is good, according to your Party Leaders. Party Members, no it isn&#39;t.Hopefully China doesn&#39;t put &#34;Sanctions&#34; on us, if they do, we will be in big trouble, we&#39;ll have to Bailout their Corporations for years to come."
"The billionaire Koch brothers have said they WILL NOT financially back trump in 2024. They state they WILL back anyone else.Trump is done."
"So 40% of Americans actually trust a guy with dementia pretending to be leading them? Really crazy world now. THX Mr Magoo bidumb. "
"Who in the Biden administration is qualified to give a &#39;top level &#39; briefing on anything except gender reassignment and pronouns ???If you want to know what intelligence was gathered from the surveillance balloon that was allowed to meander across the entire US for a full week, contact China. The balloon was transmitting info and photos the entire trip in real time. The scraps we pick up now are useless -- it&#39;s all for show. "
"I sure am glad George Floyd wasn&#39;t alive to see this."
"While Biden proud of the information we gained from the balloon. He totally ignores the vast amount of Intel the Chinese gained. "
"I give the military credit for being smarter than the president &amp; those calling for an immediate shoot down. It was shot down without being over any populated area. Satellites can read license plates on cars so no new intel was going to be gained by China. Given the deflection pattern possible from an object the size of 3 busses falling 60,000 ft., possible breaking up, etc... a projected impact area would have been huge. Why risk it as it posed no threat?   "
"no worries . aoc and the squad have everything under control."
"No one would believe it if it actually just turned out to be a weather balloon.  China would never think to use a satellite to spy instead.  Balloons the size of three school busses are much more efficient and undetectable. "
"Just closing the barn door after the horses got out. Can this Administration do anything correctly?"
"Now that they shot it down, I wonder if Hunter has to give the art money back????"
"It will probably do just as much good to go to a day care center and tell the children..."
"Political maneuvering to make an excuse to get in front of a camera.  Inside the meeting they are having drinks and cigars and talking about the Super Bowl."
"Dems twisting the truth again"
"The Pentagon said Thursday it <em>&#39;acted immediately&#39;</em> to counter a collection of sensitive information, although Military officials decided to take out the balloon exactly <em>one week </em>after they first discovered it in Alaska. However, President Biden was not made aware of the balloon until Tuesday, when it was over Montana.<strong><em>&#34;Immediately&#39; doesn&#39;t exactly equate to one week</em></strong> during which China was able to collect information across 4000 miles. There&#39;s a big fail here with both the military, intelligence agencies and the cognitively impaired president."
"Schiff is currently looming for hard evidence that Trump is colluding with China."
"it was over the water before it was over the land. Not accepting the safety lie."
"Because no one in the US military or Intelligence entities knows exactly what happened, Xi has offered to personally come and tell Congress what China accomplished."
"It&#39;s impossible for this administration to show anything other than weakness. I really don&#39;t know how people keep getting disappointed. "
"Can the Whitehouse write a storyline that quick? "
"If Joe would have allowed the balloon to be shot down before it crossed the entire country, he would have angered the CCP."
"Democrats vote Democrats no matter who or what is running as long as it is not a Republican. The China Balloon sent intelligence back to China, conclusion no intelligence in Blue States,"
"“Fiasco” is a nice way of saying it. By itself it would be bad enough. But we’ve already experienced the Border Fiasco, the Green Energy Fiasco, the Afghanistan Fiasco, the Inflation Fiasco, the Classified Documents Fiasco, etc., etc.  Biden should seek a legal name change to Don Fiasco. It’s fitting."
"From the same guys that said Trump was a Russian spy, or that Ukraine would fall within 72 hours after Russia invasion? "
"We all know that...EVERYTHING Biden and his administration does is for the good of China and others and NOT of America or Americans."
"If anyone in Congreve thinks for a micro-second that they will get a full disclosure from the WH “Gang” (that in itself is a JOKE) then they are mentally incompetent and need to step down."
"“Look mommy!  Look at the pretty Chinese spy balloon!”—Sleepy Joe to Dr. Jill"
"Obama has over 30,000 stolen classified documents outside of Chicago he is hiding from America.  "
"as if you can believe anything from the slow joe and the ho admin."
"I got the same number of votes as Kamala Harris.  Zero. "
"Guaranteed Jeffries knows exactly what is going on an who is really running the place. He sure knows who laundered the crypto money for him to secure his seat, he is no better than Maxine, he just covers it up better "
"This wasn&#39;t a spy balloon at all, they are lying to us once again. This was a test run to determine if balloons could be used to deploy lethal viruses by dropping exploding vials of viral material periodically as the balloon crossed the U.S. with each vial spreading the deadly virus across a large area.  This is the first step in China conducting biological warfare against the U.S.  
Biden Failed to protect us.  Joe Biden is a weak minded, sniveling,  spineless, worthless, lying, coward. 
This would not have happened under a strong President like Trump."
"Congress is a day late getting briefings.  These people should have been made aware of what was going on when this was over AK.  The GOP should start to bring in these people and make them answer in front of the cameras for the citizens to see."
"Adam Schiff, and that other clown said it was only a toy balloon."
"Don&#39;t tell Schiff or Swallowell!"
"“shooting down the balloon over water wasn’t just the safest option, but it was the one that maximized our intel gain,&#34; "
"So if a drone flies over or even in the white house do they wait until it&#39;s out of the lawn to shoot it down?   "
"A little too late. This should have happened as the balloon approached Alaska. What was Lisa Markowski doing then? At least the GOP will get the names and faces of the folks who messed up. Attendees should keep in mind they are being briefed by maybe the same folks who didn&#39;t tell the country about previous incursions, and also tried to falsely implicate the Trump Admin to hide their incompetence."
"...&#34;The bottom line here is that shooting down the balloon over water wasn’t just the safest option, but it was the one that maximized our intel gain,&#34; Schumer said at a Sunday press conference.ie:<em>We should allow China more opportunities like this so we can gather more intel!</em>"
"Whatever briefing they received was a bunch of lies designed by the propaganda wing of the Democratic Party (CBS, ABC, NBC) and congress knows it!!! Why would we wait until it crosses the entire US. Why wouldn’t we shoot it down over land where it would be easier to find? We can track a golf ball being hit and within seconds know exactly where it will land within inches. Why would we use a sidewinder to shoot down a balloon and not bullets??Because they wanted it completely destroyed and difficult to find that’s why!!! This administration is completely compromised!!!!"
"A little too late. This should have happened as the balloon approached Alaska. What was Lisa Markowski doing then? At least the GOP will get the names and faces of the folks who messed up. Attendees should keep in mind they are being briefed by maybe the same folks who didn&#39;t tell the country about previous incursions, and also tried to falsely implicate the Trump Admin to hide their incompetence."
"...&#34;The bottom line here is that shooting down the balloon over water wasn’t just the safest option, but it was the one that maximized our intel gain,&#34; Schumer said at a Sunday press conference.ie:<em>We should allow China more opportunities like this so we can gather more intel!</em>"
"Whatever briefing they received was a bunch of lies designed by the propaganda wing of the Democratic Party (CBS, ABC, NBC) and congress knows it!!! Why would we wait until it crosses the entire US. Why wouldn’t we shoot it down over land where it would be easier to find? We can track a golf ball being hit and within seconds know exactly where it will land within inches. Why would we use a sidewinder to shoot down a balloon and not bullets??Because they wanted it completely destroyed and difficult to find that’s why!!! This administration is completely compromised!!!!"
"“Lies. Lies. Lies.”—Biden Administration "
"I&#39;m not sure how we will ever recover from this balloon incident. All we can do is try to move forward....one day at a time. "
"Trump Brought Back The Jobs!Biden Brought Back Fond Memories of Jimmy Carter!"
"Kamala Harris makes Sleepy Joe look smart.  "
"So after several days go by so the Biden disinformation team can get everyone on the same page to lie to Congress and Americans. The people cannot believe anything Biden says because he’s lying more often than not and China has corrupt Joe by the short hairs "
"A &#34;top level&#34; briefing sprinkled with lies.  Who&#39;s giving the briefing?  "
"And not very long ago, Fox was screaming when Pelosi went to Taiwan to show support against Chinese aggression. You can&#39;t have it both ways. "
"Jussie Smollett has more credibility now than General Corn Pop Austin and General Thoroughly Treasonous Milley. "
"Corrupt CIA will take a minute away from its political agenda to  … never mind, they are 100% political "
"🇺🇸 Trump was never wrong !"
"Biden didn&#39;t give them permission to shoot it down until China called him and told him the mission was over and he could shoot it down to save face. China hasn&#39;t paid him millions of dollars over the years to stop anything they want to do. "
"bet Adam Schiff and swallwell are lying on their bellies in bed kicking their feet and crying into their pillows because they won&#39;t be invited to the gang of 8 meeting"
"Miss Him yet?"
"Where’s Nancy?  Is she home?  🔨 "
"We need to make sure the MAGA Crazy Train doesn&#39;t cut the defense budget as part of debt ceiling discussions!"
"this is treason  biden and harris should resign "
"suspected <a href=""https://www.foxnews.com/politics/spy-balloon-likely-sent-extensive-intelligence-to-china-experts-say"" target=""_blank"" rel=""noopener"">Chinese spy balloon</a> — which was said to be carrying sensors and surveillance equipment — as well as President Biden&#39;s decision to shoot it down.so the balloon was carrying joe&#39;s decision?  say what?"
"What about the 3 Chinese balloons that entered US airspace during the Trump Administration?"
"Rather than get &#34;spin&#34; briefing from Biden, they should get the real information from one of their in-house China collaborators like Eric Swalwell or even Hunter Biden. "
"While a Chinese spy balloon is problematic what really is important is changing kids gender and teaching race baiting in schools.. I am puppet joe and I approve this message"
"Right!!! Democrats will throw it under the rug."
"why not just ask eric swalwell to ask fang fang what’s  the deal  balloons? i’m pretty sure they still have plenty of ways to communicate.  "
"Did anyone else wonder why it was that we missed crazy Pelosi fail to be the one handing the gavel over to McCarthy?? What a wonderful moment that would have been to witness!"
"If they can&#39;t afford satellites, we probably don&#39;t have anything to worry about."
"McCarthy was just presented a golden opportunity to viciously go after this administration. He sure made a lot of promises to do so to get his position but now it’s time to see if that dog hunts "
"Democrats have weakened this country and we know it and if a war breaks out during Biden&#39;s term and it goes bad...guess who Dems will blame?...if your thinking anyone but them you would be right."
"so, when they say &#34;top level briefing&#34;,  it must be coming from somewhere besides the biden administration -right? because, if it&#39;s coming from that clown-show, there would be nothing &#34;top level&#34; about it."
"I hope those high-level congressional folks has the decensy to get that info onto the American public. "
"That balloon went down like Sleepy Joe’s Approval Ratings. "
"US Defense Officials have never heard of transmitters. "
"“It was Oz taking Dorothy and Toto to the beach”—Top Level Briefing"
"The USG used balloons to “see”‘everything along the Caribbean corridor to interdict drug smuggling.  "
"How about telling the American people so we can know and not our overpaid political leaders who when talking just prove &#34;when their lips are moving they are lying&#34;. Because we are tired of being lied too."
"Will Schiff be at the briefing? Oh, that’s right, No!"
"We spend how much for radars?"
"The most Transparent administration in the history of America 🤡"
"Top level? Hope it&#39;s not given by Biden"
"What fiasco, Fox? They detected the balloon and shot it down at the opportune time. McCarthy was briefed days ago."
"US Defense Officials claim they shot down the balloon before it could use 1960’s technology to transmit all collected intelligence back to China. "
"Stolen elections have consequences. "
"it’s a little early but let the election spin begin…"
"Hunter would like a copy of this meeting, please."
"Biden did it so you&#39;ll forget about the 2500 cartons of documents and 450 gigs of data he stole."
"The Chinese just couldn’t believe we are paying $8/dozen for eggs and wanted to see it for themselves for a good laugh."
"There’s more evidence of Democrats cheating in 2020 than Russians hacking or interfering in 2016. "
"Ukrainians Protecting Their Borders:  Heroes Americans Protecting Our Borders:  Non-Existent "
"When is Mueller Time?"
"Biden is a Disaster. Trump.  Right.  Again.  "
"The walls are closing in.  On Obama.  "
"Biden Did That Too!"
"We popped their balloon. All is well "
"The only black in Kamala Harris was Mayor Willie Brown. "
"$8 for eggs.  The Chinese needed proof of how bad it is.  "
"Evidently, the Pentagon has never heard of transmitters.  "
"Obama was last seen at a Subaru dealership looking for a Legacy. "
"Balloongate.  Another short national nightmare is finally over. "
"51 US intelligence officials sign a letter saying .... "
"Has Biden been briefed yet?"
"Biden voters:  Embarrassed Yet?"
"I guess Santa Claus gets through NORAD just as easily. "
"I guess they don’t work weekends. "
"Hopefully Swalwell and Feinstein will be excluded! "
"51 ex-Intel officials are either really incompetent or really corrupt.  Let’s try both. "
"Note to the Biden administration: Don&#39;t lie."
"Biden waited so long because he is an honorary member of the CCP."
"Schumer says Biden&#39;s actions maximized the US in gaining intel on the US"
"Obamagate.  All crooked roads lead to Obama hanging. "
"Why use a missle and destroy the one thing they need from the balloon?"
"Makes you want to vote democrat doesn’t it."
"Can anyone actually name anything this so called gang of eight has accomplished??????"
"BalloonGateWhat did Sleepy know?  When did Creepy know it?   When did Clueless Joe forget it?"
"Republicans have been deeply emotionally traumatized by a balloon."
"so chuck you claim it to be a weather ballon so what intel did you gain you living lib. Nice try on the 3 balloons during trumps time in office."
"Lets stick together and keep it non-partisan"
"Yeah, who is doing the briefing, more swamp creatures. "
"china Joe has a lot to answer for"
"Fiasco? Biden. Prison. "
"Yeah, who is doing the briefing, more swamp creatures. "
"china Joe has a lot to answer for"
"Fiasco? Biden. Prison. "
"I’m sure this briefing will be packed full of lies."
"Oh boy!"
"Tree + Rope + Obama = JUSTICE "
"Tanned. Rested.  Ready. Trump 2024"
"Americans don’t want Hearings.    We want Hangings. "
"He’s worst than Carter now for sure"
"&#34;Congressional leaders&#34;, is an oxymoron, eh?"
"Anybody believe Biden&#39;s clowns will tell the truth? If so, call me I have some ocean front property in Arizona that&#39;s for sale."
"Chinese sneak attack......A very famous saying.I wonder why......"
"Spying illegally on political opponents…how Putinish of Obama…"
"🔺MAGAts hate America. 🔻"
"President Poopy pants strikes again"
"They had the opportunity to take it down before creeping coast to coast, however they were probably hoping it would complete it’s mission without notice to not ruffle any feathers with China. It’s becoming more evident how many in our government and institutions are intertwined with China. American sellouts."
"The only reason we know about this is because it was photographed by a US civilian. Otherwise we would read about it 20 years from now."
"The law enforcement and intelligence agencies have become so politically compromised under Biden-Harris, can they even be trusted to brief the representatives of the people honestly?"
"what a fiasco. that balloon should have been shot down within minutes of entering our territory. at this point it is just salvage recovery of anything that we can find. the Chinese have already gathered their Intel at home base. they could care less about that balloon now because they already have what they want. will Congress act after the fact?"
"I could give that briefing in one sentence; &#34;The balloon was shot down after it completed its mission.&#34;"
"Why would I believe anything that corrupted agencies report and especially the likes of Schumer. "
"Did I miss reading in this article WHEN they are poised to have this meeting? It would be informative to know WHO is giving this briefing. I’d think something of such a national security issue would have caused them to hop to it with an immediate date time and specifically named briefers, especially since there are a lot of trust issues occurring with Intelligence etc. personnel. "
"&#34;Top Level Briefing&#34; = No information for American citizens, some air-time and a nice catered meal for some politicians."
"Blank Stare Biden now claims he flew his specially designed balloon to take Dorothy and Toto back to Kansas and made a right turn at Albuquerque."
"Thanks XI, they are no longer talking about all the places that I stashed top secret documents.  Love, Joe."
"Uh..., they should have received a top level briefing at the earliest possible time we were aware it occurred..., not after it became an international failure and cluster..."
"It had to finish it&#39;s mission before joe could get his 10%"
"Congress/Senate please be sure to ask why Biden wasn’t in a command center involved in being informed, advised and present in case a critical decision was needed to be made right as they were preparing to take down an invading spy craft? Instead, his priority was traveling to a private luncheon and giving up all of 5 seconds of his time, saying, “It was fixing to be taken care of.”"
"Americans, so not let our country deteriorate further.  We are weak and vulnerable to attack on our own soil.  Contact your elected officials to deman immediate impeachment of Biden and Harris.  

Meanwhile the world laughs at America.  The entire Biden administration has sold out America."
"Schumer is at it again, more propaganda from the top Democrat in the Senate.  If it wasn&#39;t for a photographer in Montana, it may never be informed by the Biden administration. "
"Good thing Schiff is gone, he would leak the information."
"We can’t protect America from Fentanyl, cartels, or balloons. "
"We want term limits! Even if everyone starts at year zero. Term limits now!"
"&#34;We are five days away from fundamentally transforming the United States of America” - BO - how’s that working out?  We are $32trillion in debt - soon, we shall default for failure to even pay the interest … the republic is fundamentally dying.  Maybe war is our only hope."
"They&#39;ll recover the balloon and discover there&#39;s not a single camera on board and the most threatening intelligence gathering equipment on it was a thermometer because Republicans fear science more than Chinese spying."
"I can hear the briefing now. Nothing was really found that we could detect it’s going to take a bit longer to analyze. The salt water damaged a lot  we did find a letter addressed to Joe with a check enclosed "
"The Republicans are talking about passing a resolution condemning Biden&#39;s response ahead of his State of the Union address tomorrow. Responsible legislators would get the information first and make relevant conclusions based on knowledge instead of putting forth conclusions before they know all the relevant facts. "
"Top Level in the Federal Gov&#39;t? BwahahahahahahaThere is nothing top level about our gov&#39;t. "
"=&gt;The United States must project strength to deter China – this failure is another example of weakness by the Biden&lt;=  The balloon was a trial run by the Chinese to assess our vulnerabilities....Now they know and will be rooting for Biden to be re-elected....The Chinese respected Prez Trump who would have shot it down the minute it was identified and entered US Airspace......He might have confronted China and sent not only the Secy of State to Taiwan but a few American generals as well...We have a weak president, we live in a weak country because of him and the Democratic party who is more worried about taking away your gas stove to save the planet........You treat a bully the way they treat you...."
"We&#39;re planning on wasting time in congress on this as well? Only questions that need to be asked there should be why it was allowed to go all the way across instead of shooting it down with something low caliber so it could land softly. // orWhy did Biden mess this up too. "
"Schiff says he has evidence that proves whatever he claims."
"Who cares?  Congress is going to be told just what the administration wants to tell them."
"They want answers?  Never going to happen, just more gaslighting! The Biden administration isn’t held accountable for anything!  SOU will be a sham, more gaslighting and nothing of importance to the people will be addressed. It will be a “pat joe on the back” lengthy statement! "
"Last time I checked, we spent billions annually for radars and satellites to track everything anywhere in or outside the Earth’s atmosphere. Evidently, the Chinese have discovered our weakness. A balloon. "
"Maximized our intel gain?  Obviously Schumer is content that the PRC has obtained every bit of information they were seeking to get.  This man’s elevator is not stopping at the top floor."
"It’s hilarious that hacks are still getting sound-bytes from Schumer even though he’s been kicked off the committee. "
"Where is the 2nd balloon? They announced a second balloon was out there &amp; then suddenly they stopped talking about it."
"My radar can see a school of fish working a small area from 50 miles away. "
"The briefing should have happened when the thing was over canada.  Can’t wait to see what the democrats in attendance leak for the benefit of their chinese overlords."
"China could have just launched an attack on the US with all of their forces...and if trump said &#34;i would not allow this&#34;the dems and liberals would be out in full force screaming &#34;we support China&#39;s attack on the US....&#34; and for only one reason.unbelievable psychopathic TDS..."
"Don’t blame me.  I voted for the Legitimate President without Dementia. "
"Be advised, Congressional leaders. You will be sold a fictitious story and a boatload of lies similar to the FBI’s story of Russiagate and the ‘insurrection’ committee."
"Given the gang of 8 includes dims, you can be assured that meeting will be leaked to CNN/MSDNC if it serves the narrative. "
"Joe Biden will be go down in history as the worst President of the United States of America Ever!"
"Of course the democrats will praise poor old Joe for his negligence with regards to this espionage incident.  The democrats are a dangerous cabal "
"American Tax Payer Bailouts for Corporations that have, &#34;Made in China&#34;, on their Products is good, according to your Party Leaders. Party Members, no it isn&#39;t.Hopefully China doesn&#39;t put &#34;Sanctions&#34; on us, if they do, we will be in big trouble, we&#39;ll have to Bailout their Corporations for years to come."
"The billionaire Koch brothers have said they WILL NOT financially back trump in 2024. They state they WILL back anyone else.Trump is done."
"So 40% of Americans actually trust a guy with dementia pretending to be leading them? Really crazy world now. THX Mr Magoo bidumb. "
"Who in the Biden administration is qualified to give a &#39;top level &#39; briefing on anything except gender reassignment and pronouns ???If you want to know what intelligence was gathered from the surveillance balloon that was allowed to meander across the entire US for a full week, contact China. The balloon was transmitting info and photos the entire trip in real time. The scraps we pick up now are useless -- it&#39;s all for show. "
"I sure am glad George Floyd wasn&#39;t alive to see this."
"I give the military credit for being smarter than the president &amp; those calling for an immediate shoot down. It was shot down without being over any populated area. Satellites can read license plates on cars so no new intel was going to be gained by China. Given the deflection pattern possible from an object the size of 3 busses falling 60,000 ft., possible breaking up, etc... a projected impact area would have been huge. Why risk it as it posed no threat?   "
"While Biden proud of the information we gained from the balloon. He totally ignores the vast amount of Intel the Chinese gained. "
"No one would believe it if it actually just turned out to be a weather balloon.  China would never think to use a satellite to spy instead.  Balloons the size of three school busses are much more efficient and undetectable. "
"no worries . aoc and the squad have everything under control."
"Just closing the barn door after the horses got out. Can this Administration do anything correctly?"
"Now that they shot it down, I wonder if Hunter has to give the art money back????"
"It will probably do just as much good to go to a day care center and tell the children..."
"Political maneuvering to make an excuse to get in front of a camera.  Inside the meeting they are having drinks and cigars and talking about the Super Bowl."
"Dems twisting the truth again"
"Schiff is currently looming for hard evidence that Trump is colluding with China."
"The Pentagon said Thursday it <em>&#39;acted immediately&#39;</em> to counter a collection of sensitive information, although Military officials decided to take out the balloon exactly <em>one week </em>after they first discovered it in Alaska. However, President Biden was not made aware of the balloon until Tuesday, when it was over Montana.<strong><em>&#34;Immediately&#39; doesn&#39;t exactly equate to one week</em></strong> during which China was able to collect information across 4000 miles. There&#39;s a big fail here with both the military, intelligence agencies and the cognitively impaired president."
"it was over the water before it was over the land. Not accepting the safety lie."
"Because no one in the US military or Intelligence entities knows exactly what happened, Xi has offered to personally come and tell Congress what China accomplished."
"It&#39;s impossible for this administration to show anything other than weakness. I really don&#39;t know how people keep getting disappointed. "
"Can the Whitehouse write a storyline that quick? "
"If Joe would have allowed the balloon to be shot down before it crossed the entire country, he would have angered the CCP."
"Democrats vote Democrats no matter who or what is running as long as it is not a Republican. The China Balloon sent intelligence back to China, conclusion no intelligence in Blue States,"
"“Fiasco” is a nice way of saying it. By itself it would be bad enough. But we’ve already experienced the Border Fiasco, the Green Energy Fiasco, the Afghanistan Fiasco, the Inflation Fiasco, the Classified Documents Fiasco, etc., etc.  Biden should seek a legal name change to Don Fiasco. It’s fitting."
"From the same guys that said Trump was a Russian spy, or that Ukraine would fall within 72 hours after Russia invasion? "
"We all know that...EVERYTHING Biden and his administration does is for the good of China and others and NOT of America or Americans."
"If anyone in Congreve thinks for a micro-second that they will get a full disclosure from the WH “Gang” (that in itself is a JOKE) then they are mentally incompetent and need to step down."
"“Look mommy!  Look at the pretty Chinese spy balloon!”—Sleepy Joe to Dr. Jill"
"Obama has over 30,000 stolen classified documents outside of Chicago he is hiding from America.  "
"as if you can believe anything from the slow joe and the ho admin."
"I got the same number of votes as Kamala Harris.  Zero. "
"This wasn&#39;t a spy balloon at all, they are lying to us once again. This was a test run to determine if balloons could be used to deploy lethal viruses by dropping exploding vials of viral material periodically as the balloon crossed the U.S. with each vial spreading the deadly virus across a large area.  This is the first step in China conducting biological warfare against the U.S.  
Biden Failed to protect us.  Joe Biden is a weak minded, sniveling,  spineless, worthless, lying, coward. 
This would not have happened under a strong President like Trump."
"Guaranteed Jeffries knows exactly what is going on an who is really running the place. He sure knows who laundered the crypto money for him to secure his seat, he is no better than Maxine, he just covers it up better "
"Congress is a day late getting briefings.  These people should have been made aware of what was going on when this was over AK.  The GOP should start to bring in these people and make them answer in front of the cameras for the citizens to see."
"Adam Schiff, and that other clown said it was only a toy balloon."
"Don&#39;t tell Schiff or Swallowell!"
"“shooting down the balloon over water wasn’t just the safest option, but it was the one that maximized our intel gain,&#34; "
"So if a drone flies over or even in the white house do they wait until it&#39;s out of the lawn to shoot it down?   "
"A little too late. This should have happened as the balloon approached Alaska. What was Lisa Markowski doing then? At least the GOP will get the names and faces of the folks who messed up. Attendees should keep in mind they are being briefed by maybe the same folks who didn&#39;t tell the country about previous incursions, and also tried to falsely implicate the Trump Admin to hide their incompetence."
"...&#34;The bottom line here is that shooting down the balloon over water wasn’t just the safest option, but it was the one that maximized our intel gain,&#34; Schumer said at a Sunday press conference.ie:<em>We should allow China more opportunities like this so we can gather more intel!</em>"
"Whatever briefing they received was a bunch of lies designed by the propaganda wing of the Democratic Party (CBS, ABC, NBC) and congress knows it!!! Why would we wait until it crosses the entire US. Why wouldn’t we shoot it down over land where it would be easier to find? We can track a golf ball being hit and within seconds know exactly where it will land within inches. Why would we use a sidewinder to shoot down a balloon and not bullets??Because they wanted it completely destroyed and difficult to find that’s why!!! This administration is completely compromised!!!!"
