"this is exactly what a trader of our country does. sell us off and pocket the money. they could care less about our sovereignty and the citizens that have served this country and even given their lives for it. our flag to them is a joke and our Constitution and Bill of Rights is what they say it is. the day is coming that these traders will not be able to get away with this. either a prison cell or a rope."
"There&#39;s too much smoke surrounding Hunter, Joe and their associates for there not to be a fire.  "
"little hunter always surrounded himself with the best people.His father taught him that trick."
"China should be 100% banned from ever purchasing any American companies or real estate! And any politicians in favor of doing business with China at the expense of our national security should be charged with treason......PERIOD!!!"
"So I guess the best way to minimize tensions with China is to let China own the U.S.  Who knew it could be that simple?"
"If at this point you don&#39;t think China is controlling the puppet in the Whitehouse, I have some ocean front property in Montana to sell you. CHEAP."
"democrat and chinese communist collusion "
"Jim Bulger, chairman and co-founder of the Boston-based Thornton Group financial advisory firm, forwarded an email in January 2014 from associate Mike Leonard proposing a meeting among Hunter Biden – whose father, Joe Biden, at the time was vice president of the United States – Bulger, and Rosemont Seneca co-founder Devon Archer.”"
"Biden and his crime family are just fine with selling out America to maintain their way of life. They have been doing it for so long, they no longer think there is nothing wrong with it. "
"The left sells out on the USA,  just like all those people who are selling land to the Chinese."
"Crooked Hunter Biden had an affair with his brother’s widow, cheated on her with a stripper and got that stripper pregnant. Creepy Dementia Joe says Crooked Hunter is the smartest and nicest guy he knows."
"I hope you folks don&#39;t view this as an isolated incident of the current administration.  This is how the global powerful/wealthy/connected elites operates.  All these people are corrupt in how they obtained their wealth/power/position."
"The Biden administration warned of a Chinese Communist Party front group that seeks to “co-opt” state leaders as part of Beijing’s sprawling foreign influence operation. Emails from Hunter Biden’s laptop show the first son and his business partners helped the organization gain a foothold in the United States while his father was vice president."
"There&#39;s no way the big guy doesn&#39;t know anything about Hunters business dealings."
"<strong>Hunter Biden Helped Communist Chinese Group Gain Foothold in U.S.</strong>"
"Think I&#39;m going to change my last name to Biden so I can do whatever I want with no consequences. "
"isn&#39;t execution still punishment for treason ?"
"WAPO article saying how great it is for China to purchase American companies... who would have thought?... "
"Bidens and the Bulgers.  The perfect crime partnership. "
"these are the kinds of people running our country right now, not just biden, but all of them.  That&#39;s why that balloon wasn&#39;t shot down when it should have been."
"So tired of reading about the Bidens ties to China, we all know that nothing will be done as long as he is in the White House, he is fully protected by every agency that the taxpayers fund.  We have a crook and his son and no telling who else behind the scenes running this country for China&#39;s best interest.  Shameful!!"
"&#34; I had no idea Hunter was on the board of Burisma. I thought he was in the basement doing coke and bopping his sister-in law!&#34; -Creepy Dementia Joe"
"The bidens have been selling us out to our enemies for over 30 years."
"Name on decent thing about Hunter Biden!  he is neck deep in fraud, criminal friends, Drugs, and in the end treason. No spin will cover up his actions."
"More proof the CCP owns the Criminal Biden family."
"Sober is better?? LOLI don&#39;t know after reading that if Hunter wants to be sober right about now! The nephew of the former leader of the Winter Hill Gang and Biden Inc. working together.So, these two families cover Delaware, Boston, and D.C.??"
"<strong>The bloody Biden and Bulger files</strong>The namesake nephew of bloodthirsty Boston mobster James ‘Whitey’ Bulger worked closely with Hunter Biden in his Chinese business ventures."
"Family of sellouts $$$$$ means more than loyalty to them."
"About 30 years ago, china stated they would defeat us economically and not militarily and they are a very patient people to wait it out.Look at where we are now.   They control everything from our medications to electrical equipment for our power grids."
"One Who Would Rather Sell America For A Quick Easy Fix... Than Invest In Its Future."
"Hunter says they can get by with selling out America because of “plausible deniability”. "
"Track down Joe Biden VOTERS and add MISERY to Their Lives."
"Biden, his family, and friends are Traitors to America!"
"The Bidens business deals could have a devastating effect on our safety. We would be doing ourselves a favor to not allow China one inch of American soil."
"It’s called “paying the Dane-Geld”. Look it up."
"The world&#39;s worst used car salesman would be reluctant to shake hands with this sle.ezebag. "
"Biden used his own son for political gain and money. Yep, his compassion is why the border is wide open, ask NY Adams if he still believes that.The Biden&#39;s are wicked evil and have turned the 3 branches of the federal government against it&#39;s people. He used his own son for gain, what makes anyone think he cares about America."
"Amazing- Trump accused of being a Russian stooge.  Now we find out that the Bidens are apparently in China&#39;s back pocket."
"Biden and his admin does act like a mob boss"
"Of course. Hunter and the Big Guy have to keep getting their $$$"
"Meanwhile our worthless FBI, NSA, CIA and political class sit by and do nothing while permanent damage is down to the USA. The leadership team at everyone of these agencies should be fired."
"It might not be a good idea for your enemies to have control of your assets."
"&#34;No, No it was my Lap Top, Hunter borrowed it and wanted to give it back to me but first he dropped it off at <em>John Paul Mac Isaac&#39;s </em>repair shop<strong> </strong>to be worked on.&#34; .........Oops"
"The smell of TREASON lurks in the DARK HOUSE!THE &#39;BIG GUY&#39; AT WORK DESTROYING US AND THE COUNTRY SIMULTANEOUSLY. "
"EVERY major Chinese company is directly tied into their government with a party liaison.Seems like a bad idea."
"n a July 22, 2014, email, first <a href=""https://www.foxnews.com/politics/hunter-biden-said-happy-introduce-business-associates-top-ccp-official"" target=""_blank"" rel=""noopener"">reported by Fox News</a>, Bulger sought to arrange a meeting between Tung — the first chief executive of Hong Kong after the island reverted to Chinese control in 1997 and two executives of the BHR Partners company, CEO Jonathan Li and committee member Andy Lu."
"I think it’s safe to say Biden’s not just Hunter"
"He must have thought it great that the Chinese were buying the Biden Crime Family"
"I&#39;m so glad that republicans are focused on a guy who&#39;s never been in government and isn&#39;t currently in government now because then they would actually have to focus on somebody who is or was. "
"We are all surrounded by anti-American DemocRATs!"
"hmm, i wondered why teledoc was pumped by the media as a stock that would flourish when biden takes the presidency .. TDOC has fallen to pre-covid prices, i guess it didnt take off as he hoped .. "
"The Biden Crime Family - &#34;Selling out America is our business&#34;"
"again....
Tic Toc
Tic Toc
Tic Toc
Tic Toc"
"Imagine having your taxes made public and it shows you made millions from China while president and while claiming democrats and specifically Joe and hunter were doing exactly what you did. Trump knows that feeling well."
"That settles it, Biden must be the worst president in history, since his son&#39;s friend approved of Chinese capitalism!"
"So 9 years ago, Hunter was asked to help move a business license forward. Thanks for another nothing burger Fox.Wake me up when there are actual crimes that JOE Biden has committed, and if/when you produce that evidence, I&#39;m all for holding him accountable per our laws. Something Trump supporters can&#39;t say about their con man. "
"WHY IS HUNTER NOT IN PRISON  ?"
"<strong>October 2015: Trump: &#34;That&#39;s true&#34; that Trump clothing line is made in part in Mexico and China.</strong><blockquote>WALLACE: &#34;But this brings up the point, the conservative American Enterprise Institute says, look, Donald Trump, he owns a dozen hotels, properties, all over the world.  Your Trump Collection clothing line, some of it is made in Mexico…&#34; TRUMP:  &#34;It&#39;s true.&#34; WALLACE: &#34;…and China.&#34; TRUMP:  &#34;That&#39;s true. I want it to be made here.&#34; (Fox&#39;s &#34;Fox News Sunday,&#34; 10/18/15)</blockquote>"
"Tung has been vice-chairman of the Chinese People’s Political Consultative Conference National Committee since 2005, according to its website."
"Never never EVER bite the hand that fills your bank account "
"The revelation of the planned sit-down involving Hong Kong shipping billionaire Tung Chee-hwa came amid renewed scrutiny of Hunter Biden’s controversial overseas business dealings,"
"&#34;&#34; calling the article &#34;d--- good&#34; .  Well, we all knew Hunters Typical Preference for lovers, but, here we now have this dude saying ---- (see quote above).. AC/DC????"
"HOW TO SELL AMERICA 🇺🇸  ? 💻 BY HUNTER BIDEN "
"Companies that produce parts for US military and farms near US military sites?"
"Trump had his clothing line manufactured in China ... he bought Chinese steel to construction one of his hotels ... had a bank account there ... paid taxes there (more than he paid here) and he lobbied the Chinese to grant special consideration for trademarks applied for by Ivanka.   What a piece of ripe cheese ....  "
"What would you expect of this guy since the Bidens are such crooks taking bribes and getting permission from China to make decisions. "
"Criminals and birds of a feather think alike and stick together …10 percent for the Big Guy "
yep
"The Bidens.  The only family that can make the Kardashians look good in comparison."
"Wow, a guy knew a guy that said a newspaper article was good!  The greatest scandal in American History!"
"Trump should have hired Biden&#39;s accountant and he wouldn&#39;t have had to hide anything and his accountant wouldn&#39;t be in prison.  Just saying. "
"<strong>Amazing </strong>deal that Hunter has worked out where he pays ZERO RENT for your REPUBLICAN MINDS!"
"What would FOX do without these lame Hunter Biden stories to trigger the rubes?If there was no Hunter Biden, FOX would have to invent him. In fact maybe they did"
"Biden has a beach house in Delaware. 😂"
"Why is Washington Post publishing opinions on who owns companies? Straight up unabashed MSM fascism. and they see nothing wrong with it.."
"<strong>Fox News number one target for its viewers in 2023.</strong><strong>Hunter Biden and his laptop</strong>"
HBS
"What does “lavished praised” mean?  Can Fox News reporters spell?  "
"Individual One is in the news too but fox avoids it"
"Only way out for Hunter, is to commit Hara-Kiri, like Bernie Madoff’s son."
"Biden has a beach house in Delaware. 😂"
"Why is Washington Post publishing opinions on who owns companies? Straight up unabashed MSM fascism. and they see nothing wrong with it.."
"<strong>Fox News number one target for its viewers in 2023.</strong><strong>Hunter Biden and his laptop</strong>"
HBS
"What does “lavished praised” mean?  Can Fox News reporters spell?  "
"Individual One is in the news too but fox avoids it"
"No surprise, really..."
"Only way out for Hunter, is to commit Hara-Kiri, like Bernie Madoff’s son."
"I hear Crooked Hunter Biden is now at the top of the fbi’s least most wanted list!"
"Time to lock Hunter up and throw away the key. Joe, Jim, and Jill should be put in there with him."
"Who cares... If it&#39;s legal then I say shut up about it. If it&#39;s not legal, arrest them."
"Same old very fake news "
"Greedy sellouts. "
"🇨🇳 FANG FANG: LOVE YOU LONGTIME!! 🇨🇳  🎈 "
"this is exactly what a trader of our country does. sell us off and pocket the money. they could care less about our sovereignty and the citizens that have served this country and even given their lives for it. our flag to them is a joke and our Constitution and Bill of Rights is what they say it is. the day is coming that these traders will not be able to get away with this. either a prison cell or a rope."
"There&#39;s too much smoke surrounding Hunter, Joe and their associates for there not to be a fire.  "
"little hunter always surrounded himself with the best people.His father taught him that trick."
"China should be 100% banned from ever purchasing any American companies or real estate! And any politicians in favor of doing business with China at the expense of our national security should be charged with treason......PERIOD!!!"
"So I guess the best way to minimize tensions with China is to let China own the U.S.  Who knew it could be that simple?"
"If at this point you don&#39;t think China is controlling the puppet in the Whitehouse, I have some ocean front property in Montana to sell you. CHEAP."
"democrat and chinese communist collusion "
"Jim Bulger, chairman and co-founder of the Boston-based Thornton Group financial advisory firm, forwarded an email in January 2014 from associate Mike Leonard proposing a meeting among Hunter Biden – whose father, Joe Biden, at the time was vice president of the United States – Bulger, and Rosemont Seneca co-founder Devon Archer.”"
"Biden and his crime family are just fine with selling out America to maintain their way of life. They have been doing it for so long, they no longer think there is nothing wrong with it. "
"The left sells out on the USA,  just like all those people who are selling land to the Chinese."
"Crooked Hunter Biden had an affair with his brother’s widow, cheated on her with a stripper and got that stripper pregnant. Creepy Dementia Joe says Crooked Hunter is the smartest and nicest guy he knows."
"I hope you folks don&#39;t view this as an isolated incident of the current administration.  This is how the global powerful/wealthy/connected elites operates.  All these people are corrupt in how they obtained their wealth/power/position."
"The Biden administration warned of a Chinese Communist Party front group that seeks to “co-opt” state leaders as part of Beijing’s sprawling foreign influence operation. Emails from Hunter Biden’s laptop show the first son and his business partners helped the organization gain a foothold in the United States while his father was vice president."
"There&#39;s no way the big guy doesn&#39;t know anything about Hunters business dealings."
"<strong>Hunter Biden Helped Communist Chinese Group Gain Foothold in U.S.</strong>"
"Think I&#39;m going to change my last name to Biden so I can do whatever I want with no consequences. "
"isn&#39;t execution still punishment for treason ?"
"WAPO article saying how great it is for China to purchase American companies... who would have thought?... "
"Bidens and the Bulgers.  The perfect crime partnership. "
"So tired of reading about the Bidens ties to China, we all know that nothing will be done as long as he is in the White House, he is fully protected by every agency that the taxpayers fund.  We have a crook and his son and no telling who else behind the scenes running this country for China&#39;s best interest.  Shameful!!"
"these are the kinds of people running our country right now, not just biden, but all of them.  That&#39;s why that balloon wasn&#39;t shot down when it should have been."
"&#34; I had no idea Hunter was on the board of Burisma. I thought he was in the basement doing coke and bopping his sister-in law!&#34; -Creepy Dementia Joe"
"The bidens have been selling us out to our enemies for over 30 years."
"Name on decent thing about Hunter Biden!  he is neck deep in fraud, criminal friends, Drugs, and in the end treason. No spin will cover up his actions."
"More proof the CCP owns the Criminal Biden family."
"Sober is better?? LOLI don&#39;t know after reading that if Hunter wants to be sober right about now! The nephew of the former leader of the Winter Hill Gang and Biden Inc. working together.So, these two families cover Delaware, Boston, and D.C.??"
"<strong>The bloody Biden and Bulger files</strong>The namesake nephew of bloodthirsty Boston mobster James ‘Whitey’ Bulger worked closely with Hunter Biden in his Chinese business ventures."
"Family of sellouts $$$$$ means more than loyalty to them."
"About 30 years ago, china stated they would defeat us economically and not militarily and they are a very patient people to wait it out.Look at where we are now.   They control everything from our medications to electrical equipment for our power grids."
"One Who Would Rather Sell America For A Quick Easy Fix... Than Invest In Its Future."
"Hunter says they can get by with selling out America because of “plausible deniability”. "
"Track down Joe Biden VOTERS and add MISERY to Their Lives."
"The Bidens business deals could have a devastating effect on our safety. We would be doing ourselves a favor to not allow China one inch of American soil."
"Biden, his family, and friends are Traitors to America!"
"It’s called “paying the Dane-Geld”. Look it up."
"The world&#39;s worst used car salesman would be reluctant to shake hands with this sle.ezebag. "
"Biden used his own son for political gain and money. Yep, his compassion is why the border is wide open, ask NY Adams if he still believes that.The Biden&#39;s are wicked evil and have turned the 3 branches of the federal government against it&#39;s people. He used his own son for gain, what makes anyone think he cares about America."
"Amazing- Trump accused of being a Russian stooge.  Now we find out that the Bidens are apparently in China&#39;s back pocket."
"Biden and his admin does act like a mob boss"
"Of course. Hunter and the Big Guy have to keep getting their $$$"
"Meanwhile our worthless FBI, NSA, CIA and political class sit by and do nothing while permanent damage is down to the USA. The leadership team at everyone of these agencies should be fired."
"It might not be a good idea for your enemies to have control of your assets."
"&#34;No, No it was my Lap Top, Hunter borrowed it and wanted to give it back to me but first he dropped it off at <em>John Paul Mac Isaac&#39;s </em>repair shop<strong> </strong>to be worked on.&#34; .........Oops"
"The smell of TREASON lurks in the DARK HOUSE!THE &#39;BIG GUY&#39; AT WORK DESTROYING US AND THE COUNTRY SIMULTANEOUSLY. "
"EVERY major Chinese company is directly tied into their government with a party liaison.Seems like a bad idea."
"n a July 22, 2014, email, first <a href=""https://www.foxnews.com/politics/hunter-biden-said-happy-introduce-business-associates-top-ccp-official"" target=""_blank"" rel=""noopener"">reported by Fox News</a>, Bulger sought to arrange a meeting between Tung — the first chief executive of Hong Kong after the island reverted to Chinese control in 1997 and two executives of the BHR Partners company, CEO Jonathan Li and committee member Andy Lu."
"He must have thought it great that the Chinese were buying the Biden Crime Family"
"I think it’s safe to say Biden’s not just Hunter"
"I&#39;m so glad that republicans are focused on a guy who&#39;s never been in government and isn&#39;t currently in government now because then they would actually have to focus on somebody who is or was. "
"We are all surrounded by anti-American DemocRATs!"
"hmm, i wondered why teledoc was pumped by the media as a stock that would flourish when biden takes the presidency .. TDOC has fallen to pre-covid prices, i guess it didnt take off as he hoped .. "
"The Biden Crime Family - &#34;Selling out America is our business&#34;"
"again....
Tic Toc
Tic Toc
Tic Toc
Tic Toc"
"Imagine having your taxes made public and it shows you made millions from China while president and while claiming democrats and specifically Joe and hunter were doing exactly what you did. Trump knows that feeling well."
"That settles it, Biden must be the worst president in history, since his son&#39;s friend approved of Chinese capitalism!"
"So 9 years ago, Hunter was asked to help move a business license forward. Thanks for another nothing burger Fox.Wake me up when there are actual crimes that JOE Biden has committed, and if/when you produce that evidence, I&#39;m all for holding him accountable per our laws. Something Trump supporters can&#39;t say about their con man. "
"WHY IS HUNTER NOT IN PRISON  ?"
"<strong>October 2015: Trump: &#34;That&#39;s true&#34; that Trump clothing line is made in part in Mexico and China.</strong><blockquote>WALLACE: &#34;But this brings up the point, the conservative American Enterprise Institute says, look, Donald Trump, he owns a dozen hotels, properties, all over the world.  Your Trump Collection clothing line, some of it is made in Mexico…&#34; TRUMP:  &#34;It&#39;s true.&#34; WALLACE: &#34;…and China.&#34; TRUMP:  &#34;That&#39;s true. I want it to be made here.&#34; (Fox&#39;s &#34;Fox News Sunday,&#34; 10/18/15)</blockquote>"
"Tung has been vice-chairman of the Chinese People’s Political Consultative Conference National Committee since 2005, according to its website."
"Never never EVER bite the hand that fills your bank account "
"The revelation of the planned sit-down involving Hong Kong shipping billionaire Tung Chee-hwa came amid renewed scrutiny of Hunter Biden’s controversial overseas business dealings,"
"&#34;&#34; calling the article &#34;d--- good&#34; .  Well, we all knew Hunters Typical Preference for lovers, but, here we now have this dude saying ---- (see quote above).. AC/DC????"
"HOW TO SELL AMERICA 🇺🇸  ? 💻 BY HUNTER BIDEN "
"Companies that produce parts for US military and farms near US military sites?"
"Trump had his clothing line manufactured in China ... he bought Chinese steel to construction one of his hotels ... had a bank account there ... paid taxes there (more than he paid here) and he lobbied the Chinese to grant special consideration for trademarks applied for by Ivanka.   What a piece of ripe cheese ....  "
"What would you expect of this guy since the Bidens are such crooks taking bribes and getting permission from China to make decisions. "
"Criminals and birds of a feather think alike and stick together …10 percent for the Big Guy "
"The Bidens.  The only family that can make the Kardashians look good in comparison."
yep
"Wow, a guy knew a guy that said a newspaper article was good!  The greatest scandal in American History!"
"Trump should have hired Biden&#39;s accountant and he wouldn&#39;t have had to hide anything and his accountant wouldn&#39;t be in prison.  Just saying. "
"<strong>Amazing </strong>deal that Hunter has worked out where he pays ZERO RENT for your REPUBLICAN MINDS!"
"What would FOX do without these lame Hunter Biden stories to trigger the rubes?If there was no Hunter Biden, FOX would have to invent him. In fact maybe they did"
"Biden has a beach house in Delaware. 😂"
"Why is Washington Post publishing opinions on who owns companies? Straight up unabashed MSM fascism. and they see nothing wrong with it.."
"<strong>Fox News number one target for its viewers in 2023.</strong><strong>Hunter Biden and his laptop</strong>"
HBS
"What does “lavished praised” mean?  Can Fox News reporters spell?  "
"Individual One is in the news too but fox avoids it"
"No surprise, really..."
