"Strikes me as a very precise choice of words here.  &#34;I could not take immediate action because it was not demonstrating hostile act or hostile intent.&#34;.   Translation - &#34;I couldn&#39;t do it on my own, and I didn&#39;t get the authorization from my superiors to take it out&#34;."
"I wouldn&#39;t be surprised if our &#39;woke&#39; Pentagon arranged and allowed it on purpose. Nothing would surprise me anymore. I think the entire D.C. establishment has been turned. They don&#39;t see a problem allowing China to be No. 1. They see a problem with MAGA and those like Trump who oppose this."
"&#34;We utilized multiple capabilities to ensure we collected and utilized the opportunity to close intel gaps,&#34; VanHerck responded. &#34;I would point out, and I think it&#39;s important to talk about it. &#34;sounds like he&#39;s preparing a non-answer word salad "
"He couldn&#39;t shoot it down because there was no proof of physical threat?! So anyone flying a civilian aircraft or any   spy balloon, glider, etc. can enter US airspace and be free of concern that they could be shot down. Either this commander needs to be replaced or whomever makes that call does. I find it hard to believe that is an accurate statement. This administration needs to stop lying to us."
"&#34;The U.S. Navy and Coast Guard are currently working to recover debris from the surveillance craft, and pieces of it are already being transferred to the FBI&#39;s facility in Quantico for analysis.&#34;Well if our FBI has it you can forget about finding out any information on it. They FBI works for the Biden Crime Family and the Biden Family works for China."
"So collecting information on our military installations, research facilities, and stealing corporate secrets does not pose a direct threat. So when do they decide if a missile is a direct threat, after it detonates?  "
"Under the current world situation and considering the recent threats the Chinese Communist Party has made, there is absolutely no excuse to allow an Chinese Aircraft of any kind to cross into US Territory, yet alone travel across the country for 5 days!  It falls right in line with the Biden Border Invasion! "
"NORAD statement: &#34;It was my assessment that this balloon did not present a physical military threat to North America,&#34; VanHerck said Monday. &#34;This is under my NORAD hat and therefore, I could not take immediate action because it was not demonstrating hostile act or hostile intent.&#34;My Question: If China sends manned aircraft into American airspace, might NORAD make the same statement? Explain!"
"When the aircraft (balloon) entered Alaska airspace over the Aleutian Islands (largely uninhabited), &#34;officials assumed out of an abundance of caution there may be explosives aboard the craft meant to destroy it&#34; and therefore didn&#39;t shoot it down.  The only collateral damage would have been harbor seals since very few people live in the Aleutians."
"The government&#39;s excuse manual must be a pretty thick book, they have several excuses for each failure."
"So they can fly anything over our country, while we just sit and watch, to collect information on our bases as long as it does not pose a “physical military threat”? C’mon General, spin better than that. He just confirmed that they had the opportunity to take this thing down in the Pacific and waited and waited and waited until it had gone over to the Atlantic. Why did it pose a “physical military threat” over the Atlantic but not the Pacific? So, as he said, they assumed it had explosives on it, did not shoot it down in the Pacific, instead let it make its way next to our military bases? How exactly is that not a physical military threat?"
"So, couldn&#39;t they have just poked a few 20mm holes in it instead of blowing it up with a rocket?  That way maybe it would just slowly descend instead of come crashing back to earth.  I thought these type of balloons are little more durable, or would a cannon round like that pop it...  "
"<strong>So at 12 miles up, that balloon can drop small ampules of animal and crop diseases on our agricultural areas. Mad cow disease in England came from Chinese tourists visiting farms in northern UK back in the day. That did not end well for farmers there. Here it&#39;s easy to spread avian flu that way and destroy our domestic chicken and  egg production. Also, watch for an uptick in illnesses in CHILDREN in the areas that balloon hovered over. The democrats are so gullible (or corrupt) any type of attack has become possible.  How can mere voters get through to our government that we are under attack by tricky weapons if the Biden Regime doesn&#39;t even consider protecting our borders?</strong>"
"Does the rule for not taking immediate action because it was not demonstrating a hostile act or intent apply only to unpowered aircraft or to all aircraft?  Would a Chinese spy plane that clearly does not have weapons but is loaded with sensors be allowed to fly over the US?  So long as it never flies over our Atlantic territorial waters, would it not be brought down?  Actually, the balloon had some sort of propulsion because it has been mentioned that course corrections were made, so I suppose they could send over aircraft.  Perhaps to save the CO2 emissions from having to fly over the Pacific, we should take the photos for the Chinese ourselves.  We could email them to China using servers powered by green energy!"
"this is known in the corporate world as sending up a trial balloon.  ie, try it and see the response and then know how to act accordingly."
"The balloon was not demonstrating hostile action or intent...seriously? Was it there for a Sunday outing?  Another failed General that needs to be replaced asap!"
"It took this Fred Flintstone-tech balloon to travel from the Aleution Islands to the Atlantic Ocean before it was shot down?  Who is running this place?"
"wow we have top generals who are more concerned with playing nice with our enemies than protecting America. that my patriot friends is a huge problem."
"Could be true, but prove it. Balloon flew over critical military bases, and that doesn&#39;t appear to be accidental. "
"Somebody is not telling the truth. So you watched the balloon traverse all of Montana, a state with less than 1.2 million people and you couldn&#39;t declare a 10 square mile debris field to down the craft? Important to note this craft is moving at maybe 30 MPH very predictable fallout zone. Somebody is covering something up, I smell a rat..Oh and hey it is a balloon, puncture it and the decent is much slower...."
"The President and the PM of Canada  allowed the Communist Chinese Government to gather much valuable Intelligence Data about Alaska, Canada, and the rest of the US as possible instead of directly dealing with the threat and shooting it down before it entered the Sovereign Territories of either Country. It flew over both the US and Canada, and neither Leaders did anything about it.  "
"Apparently they were able to “Immediately” access that it had no biological or nuclear weapons on board and had no surveillance equipment on board!  Right?  "
"&#34;The domain awareness was there as it approached Alaska. It was my assessment that this balloon did not present a physical military threat to North America,&#34; VanHerck said Monday. &#34;This is under my NORAD hat and therefore, I could not take immediate action because it was not demonstrating hostile act or hostile intent.&#34;Without demonstrating a hostile act or hostile intent he will let any object fly over U.S. territory?  If it was a soviet bomber not demonstrating a hostile act or hostile intent he will let if fly over U.S. territory?"
"If this incident doesn’t prove Biden is a CCP asset, then nothing else ever will."
"Reminds me of the &#34;peaceful riots&#34;."
"Would China, N Korea or Russia allow a spy balloon to enter their airspace?

Last I checked... if you are an American citizen and fly into restricted airspace you can be shot down immediately by the military.

Like our border... rules don&#39;t apply to foreigners... "
"The FBI is evaluating military hardware?When did THAT become part of their expertise?Most of this story is a lie.What happened is that Slow Joe has long ago sold out to the Chinese so the Biden regime is quite happy to have Chinese spy satellites overfly America.But an ordinary citizen detected the balloon and the word leaked out and over a period of days pressure built for Slow Joe to &#34;do something&#34;.So he waited until the Chinese spy mission was complete, and had the balloon shot down with the approval of his Chinese masters."
"“I could not take immediate action because it was not demonstrating hostile act or hostile intent.”That’s a rather risky and traitorous assumption by the general.  I don’t know how he knew that it didn’t pose a threat.  This thing could be carrying biological weapons that could be dropped to the ground at any moment and this could potentially kill thousands of Americans on the ground.  It could have been carrying EMP weapons that could disable aircraft and kill passengers.  "
"One??  You saw one??  There were more than one of those cruising the airways.  Which one did you see??    Tell me that thing didn&#39;t stand out like Michael Moore at an Atkins diet conference."
"&#34;I could not take immediate action because it was not demonstrating hostile act or hostile intent.&#34;It’s not as though there was a human being on the airship.  By his standards, foreign airships and aircrafts have to start a war in our skies, before they’ll care about what they’re doing here… even when we know they’re doing something wrong and dangerous to the U.S.  This is scary, folks!"
"What if the next balloon is carrying a nuke? How can they be certain the balloons do not pose a threat unless they are cooperating with China. "
"General VanHerck needs to grow a pair.  I am shocked we have so many limp-wristed military commanders today."
"Biden allowed the southern border to be wide open so I see why they would let the same happen with a spy balloon.  "
"&#34;...could not take immediate action because the balloon did not pose a direct threat.&#34; But when it passed the Carolinas and was above the Atlantic Ocean, I understand it DID pose a threat. LOL.This is some administration."
"An abundance of caution would mean that you shoot it down before it reaches heavily populated areas."
"I can&#39;t wait until a Republican is back in the WH in &#39;25.  He or she will once again put adults in-charge of our military."
"What do you mean didn&#39;t pose a threat?? You had no idea what that balloon was carrying!! "
"The geniuses at the Pentagon would have changed their tune if that balloon had drifted over the White House or the Capitol. THEN they would have detected a &#34;threat&#34;. But not when it overflies the citizens."
"The governor of Montana said that if the military shot it down over his state, it&#39;s likely the only thing the debris would have hit would have been antelope or prairie dogs. "
"Perception is reality, and the perception is the US is weak. "
"..NORAD  tracks   Santa  Clause   too!..."
"Not very reassuring. I wonder how many other “purely peacefull” balloons with thousands of pounds of gear have floated over from China/Russia and NORAD decided not tell anyone??"
"I guess that debris will get put on the shelf next to Hunter&#39;s computer? "
"&#34;VanHerck also said officials assumed out of an abundance of caution there may be explosives aboard the craft meant to destroy it.&#34;
Let me get this straight. When it was above territorial waters around Alaska, VanHerck&#39;s decision was that it didn&#39;t pose a threat and you didn&#39;t shoot it down. Then when it was over the US you thought it could pose a threat and didn&#39;t shoot it down.
The lies are piling up. This does not make sense."
"Sounds like something someone in Biden&#39;s genderless administration would say. How does this guy not realize that spying is an imminent threat to the country? This is not the right guy to be in charge of anything, let alone NORAD."
"Wait?  I thought we had the right to shoot down any aircraft in our airspace if they didn&#39;t have permission to be there or didn&#39;t identify itself."
"&#34;China sent a very large balloon over the United States, but we could not determine that it presented a physical military threat to North America. Until it exploded. And then it was too late. Can I have my big paycheck now?&#34; "
"&#34;Obviously wasn&#39;t a threat&#34;...how does he figure that?"
"I guess NORAD generals don&#39;t respond to covert activity by our sworn enemies.  They just stand aside and let it happen.How did he know it didn&#39;t present a direct threat to the country?  How did he know it&#39;s mission wasn&#39;t to spread a brand spanking new COVID 23 virus, fresh from the Wuhan lab?  How about spreading hoof and mouth disease over the large cattle ranches as they pass over?  How about if the balloon was trickling out an shiny new Avian Flu virus to seed the detruction of what&#39;s left of the nation&#39;s chickens?This guy should be relieved of duty.  He clearly was not protecting the USA, and that&#39;s his job."
"Does that say Happy Birthday Joe on it?"
"The airliners that took out the twin towers wasn’t a threat, until it was"
"It didn&#39;t pose a threat? Lies, lies, and more lies. The lies told from this Administration and their spokepersons never ceases to amaze me. If an unarmed drove comes over, is that a threat? If an unarmed KJ200 (chinese awacs) comes over is that a threat? Where do they draw the line? Seriously, they are looking for pieces of the balloon surveillance device right now. How does that makes sense? They shot it with a stinger missle and blew it to smithereenes, when a couple nicely placed bullets would have brought it down gracefully and they would have had the entire spying machine in one piece. "
"I think Biden is compromised but do understand the taking time to make sure before shooting it down. However that decision should have been made by the time it was hovering over military sites in Montana in my opinion. Hopefully we can make sure the FBI does not get involved and store any of the items recovered with Hillary&#39;s cell phones or Hunter&#39;s laptop because we will never see them again."
"Besides the intelligence gathering of the equipment on the balloon, which is obviously a threat to national security, how did the military know that it did not carry an EMP designed to wipe out communications and electrical grids in a prelude to an invasion of Taiwan? The lies keep getting bigger and bigger."
"A Woke NORAD…. 😎👎🏻👎🏻👎🏻👎🏻👎🏻🤡🤡🤡🤡🤡🤡🤡🤡🤡🤡🤡🤡🤡🤡🤡🤡🤡🤡"
"It’s very approach to our boarders demonstrated a hostile intent.  Buffoons. "
"<strong>&#34;The craft didn&#39;t exhibit hostile intent.&#34; I don&#39;t expect hostility ever to be advertised.</strong><strong>The element of surprise is ranked high in the Chinese &#34;Art of War.&#34;</strong><strong>It was a &#34;you snooze, you lose&#34; situation. Lesson #1: NORAD needs a &#34;Red Alert Readiness Protocol&#34; encompassing all necessary decision-makers for an instantaneous response.</strong>"
"How did NORAD know it did not pose a threat???  What kind of non security does our country have if anything can come into our air space???  Utter failure to protect Americans from foreign projectiles!  "
"I was only following orders!  I only swept out the camps!  I had no idea!  "
"&#34;&#34;This is under my NORAD hat and therefore, I could not take immediate action because it was not demonstrating hostile act or hostile intent.&#34; A foreign adversary collecting intelligence by violating our airspace is hostile intent in and of itself.&#34;Day to day, we do not have the authority to collect intelligence within the United States of America.&#34; Though not NORAD, Snowden proved this statement wrong. The NSA does it every day.  In this case, we weren&#39;t asking the gov&#39;t to collect intelligence information, we wanted them to track the balloon and shoot it out of the sky."
"IF the intelligence gathering ballon was NOT a threat, why were/are human spies routinely jailed and occasionally &#34;disappeared&#34; ? are there not several Americans abandoned in foreign jails accused of spying and not actually posing a physical threat ? WHY is America even spying on other countries, and mothers in PTA organizations for that matter if there is no perceived ? "
"Don&#39;t give the FBI the evidence, they will lose it or say it was a Russian hoax."
"The Chineses spy balloon was not shot down earlier because Brandon is Brandon and all his advisers are equally id ots."
"Because  it had not dropped  off the diamonds  and cash to hunter yet."
"Anyone in brass consider that there was a chance the payload of that Communist balloon was something other than X-ray vision glasses? Something nefarious disguised as innocuous? Something constituting an actual threat to people?"
"<em>&#34;...it was not demonstrating hostile act or hostile intent.&#34;</em><strong>A country that considers itself to be in a 100 year war against us spying on our defense capabilities is not a &#34;hostile act&#34;?</strong>"
"So instead of preventing the balloon from entering the U.S. airspace NORAD decided it would make more sense to go through great lengths to cover all sensitive areas the craft flew over (millions of square miles). This general is either incompetent, not telling the truth, or trying to cover his behind. "
"It was my assessment that this balloon did not present a physical military threat to North America,&#34; VanHerck said....and now that the Chinese have more intel....are you still confident it poses no physical threat to the US?"
"&#34;The domain awareness was there as it approached Alaska. It was my assessment that this balloon did not present a physical military threat to North America,&#34; VanHerck said Monday.-And there is the first head that should roll. Unknown origin, unknown intent, obviously carrying more than simple weather sensors. The military could have knocked that balloon down over Alaska and kept it classified. No one outside the chain of command would have known about it, minimal risk to civilians on the ground when the debris comes down, and you stop an unknown potential threat in its tracks.-Instead the military agency tasked with the defense of our country was paralyzed into inaction and that dangerous non-response propagated all the way up to the White House. Pathetic but fully expected from this administration."
"Wait NORAD Noticed the balloon sent a jet I&#39;m assuming to investigate, saw a satellite array attached to a balloon, told the president and all the other apparently incompetent individuals who&#39;s job it is to look out for this stuff.    Over a week if not longer to take it down. "
"I was an officer in the Army in Iraq and these officers in the military now could not make a decision to go to the bathroom without asking permission to do so. We are in so much trouble as a country and a military "
"The answer is simple. We do the same thing with manned and unmanned craft.   The benefits to us of being cautious in the application of force outweigh the costs involved in resorting to mindless violence."
"if Milley was anywhere near this it would be a stuff up. How come that guy has some many medals anyway "
"Question: could a maneuverable balloon be used to disperse anthrax or other deadly pathogens into the atmosphere?  What makes the government think the mission was intelligence gathering when there are clearly better methods of doing so?"
"Well General VanHerck, it is my opinion you should be sharpening pencils for the rest of your career."
"The US has many capabilities beyond the educational level of Republican politicians. AWACS being one as well as many others. I&#39;m absolutely confident of their capabilities, having helped integrate said technology into various aircraft while working for Lockheed/Martin. But you know, Brandon!"
"The next balloon will be a slow moving bomber with an airborne EMP device.  Threatening enough for you?  China&#39;s assertion that it is a weather balloon is bogus.  They have weather/spy satellites, they do not need a balloon."
"&#34;President Biden&#39;s White House has stated the delay in shooting down the surveillance craft was due to safety precautions as the balloon was carrying several thousand pounds of equipment&#34;I bet if there was a Piper Cub flying towards Biden&#39;s location they would shot it down without worry to colleterial damage. "
"The NORAD personnel were probably in some woke CRT class or watching a video on drag queens ordered by Brandon and missed seeing a giant balloon."
"How did NORAD  rule out the spying capability of the &#34;weather balloon&#34;? I expected more from milttary minds to protect us.Heads have to roll. Get rid of &#39;wokism&#34;."
"How did NORAD  rule out the spying capability of the &#34;weather balloon&#34;? I expected more from milttary minds to protect us.Heads have to roll. Get rid of &#39;wokism&#34;."
"ABSOLUTELY NOTHING THE MILITARY THE PENTAGON PRESIDENT BIDEN OR HIS ADMINISTRATION ARE TELLING THE AMERICAN PEOPLE MAKES ANY SENSE WHATSOEVER. 
THE FACT THAT THEY THEMSELVES HAVE ADMITTED THAT THEY HAD THE OPPORTUNITY TO SHOOT THIS CHINESE SPY SURVEILLANCE BALLOON DOWN BEFORE IT REACHED ALASKAN AIRSPACE BUT FAILED TO DO SO IS GROUNDS TO REMOVE PRESIDENT BIDEN AND KAMALA HARRIS FROM OFFICE ALONG WITH THE TOP MILITARY COMMANDERS AT NORAD."
"I am sure this was caused by climate change Joe good job at helping your business  partners The CCC"
"This guy is a threat to National Security…. He should be fired from his post… Several pounds of equipment wasn’t a threat then what is!!! My God man… Should have been Shot Down over Alaska… 😎👎🏻👎🏻👎🏻👎🏻🤡🤡🤡🤡🤡🤡🤡🤡🤡🤡🤡🤡🤡🤡🤡🤡🤡"
"So what does he say about it traversing the entire country for days, when they &#34;could have done something about it&#34;? "
"Spy satellites fly over every day with tremendous intelligence gathering capabilities. I suspect that this was just a cheap way to get the same information. I make no claims of knowledge as to the technical ability of a balloon vs a satellite but balloons are cheaper and have probably flown over the US many times. Japanese tried using balloons to drop bombs in WW2. It didn’t work and since the military seems to have been pretty aware of this flight I doubt they obtained anything that could not have been gathered via satellite. "
"It sounds to me like our military leaders are either compromised or incompetent like our president."
"It also could be that we already also had/have the technology and they wanted to let us know they do too.  It was obvious that it being visible to the naked eye they were making a point or sending a message.  Either way despite the politics and problems on the left and in the country as a whole, am trusting the pentagon that they know what is best rt our National Security and whatever it is they do.  Doesn’t meant I totally trust them or that they are ALL good or do not have some “bad actors” however there comes a point when you have to let the people with the intelligence make the decisions Bc they have access to things and know things we do not.  Either way we don’t have much choice. My trust ultimately lies in God, not a president or the pentagon,  Or in men.  I’m sure we gathered intelligence and most likely did/do have the ample abilities to jam their whatever they were trying to do so prob we beat them at their own game which is the only logical explanation of why they let it “come on in” and drift across.  The wierd thing is seems china would already know we would do this. So maybe an excuse to retaliate and gaslight us as an excuse to be at war with us or take Taiwan. Or else some diversion."
"The NORAD general (small g intentional) ASSUMED no hostile intent. Clear evidence of what happens when you ASSUME!!!  We all know what Trump would have done and would do to this general — relieve him of command!!!  "
"They couldn’t shoot it down because it posed no threat, but then they shot it down. They’re not allowed to collect intelligence within US, but then they collected intelligence within US border. NORAD takes equivocal to the “height” of absurdity."
"It&#39;s just the Chinese getting something for the money they gave biden. They could have shot it down before it passed over Alaska and there are a lot of places isolated across the country to shoot it down. And turns out there have been more. The biden administration is beyond evil. Liberals destroy everything they touch."
"Attempt to make contact with said object. and identify itself,  Just like airplane if it invaded our airspace. If no contact or acknowledgement regardless if its a balloon or high speed fighter jet. No contact launch the birds, no acknowledgment eliminate the threat. "
"The sleepy Trump admin talked a good game about China and US security, yet it wasn&#39;t until Biden charged the military and intelligence agencies to maximize efforts to interdict Chinese intelligence gathering that the balloons were discovered.  Thank God Biden is protecting the country instead of just blabbering about it like Trump was."
"This makes no sense.  Well, perhaps it does as it is coming from the BiDum Administration.  If the balloon did not pose a threat to North America then why shoot it down as it was leaving our airspace?"
"That balloon was not shot down because the Chinese told Joe Biden to wait until it crosses America. China has so much Intel on Biden. Biden is so scared of them."
"Of course NORAD can’t take action.  Requires authorization from the President "
"they thought it was Santa"
"The same logic can be attached to any incoming missile attack crossing the DEW line...<em>&#34;Well, it wasn&#39;t exploding at the time so, we couldn&#39;t shoot it down!&#34;</em>BRILLIANT!"
"After the FBI analyzes the balloon debris it will likely be stored in the same location as Hunter&#39;s laptop, never to see the light of day again."
"Alaska is full of empty wilderness where a balloon could be safely downed."
"He should be fired today, and if anyone over him ordered him not to act, they should be fired TODAY."
"I do not trust that this Administration can keep us safe if China strikes us whenever. You have so much chaos and miscommunications. China as well as the rest of our enemies knows this and views us as very weak .Biden has made us a sitting duck vulnerable to all."
"Can&#39;t see taking how spying on the US doesn&#39;t constitute a threat to national security and therefore should have been shot down"
"Yep, one of Joe&#39;s pet General&#39;s still on it&#39;s knees pleasing Joe..."
"Out of an abundance of caution, they assumed it had explosives on it?  So they let it fly across our entire nation???  Complete incompetence. "
"<strong>The Balloon Wars</strong>, you would think the so called weather balloon is the Hindenburg. This just goes to show us, the White House is INEPT ! Unable to cope without it troop support of Hollywood writers"
"And yet good people are put at risk because of the incompetence of Joe Biden and his entire administration. This is a serious breach to our country&#39;s security and sovereignty, when NORAD made their initial threat assessment that the balloon posed no threat to the United States of America. This decision and the decision maker need to answer to these questions...A &#34;woke&#34; country being defended by a highly &#34;woke&#34; military establishment is the surest way to lose this country.Somebody needs to step forward and say enough is enough before this &#34;woke&#34; agenda permanently destroys this great country..."
"How did the general determine there was no physical threat? Did they test the contents? Just another lie to the American Public. "
"This is nonsensical. If someone enters my home uninvited, I have every legal right to stand my ground and do whatever it takes to protect and defend my home  and my family. If I shoot that same individual in the back after he has crossed the threshold on his way out, I’ll be charged with murder because there was no more threat.  They have this completely backwards. "
"They couldn&#39;t have shot it down as soon as it reached US territorial limits?"
"How do they know the ballon was not carrying a nuke?  Is there ever an occasion when our government is authorized to protect the US?"
"The concerning thing to me is, the military brass says when Trump was in office, they missed three other spy balloons...What did they get that we don&#39;t know? How did we miss them to begin with? Why is Biden&#39;s administration more competent than Trump&#39;s when both have had the same military to rely on? "
"detected the craft before it entered Alaskan airspace, but said he &#34;could not&#34; take immediate action because the balloon did not pose a direct threat. 😂"
"I think Joe Biden and son Hunter are both bought and paid for traitors for the Communist Chinese and Joe Biden should be removed from office immediately and interrogated at Gitmo. Great choice of presidents, Democrats!!"
"This country is becoming unsafe"
"Duhhhh....and when the missiles are flying, will they then have the &#34;authority&#34; to shoot them down? Or will the White House sit on their thumb and say..&#34;Oh, don&#39;t do anything rash...it might upset someone...&#34;"
"We had to wait until it got over the Atlantic because England and the European countries would get mad if we let it infiltrate and spy on their countries. I mean China only paid the DNC for the flyover and Biden did not want to share any of his kickback. "
"Biden and many other democrats had to wait and make sure all funds were transferred to correct accounts and the Chinese weren&#39;t going to transfer money until they had all the information promised them by these traitor who want America to fail and be overtaken by our enemies and the democrats friends. "
"This is the results from Obama forcing the good Admirals and Generals into retirement and what we have left is that spineless Milley and his yes men"
"Biden has given the military a standing order not to retaliate if the US is attacked. He needs to give General Milley time to warn our enemies first."
"I want my money back. We should all get a refund on our taxes for paying for national defense. "
"Defund NORAD, Expel the UN, Build the wall, Drill baby drill."
"In our air space with unknown payload…… it gets shot down. "
"So much for speed, simplicity and decisiveness.  "
"So now NORAD is woke. If this was a real attack a large part of this country would be destroyed. This episode shows we are essentially defenseless.  Thanks a bunch Biden."
"It’s disheartening, but I can tell by the number of responses to this article that people really don’t care. "
"The &#39;woke&#39; Pentagon brass are the very small tip showing of a vast iceberg that relates to our military - they are self serving political power hungry wastrels. Gen. Milley himself said he&#39;d warn the Chinese of any Trump actions. So not surprised the Pentagon wanted a &#39;nothing to see here&#39; blanket on this balloon affair - lucky for us some alert citizen was able to detect it without a multimillion dollar facility!"
"I heard that when the ballon flew over sensitive areas, all top secret instruments were covered in tin foil, and that all military personnel were issued tin foil hats to wear when it passed over."
"The balloon was not a spy balloon. To suggest otherwise is Russian misinformation and should be suppressed. The evidence in plain sight not withstanding."
"What he was saying……..,,,,I was ordered not to take it outSomeone superior to me decided to rate it as a no threat status!!"
"After preparing for the next world war for the last 75+ years, one would think that our &#34;leaders&#34; would understand logical concepts such as &#34;rules of engagement.&#34;"
"Trump had 3 Chinese balloons floating over the country and did nothing. Including telling anyone. Thank God we now have a transparent and strong administration!"
"Gen. Glen VanHerck needs to be relieved of command immediately for dereliction of duty!  I can just imagine, yea we saw 50 ICBMs inbound to North America but didn&#39;t think they posed any real threat to the US. "
"Norad claims to have tracked this balloon from Alaska - but was not asked how many balloons have they failed to detect - (as in when did you stop beating your wife) ... "
"......... could not take action? Was Adolph Biden sleeping?"
"Do we know if CCP balloon data was transmitted back to Beijinng or was it 100% prevented? Classified?"
"So they waited until to fly crossed the US to shoot it down?What was the new threat it magically had then??More Sleepy/creepy Joe fails."
"The only thing that makes sense is that our decision makers are on the Chinese payroll!"
"I guess it&#39;s plausible that we could intercept whatever communications were coming from balloon. "
"&#34;he &#34;could not&#34; take immediate action because the balloon did not pose a direct threat.&#34;Oh for ferk&#39;s sake. Yes it DID. And they got all the data they were after. But they ALWAYS DO."
"SPYing ON America &#34; IS&#34; Hostile Intent !This is under my NORAD hat and therefore, I could not take immediate action because it was not demonstrating hostile act or hostile intent.&#34;"
"Let the finger pointing begin..  What about the FAA?We should fine China the cost to surveil and take down this threat!"
"The Chinese forced an American spy plane to land. Detained the crew. Studied the plane then cut it in pieces before giving it back. And it was supposedly over international airspace "
"Joe Biden needs to step down. He can’t make decisions of this magnitude. It’s scary."
"Where did this NORAD official get his training?  Some third-rate department store that preaches &#34;let the bad guys do their thing, just make notes later?&#34;"
"Why is the story being told so many different ways! It sure stinks! Biden was shaking in his depends and probably did more than shake! They lie, they change the story, they lie and it goes on and on! We cannot trust this administration! KJP doesn’t clarify any doubts! She stubbles over words like Biden does while trying to do the Dementia shuffle!"
"NORAD is capable of tracking SANTA around the world but didn&#39;t detect a balloon until too late to shoot it down ?   "
"CCP to Hunter:Tell your dad not to shoot down our spy balloon until it completes its mission, and we&#39;ll wire the money to your usual overseas account."
"How would he know if it was a direct threat or not?  The chinese told him?"
"Has it been established how many times this same balloon 🎈 has crossed over US Territories? Classified?"
"They should continue to concentrate on important issues like tracking Santa Claus.  "
"The Woke liberal surrender monkeys are in full control of our national security. Marinate on that thought."
"So espionage is not an immediate threat? Interesting!"
"How do we know that didn’t happen for 911?"
"You do not miss a 200 foot tall balloon, with a payload the size of two school busses! &#39;Specific capabilities&#39; are ISR (Intelligence, Surveillance, Reconnaissance) flights; Rivet Joint, Cobra Ball, Combat Apple... and perhaps a bit of the old Vietnam era, &#39;Wild Weasel.&#39; I was an Electronic Intercept Operations/Analysis Specialist in the USAFSS, which was renamed SEVERAL times; USAF ESC, USAF IC, USAF ISR, 25th Air Force, which was merged withe the 24th Air Force, and is now the 16th Air Force that is collecting intelligence, hopefully as successful as the USAFSS was years ago. (Google them!) "
"Thanks to 911 the us government can spy on it&#39;s citizens But can&#39;t shoot down a potential threat You guys have gotten dum very dum "
"So flying over our sovereign borders is not a threat?"
"If you noticed the balloon was popped, not obliterated. "
"Did George Bush know about 911 did the Pentagon know about 911 before it happened?"
"In other words, the Pentagon will not reveal their methods, the technologies they used to probe the balloon and to jam its communications. In addition, they will not reveal what they learned or didn’t learn from their efforts. In summary, all of you MAGA nuts on this forum, who are doing your best to blame Biden in this matter, are merely uniformed armchair managers!"
"In other words, the Pentagon will not reveal their methods, the technologies they used to probe the balloon and to jam its communications. In addition, they will not reveal what they learned or didn’t learn from their efforts. In summary, all of you MAGA nuts on this forum, who are doing your best to blame Biden in this matter, are merely uniformed armchair managers!"
"Did George Bush know about 911 did the Pentagon know about 911 before it happened?"
"If you noticed the balloon was popped, not obliterated. "
"So what would&#39;ve happened if it drifted over DC?  I bet it would&#39;ve been shot down pronto, with no care that it was over a very populated area."
"Could you drop using the &#34;Gang of Eight&#34; reference slang for American politicians?  The &#34;Gang of Four&#34; was an awful Chinese group, we don&#39;t need journalists or DC insiders who are so short on imagination or verbal creativity to borrow from that reference or imagery."
"What was joe&#39;s cut on this?"
"Do you think that happened during 911?"
"So bad"
"Maybe this administration needs to spend less time on Pronouns and more time on our actual National Security!"
"Traitors to our country-Biden and his generals all need to be tried for Treason. "
"Just wait until they find the Chinese submarine that&#39;s been submerged in the Potomac for the last two years...  "
"Did George Bush knew about 911? How about the Pentagon? What’s going on here?"
"NORAD is full of it !  This is not about what it can do it is about what the USA should do."
"NORAD didn’t take action on this balloon because it was ordered not to by the lyin Biden cartel. He was waiting for the Chinese toll fee to be deposited into the Penn Biden Center. "
"🤥🤥 what about all the other ones 🤔"
"Once again our leaders have failed us"
"General Glen Woke VanHerck keeping it real at NORAD 🙄.  "
"Let me clarify this for you &#34;general.&#34; The January 6 protestors did not pose a direct threat. A Chinese spy balloon DOES. Got it, genius?"
"Maybe they were still chasing Santa Claus."
"China looking over the US farmland they bought"
"And this guy is still in command of Norrad, is he also in bed along with &#34;China Joe&#39; with the Chinese. Just how many people have they bought?"
"Don&#39;t believe a word of it."
"I find it interesting that this balloon didn&#39;t fly over NORAD"
"it took that long to find an an armed missle"
"Wouldn’t a good President have just shot the thing down out of principle as soon as it hit Alaska airspace? "
"The ballons name was “ Chicken Little”"
"Word salad for I’m as incapable as my superiors lol"
"You can track it’s path as soon as it’s 50 miles from shore shoot it down!"
"Just another biden traitor."
"Let&#39;s  look at the spy balloon from the military point!!! They couldn&#39;t shoot it down because it posed no threat buy when it was brought down they warned American citizens of the danger of the possibility of explosives. MAKES NO SENSE?????  WOKE-,-,--BROKE  MILITARY!!!!!"
"Could have been an NBC risk. Gen. Vanhersk is incompetent and should be fired."
"A spy balloon collecting Intel IS A THREAT GENERAL!"
"Sounds like a dummy, lead, follow or get the F out of the way, that used to be the military way. Just more convenient excuses for Bidooooooooooooooooooooon."
"Now the whole world sees what a joke these excuses are from Biden&#39;s military toadies."
"Special authority?  Huh!"
"NORAD is a joke, NATO is an even bigger joke....All countries need to get out of their non proliferation nuclear agreements and start developing 1st strike hypersonic nuclear missiles fast.Don&#39;t be scared though, I heard a rumor the DOD is going to build another useless aircraft carrier called the Jimmy Carter....Ya that should scare them!!!!"
"&#34;Waah. We COULDN&#39;T shoot it down...&#34;Anybody remember Korean Air Lines Flight 007?"
"<strong>? ? ?</strong>"
🐴💩
🐴💩
"<strong>? ? ?</strong>"
"Strikes me as a very precise choice of words here.  &#34;I could not take immediate action because it was not demonstrating hostile act or hostile intent.&#34;.   Translation - &#34;I couldn&#39;t do it on my own, and I didn&#39;t get the authorization from my superiors to take it out&#34;."
"I wouldn&#39;t be surprised if our &#39;woke&#39; Pentagon arranged and allowed it on purpose. Nothing would surprise me anymore. I think the entire D.C. establishment has been turned. They don&#39;t see a problem allowing China to be No. 1. They see a problem with MAGA and those like Trump who oppose this."
"&#34;We utilized multiple capabilities to ensure we collected and utilized the opportunity to close intel gaps,&#34; VanHerck responded. &#34;I would point out, and I think it&#39;s important to talk about it. &#34;sounds like he&#39;s preparing a non-answer word salad "
"He couldn&#39;t shoot it down because there was no proof of physical threat?! So anyone flying a civilian aircraft or any   spy balloon, glider, etc. can enter US airspace and be free of concern that they could be shot down. Either this commander needs to be replaced or whomever makes that call does. I find it hard to believe that is an accurate statement. This administration needs to stop lying to us."
"&#34;The U.S. Navy and Coast Guard are currently working to recover debris from the surveillance craft, and pieces of it are already being transferred to the FBI&#39;s facility in Quantico for analysis.&#34;Well if our FBI has it you can forget about finding out any information on it. They FBI works for the Biden Crime Family and the Biden Family works for China."
"So collecting information on our military installations, research facilities, and stealing corporate secrets does not pose a direct threat. So when do they decide if a missile is a direct threat, after it detonates?  "
"Under the current world situation and considering the recent threats the Chinese Communist Party has made, there is absolutely no excuse to allow an Chinese Aircraft of any kind to cross into US Territory, yet alone travel across the country for 5 days!  It falls right in line with the Biden Border Invasion! "
"NORAD statement: &#34;It was my assessment that this balloon did not present a physical military threat to North America,&#34; VanHerck said Monday. &#34;This is under my NORAD hat and therefore, I could not take immediate action because it was not demonstrating hostile act or hostile intent.&#34;My Question: If China sends manned aircraft into American airspace, might NORAD make the same statement? Explain!"
"When the aircraft (balloon) entered Alaska airspace over the Aleutian Islands (largely uninhabited), &#34;officials assumed out of an abundance of caution there may be explosives aboard the craft meant to destroy it&#34; and therefore didn&#39;t shoot it down.  The only collateral damage would have been harbor seals since very few people live in the Aleutians."
"The government&#39;s excuse manual must be a pretty thick book, they have several excuses for each failure."
"So they can fly anything over our country, while we just sit and watch, to collect information on our bases as long as it does not pose a “physical military threat”? C’mon General, spin better than that. He just confirmed that they had the opportunity to take this thing down in the Pacific and waited and waited and waited until it had gone over to the Atlantic. Why did it pose a “physical military threat” over the Atlantic but not the Pacific? So, as he said, they assumed it had explosives on it, did not shoot it down in the Pacific, instead let it make its way next to our military bases? How exactly is that not a physical military threat?"
"So, couldn&#39;t they have just poked a few 20mm holes in it instead of blowing it up with a rocket?  That way maybe it would just slowly descend instead of come crashing back to earth.  I thought these type of balloons are little more durable, or would a cannon round like that pop it...  "
"<strong>So at 12 miles up, that balloon can drop small ampules of animal and crop diseases on our agricultural areas. Mad cow disease in England came from Chinese tourists visiting farms in northern UK back in the day. That did not end well for farmers there. Here it&#39;s easy to spread avian flu that way and destroy our domestic chicken and  egg production. Also, watch for an uptick in illnesses in CHILDREN in the areas that balloon hovered over. The democrats are so gullible (or corrupt) any type of attack has become possible.  How can mere voters get through to our government that we are under attack by tricky weapons if the Biden Regime doesn&#39;t even consider protecting our borders?</strong>"
"Does the rule for not taking immediate action because it was not demonstrating a hostile act or intent apply only to unpowered aircraft or to all aircraft?  Would a Chinese spy plane that clearly does not have weapons but is loaded with sensors be allowed to fly over the US?  So long as it never flies over our Atlantic territorial waters, would it not be brought down?  Actually, the balloon had some sort of propulsion because it has been mentioned that course corrections were made, so I suppose they could send over aircraft.  Perhaps to save the CO2 emissions from having to fly over the Pacific, we should take the photos for the Chinese ourselves.  We could email them to China using servers powered by green energy!"
"this is known in the corporate world as sending up a trial balloon.  ie, try it and see the response and then know how to act accordingly."
"The balloon was not demonstrating hostile action or intent...seriously? Was it there for a Sunday outing?  Another failed General that needs to be replaced asap!"
"It took this Fred Flintstone-tech balloon to travel from the Aleution Islands to the Atlantic Ocean before it was shot down?  Who is running this place?"
"wow we have top generals who are more concerned with playing nice with our enemies than protecting America. that my patriot friends is a huge problem."
"Could be true, but prove it. Balloon flew over critical military bases, and that doesn&#39;t appear to be accidental. "
"Somebody is not telling the truth. So you watched the balloon traverse all of Montana, a state with less than 1.2 million people and you couldn&#39;t declare a 10 square mile debris field to down the craft? Important to note this craft is moving at maybe 30 MPH very predictable fallout zone. Somebody is covering something up, I smell a rat..Oh and hey it is a balloon, puncture it and the decent is much slower...."
"The President and the PM of Canada  allowed the Communist Chinese Government to gather much valuable Intelligence Data about Alaska, Canada, and the rest of the US as possible instead of directly dealing with the threat and shooting it down before it entered the Sovereign Territories of either Country. It flew over both the US and Canada, and neither Leaders did anything about it.  "
"Apparently they were able to “Immediately” access that it had no biological or nuclear weapons on board and had no surveillance equipment on board!  Right?  "
"&#34;The domain awareness was there as it approached Alaska. It was my assessment that this balloon did not present a physical military threat to North America,&#34; VanHerck said Monday. &#34;This is under my NORAD hat and therefore, I could not take immediate action because it was not demonstrating hostile act or hostile intent.&#34;Without demonstrating a hostile act or hostile intent he will let any object fly over U.S. territory?  If it was a soviet bomber not demonstrating a hostile act or hostile intent he will let if fly over U.S. territory?"
"If this incident doesn’t prove Biden is a CCP asset, then nothing else ever will."
"Reminds me of the &#34;peaceful riots&#34;."
"Would China, N Korea or Russia allow a spy balloon to enter their airspace?

Last I checked... if you are an American citizen and fly into restricted airspace you can be shot down immediately by the military.

Like our border... rules don&#39;t apply to foreigners... "
"The FBI is evaluating military hardware?When did THAT become part of their expertise?Most of this story is a lie.What happened is that Slow Joe has long ago sold out to the Chinese so the Biden regime is quite happy to have Chinese spy satellites overfly America.But an ordinary citizen detected the balloon and the word leaked out and over a period of days pressure built for Slow Joe to &#34;do something&#34;.So he waited until the Chinese spy mission was complete, and had the balloon shot down with the approval of his Chinese masters."
"“I could not take immediate action because it was not demonstrating hostile act or hostile intent.”That’s a rather risky and traitorous assumption by the general.  I don’t know how he knew that it didn’t pose a threat.  This thing could be carrying biological weapons that could be dropped to the ground at any moment and this could potentially kill thousands of Americans on the ground.  It could have been carrying EMP weapons that could disable aircraft and kill passengers.  "
"One??  You saw one??  There were more than one of those cruising the airways.  Which one did you see??    Tell me that thing didn&#39;t stand out like Michael Moore at an Atkins diet conference."
"&#34;I could not take immediate action because it was not demonstrating hostile act or hostile intent.&#34;It’s not as though there was a human being on the airship.  By his standards, foreign airships and aircrafts have to start a war in our skies, before they’ll care about what they’re doing here… even when we know they’re doing something wrong and dangerous to the U.S.  This is scary, folks!"
"What if the next balloon is carrying a nuke? How can they be certain the balloons do not pose a threat unless they are cooperating with China. "
"General VanHerck needs to grow a pair.  I am shocked we have so many limp-wristed military commanders today."
"Biden allowed the southern border to be wide open so I see why they would let the same happen with a spy balloon.  "
"&#34;...could not take immediate action because the balloon did not pose a direct threat.&#34; But when it passed the Carolinas and was above the Atlantic Ocean, I understand it DID pose a threat. LOL.This is some administration."
"An abundance of caution would mean that you shoot it down before it reaches heavily populated areas."
"I can&#39;t wait until a Republican is back in the WH in &#39;25.  He or she will once again put adults in-charge of our military."
"What do you mean didn&#39;t pose a threat?? You had no idea what that balloon was carrying!! "
"The governor of Montana said that if the military shot it down over his state, it&#39;s likely the only thing the debris would have hit would have been antelope or prairie dogs. "
"The geniuses at the Pentagon would have changed their tune if that balloon had drifted over the White House or the Capitol. THEN they would have detected a &#34;threat&#34;. But not when it overflies the citizens."
"Perception is reality, and the perception is the US is weak. "
"..NORAD  tracks   Santa  Clause   too!..."
"Not very reassuring. I wonder how many other “purely peacefull” balloons with thousands of pounds of gear have floated over from China/Russia and NORAD decided not tell anyone??"
"I guess that debris will get put on the shelf next to Hunter&#39;s computer? "
"&#34;VanHerck also said officials assumed out of an abundance of caution there may be explosives aboard the craft meant to destroy it.&#34;
Let me get this straight. When it was above territorial waters around Alaska, VanHerck&#39;s decision was that it didn&#39;t pose a threat and you didn&#39;t shoot it down. Then when it was over the US you thought it could pose a threat and didn&#39;t shoot it down.
The lies are piling up. This does not make sense."
"Sounds like something someone in Biden&#39;s genderless administration would say. How does this guy not realize that spying is an imminent threat to the country? This is not the right guy to be in charge of anything, let alone NORAD."
"Wait?  I thought we had the right to shoot down any aircraft in our airspace if they didn&#39;t have permission to be there or didn&#39;t identify itself."
"&#34;China sent a very large balloon over the United States, but we could not determine that it presented a physical military threat to North America. Until it exploded. And then it was too late. Can I have my big paycheck now?&#34; "
"&#34;Obviously wasn&#39;t a threat&#34;...how does he figure that?"
"I guess NORAD generals don&#39;t respond to covert activity by our sworn enemies.  They just stand aside and let it happen.How did he know it didn&#39;t present a direct threat to the country?  How did he know it&#39;s mission wasn&#39;t to spread a brand spanking new COVID 23 virus, fresh from the Wuhan lab?  How about spreading hoof and mouth disease over the large cattle ranches as they pass over?  How about if the balloon was trickling out an shiny new Avian Flu virus to seed the detruction of what&#39;s left of the nation&#39;s chickens?This guy should be relieved of duty.  He clearly was not protecting the USA, and that&#39;s his job."
"Does that say Happy Birthday Joe on it?"
"The airliners that took out the twin towers wasn’t a threat, until it was"
"It didn&#39;t pose a threat? Lies, lies, and more lies. The lies told from this Administration and their spokepersons never ceases to amaze me. If an unarmed drove comes over, is that a threat? If an unarmed KJ200 (chinese awacs) comes over is that a threat? Where do they draw the line? Seriously, they are looking for pieces of the balloon surveillance device right now. How does that makes sense? They shot it with a stinger missle and blew it to smithereenes, when a couple nicely placed bullets would have brought it down gracefully and they would have had the entire spying machine in one piece. "
"I think Biden is compromised but do understand the taking time to make sure before shooting it down. However that decision should have been made by the time it was hovering over military sites in Montana in my opinion. Hopefully we can make sure the FBI does not get involved and store any of the items recovered with Hillary&#39;s cell phones or Hunter&#39;s laptop because we will never see them again."
"Besides the intelligence gathering of the equipment on the balloon, which is obviously a threat to national security, how did the military know that it did not carry an EMP designed to wipe out communications and electrical grids in a prelude to an invasion of Taiwan? The lies keep getting bigger and bigger."
"A Woke NORAD…. 😎👎🏻👎🏻👎🏻👎🏻👎🏻🤡🤡🤡🤡🤡🤡🤡🤡🤡🤡🤡🤡🤡🤡🤡🤡🤡🤡"
"It’s very approach to our boarders demonstrated a hostile intent.  Buffoons. "
"<strong>&#34;The craft didn&#39;t exhibit hostile intent.&#34; I don&#39;t expect hostility ever to be advertised.</strong><strong>The element of surprise is ranked high in the Chinese &#34;Art of War.&#34;</strong><strong>It was a &#34;you snooze, you lose&#34; situation. Lesson #1: NORAD needs a &#34;Red Alert Readiness Protocol&#34; encompassing all necessary decision-makers for an instantaneous response.</strong>"
"How did NORAD know it did not pose a threat???  What kind of non security does our country have if anything can come into our air space???  Utter failure to protect Americans from foreign projectiles!  "
"I was only following orders!  I only swept out the camps!  I had no idea!  "
"&#34;&#34;This is under my NORAD hat and therefore, I could not take immediate action because it was not demonstrating hostile act or hostile intent.&#34; A foreign adversary collecting intelligence by violating our airspace is hostile intent in and of itself.&#34;Day to day, we do not have the authority to collect intelligence within the United States of America.&#34; Though not NORAD, Snowden proved this statement wrong. The NSA does it every day.  In this case, we weren&#39;t asking the gov&#39;t to collect intelligence information, we wanted them to track the balloon and shoot it out of the sky."
"IF the intelligence gathering ballon was NOT a threat, why were/are human spies routinely jailed and occasionally &#34;disappeared&#34; ? are there not several Americans abandoned in foreign jails accused of spying and not actually posing a physical threat ? WHY is America even spying on other countries, and mothers in PTA organizations for that matter if there is no perceived ? "
"Don&#39;t give the FBI the evidence, they will lose it or say it was a Russian hoax."
"The Chineses spy balloon was not shot down earlier because Brandon is Brandon and all his advisers are equally id ots."
"Because  it had not dropped  off the diamonds  and cash to hunter yet."
"Anyone in brass consider that there was a chance the payload of that Communist balloon was something other than X-ray vision glasses? Something nefarious disguised as innocuous? Something constituting an actual threat to people?"
"So instead of preventing the balloon from entering the U.S. airspace NORAD decided it would make more sense to go through great lengths to cover all sensitive areas the craft flew over (millions of square miles). This general is either incompetent, not telling the truth, or trying to cover his behind. "
"<em>&#34;...it was not demonstrating hostile act or hostile intent.&#34;</em><strong>A country that considers itself to be in a 100 year war against us spying on our defense capabilities is not a &#34;hostile act&#34;?</strong>"
"It was my assessment that this balloon did not present a physical military threat to North America,&#34; VanHerck said....and now that the Chinese have more intel....are you still confident it poses no physical threat to the US?"
"&#34;The domain awareness was there as it approached Alaska. It was my assessment that this balloon did not present a physical military threat to North America,&#34; VanHerck said Monday.-And there is the first head that should roll. Unknown origin, unknown intent, obviously carrying more than simple weather sensors. The military could have knocked that balloon down over Alaska and kept it classified. No one outside the chain of command would have known about it, minimal risk to civilians on the ground when the debris comes down, and you stop an unknown potential threat in its tracks.-Instead the military agency tasked with the defense of our country was paralyzed into inaction and that dangerous non-response propagated all the way up to the White House. Pathetic but fully expected from this administration."
"Wait NORAD Noticed the balloon sent a jet I&#39;m assuming to investigate, saw a satellite array attached to a balloon, told the president and all the other apparently incompetent individuals who&#39;s job it is to look out for this stuff.    Over a week if not longer to take it down. "
"I was an officer in the Army in Iraq and these officers in the military now could not make a decision to go to the bathroom without asking permission to do so. We are in so much trouble as a country and a military "
"The answer is simple. We do the same thing with manned and unmanned craft.   The benefits to us of being cautious in the application of force outweigh the costs involved in resorting to mindless violence."
"if Milley was anywhere near this it would be a stuff up. How come that guy has some many medals anyway "
"Question: could a maneuverable balloon be used to disperse anthrax or other deadly pathogens into the atmosphere?  What makes the government think the mission was intelligence gathering when there are clearly better methods of doing so?"
"Well General VanHerck, it is my opinion you should be sharpening pencils for the rest of your career."
"The US has many capabilities beyond the educational level of Republican politicians. AWACS being one as well as many others. I&#39;m absolutely confident of their capabilities, having helped integrate said technology into various aircraft while working for Lockheed/Martin. But you know, Brandon!"
"The next balloon will be a slow moving bomber with an airborne EMP device.  Threatening enough for you?  China&#39;s assertion that it is a weather balloon is bogus.  They have weather/spy satellites, they do not need a balloon."
"&#34;President Biden&#39;s White House has stated the delay in shooting down the surveillance craft was due to safety precautions as the balloon was carrying several thousand pounds of equipment&#34;I bet if there was a Piper Cub flying towards Biden&#39;s location they would shot it down without worry to colleterial damage. "
"The NORAD personnel were probably in some woke CRT class or watching a video on drag queens ordered by Brandon and missed seeing a giant balloon."
"How did NORAD  rule out the spying capability of the &#34;weather balloon&#34;? I expected more from milttary minds to protect us.Heads have to roll. Get rid of &#39;wokism&#34;."
