"If &#34;Joe and the Giant Chinese Balloon&#34; was themed as a children&#39;s novel, I&#39;d buy a hardback and put it square on my desk at work.  It would have to phrase such things in an elementary way to even Woke could understand it - &#34;.. as the big round balloon floated over Montana, spying on US Citizens as they went about their daily routines ...&#34;."
"Makes a man want to re-watch the Red Dawn movies.  Anything is possible with this downward spiral of an administration."
"1 billion dollar Corruption yielded results for the Chinese."
"if you are interested in more information and details about the balloon and previous incidents, go to Politico for a detailed interview with Gen. Glen VanHerck, head of North American Aerospace Defense Command.  Interesting!"
"America is being ridiculed, the country with the strongest army of the world."
"Joe and his crime family are in the pockets of Xi!"
"Joe  Biden and son are in cahoots with communist China.  They are now owned by China at America’s peril."
"Joe was afraid of losing his 10% . He’s probably going to send Hunter over to smooth things over and get his money back."
"&#39;build that fence around the white house......quickly before another China balloon comes&#39;"
"Republicans pretend to worry about a balloon that&#39;s thousands of feet in the sky but not worry about all the classified information that Trump sold Russia and China!"
"More tiresome tough talk from the guy who couldn&#39;t speak out against the stolen election, who was pushing vaccines before he wasn&#39;t, and who has RINO Lindsay Graham on every chance he gets.Real tough talk, ya phony."
"If &#34;Joe and the Giant Chinese Balloon&#34; was themed as a children&#39;s novel, I&#39;d buy a hardback and put it square on my desk at work.  It would have to phrase such things in an elementary way to even Woke could understand it - &#34;.. as the big round balloon floated over Montana, spying on US Citizens as they went about their daily routines ...&#34;."
"Makes a man want to re-watch the Red Dawn movies.  Anything is possible with this downward spiral of an administration."
"1 billion dollar Corruption yielded results for the Chinese."
"if you are interested in more information and details about the balloon and previous incidents, go to Politico for a detailed interview with Gen. Glen VanHerck, head of North American Aerospace Defense Command.  Interesting!"
"America is being ridiculed, the country with the strongest army of the world."
"Joe and his crime family are in the pockets of Xi!"
"Joe  Biden and son are in cahoots with communist China.  They are now owned by China at America’s peril."
"Joe was afraid of losing his 10% . He’s probably going to send Hunter over to smooth things over and get his money back."
"&#39;build that fence around the white house......quickly before another China balloon comes&#39;"
"Republicans pretend to worry about a balloon that&#39;s thousands of feet in the sky but not worry about all the classified information that Trump sold Russia and China!"
"More tiresome tough talk from the guy who couldn&#39;t speak out against the stolen election, who was pushing vaccines before he wasn&#39;t, and who has RINO Lindsay Graham on every chance he gets.Real tough talk, ya phony."
