"The Biden administration had revealed last week that China had sent spy balloons into U.S. airspace during the Trump administration, implying that the most recent incursion was not a new occurrence and that the Trump administration did nothing about it. However, the fact that the U.S. military did not detect the incursions that happened under the Trump administration deflated that criticism.In other words, Biden lied again. "
"This entire story line that we’re being fed by our government doesn’t pass the smell test.  Our govt has a proven track record of lying to us.  They are lying to us once again with these balloons.  The question is why."
"I can get more real news from Tucker Carlson in one hour than I can get from the Drive-By media in a week . . . thanks Tucker, you’re the best. 😊"
"Think about it. If China was transmitting data back to China via satellite (a possibility that our military surely would have known and could interrupt, btw) then perhaps those same satellites were already taking surveilance images of every square inch of  the U.S. in great detail."
"My question is how did it get across the Pacific Ocean without being detected until it went over land ?   Wow, what if it was a Nuclear Missile ?  Would we &#39;miss&#39; that too ?  Why am I the only asking this ?  We had a major breakdown in our security to let this happen.   Maybe we did know and just won&#39;t say ?  "
"Here we go again. A breathy and exhausting mental acrobatics on why we shouldn’t be against Trump for ensuring the American people weren’t aware of Chinese surveillance. Just stop. If they are just weather balloons, it’s China’s duty to make the US aware of their conduct. They didn’t and during both presidencies. The difference is the transparency that we can see now what was blinded to us then. I’m not a Biden fan, but he’s not attempting to hide what’s apparent in possible Chinese overreach. Trump was. He didn’t want us to know and he made sure we didn’t. If it wasn’t him directly, it was the people under him afraid to lose their jobs for making 45 look bad. Plain and simple. "
"Has there ever been a president or admin that blatantly lies as bad as biden?  I dont think so.  He lies every time he opens his mouth!  Disgraceful "
"Has anyone told Tucker his Orange Jesus isn&#39;t going to get the nomination?  His boss Murdoch and Koch will be telling you who to vote for.WASHINGTON — The Club for Growth, a conservative anti-tax group that spent nearly $150 million in the past two election cycles, has invited a half-dozen potential Republican presidential candidates to its annual donor retreat next month — but not Donald J. Trump.In a meeting with reporters on Monday, David McIntosh, president of the group, said that Republican chances of winning back the White House next year would be diminished if Mr. Trump were once again at the top of the ticket and that he hoped to introduce Republican donors to other possibilities.“The party should be open to another candidate,” Mr. McIntosh said, suggesting that Republicans had already lost too many elections with Mr. Trump as the face of the party."
"News flash .....You can see more on google maps. "
"A Chinese balloon chased me off the road here in Bodunk, Mississippi.  My car was a total loss.  On top of that I got a DUI."
"All hearsay, the Biden administration has no proof of those “weather balloons” flying over our country during Trump’s 4 yr. term! I have no love for Trump but I’m tired of the ineffectiveness of the Biden elect administration. Since Trump and Biden things have gone from bad to much worse then when Obama was in presidency. I’m still waiting for another Ronald Reagan or better. But I’ll be deceased before or perhaps, if it ever comes to fruition?"
"Tucker is the USA&#39;s top reporter and should be winning Pulitzer prizes.  "
"It would have been easy to tell whether it was a spy balloon or a weather balloon by looking at what information it was collecting. A weather balloon would collect atmospheric data, while a spy balloon would be taking pictures. But instead of retrieving the balloon intact, they destroyed it so no one could examine it. That in itself is proof it was a weather balloon."
"YOu can always tell when Tucker is getting too close to the real story.  Haven&#39;t found anyone else on FOX who attracts as many Left-Handed flys."
"When someone like Tucker, who is a legally-certified liar, tells me someone else is lying to me, my head hurts. Is Tucker lying (likely) and the other person not really lying? Are both Tucker and the other person lying (possible)? Does Tucker have proof for his accusations of lying, or is he just lying and making things up. Who knows, maybe he&#39;ll  be lucky and it will turn out the other people really are lying, too. It&#39;s all so complicated. I know one thing for certain though - only <em>one</em> person in this whole situation has had a legal judgement that reasonable people would not  believe anything they say. That person is Tucker. I&#39;m going to be reasonable about this whole thing, and take two aspirin for my headache."
"Tucker Swanson Carlson&#39;s application was rejected by the CIA.  This article confirms the wisdom of the decision.&#34;So, the balloon shut down the airspace over Billings, Montana, including the airport and as it moved east, commercial pilots said they were afraid of it.&#34;  Huh?  Maybe someone <em>said </em>that, but the balloon was at about 80,000 feet - approximately twice as high as the ceiling for commercial aircraft.The balloon could have been shot down any time.  The public statement was that it would have been a risk if shot down over land, but consider that may have been a ruse.  If shot down over land, its equipment would have been smashed to bits.  Over water, more of it has been preserved for analysis.Further, consider basic tradecraft.  If you find a spy, you don&#39;t just shoot &#39;em or toss &#39;em in prison.  You watch, record, pass them bogus info, let them see what you want them to see and hear, and when you&#39;re done you grab them.  Kind of like Joe Rochefort and Midway, but more sophisticated.Oh Tucker.  Our intelligence services are smarter than you are, though that&#39;s a low bar.  "
"How ironic that a person whose own legal team defended him by saying “no one in their right mind would believe what he says” is now talking about people lying to us."
"Now comes the claim that you can&#39;t expect to literally believe the words that come out of Carlson&#39;s mouth. And that assertion is not coming from Carlson&#39;s critics. It&#39;s being made by a federal judge in the Southern District of New York and by Fox News&#39;s own lawyers in defending Carlson against accusations of slander. It worked, by the way."
"With the future CCP People&#39;s Liberation Army uniting with Russia to launch the Taiwan War. The probability of the CCP using balloon weapons to attack the United States will be greatly increased. President Biden&#39;s weakness fueled Xi&#39;s hubris."
"Biden was forced into transparency by a citizen going outdoors and looking up."
"just your friendly reminder that Tucker Carlson had a defamation lawsuit against him dismissed in federal court because his legal team successfully argued that no reasonable viewer should take Tucker seriously."
"So if I understand Tuckers thought process, Biden is incompetent but  Biden shouldn&#39;t have followed the DOD recommendations?Yeah that makes sense."
"So if I understand Tucker he thinks Biden is completely incompetent and shouldn&#39;t be in charge of anything but thinks Biden should have gone against the DOD recommendations and just shot from the gut.Yeah but it&#39;s not like you can argue with a tea billie using logic.  "
"Thanks to Tuckerov we now know how his masters at the Kremlin feel about the balloons."
"Just imagine, this is the guy that won a court case by claiming that he lies all the time, and that no one in their right mind should ever believe him. Oh yeah, Tucker, people are lying. Those people, of course, are you."
"our entire government is compromised and lost;  we&#39;re doomed "
"Republicans pretend to worry about a balloon that&#39;s thousands of feet in the sky but not worry about all the classified information that Trump sold Russia and China!"
"fox is still struggling to not acknowledge all the OTHER times this has happened."
"Tucker&#39;s cult crusaders will believe whatever he tells them to believe. The first law of the cult is that the leader is the only one who will ever tell you the truth. Everyone else is lying to you."
"MAGA gets their “facts” from Tucker and Hannity. "
"This balloon thing has been inflated (pun intended) way beyond what it was."
"If you are still falling for that line from Tucker, you might be interested in a bargan time share in Siberia."
"Lying is particularly onerous when the entire planet knows you are lying but you keep on doing it."
"Absurdity is the people that will repeat Tucker’s lies! Tucker you claim to know too much to then turn around and say you don’t know what the real story is. You have absolutely no sources for information and that leaves you, an unreliable wealthy source ! No where else will you see the stuff Tucker just said because he made it up like he does every night! "
"Tucker Carlson. Lol"
"Tucker edict - Believe no one but ME."
"Of course it didn’t happen during Trump’s amazing presidency. The media is a fraud.  (That 2nd statement is of course, redundant…)"
"LOL. Tucker really nailed it. The China trolls are out in force."
"I had a nice dinner tonight."
"If you believe what a liberal arts major being paid by billionaire tabloid media globalists has to say about a Chinese balloon, you&#39;ll believe anything. What a bunch of suckers. Tucker Carlson ALWAYS seems to have the scoop our government doesn&#39;t have. His &#39;sources&#39; always tell the truth. Duh. "
"I’m sure if I flew my toy balloon over a U S military base that Joe would buy me ice cream too."
"The entire Fox news propaganda wing is outraged at Biden and hardly a negative word spoken about China between them. The Chinese would call that a great victory."
"Too bad we didn&#39;t shoot the balloon down as it passed over Tucker&#39;s house. "
"Biden plays the unnamed offical card to transfer blame to Trump.  He Joe, Obama&#39;s blaming GW for his failures is getting old.  "
"Yup. Trump Didn’t even do anything for the MULTIPLE times it happened on his watch. You’re such a joke FoxNews."
"haven&#39;t you folks embarrassed yourself enough over the balloon.....at least the biden admin detected it.....donnie wasn&#39;t even aware...."
"You know who else is lying to you? Tucker Carlson!"
"I&#39;ve thoroughly enjoyed how unhinged everyone got over a balloon.  What a bunch of snowflakes.   "
"Wake up, Tucker. Everyone who works for the government is Lying to you."
"Liar tuck"
"Tucker is a creep."
