"The U.S. is busy with climate change and social issues, while China is testing our resolve in a variety of ways - Covid, China Sea aggression, stealing military secrets, and now balloons over America. It is absolutely frightening our dependency on them for the manufacturing of practically everything. In the meantime, we will continue our discussions of pronouns and changing the gender of our children."
"It&#39;s about time for the US Government to claim Eminent Domain over the land China has purchased. Pay them pennies on the dollar and sorry for you loss Xi."
"All Chinese purchases land needs to be absorbed by the federal government and given back to the States.  No need to refund them."
"Any land bought by a foreign nation needs to be repatriated back to the US. There is no reason the government of any country, especially China should own land in any of the US States or territories. "
"It&#39;s astounding to me that there isn&#39;t a federal law against Chinese ownership of any U.S. land."
"China seems to have enjoyed some success buying politicians."
"No foreign nation should be allowed to own US real estate.  Period."
"Time to do whatever is necessary and put whatever measure necessary in place to prevent China from buying anymore land/property in our country!  This practice needs to stop like yesterday!  "
"They have been doing that for years. They have not only purchased land, housing but agricultural businesses, money just rolls in without question."
"Can&#39;t wait until China uses the American land it owns to build a military base within US borders.Wouldn&#39;t even doubt that Congress would approve a trillion or two in subsidies and grants, and Biden would gladly sign that legislation knowing full well that Hunter would get his full 10%."
"Canadian investors lead this pack, by a long shot, with nearly 9.4 million acres of U.S. land — more acreage than 44 of the top 50 foreign landowners combined, according to the report.Investors from countries with less friendly relations also hold agricultural land in the U.S. These include China, with 194,179 acres, Venezuela with 28,058 acres, and Saudi Arabia with 18,586 acres. Compare that to U.S. land ownership from investors in Germany (1.2 million acres), France (643,710 acres), and Switzerland (313,122 acres). "
"Foreign signals intelligence transmitted over the internet are intercepted by the NSA.  However, within the country, low wattage devices that have been collecting sigint need a relay to send their info to Beijing.  This is nearly impossible to intercept."
"US government better wake up.  Stop going after political rivals and start paying attention to other world powers.  "
"I don&#39;t think it should be just about China.  The question we should be asking is...Should any foreigner be allowed to purchase land in the US?  Many countries only allow their citizens to purchase property in their country.  That&#39;s what we should be debating.  I&#39;m not sure where I stand on that as I don&#39;t think we have enough information on the subject but we definitely need to start the discussion.  "
"Nullify all land ownership by China. If they have a problem with that, nullify all US debt owned by China. If their future intentions are war, what reason do we have for allowing them any privileges in our country?"
"China has carte blanch as long as Biden is president."
"China shouldn&#39;t be allowed to buy any farmland in this country. I doubt China would allow any American company to buy farmland in their country."
"People just aren’t going to get it before it’s too late. This falls on the government and the land brokers that sell this land knowing that it’s be bought by a hostile country. "
"WHY are we allowing a foreign government to buy land???? 😡😠"
"No foreign government should be allowed to own ANY real estate in the US "
"Time to quit selling land to ANY foreign entity  but especially China. No business &#34;investments&#34;, either &amp; send their &#34;students&#34; home!"
"Let&#39;s all freak out about foreign countries &#34;buying&#34; land in America... Can we all agree this is not a good idea? This one&#39;s not too difficult. Nationalize acreage China has previously purchased. Stop any deals in progress. No more deals can be written in the future. "
"Friend today, foe tomorrow. There should be no foreign land ownership. I mean really, this is a captain obvious."
"China and China owned entities should be prohibited from buying any land in the US.  They are NOT our friend.  Any land now belonging to the Chinese should be forcefully sold back to the previous owners."
"&#34;Last summer, the Chinese company Fufeng Group, a food manufacturer, made headlines for purchasing 370 acres of land in Grand Forks, N.D., some 15 miles away from Grand Forks Air Force, a center for both air and space operations.&#34;I was stationed at Grand Forks. There is virtually no corn grown there. Sunflowers, wheat, sugar beets, potatoes, but not corn. A corn plant would be in Iowa, Indiana, Kansas, but the only thing interesting in eastern North Dakota to the ChiComs is the Air Force base.BTW, if you ever see Red River Valley potatoes, buy them. Best taters on Earth."
"The Chinese are buying land with INFLATED dollars.The Chinese know the Federal Reserve is printing money and causing inflation."
"cancel all sales to foreign nations, simple as that,  take back what has been sold."
"typical politicians, trying to fix problem they created by allowing this to begin with. they never think things out."
"Thank you American voters for your choice of a great president, I hope you can quickly learn to read and speak Mandarin."
"Australia requires any foreign country or foreign national to get permission from its government to purchase land. Smart."
"The Chinese sent the balloon over to help Joe locate any missing classified documents."
"Its really simple. No selling land to China. "
"We are being invaded and taken over one land tract at a time. Does the United States even have a legal limit of how much American soil a foriegn country can own? What happes to American when they own 51%?  If you people don&#39;t think we need The Donald to deal with China, then just go on whining about his personality, but learn to speak Chinese because it will end up being your required language. "
"Not only should Congress enact laws prohibiting any Foreign Citizen or Government from owning American Soil they should also reclaim all Foreign owned assets via imminent domain."
"Only US citizens and non-multinational US companies should be allowed to own ANYTHING in the USA!"
"This is asinine. Anyone who has played a board game would know you don’t want your opponent building cell towers operating on a separate system in your space where they can capture info about your military bases and weapons. Biden is playing Go Fish. "
"Let me ask these so-called experts, if we flew one over Russia or China, what would happen?? There&#39;s your answer!"
"That should NEVER have happened!🤦‍♀️"
"Eminent Domain.  Confiscate the land they have bought.  Imprison those who sold them the land."
"China shouldn&#39;t own land in the US, that&#39;s just dumb. But if they do, do they have the right to fly a balloon over that land? Maybe that&#39;s a good reason not to sell land to them."
"Our government failed us when they allowed China to buy up our land!"
"American lands MUST be keep for America !! 
Get back the acres sold to China !
CONGRESS WAKE UP !! 
Many evil people in power is selling out our country!!"
"China and Bill Gates (d)ecided on the same realtor I&#39;m thinking 🤔🤣"
"Joe Biden: Making China Great Again "
"How are these balloons more concerning than land buys and TicToc."
"The US should launch a balloon or two from over China from Taiwan."
"Can we own land in China? "
"Why now would we shut out our &#34; good friend and ally&#34; China? Why not when our wonderful President Obama sold the largest meat packing plant in the US owned by the federal government to China, or the cell phone towers, or ranchland and cattles?!!"
"Simple solution, if we can’t buy land in your country you can’t buy in ours  "
"<strong>Kick them out of here! It&#39;s not difficult to see what&#39;s going on. Starting with Huawei telecommunications opened the door for installing a network of cell phone towers around military bases. It is known cell phones made in China contain spyware. Cell phone towers complete the circle of easy surveillance. The balloon can likely be part of a larger, more nefarious plan. Are our counter-intelligence specialists muzzled, or are they asleep?</strong>"
"I’d really like to keep our children safe. We keep making or not even making all these decisions, it’s our children who are going to suffer. "
"Millions being allowed illegally into our country, foreign nations buying our fertile farmlands, foreign spies, and a clueless President whose been stealing Classified docs for at least a decade.What could go wrong?"
"Land of any type should not be allowed ownership by any Chinese government or company in the US.  That makes it very simple."
"Who sold US land to Chinese government? When and how this contract was closed? "
"owning america and its politicians too makes a good reason that the chinese will not have to actually fight the military ( crippled by the vaxx ) either ."
"biden says it is not a spy balloon it is the remax balloon seeing what farm land they can buy up so they can control our food supply."
"Can you buy land in China, with a clear title? Asking for a friend."
"All I can say is, it sure makes the USA look week. Why he&#39;s not thrown out of office, I&#39;ll never understand.This Country should never trust China, Do not trust sleepy creepy Joe Biden and Get rid of this WOKE ideology for good and start firing those who are not doing their job, and get rid of Democrats."
"America has no resolve."
"Ch!na doesn’t need dad and Hunter’s classified docs. They can just float over and get their info in real-time."
"Amazon drone delivery of Stacy Abrams underwear order"
"Should have let MacArthur nuke the little yellow insects back into the stone age. Its not too late,do it now. "
"We buy all the junk they make and they buy all our tech companies and land. Sound good?"
"So they&#39;ll just have a super pac buy the land.  Nobody knows whose money it is. "
"&#34;China Joe has got to go!!!&#34;"
"Get right or get left! JESUS is coming soon!"
"Looks like China already bought everything in DC. Montana sounds nice...Maybe Silicon Valley?"
"Gordon Chang again!&#34;The Coming Collapse of China (2001)&#34;What goes around comes around."
"Let’s nudge it into Canada they still have some leadership left and may actually do something about it! Yay!!!"
"the Japanese sent fire bombs over the west coast during WWII trying to start forest fires with balloons, didn&#39;t work so good and our the government said nothing.    "
"Just a thought, can any of you &#34;experts&#34; tell me what EXACTLY this balloon can do that the 100&#39;s of spy satellites can&#39;t?"
"Also, a great distraction off Joe and Hunter."
"Oh...it&#39;s just the Chinese zoning board! I get it now."
"NO  other country should be able to BUY  American land.  Lease if they want to"
"So then the balloons are checking out more land to buy and/or checking on their cow herd."
"How much land does the Biden Family own?"
"Look , one way or another China has purchased most of that land. All thier doing in flying a drone to check thier property&#39;s"
"The Chinese ballon got lost .. they were trying to pick up via DoorDash food from China Town 😂"
"Don&#39;t expect the demented and corrupt Biden to do anything effective about China."
"Could there be more than ONE SPY BALLOON?   And you KNOW that Slow Joes people will NEVER shoot it down (or otherwise capture it and remove it from our air space)!    If they did, SLOW JOE and his son MIGHT JUST LOSE A GRAET DEAL OF MONEY from CHINA..."
"Look , one way or another China has purchased most of that land. All thier doing in flying a drone to check thier property&#39;s"
"The Chinese ballon got lost .. they were trying to pick up via DoorDash food from China Town 😂"
"Don&#39;t expect the demented and corrupt Biden to do anything effective about China."
"Could there be more than ONE SPY BALLOON?   And you KNOW that Slow Joes people will NEVER shoot it down (or otherwise capture it and remove it from our air space)!    If they did, SLOW JOE and his son MIGHT JUST LOSE A GRAET DEAL OF MONEY from CHINA..."
"This is disappointing and score another for making America losing again."
"Encourage them to buy as much as possible and then seize it all when they attack Taiwan"
"Biden says, don’t worry, the Chinese are just looking for some more property to buy. Using a spy balloon."
"yup they want to buy land so they can own the country. we&#39;re going communist folks"
"God Bless America and Jesus saves 100%"
"Get these communist chinese companys out of The United States…. How in the name of sanity does the biden administration allow enemies of the country to purchase ANYTHING in America…we got to get rid of this guy soon or we will lose our Country "
"The balloon violated US air space, enuff said!!"
"Hey, Swalloswell! Feng Feng sent you a gender reveal balloon courtesy of the CCP!"
"The U.S. is busy with climate change and social issues, while China is testing our resolve in a variety of ways - Covid, China Sea aggression, stealing military secrets, and now balloons over America. It is absolutely frightening our dependency on them for the manufacturing of practically everything. In the meantime, we will continue our discussions of pronouns and changing the gender of our children."
"It&#39;s about time for the US Government to claim Eminent Domain over the land China has purchased. Pay them pennies on the dollar and sorry for you loss Xi."
"All Chinese purchases land needs to be absorbed by the federal government and given back to the States.  No need to refund them."
"Any land bought by a foreign nation needs to be repatriated back to the US. There is no reason the government of any country, especially China should own land in any of the US States or territories. "
"It&#39;s astounding to me that there isn&#39;t a federal law against Chinese ownership of any U.S. land."
"China seems to have enjoyed some success buying politicians."
"No foreign nation should be allowed to own US real estate.  Period."
"Time to do whatever is necessary and put whatever measure necessary in place to prevent China from buying anymore land/property in our country!  This practice needs to stop like yesterday!  "
"They have been doing that for years. They have not only purchased land, housing but agricultural businesses, money just rolls in without question."
"Can&#39;t wait until China uses the American land it owns to build a military base within US borders.Wouldn&#39;t even doubt that Congress would approve a trillion or two in subsidies and grants, and Biden would gladly sign that legislation knowing full well that Hunter would get his full 10%."
"Canadian investors lead this pack, by a long shot, with nearly 9.4 million acres of U.S. land — more acreage than 44 of the top 50 foreign landowners combined, according to the report.Investors from countries with less friendly relations also hold agricultural land in the U.S. These include China, with 194,179 acres, Venezuela with 28,058 acres, and Saudi Arabia with 18,586 acres. Compare that to U.S. land ownership from investors in Germany (1.2 million acres), France (643,710 acres), and Switzerland (313,122 acres). "
"Foreign signals intelligence transmitted over the internet are intercepted by the NSA.  However, within the country, low wattage devices that have been collecting sigint need a relay to send their info to Beijing.  This is nearly impossible to intercept."
"US government better wake up.  Stop going after political rivals and start paying attention to other world powers.  "
"I don&#39;t think it should be just about China.  The question we should be asking is...Should any foreigner be allowed to purchase land in the US?  Many countries only allow their citizens to purchase property in their country.  That&#39;s what we should be debating.  I&#39;m not sure where I stand on that as I don&#39;t think we have enough information on the subject but we definitely need to start the discussion.  "
"Nullify all land ownership by China. If they have a problem with that, nullify all US debt owned by China. If their future intentions are war, what reason do we have for allowing them any privileges in our country?"
"China has carte blanch as long as Biden is president."
"China shouldn&#39;t be allowed to buy any farmland in this country. I doubt China would allow any American company to buy farmland in their country."
"People just aren’t going to get it before it’s too late. This falls on the government and the land brokers that sell this land knowing that it’s be bought by a hostile country. "
"WHY are we allowing a foreign government to buy land???? 😡😠"
"No foreign government should be allowed to own ANY real estate in the US "
"Time to quit selling land to ANY foreign entity  but especially China. No business &#34;investments&#34;, either &amp; send their &#34;students&#34; home!"
"Let&#39;s all freak out about foreign countries &#34;buying&#34; land in America... Can we all agree this is not a good idea? This one&#39;s not too difficult. Nationalize acreage China has previously purchased. Stop any deals in progress. No more deals can be written in the future. "
"Friend today, foe tomorrow. There should be no foreign land ownership. I mean really, this is a captain obvious."
"China and China owned entities should be prohibited from buying any land in the US.  They are NOT our friend.  Any land now belonging to the Chinese should be forcefully sold back to the previous owners."
"&#34;Last summer, the Chinese company Fufeng Group, a food manufacturer, made headlines for purchasing 370 acres of land in Grand Forks, N.D., some 15 miles away from Grand Forks Air Force, a center for both air and space operations.&#34;I was stationed at Grand Forks. There is virtually no corn grown there. Sunflowers, wheat, sugar beets, potatoes, but not corn. A corn plant would be in Iowa, Indiana, Kansas, but the only thing interesting in eastern North Dakota to the ChiComs is the Air Force base.BTW, if you ever see Red River Valley potatoes, buy them. Best taters on Earth."
"The Chinese are buying land with INFLATED dollars.The Chinese know the Federal Reserve is printing money and causing inflation."
"cancel all sales to foreign nations, simple as that,  take back what has been sold."
"typical politicians, trying to fix problem they created by allowing this to begin with. they never think things out."
"Australia requires any foreign country or foreign national to get permission from its government to purchase land. Smart."
"Thank you American voters for your choice of a great president, I hope you can quickly learn to read and speak Mandarin."
"The Chinese sent the balloon over to help Joe locate any missing classified documents."
"Its really simple. No selling land to China. "
"We are being invaded and taken over one land tract at a time. Does the United States even have a legal limit of how much American soil a foriegn country can own? What happes to American when they own 51%?  If you people don&#39;t think we need The Donald to deal with China, then just go on whining about his personality, but learn to speak Chinese because it will end up being your required language. "
"Not only should Congress enact laws prohibiting any Foreign Citizen or Government from owning American Soil they should also reclaim all Foreign owned assets via imminent domain."
"Only US citizens and non-multinational US companies should be allowed to own ANYTHING in the USA!"
"This is asinine. Anyone who has played a board game would know you don’t want your opponent building cell towers operating on a separate system in your space where they can capture info about your military bases and weapons. Biden is playing Go Fish. "
"Let me ask these so-called experts, if we flew one over Russia or China, what would happen?? There&#39;s your answer!"
"That should NEVER have happened!🤦‍♀️"
"Eminent Domain.  Confiscate the land they have bought.  Imprison those who sold them the land."
"China shouldn&#39;t own land in the US, that&#39;s just dumb. But if they do, do they have the right to fly a balloon over that land? Maybe that&#39;s a good reason not to sell land to them."
"Our government failed us when they allowed China to buy up our land!"
"American lands MUST be keep for America !! 
Get back the acres sold to China !
CONGRESS WAKE UP !! 
Many evil people in power is selling out our country!!"
"China and Bill Gates (d)ecided on the same realtor I&#39;m thinking 🤔🤣"
"Joe Biden: Making China Great Again "
"How are these balloons more concerning than land buys and TicToc."
"The US should launch a balloon or two from over China from Taiwan."
"Can we own land in China? "
"Why now would we shut out our &#34; good friend and ally&#34; China? Why not when our wonderful President Obama sold the largest meat packing plant in the US owned by the federal government to China, or the cell phone towers, or ranchland and cattles?!!"
"Simple solution, if we can’t buy land in your country you can’t buy in ours  "
"<strong>Kick them out of here! It&#39;s not difficult to see what&#39;s going on. Starting with Huawei telecommunications opened the door for installing a network of cell phone towers around military bases. It is known cell phones made in China contain spyware. Cell phone towers complete the circle of easy surveillance. The balloon can likely be part of a larger, more nefarious plan. Are our counter-intelligence specialists muzzled, or are they asleep?</strong>"
"I’d really like to keep our children safe. We keep making or not even making all these decisions, it’s our children who are going to suffer. "
"Millions being allowed illegally into our country, foreign nations buying our fertile farmlands, foreign spies, and a clueless President whose been stealing Classified docs for at least a decade.What could go wrong?"
"Land of any type should not be allowed ownership by any Chinese government or company in the US.  That makes it very simple."
"Who sold US land to Chinese government? When and how this contract was closed? "
"owning america and its politicians too makes a good reason that the chinese will not have to actually fight the military ( crippled by the vaxx ) either ."
"biden says it is not a spy balloon it is the remax balloon seeing what farm land they can buy up so they can control our food supply."
"Can you buy land in China, with a clear title? Asking for a friend."
"All I can say is, it sure makes the USA look week. Why he&#39;s not thrown out of office, I&#39;ll never understand.This Country should never trust China, Do not trust sleepy creepy Joe Biden and Get rid of this WOKE ideology for good and start firing those who are not doing their job, and get rid of Democrats."
"America has no resolve."
"Ch!na doesn’t need dad and Hunter’s classified docs. They can just float over and get their info in real-time."
"Amazon drone delivery of Stacy Abrams underwear order"
"Should have let MacArthur nuke the little yellow insects back into the stone age. Its not too late,do it now. "
"We buy all the junk they make and they buy all our tech companies and land. Sound good?"
"So they&#39;ll just have a super pac buy the land.  Nobody knows whose money it is. "
"&#34;China Joe has got to go!!!&#34;"
"Get right or get left! JESUS is coming soon!"
"Looks like China already bought everything in DC. Montana sounds nice...Maybe Silicon Valley?"
"Gordon Chang again!&#34;The Coming Collapse of China (2001)&#34;What goes around comes around."
"Let’s nudge it into Canada they still have some leadership left and may actually do something about it! Yay!!!"
"the Japanese sent fire bombs over the west coast during WWII trying to start forest fires with balloons, didn&#39;t work so good and our the government said nothing.    "
"Just a thought, can any of you &#34;experts&#34; tell me what EXACTLY this balloon can do that the 100&#39;s of spy satellites can&#39;t?"
"Also, a great distraction off Joe and Hunter."
"NO  other country should be able to BUY  American land.  Lease if they want to"
"Oh...it&#39;s just the Chinese zoning board! I get it now."
"So then the balloons are checking out more land to buy and/or checking on their cow herd."
"How much land does the Biden Family own?"
"Look , one way or another China has purchased most of that land. All thier doing in flying a drone to check thier property&#39;s"
"Don&#39;t expect the demented and corrupt Biden to do anything effective about China."
"The Chinese ballon got lost .. they were trying to pick up via DoorDash food from China Town 😂"
"Could there be more than ONE SPY BALLOON?   And you KNOW that Slow Joes people will NEVER shoot it down (or otherwise capture it and remove it from our air space)!    If they did, SLOW JOE and his son MIGHT JUST LOSE A GRAET DEAL OF MONEY from CHINA..."
