"Joe Biden came to office with more foreign policy experience than any president in recent memory but unfortunately he has no memory of it."
"there was a time when I when our adversaries would think twice about doing anything to provoke the United States. we stood tall and we stood proud. defending our country was at the forefront of everything. now we are like the crippled old man that is in the White House, bent over and gray and not knowing where we&#39;re at. until we get this administration out of office and fix our country we will be the laughing stock of the world. I served my country under a commander in chief named Ronald reagan. there&#39;s no way he would have put up with this for a second and now we have people that let it go by like nothing&#39;s even happening. that balloon should have been shot down within minutes of entering our sovereign space."
"<strong>‘Our enemies used to fear us’ - your GOVERNMENT used to fear you. You need to bring that back, first and foremost!</strong>"
"Trump would have popped it BEFORE it crossed our country. Bidet waited until it gathered and transmitted the data it was seeking. "
"<strong>Our enemies used to fear us’</strong>Not anymore . Why should they ? A military is only as strong as the political will to use it ."
"... America&#39;s enemies definitely feared Trump, but so did the swamp.  That&#39;s why they did everything in their power to try to get rid of him.  This balloon debacle never would have happened under Trump!"
"Why wasn&#39;t the balloon taken out over Alaska?  Impeach Joe Biden, for not protecting our borders from foreign invasion from both China and the Southern border."
"Biden and his son took millions of dollars from China.  This should concern every American. "
"Give him a break, he didn’t even need training wheels to ride his bike this team.  And when he figured out it wasn’t a hot air balloon after 3 days he shot it right down. Now off to Jill’s as it’s taco and classified document sorting night."
"One thing China, Russia and the Ukraine all have in common is Hunter Biden who made tens of millions off of all of them peddling his VP daddy’s influence. "
"Using a sidewinder missile to destroy a balloon? Why not the 20 mm Gatling gun?  It was the intent of the administration to ensure there would be no evidence found proving it was a Chinese spy operation.  A fighter pilot would know better than to do that on his own accord."
"I doubt even Jimmy Carter would have let this continue on like Joe did.What a disgrace to his oath of office.."
"Just wait, Biden will do everything he can to prevent disclosure of what was hanging off that balloon.  He doesn&#39;t have Xi&#39;s permission yet."
"Yeah - there was fear.And there was also respect.But nobody is afraid of rainbows, glitter or unicorns, and nobody respects people who don&#39;t understand the undeniable and unalterable differences between men and women."
"Biden didn&#39;t make any decisions on this. He just said what he was told, then actually told the truth after.First he said he told them to shoot it down as soon as possible taking the safety of people first.( coached statement).Then just while he was leaving he stopped and told the truth. He said he told them to shoot it down but they told him no, they need to do it safely if they do.That statement ahows he had no decision in what would be done.Plus if it entered on Tues then why was he brief on weds instead of Tues? Reason because they don&#39;t need to brief him on anything until he may have to answer questions."
"Single shot? From an F-22? I would hope so. ;)  Multiple shots from a Special Ops team&#39;s 50Cal. at  high altitude would have have been more impressive. :)"
"Our allies also see us as weak too."
"Biden let it travel 4500 mules from Alaska to South Carolina before he ordered it destroyed.  Sounds like he was putting China first."
"The Chinese wanted to analyze our &#34;stay safe&#34; mode while under a threat. They probably listened to every frequency and signal known to man for the last five-seven days. The Chinese are decrypting our hardware and methods as we speak.Who knows. Mission accomplished to the Chinese. Whatever the mission was. "
"They use to fear and respect America!  Now we are the laughing stock of our enemies and allies alike!"
"I voted for Donald Trump and I really miss him in control of our great America."
"How much proof do we need to see that biden is controlled by and working for China??"
"Who could fear a man who doesn’t know what day it is or what’s that smell. If he gave orders two days ago to shoot it down like he said he did, why wasn’t his orders carried out, do they mean nothing. He is just trying to take credit for something he is lying about. He just wanted to make sure they got all the pictures they needed. God save our great country."
"50 years of Joe Biden. Decades as a Senator, 8 years as Vice President and now President and he’s solved absolutely nothing, but has created a crisis after crisis and lied repeatedly to further his political agenda and maintain his power and control over the American people."
"It&#39;s obvious China can do what ever they want. Don&#39;t be surprised when the power at your home goes off, no food and no gas to be found. This is only the beginning. "
"4 years of Trump and we didn’t see any major issues. In fact, without the China virus America was at its best. Meanwhile Democrats screamed, Trump will start a war and he’s not stable. Now look at how many disasters Biden has created in 2 years and how mentally unstable he is."
"Can&#39;t protect our borders at any altitude."
"Biden needs to be impeached immediately for dereliction of duty, he put our entire country at risk by allowing this thing to even enter our sovereign nation!"
"Trump was right about Biden "
"It’s time to impeach Joe Biden before we get into war The Chinese Russia Iran are all pushing hard while Joe in in the WH. They know how weak our country is. The writing is on the wall "
"Until the republicans take action and impeach biden this will continue!  All they do is talk, talk, talk, talk, talk!"
"Biden made sure to wait until the spy balloon crossed the entire country and collected all the pertinent data before taking it down. That way he was sure not to offend his favorite comrades and still tried to make it LOOK like he&#39;s &#34;tough on China&#34;."
"We know Biden is not protecting our southern border and does not care - now we also know he cares little about our air space. These are impeachable offenses!!   "
"Impeach Biden. File the articles Monday "
"This is what American&#39;s receive when they elect &#34;Lawyers&#34; as President. Clinton, Obama, Biden all Lawyers WITHOUT Military Experience and without the knowledge and strength to be a True Commander in Chief!"
"Now our enemies are us."
"The only thing our enemies fear about Biden is not fully taking advantages of him before he&#39;s voted out."
"Release balloons from Europe and let them drift over to China. Their response when they hit Chinese airspace will tell you all you need to know."
"Weak link. 
We deserve better. 
"
"An 80 Year OLD Man Should NOT Be President "
"Could have been downed over the aleutian islands and endangered no one! Why did brandon allow it to travel over our most sensitive military bases?"
"Other nations did fear the US and respected it too. I know that during the greater &#34;Cold war&#34; era and in particular from my personal perspective fighting against communists in the Angolan bush war/grensoorlog we felt that as long as America had our backs everything would work out fine.It&#39;s depressing to see how things have changed."
"our enemies used to fear us, until two years ago. Now they laugh at us. So sad"
"Enemies? Come on Man. That&#39;s no way to speak about the nice people who paid for the big guys off shore retirement fund, beach house stocked with classic Vette and Aviators, and Hunter&#39;s private painting lessons. "
"&#34;Republicans rip Biden after Chinese spy balloon shot down: ‘Our enemies used to fear us’&#34;   <strong>NO ONE fears Brandon... and America is embarrassed! What a mess the DNC has created for us all! Fraudulent elections have the most disastrous consequences!</strong>"
"Joe Biden made a decision!
After two years I know it was a tough decision to make one. China has your number…SLOW to react. We all need to buckle up. Showtime, free egg rolls and chopsticks🤓"
"You never get a straight answer from the Biden Administration "
"Brandon makes Jimmy Carter look like a war hawk."
"<strong>Nobody fears Joe Biden but American citizens.</strong>"
"Why would they fear us when they have an asset in the White House "
"...‘Our enemies used to fear us’ Now they taunt us :-("
"The Fake Outrage is impressive today. We should have all been hiding under our beds as the &#34;Balloon&#34; floated across the country. It is amazing that regular people believe that our military doesn&#39;t know what they are doing. If there was any threat that thing would have been taken out but of course it wasn&#39;t a threat and gave us an opportunity to gain a massive amount of intelligence. Keep the base &#34;Outraged&#34; and manipulated no matter how fake it is."
"Thanks for nothing TRUMP&#34;It is during Trump’s presidency that Americans saw the highest trade deficit in its history. The country is now buying more goods and services from other countries than what it sells to the rest of the world. Bringing down the country’s trade deficit was one of the things Trump promised during his campaign but failed to achieve during his time in office&#34;"
"Another public comment will be wasting you breath.  We know Biden is Unqualified and has been Placed in office.  We need to go the legal bath to Impeachment. Just need to have him out of our sight. Take the Unqualified VP too.
This action is for saving the USA  !
"
"Joes visitor logs must have plenty of visits from You Mai Bud!"
"Even though the debris field is 7 miles long, Navy divers have already recovered most of the balloon, plus they found two more boxes of Joe&#39;s classified documents."
"It is worth noting that this same balloon could have been carrying a tactical nuke designed to wipe out our electronics over a wide swath of land.  Just imagine if the next one floats over D.C. and is detonated as the initial salvo of world war 3.  Blinding our nation&#39;s capital and the Pentagon would be a pretty effective first shot."
"Crisis after crisis after crisis after crisis after crisis after crisis after crisis......it never ends with this administration 😔 .."
".....Bring back TRUMP to clean up the mess from the Biden administration and the shame Biden has brought our nation
.....I don&#39;t like everything TRUMP says either, but at this point...he&#39;s spewing honey
......Just bring back TRUMP....for FOUR YEARS!!!!!!!!"
"I’m going out on a limb her but I don’t believe for one second Joe gave the pentagon orders to shoot down the balloon. I don’t believe he even knew about it."
"We better hope that we never have to go to war with Biden as president.   We have the best military but we have the sorriest leader."
"To bad the dems have constant TDS.. they only care about free stuff for not working.. "
"It will be a matter of time when Joe will self proclaim himself a Veteran.No Joe knocking down a spy balloon does not make you a Vet.Jean-Pierre...smh"
"The US has become the laughing stock of the world. "
"Please tell me Joe didn&#39;t call Xi Jinping-pong for some sort of distraction from the public outrage over his irresponsible document episode."
"Fear and respect under Trump. Laughter, contempt, and disdain under Biden."
"I believe that the Biden administration made a deliberate decision to shoot down the spy balloon where the debris was not easily recoverable. Joe Biden is and has been an unregistered foreign agent of China."
"10% for the big guy was a pre payment for stuff like this. "
"This was almost as bad as the surrender in Afghanistan.  "
"&#34;it’s very clear that, because commonsense Americans were overwhelmingly disgusted  . . . horrified that we have a president who would allow Chinese spyware to be on top of our country for days at a time and seemingly to do nothing.&#34;<strong><em>Seemingly</em></strong>.  Because the congressman knows that it is not true that the Administration did nothing.  The Administration reported that they took measures to insure that China could get no intel from this balloon device.  But the Congressman is certain that he will be successful in planting this lie, knowing full well that the Administration will not reveal our capabilities, e.g. electronic countermeasures.GOP as always happy to play cynical political games with our national security."
"China owns the Biden family "
"I Abhor Joe Biden."
"bidumF is a laughing stock on the world’s stage."
"Thankyou for 2,000,000 immigrants  from 150 countries and tons of fentynal. "
"Lets just say Brandon is helping China with favors he promised them in the deal him and his son made, China would help him get elected if Joe did  favors for China so they released the virus and a number of dems knew about this. "
"That balloon could have been just as easily been shot down over the Pacific or Alaska than SC. Yet another FAILURE of leadership in a very troubling , long list of failures that has characterized the Brandon administration from day one. "
"Friends? China Joe is paid handsomely by XI to protect China&#39;s interests."
"Totally agree with all of them!  Biden showed TOTAL INCOMPETENCE!"
"Bottom line?  Most powerful country in the world -- led by the weakest, most incompetent, feckless, feeble old man pretending to be &#34;president&#34; in our history."
"Is the forthcoming press conference over this going to break Jean-Pierre? 🤔"
"Is the forthcoming press conference over this going to break Jean-Pierre? 🤔"
"Biden shouldn&#39;t be president of anything let alone the United States, he can barely put 2 sentences together on a teleprompter. Our country as it is today is the result of a corrupt regime installing a human vegetable with the IQ of a rock as president."
"Hard to write an article about how bad inflation is when it has steadily dropped over the last 6 months.  Can&#39;t blame Fox for bailing on it.  The headline is all propagandists need anyway."
"Joe will do anything to get his hoarding of classified documents off the front page...."
"Many Biden Believers... Laughable!!!"
"I would like to know who are these military leaders Biden is listening to.  They should be on their way out."
"Putin waited for Trump to leave office before invading Ukraine. Xi waited as well before launching spy balloons. The know with a Democrat in office, we are weak. They smell blood in the water."
"Our enemies don&#39;t have to fear us but they should at least respect us. Biden blew that too"
"&#34;Get your facts first. Then you can distort them as you please.&#34; - Mark Twain.He was speaking to Bidenites everywhere."
"Joe Biden is compromised. That much is crystal clear. He needs to resign or be removed from office. He&#39;s a clear and present danger to the country."
"The covid 19 destruction..then of course the democratic  play book. ..why shouldn&#39;t  China feel emboldened  with the democratic  vote?"
"joe biden said, he couldn&#39;t remember."
"He and his son should be arrested and put in prison "
"Republicans absolutely thrive on fear, anger and political division, and it comes right from the top of the food chain in the Republican Party.  Bash Biden at every opportunity, makes zero difference if he did a good thing or a bad thing.Biden didn&#39;t make the call as to when to shoot down this balloon, the military did in all likelihood, just as they would have with Trump.  Biden approved what others recommended, as would any sensible Prez.  No President was shooting this thing down over US territory.  "
"America would be so much better with Joe Biden in a old folks home."
"He couldn&#39;t act until China got it&#39;s money&#39;s worth. Then he uses a $35K rocket to bring it down. Doesn&#39;t the war plane have a machine gun on board?"
"Joe Biden is not a leader, the whole knows it.  Nations with world dominance in mind know it and will take advantage of the Free World without a leader.  The Ukraine was a test most likely agreed to by Russia and China to see what we would do.  Taiwan is next,  then.............Hold on to you guns!"
"Diaper joe had to wait till it got to the Atlantic Ocean. China needed as much information as possible."
"China is Creepy Joe&#39;s &#34;cash cow&#34;.  He will never voluntarily take action that would jeopardize his &#34;10% for the big guy&#34;.  He is an utter embarrassment on a global scale.  He needs to be charged with treason."
"Joe Biden lives in an alternative reality, it seems. I don&#39;t know if he believes what he says or he just doesn&#39;t know what he&#39;s saying. Neither prospect is very reassuring."
"I sure do miss a Peaceful and Profitable America like we had under the Great President Trump...Look how far and how fast America has fallen under Dictator Joey..."
"Biden is a frail old weak man and a weak leader . Our enemies are laughing at us"
"Biden has been an abysmal failure since he took office.  This was the last straw.  Impeachment hearings should begin on Monday.  "
"The home page promises &#34;Biden sets a new grim record as Americans feel the pain of inflation&#34;, yet the article identifies no record and no inflation."
"I have a few democrat friends who said they will not vote for Biden again. They want someone younger and not extreme left."
"I don&#39;t know about our enemies, but Joke Biden is the first time I feared our president.... "
"China Joe had to wait until his Chinese masters completed their mission."
"the vegetable in chief."
"Biden is as transparent as concrete."
"If i&#39;m basing my next vote on who is tougher on China, its for the Democrats, easy.Democrats passed the TPP, a huge win against Chinese influence, while Republicans tanked it, and bungled a trade war against Xi 😏"
"We would not have even known about it until it was shot down well prior to entering our airspace during the last administration."
"Hahaha......Anything to avoid President Bidens LOWEST unemployment numbers in decades. Thank You Sir !!"
"My child doesn’t fear Biden. He thinks that Joke is a joke. As does the rest of the world. But liberals are always last to the party to find out. Sadly it’ll be at our expense. Outlaw democrats!!"
"I have never seen a booming economy like the Biden economy. My business is doing so well. Yes, we had to pay higher wages to retain personnel but we could increase our prices as well and sales are through the roof. Unbelievable. Did not expect to see this anymore during my career. I hear most other business are doing fabulous as well. This truly is MAGA. Finally!"
".....our enemies are to busy laughing. "
"Biden believes in the adage &#34;don&#39;t bite the hand that feeds you&#34;. After the ccp got all the information it wanted, they gave ole Joe the go ahead and take the balloon down. "
"Biden&#39;s reasoning: But Trump......"
"Remember when Republicans blamed Obama for getting the Nobel Peace Prize?.Their outrage is meaningless."
"Obama said joe was known to F things up and Obama gets the blue ribbon."
"But China says Comrade Joe is doing just fine. !!"
"In addition to sending information back to the CCP, it was probably programed to deposit a specified amount into either Hunter&#39;s or Biden&#39;s bank account every hour it was in flight... "
"&#34;Mr. President, the PRC just nuked our ballastic missile bases, shall we launch a countetstrike from our fleet?&#34;.&#34;No General, let&#39;s just wait awhile and see if we can determine their intentions.&#34;"
"This would never happen under President Trump and everyone knows this."
"It&#39;s going to be so easy for China to invade America....this was nothing but a test and America gave China exactly what they were looking for....confirmed Americans are still scared of collateral damage and have not learn that is part of war. "
"House Republican Conference chairwoman Elise Stefanik of New York told Fox News Digital &#34;Joe Biden was tested on the world stage and abysmally failed.&#34; I would add failed again (remember Afghanistan)."
"China just started “The Year of the Lap Dog”…. Joe is ecstatic…."
"China owns Biden!  If not  for the public outcry-how long would Biden let that thing float?  Until all our US tactics were given up?"
"Our adversaries know the Biden administration is weak and incompetent.  The administration proves it almost everyday."
"our adversaries did fear Trump that even he didn&#39;t act up in Ukraine because of Trump taking any actions needed and Putin knew Trump wouldn&#39;t fear to act. 81 million American voters elected to suffer and to be a weak nation at the knees because they hated a guy who spoke candidly for ordinary American citizens and not for the rich and bureaucrats. Too bad, enjoy what you sowed. Biden2024!(-:"
"Why did Biden wait until the balloon was over the Atlantic, where the current will push any debris back to the mainland for us to study?He should have taken it down over the Pacific, where the debris would travel out into the ocean and we wouldn&#39;t be able to study the craft."
"Creepy Uncle Joe:  The perfect juxtaposition of incompetence and incontinence."
"The armchair generals fuming over this balloon have less to say than Chief Wild Eagle."
"Turns out it was just a weather balloon with atmospheric measuring equipment.  All that panic for nuthin."
"As usual with this incompetent administration, everyone on different pages at the same time= a recipe for disaster."
"Biden is a vegetable and is not the one making the calls. "
"Making way for the New Communist World Order by letting China spy on us."
Treason.
"Biden like Hunter and even the military are in cahoots with the CCP. They have something in the military called controller explosion if they really wanted to destroy it they could have done it with minimal damage cause where parts landed. It was not the balloon that needed to be shot down they could have disintegrated the base and then shot the balloon. But many excuses are coming out of the Pentagon and Biden. Is all about money. Take a look at Military leaders offshore bank accounts you will see. "
"Ballon go high..See the big balloon..It&#39;s round and shiny!..Can&#39;t shoot it down it&#39;s so pretty!-Our second in command.."
"I would think even Democrats have to realize he is not fit for office"
"We saved China during WWII and this is the thanks we get."
"Our enemies were invited into the White House without cameras when Trump was in charge "
"President Biden&#39;s excuse for letting a Chinese Spy balloon, maneuver from one US Military installation to the next one, is not believable. <strong>What could this totally incompetent President, who has violated his oath of office, say tomorrow, after allowing a foreign adversary several days of spying time in our air space? </strong>A double Biden Harris resignation would save the House and Senate a lot of time."
"What happened to the article about inflation?"
"Brandon’s foreign diplomacy policy is to mumble incoherently and carry a cup of pudding. "
"And the vast majority of Democrats will either say it didn&#39;t happen or it&#39;s Trumps fault.  The Divided States of America.  China is laughing."
"Joe says pull on in check the air clean the lens. "
"We need a Lincoln level event to rid us of all treasonous Democrats. "
"When the CCP invades Taiwan, once again, Biden will delay 15 days, at least, before keeping the defense treaty with Taiwan, since he waited the full 15 days to defend the US."
"Nobody fears a dementia patient and a woke military.  Especially communist"
"Shuts down our oil industry to support Russian invasion when we buy their oil then turns around and throws billions to Ukraine to &#34;help them???&#34;"
"Who would fear an all inclusive diversified WOKE military that can&#39;t see a BALLOON"
"Biden has failed in both foreign policy and domestic policy. Not sure what he can claim as success for the &#34;State of The Union Address&#34; because he has been AWFUL across the board. All the more reason to vote Trump!!!"
"i just don&#39;t believe that he gave the order to shoot it down last wednesday like he claims.  They could have shot it down when it was near alaska.  I would think the president would be briefed as soon as the balloon was approaching alaska territory."
"Extremely weakStarted with Clinton, then Obama and now President bed pan "
"This guy couldn&#39;t make a right decision to save his own life."
"Dems will get rid of joey before long."
"America will be better off when Biden starts to decompose "
"Great description of old joe…dazed, confused, shuffling and dithering…That’s joe bidumb.I’m "
"If only private citizens could own rocket launchers, legally...."
"Wonder if our technology was able to hack into the system and see what China was transmitting. And blur or block out transmissions over sensitive areas. "
"So I read that we used a missile  from a F-22 to bring down this balloon.  Makes me wonder why a less expensive per flight hour jet couldn&#39;t have been used as well as using a gun vs an expensive missile. Its not like the balloon was going to out run any jet."
"Now would be a good time to introduce Articles of Impeachment, and then tear up the SOU speech tomorrow."
"If Government said the sky was green Democrats voters would agree and want to arrest anyone that says the sky is blue....this is how sheepish Democrats voters are, they think the word of government is golden and is always truthful. "
"You can’t be sensitive and tough all at the same time. Joe Biden is warm, soft and weak. We should have had <strong>CornPop</strong> for President!"
"That was back when Trump was in office.  Nobody fears the United States anymore, nobody. "
"467k jobs added last month that&#39;s more than Biden&#39;s predecessor added in 4 years."
"I think it&#39;s funny how Fox News took down its original article titled &#34;chinese-spy-balloons-over-us-during-trump-admin-discovered-after-he-left-office-senior-biden-official&#34; and then changed it to what it is now.  I still have it bookmarked under its original title.  LOL"
"Apparently they had balloons breech US airspace 3 times during the Trump administration. Maybe if we had shot those down, they wouldn&#39;t continue to do this."
"Your leader proved he was weak when he took office! Absolutely clueless and threw our military under the bus in Afghanistan"
"Biden is the worlds no.1 CLOWN !!"
"Creature from the Black Lagoon is on tonight. Look at Biden’s profile and then watch the movie you notice the Similarities"
"MAGAs spinning their fantasies. Biden ordered it shot down 4 days ago and left it to the military to choose the method and timing.  The military decided to shoot it down over the coast.  "
"We’ve been a joke ever since Jan. 2021"
"# 1 priority for POTUS is to defend &#34;We the People&#34;. If you agree ,thumbs up. If you disagree ,say why . I think he made us look weak in the eyes of the world."
"Is there anything more fitting as a gift to the Free world&#39;s mightiest Leader as a bunch of balloons from our terrorist neighbors across the Pacific? He&#39;ll leave office with a legacy that even Barry Soetoro and big Willie would have loved to have gotten. Hallelujah!"
"Biden didn&#39;t want to offend his bosses in China."
"Arrogant and incompetent dementia joey... same old story."
"An army of deer , led by a lion is more feared tha an army of loins led by a deer. The army will follow it’s leader!  Whether the lion who will fight or the deer who will turn and run. Biden is clearly a deer and the predators of the world recognize it"
"Democrats are destroying the US.  Liberals are destroying Western Civilization.  I care. Do you?"
"So let me get this right the DOD is saying balloons flew over America during the Trump days and they just didn&#39;t notice them. So what proof does the DOD have that it happened when they said they didn&#39;t notice.....Did China call and say &#34; Ha hah we spied on you with balloons and you didn&#39;t notice&#34;?"
"<strong>517,000 new jobs in January...you go Joe!</strong><strong>Fox: &#34;But the little balloon?&#34;</strong>"
"Unlike &#34;Democrat&#34; &#34;investigations&#34; during the Trump years...this one REALLY DESERVES one. Traitor Joe allowed China to invade our airspace, and didn&#39;t even talk about it for days. Yet another LEGITIMATE &#34;article of impeachment&#34;, unlike Traitor Pelosi&#39;s FAKE impeachments."
"What about the previous balloons under previous adminstrations?"
"China Joe continues to show he is the worst president in history. "
"<strong>Triggered little MAGAS...so funny</strong>"
"Well those mean Tweets are no more.And how about the &#39;progress&#39; for the alphabets!Far, far more important that a Chinese spy balloon hovering over the country for a week."
"I see we are back to the seesaw of “Biden is weak” to “Biden is going to lead us into WWIII” "
"Fear us…Laugh at us for having a feckless senile leader, sadly America has become a Woke Joke.!"
"Did Hunter get to sit on daddy&#39;s lap and push the button?"
"American fear of &#34;collateral damage&#34; is partly why they have not won a war since WWII and will continue to lose every war they get involved in. "
"Did president doody pants get his balloon and ice cream cone? "
"<strong>‘Our enemies used to fear us’</strong>That was before Donald Trump got up on the world&#39;s stage and told everybody on the planet about the &#34;love letters&#34; he and Kim Jong Un exchanged with each other, how much &#34;in love&#34; he and Xi Jinping were with each other and how much more he trusted Vladimir Putin than our own intelligence services."
"Who was the military protecting over the Aleutian Islands, a cod fish? a crab?  Another great move by the Biden administration. This guy does not have a clue anymore how irresponsible his actions have become."
"That’s all magas do is point fingers. Never do they have solutions. Except cut taxes for the rich."
"Reagan famously went without an overcoat when greeting the younger Gorbachev on a cold day. Sloppy Joe fell climbing stairs. Three times."
"The What House will never try to explain why - when we knew about the Chinese balloon when it was still over the North Pacific, within our 12-nautical-mile airspace - we did not shoot it down, then."
"By the way, what is the GOP doing in Congress nowadays?"
"Biden consulted with military and decided no need to panic. No wonder the military didn’t tell Trump about the balloons. They knew he would go into full-on chicken little mode."
"81 million voted for this.... laughable!!!"
"0biden is a Chinese Asset, bought and paid for.  He conveniently had the air force destroy the equipment under this balloon.  No evidence, they could have shot holes in the balloon but no they blew up the equipment."
"Never mind the &#34;cadaver.&#34;   The entire Demo-Marxist party MUST be destroyed."
"Looks like the crisis at the border is over I haven&#39;t seen anything on FOX since the Republicans took back the House."
"It&#39;s time to hear testimony from the thousands of people who signed sworn affidavits of FRAUD in the 2020 election followed up with a total election audit."
"Biden had to ask permission from the CCP before shooting it down. That’s what caused the delay. The CCP owns him."
"Joey says he’s a nice looking fella!"
"I’d love to see the reports how Biden locked his garage door WITH 3 LOCKS a week after some low life steals it."
"<strong><em>Pure Politics - nothing more</em></strong>.  China poses a very real threat, and they are surveying us with TikTok and they have thousands of &#34;students&#34; stealing our technology at major Universities.  Constant probing of our secure systems.  This Balloon is nothing but a silly distraction -<strong> it is like worrying your door is unlock when your house is on fire.</strong>"
"The balloon didn’t help but once our enemies saw Biden savagely defeated by a flight of stairs, there was blood in the water "
"<strong><em>CCP supplied Fentanyl &amp; Narcotic overdoses &gt; 100,000 bodies in 2022 CDC statistics, from open borders Democratic policies &amp; CCP Fentanyl. Why,Why, Why? Cheaper than a war, move the whole of Taiwan to US, let CCP have the island, we get smart hard working people, and CCP gets no chips.</em></strong>"
"I have a Mule that is just as hard headed as joey biden."
"With China, it won&#39;t be a problem, until it is.  And then, it&#39;s too late."
"Nice article Fox News. Thank you. And to the people that discredited me for saying it was because of us here expressing our outrage about it, read the above article."
"How was it allowed to enter our airspace? Did President Joke (China) Biden give it special permission?"
"Listen to Joe Biden, Adam Schiff, AOC or any of the stars of the Democrat Party speak and how could you possibly take this nation seriously? Especially after voting out a leader like Trump."
"President Biden is a man of action. The last guy cowered down in the bunker. "
"Well you got to hand it to the Easter Bunny&#39;s advice to Joe this time.......LOL"
"I speak for all Americans when I say thank you, President Biden."
"Nov 6/2018SHANGHAI (AP) — The Chinese government granted 18 trademarks to companies linked to President Donald Trump and his daughter Ivanka Trump over the last two months, Chinese public records show, raising concerns about conflicts of interest in the White House.In October, China’s Trademark Office granted provisional approval for 16 trademarks to Ivanka Trump Marks LLC, bringing to 34 the total number of marks China has greenlighted this year, according to the office’s online database. The new approvals cover Ivanka-branded fashion gear including sunglasses, handbags, shoes and jewelry, as well as beauty services and voting machines."
"Democrats are responsible for the turmoil that the citizens of the United States of America are enduring. "
"Biden is a worldwide disgrace and they’re all laughing at him and, by extension, us. That will all change when DeSantis takes office. DemocRats will be sky screaming and our allies will breathe a sigh of relief. "
"But no concern other times Chinese balloons entered US airspace during the trump administration."
"The mothers of 200,000 dead soldiers are not too happy with USA.  Russian T72 drivers fear USA, Russian Natural Gas exporters fear USA.  It appears the right people fear the US"
"Having a Special Ops HALO Team slice it open and ride it down would have have been more impressive. :)"
"“President Biden said Saturday that he gave the order to shoot down the balloon on Wednesday but his military advisers decided to wait“… <strong><em>even his own direct reports don’t respect him</em></strong>"
"Seems pretty fair to plan a water landing.   "
"joe biden has a poster of xi above his bed."
"Joe Biden couldn’t shoot down his handlers balloon!! He had to wait till they told him it was ok . All of our families lives were endangered by this treasonous man. 
It flew over sensitive landscape for days. 
Maybe Joe Biden’s Boss’s balloon flight was a caveat in the agreement when they paid him and his family billions of dollars? 
He and Hunter should be tried for treason. "
"All this bad talk about Biden and there was still no red wave. "
"We electronically jammed the balloon once discovered over the USA.  Nothing in the article about that."
"Vote the donkeys out!"
"And when Dems throw Republicans in jail for their political affiliation the RINO establishment also does nothing. So, I&#39;m not surprised. "
"Wonder why Trump never mentioned the two Chinese Balloons  that came over the US when he was president?  Then kept it secret."
"The Joke Biden/Cackling Hyena administration...enjoy!!!!"
"To put this in context, Trump let Russia spies in the Oval Office, without cameras and gave them top secret intel "
"Even the wind knew better when Trump ran the show."
"Sure.   Trump is the one that trusts the russians more than the United States Government.   Because of trump republicans, our enemies love us.HB"
"Biden is china&#39;s boy"
"Putin didn’t fear Trump. He knew Trump was in his pocket."
"There are Americans and then there are libs.. not interchangeable "
"To put this in context, Trump let Russia spies in the Oval Office, without cameras and gave them top secret intel "
"There are Americans and then there are libs.. not interchangeable "
"Biden is china&#39;s boy"
"Putin didn’t fear Trump. He knew Trump was in his pocket."
"Weakness is strength scream the democrats.... smh.  I&#39;d say I&#39;m joking but they factually said failure was success - so I&#39;m not."
"Impeach China Joe."
"Biden is a cowered and will go down in history as the worst president that the United States has ever had. "
"Bill Maher mocked that which is valid concern regarding the Chinese espionage flight that Biden allowed to travel across our country.He claims China was only interested in counting our cows.🙄 "
"Fox News is losing it"
"Yes, Chinese Spy Balloons Flew Over The U.S. When President Trump Was In Office TooBloomberg News reported on Friday that Chinese balloons flew over the U.S. while President Trump occupied the White House.Forbes  Feb 4, 2023,01:31pm EST"
"Are these the same republicans that staged the insurrection against our Democracy?"
"How does  one indifferent  from democratic ideology  from China ideology, "
"<strong>TWO MORE YEARS, folks<em>!</em></strong>"
"<strong>President Biden is &#34;The Jobs President&#34;</strong><strong>You go, Sleepy Joe!</strong>"
"<strong>The level of ignorance of the GOP is on full display.</strong> President Biden and the Pentagon worked together to jam signals, limiting collection of any data, then shot it down where no civilians were put at risk, and they can collect the equipment from the water.I guess intelligent competence really freaks them out...since they have neither."
"I don’t think we need to investigate why it happened.  We all know bidumb is owned by china."
"Biden and his crooked cronies are going to give our country to China.  They have done business together for millions.  Trump was impeached 
over a good phone call.  What else does this man have to do before he is impeached? Then impeach kamala 
for insubordination.  That would leave Kevin Mccarthy as president.  A hellava lot better than what we are suffering with now. "
"It&#39;s the Biden foreign policy:  America LAST. "
"10% for the big guy was a pre payment for stuff like this. "
"C&#39;mon man! Joe and company are just good honest folks. That&#39;s why China gives them all that cash."
"biden and obama the weakest ever"
"If i was China i&#39;d have a carrier parked on both coasts and fly over America all day and night long."
"jojo&#39;s poll numbers  are the only thing going down faster than that balloon"
"Biden od course, as Failed America Entirely.
I would be a wreck of a person, a real goofball (I&#39;m sorry), but when you review the Facts, there is no intelligent decision. 
Biden will get Blown out like a bad (you know what) next time. America&#39;s most important issue is  Election  Integrity ....."
"I’m way more curious what the top DEMS are saying about this "
"And if he had ordered it shot down immediately, Republicans would be criticizing him for provoking China.  This is so pathetically predictable."
"Move the top secret unsecured documents stories off the page. Prepare for war——the cure for a terrible economy with inflation and over 30 trillion in debt while Xi owns Joe and Hunter Xiden"
"Our enemies used to fear the <em>President</em>. Now, it&#39;s Americans who do."
"Why would China Fear the USA .. Congress wanted to entrust this nation with their (Congress ) retirement fund ,,, Trump stopped it  ... China has many Congress on the take along with Biden IMO  ,, why would china fear the USA ? China is providing the fentinal for the Drug cartels and Biden could care less ! Hunter Biden was given how much money to sell pout USA ??? With Daddys permission ,, Jo said he was SO Proud of Hunter for his  What ,,,  treason !  All of the Chinese are indocrinated  to have an alegance to China By Threat of retaliation by CCP.. they are potentially all Spies .. in our universities , In our think tanks Pen Biden center where Biden loosly had USA Classified unfo ,, China is in Face book monitoring USA Citizens .. In our Banking ,, Buying up farm lab\nd ,, Mineral rights. Water rights ... Why would china fear USA when we are Going green and our Energy sector is in capable of supporting our Home sindustry and a military if war breaks out ,... And our Military goung Woke and The Men are Lgbtq and they dont understand what they stand for .. What are they going to scratch the enemies eyes our and what if they break a nail ... They are done ... Whos kidding who , Battle ready ??? ! NAW &gt;&gt;&gt; "
"Republican&#39;s living is constant fear from EVERYTHING!"
"Joe is making sure that we are no longer a sovereign nation. He should be tried for treason."
"Will Xi be in the audience at the SOTU? "
"Big talk sounds good, no action"
"Biden is owned by the Chinese."
"BIDEN = WWIII"
"MAGA is ready to surrender "
"Biden Derangement Syndrome is at epidemic levels in hollers and trailer parks across America. "
"My wifes aunt got temporary memory loss after getting COVID. She never once talked like she had marbles in her mouth coming up with imaginary words like Grandpa President. <strong>IF ONLY </strong>there had been some sign in 2020 we could have gotten him a cognitive test. Oh well . . . ."
"Nothing burger the ho-hum boring nothing party. Never a single positive thing to say. How about admitting TRUMP mucked up and collectively we need to do better? Not hard. "
"Bidens America last"
"Biden and the Democrats have done so much damage to our country we have yet to realize the full scope of it all. Now perhaps after yet another serious international debauchery people here will come to their senses."
""
"Time to impeach sippy cup Joe. Enough is enough. Americans now have irreputable proof of the incompetence of our leadership to protect our borders from not just the illegals and cartel&#39;s but now the Communist? Other countries no longer have any respect for America. We need to find us a true American to defend us  "
"Instead of complaining about Biden all the time, impeach Let&#39;s Go Brandon."
"“Appear weak when you are strong, and strong when you are weak.”….
The Art of War"
"That was a long time ago "
"Ol&#39;Goober and heels-up were planned to be transitory, Nancy fouled that up and lost all the power. Good I say."
"Yeah they did back in 1945."
"Good thing Joe knows some of the women in his administration are women.......This makes everything okay.....LOL"
"Republicans need more balloons to complain as they don&#39;t have anything else to do."
"Feeble Joe is truly worthless !!!!"
"If the cartels can eat Joe Biden for lunch, so can the Chinese."
"Ok, Doocy, first opportunity ask Biden why the balloon wasn&#39;t shot down while approaching Alaska."
"Biden has shown the world how weak and ineffective his administration truly is. Yet again."
"Dementia Joe strikes fear into........well, nobody. If China had a SNL show, Biden would be on it every week."
"Hunter and Joe are agents, earning their pay from China"
"Lol... America couldn&#39;t even trust you to govern them with inflation @ a 40 year high....go figure "
"so china flew the balloon over and Biden let them to distract everyone from joey selling them our top secret documents"
"Cheap shot comment from Senator Murphy, and totally unnecessary."
"MAGAts melting down over the fact that Biden is a competent CIC. Whereas Trump was kept in the dark by “his” generals. Lol"
"Biden doesn&#39;t want china to feer us."
"First: voter ID Second: limit mail in ballots Third: kick these liberal democrats and rinos out of office."
"France does not fear us anymore!"
"The GOP is clueless and the Republican Party has zero credibility with the American public..."
"Joe Biden came to the Presidency with more FOREIGN DEMOCRAT TREASON POLICES that Eddie Omien. And Biden wears Eddies Sun Glasses to prove it."
"Inflation is so bad they quickly changed topics 😂😂😂"
"No need to fear someone that said he fell in love with you"
"Our leaders are not...."
"The problem with Republicans, is everyone assumes Biden is simply inept..Nobody is that inept. The &#34;Big Guy&#34; is doing it intentionally."
"Serious Biden Derangement Syndrome at fox right now "
"Installing treason regimes have consequences !"
"Sometimes I wish there was a moderated conversation board that only allowed serious comments.  Even the WAPO and NYTimes are infected."
"Fox blames Biden for shooting down the balloon?.Fox is Fake News."
"Elise looks like she ate a weather balloon nom nom nom nom 😋 "
"Rumor has it that the huge white balloon was on its way to Mar-a-Lago to mate with the huge Orange Blimp."
"Thankyou for inflation.  WHAT"
"having nobody in the white house would be better."
"Where the story about the ho wannabe politician leaving her hubby and moving in with a new dude that works for her?"
"Chinese spyware...LOL!"
"One of many to come "
"Elise looks like she ate a weather balloon nom nom nom nom 😋 "
"Thankyou for inflation.  WHAT"
"Rumor has it that the huge white balloon was on its way to Mar-a-Lago to mate with the huge Orange Blimp."
"having nobody in the white house would be better."
"Where the story about the ho wannabe politician leaving her hubby and moving in with a new dude that works for her?"
"Lolz.., Trump had a female Chinese spy walk right into his house. "
"One of many to come "
"Chinese spyware...LOL!"
"The only fear that the Vegetable engenders is fear of his lethal incompetence."
"I still think that Biden will win reelection, for all their whining, Republicans have proven themselves more corrupt, more treasonous, and more incompetent in every way 😏"
"If it was transmitting data it is non scuseable not to shoot it down as soon as detected"
"Trump won! 🇺🇸🇺🇸🇺🇸"
"remove biden/harris NOW!"
"China laughs at democrats the party of cowards that elects draft dodgers as president"
"LOL @ Fox!!   This morning the title was, &#34;Biden weak on China for not shooting down Balloon&#39;&#34;, now their title is &#39;Biden weak for shooting down spy balloon&#34;!!No wonder Fox viewers are so poorly informed about reality when they get such trash reporting from Fox. "
"If you people think that China wasn&#39;t spying on us under Trump, i got a bridge to sell you😏"
"this article was supposed to be about inflation? Apparently it’s more about balloon deflation.I think Fox News is the one with  dementia."
"We must waterboard Joe Biden immediately. He is compromised and we need to know the extent of his traitorous activities. "
"Why didnt Trump shoot down the Chinese spy satellites that fly over the US on a daily basis? He must be in bed with the Chinese too? "
"Chris Murphy is so unprofessional and an embarrassment that he&#39;s in politics. "
"Stick a fork in Joe Biden the democrats say joe is done."
"Treason at the highest level"
"The Hussein Biden Tribe are Clear + Present Danger."
"joe biden is senile and doesn&#39;t even know what day it is, most of the time."
"if i was China i&#39;d fly a spy plane right across America.....they won&#39;t shoot it down because it may cause collateral damaged."
Afghanistan.....
"Enemies fear GI Joe Biden. Laughed and walked/stomped over Donald Trump"
"Why do Dems hate America so much?"
"Wasn&#39;t there a German Pop song about a bunch of clowns, freaking out over balloons and blowing up the world?"
"Biden is nothing compared to Trump.Illegitimate Criminal Regime "
"I think they feared the crazy guy with bad hair and a spray tan."
"Same old conservatives doing the same old whining."
"Biden rules, and 300 people in a jerk circle chat room are hardly going to change that reality. "
"Hawley looked weak and incompetent when he was running like a little girl at the Capitol.😂"
"The balloon was flying during the &#34;presidency&#34; of the Fat Fraud Trump...He was too busy chasing tail and cheating at golf to care about our nation&#39;s peril....."
"Tonight, the SOTU will be presented by The Very Good CCP Company. 很好的中共公司 "
"even the illegals  jojo invited to america  wanna leave  this violent and drugged up  3rd worldshthole"
"Joe&#39;s own words I love when kids run their fingers threw my hairy legs "
"This spy balloon fiasco is a dreaded preview of the incompetence and the danger we are allin with this democrat puppet in the White House.  Everyone with a functioning brain realizes this Biden fake is a plant.  The election was corrupt.  --------------------------------------------------------------------------------------------------------------------------."
"Democrats are traitors."
"RIP MAGA "
"This spy balloon fiasco is a dreaded preview of the incompetence and the danger we are allin with this democrat puppet in the White House.  Everyone with a functioning brain realizes this Biden fake is a plant.  The election was corrupt.  --------------------------------------------------------------------------------------------------------------------------."
"Democrats are traitors."
"RIP MAGA "
"RIP MAGA "
"Joe Biden came to office with more foreign policy experience than any president in recent memory but unfortunately he has no memory of it."
"there was a time when I when our adversaries would think twice about doing anything to provoke the United States. we stood tall and we stood proud. defending our country was at the forefront of everything. now we are like the crippled old man that is in the White House, bent over and gray and not knowing where we&#39;re at. until we get this administration out of office and fix our country we will be the laughing stock of the world. I served my country under a commander in chief named Ronald reagan. there&#39;s no way he would have put up with this for a second and now we have people that let it go by like nothing&#39;s even happening. that balloon should have been shot down within minutes of entering our sovereign space."
"<strong>‘Our enemies used to fear us’ - your GOVERNMENT used to fear you. You need to bring that back, first and foremost!</strong>"
"Trump would have popped it BEFORE it crossed our country. Bidet waited until it gathered and transmitted the data it was seeking. "
"<strong>Our enemies used to fear us’</strong>Not anymore . Why should they ? A military is only as strong as the political will to use it ."
"... America&#39;s enemies definitely feared Trump, but so did the swamp.  That&#39;s why they did everything in their power to try to get rid of him.  This balloon debacle never would have happened under Trump!"
"Why wasn&#39;t the balloon taken out over Alaska?  Impeach Joe Biden, for not protecting our borders from foreign invasion from both China and the Southern border."
"Biden and his son took millions of dollars from China.  This should concern every American. "
"Give him a break, he didn’t even need training wheels to ride his bike this team.  And when he figured out it wasn’t a hot air balloon after 3 days he shot it right down. Now off to Jill’s as it’s taco and classified document sorting night."
"One thing China, Russia and the Ukraine all have in common is Hunter Biden who made tens of millions off of all of them peddling his VP daddy’s influence. "
"Using a sidewinder missile to destroy a balloon? Why not the 20 mm Gatling gun?  It was the intent of the administration to ensure there would be no evidence found proving it was a Chinese spy operation.  A fighter pilot would know better than to do that on his own accord."
"I doubt even Jimmy Carter would have let this continue on like Joe did.What a disgrace to his oath of office.."
"Just wait, Biden will do everything he can to prevent disclosure of what was hanging off that balloon.  He doesn&#39;t have Xi&#39;s permission yet."
"Yeah - there was fear.And there was also respect.But nobody is afraid of rainbows, glitter or unicorns, and nobody respects people who don&#39;t understand the undeniable and unalterable differences between men and women."
"Biden didn&#39;t make any decisions on this. He just said what he was told, then actually told the truth after.First he said he told them to shoot it down as soon as possible taking the safety of people first.( coached statement).Then just while he was leaving he stopped and told the truth. He said he told them to shoot it down but they told him no, they need to do it safely if they do.That statement ahows he had no decision in what would be done.Plus if it entered on Tues then why was he brief on weds instead of Tues? Reason because they don&#39;t need to brief him on anything until he may have to answer questions."
"Single shot? From an F-22? I would hope so. ;)  Multiple shots from a Special Ops team&#39;s 50Cal. at  high altitude would have have been more impressive. :)"
"Biden let it travel 4500 mules from Alaska to South Carolina before he ordered it destroyed.  Sounds like he was putting China first."
"Our allies also see us as weak too."
"The Chinese wanted to analyze our &#34;stay safe&#34; mode while under a threat. They probably listened to every frequency and signal known to man for the last five-seven days. The Chinese are decrypting our hardware and methods as we speak.Who knows. Mission accomplished to the Chinese. Whatever the mission was. "
"They use to fear and respect America!  Now we are the laughing stock of our enemies and allies alike!"
"I voted for Donald Trump and I really miss him in control of our great America."
"How much proof do we need to see that biden is controlled by and working for China??"
"Who could fear a man who doesn’t know what day it is or what’s that smell. If he gave orders two days ago to shoot it down like he said he did, why wasn’t his orders carried out, do they mean nothing. He is just trying to take credit for something he is lying about. He just wanted to make sure they got all the pictures they needed. God save our great country."
"50 years of Joe Biden. Decades as a Senator, 8 years as Vice President and now President and he’s solved absolutely nothing, but has created a crisis after crisis and lied repeatedly to further his political agenda and maintain his power and control over the American people."
"It&#39;s obvious China can do what ever they want. Don&#39;t be surprised when the power at your home goes off, no food and no gas to be found. This is only the beginning. "
"Can&#39;t protect our borders at any altitude."
"4 years of Trump and we didn’t see any major issues. In fact, without the China virus America was at its best. Meanwhile Democrats screamed, Trump will start a war and he’s not stable. Now look at how many disasters Biden has created in 2 years and how mentally unstable he is."
"Trump was right about Biden "
"Biden needs to be impeached immediately for dereliction of duty, he put our entire country at risk by allowing this thing to even enter our sovereign nation!"
"It’s time to impeach Joe Biden before we get into war The Chinese Russia Iran are all pushing hard while Joe in in the WH. They know how weak our country is. The writing is on the wall "
"Until the republicans take action and impeach biden this will continue!  All they do is talk, talk, talk, talk, talk!"
"Biden made sure to wait until the spy balloon crossed the entire country and collected all the pertinent data before taking it down. That way he was sure not to offend his favorite comrades and still tried to make it LOOK like he&#39;s &#34;tough on China&#34;."
"We know Biden is not protecting our southern border and does not care - now we also know he cares little about our air space. These are impeachable offenses!!   "
"Impeach Biden. File the articles Monday "
"Now our enemies are us."
"This is what American&#39;s receive when they elect &#34;Lawyers&#34; as President. Clinton, Obama, Biden all Lawyers WITHOUT Military Experience and without the knowledge and strength to be a True Commander in Chief!"
"The only thing our enemies fear about Biden is not fully taking advantages of him before he&#39;s voted out."
"Release balloons from Europe and let them drift over to China. Their response when they hit Chinese airspace will tell you all you need to know."
"Weak link. 
We deserve better. 
"
"An 80 Year OLD Man Should NOT Be President "
"Could have been downed over the aleutian islands and endangered no one! Why did brandon allow it to travel over our most sensitive military bases?"
"Other nations did fear the US and respected it too. I know that during the greater &#34;Cold war&#34; era and in particular from my personal perspective fighting against communists in the Angolan bush war/grensoorlog we felt that as long as America had our backs everything would work out fine.It&#39;s depressing to see how things have changed."
"our enemies used to fear us, until two years ago. Now they laugh at us. So sad"
"Enemies? Come on Man. That&#39;s no way to speak about the nice people who paid for the big guys off shore retirement fund, beach house stocked with classic Vette and Aviators, and Hunter&#39;s private painting lessons. "
"&#34;Republicans rip Biden after Chinese spy balloon shot down: ‘Our enemies used to fear us’&#34;   <strong>NO ONE fears Brandon... and America is embarrassed! What a mess the DNC has created for us all! Fraudulent elections have the most disastrous consequences!</strong>"
"You never get a straight answer from the Biden Administration "
"Joe Biden made a decision!
After two years I know it was a tough decision to make one. China has your number…SLOW to react. We all need to buckle up. Showtime, free egg rolls and chopsticks🤓"
"Brandon makes Jimmy Carter look like a war hawk."
"<strong>Nobody fears Joe Biden but American citizens.</strong>"
"Why would they fear us when they have an asset in the White House "
"...‘Our enemies used to fear us’ Now they taunt us :-("
"The Fake Outrage is impressive today. We should have all been hiding under our beds as the &#34;Balloon&#34; floated across the country. It is amazing that regular people believe that our military doesn&#39;t know what they are doing. If there was any threat that thing would have been taken out but of course it wasn&#39;t a threat and gave us an opportunity to gain a massive amount of intelligence. Keep the base &#34;Outraged&#34; and manipulated no matter how fake it is."
"Thanks for nothing TRUMP&#34;It is during Trump’s presidency that Americans saw the highest trade deficit in its history. The country is now buying more goods and services from other countries than what it sells to the rest of the world. Bringing down the country’s trade deficit was one of the things Trump promised during his campaign but failed to achieve during his time in office&#34;"
"Joes visitor logs must have plenty of visits from You Mai Bud!"
"Another public comment will be wasting you breath.  We know Biden is Unqualified and has been Placed in office.  We need to go the legal bath to Impeachment. Just need to have him out of our sight. Take the Unqualified VP too.
This action is for saving the USA  !
"
"Even though the debris field is 7 miles long, Navy divers have already recovered most of the balloon, plus they found two more boxes of Joe&#39;s classified documents."
"It is worth noting that this same balloon could have been carrying a tactical nuke designed to wipe out our electronics over a wide swath of land.  Just imagine if the next one floats over D.C. and is detonated as the initial salvo of world war 3.  Blinding our nation&#39;s capital and the Pentagon would be a pretty effective first shot."
"Crisis after crisis after crisis after crisis after crisis after crisis after crisis......it never ends with this administration 😔 .."
".....Bring back TRUMP to clean up the mess from the Biden administration and the shame Biden has brought our nation
.....I don&#39;t like everything TRUMP says either, but at this point...he&#39;s spewing honey
......Just bring back TRUMP....for FOUR YEARS!!!!!!!!"
"I’m going out on a limb her but I don’t believe for one second Joe gave the pentagon orders to shoot down the balloon. I don’t believe he even knew about it."
"We better hope that we never have to go to war with Biden as president.   We have the best military but we have the sorriest leader."
"To bad the dems have constant TDS.. they only care about free stuff for not working.. "
"It will be a matter of time when Joe will self proclaim himself a Veteran.No Joe knocking down a spy balloon does not make you a Vet.Jean-Pierre...smh"
"Please tell me Joe didn&#39;t call Xi Jinping-pong for some sort of distraction from the public outrage over his irresponsible document episode."
"The US has become the laughing stock of the world. "
"Fear and respect under Trump. Laughter, contempt, and disdain under Biden."
"I believe that the Biden administration made a deliberate decision to shoot down the spy balloon where the debris was not easily recoverable. Joe Biden is and has been an unregistered foreign agent of China."
"This was almost as bad as the surrender in Afghanistan.  "
"10% for the big guy was a pre payment for stuff like this. "
"&#34;it’s very clear that, because commonsense Americans were overwhelmingly disgusted  . . . horrified that we have a president who would allow Chinese spyware to be on top of our country for days at a time and seemingly to do nothing.&#34;<strong><em>Seemingly</em></strong>.  Because the congressman knows that it is not true that the Administration did nothing.  The Administration reported that they took measures to insure that China could get no intel from this balloon device.  But the Congressman is certain that he will be successful in planting this lie, knowing full well that the Administration will not reveal our capabilities, e.g. electronic countermeasures.GOP as always happy to play cynical political games with our national security."
"I Abhor Joe Biden."
"China owns the Biden family "
"bidumF is a laughing stock on the world’s stage."
"Thankyou for 2,000,000 immigrants  from 150 countries and tons of fentynal. "
"Lets just say Brandon is helping China with favors he promised them in the deal him and his son made, China would help him get elected if Joe did  favors for China so they released the virus and a number of dems knew about this. "
"That balloon could have been just as easily been shot down over the Pacific or Alaska than SC. Yet another FAILURE of leadership in a very troubling , long list of failures that has characterized the Brandon administration from day one. "
"Friends? China Joe is paid handsomely by XI to protect China&#39;s interests."
"Bottom line?  Most powerful country in the world -- led by the weakest, most incompetent, feckless, feeble old man pretending to be &#34;president&#34; in our history."
"Totally agree with all of them!  Biden showed TOTAL INCOMPETENCE!"
"Is the forthcoming press conference over this going to break Jean-Pierre? 🤔"
