"The balloon no longer served a purpose. It had already relayed all the information it gathered. We had better recover the equipment to at least assess their technology and potentially we what we let them have."
"What&#39;s worrisome about this, is that the balloon was allowed to enter our airspace.  we the citizens of this country didnt know about it , til it was reported over Montana.  The balloon was allowed to continue across the heart of our country before action was taken. Now suppose this balloon had a deadly payload? say something chemical that it routinely dropped or scattered into the air,  only for it to land on us, our food source and our water supply.   this is extremely unacceptable protection from our government.  "
"Well I think we can all admit that the odds of China making a military move into Taiwan are exponentially higher today than a week ago.We just let an unidentified object fly over Alaska, over Canada, and over the lower 48 for days and didn&#39;t take action until it was offshore again.  That is American weakness of the highest kind.  My gosh."
"The damage is already done.  Biden is not a strong commander in chief.  We are more vulnerable now because of the inaction."
"Waited so long the damage is already done. It collected all its data and reported back. More importantly, the message it sends by letting it fly over is terrible!"
"If I was to tell you that a large spy balloon would navigate freely across the United States for a week, some of that time undetected. And that we debated and waited to shot it down until the ballon crossed the United States into the Atlantic Ocean 2 years ago. No way would you believe that would be possible but here we are."
"Another Biden decision made solely for political reasons. He waffled until public sentiment was being critical of him not reacting. So, he reacted. Too little, too late."
"Fantastic, after China successfully got all the data and intelligence they wanted, including testing our vulnerabilities and Biden’s lack of immediate resolve."
"Kamala spoke.It was taken down out of necessity because the necessay steps were the necessary way to make it necessary to remove it necessarily from the obvious necessity of taking it down. Necessarily."
"The balloon should have been shot down the moment it entered US airspace! I can&#39;t believe something that big was not detected BEFORE it got to Montana - incompetence or collusion, take your pick.  Shooting it down AFTER it has crossed sensitive airspace is a bit like closing the stable door after the horse has bolted!  If the Chinese are smart enough to send it and control it, they were smart enough to ensure it transmitted data in &#34;real time&#34;!  Whoever failed to detect it and whoever allowed it to transit the entire country should, but will not, be brought up on charges of gross dereliction of duty!"
"Great! AFTER all the surveillance information was already sent to China. "
"Now the fun
Begins. Too little too late."
"Shouldn’t this have been done on the other coast?"
"China doesn’t need balloons to gain intelligence. They’ve compromised many of our elected officials, likely even the president. They can get their hands on what they want, when they want. All because of the greed of our “elected” officials. This is all for show."
"I don’t think data collection was its primary purpose, it was a test and we failed. Say goodbye to Taiwan."
"A little too late.  It’s already collected all the info they need.   Wonder how much Biden made off this?"
"Day late and a dollar short. It passed over the missile fields , bases, equipment, people, in addition if and when we would take it out, etc. and our reaction time. They got what they wanted."
"This does not matter all that much. ALL the information gathered was being transmitted LIVE, so China has all it needs. They got what they wanted with Joe&#39;s help."
"Great. I’m sure it already gathered whatever the CCP wanted it to. It should have been shot down over the Pacific Ocean before it reached the west coast. "
"Biden and company are trying to play this off as nothing but this is an obvious escalation in aggression.  To say you are afraid to upset the Chinese for violating our airspace?  What are you thinking?  The entire world sees this for the weakness that it is."
"Once the thing completed its flight across our complete continent, both over populated and unpopulated areas, it doesn&#39;t matter what we do. The balloon achieved its mission."
"Does anybody now not doubt Brandon is a 🤡 of epic proportions for not doing this before crossing Into Alaska? "
"First the Afghan withdrawal now this. Can Biden embarrass himself and the US on the world stage any worse?"
"Biden seems to be irritated when he has to answer questions on behalf of the American public. I think he forgot who he works for?"
"With Joe and his Generals making the decisions what could possibly go wrong."
"Should not have entered our air space."
"Won’t secure the southern border. Won’t secure air space. Biden should be impeached for failure to perform a president’s most BASIC duty."
"The government is more concerned about monitoring citizens who fly radio control model airplanes."
"Mission completed, it crossed the U.S. unopposed, and now the evidence is scattered in the ocean, and the BigGuy gets 10%. Didn&#39;t they want to confirm the nature of the hardware? isn&#39;t there intellegence to collect? Did they just destroy the evidence for the CCP? They can continue to claim it was a weather balloon now. So corrupt."
"China was just testing the waters. They can&#39;t afford to wait until 2024 where the chances are to great that there will be a Republican President. No sir, test the waters now and in a year or so run the balloon one more time only this time, make it an EMP that will kill 90% of all Americans within a year. "
"After covering the length of the country? As others have stated it seems this is too late for the Biden administration to call this a win. Unless of course it was filling bank accounts during the same time period, then I guess Biden and his crowd would call this a win, just not for the country."
"Biden did as great a job with the balloon as he did in Afghanistan."
"After it got all of the data it needed and off loaded it. What a terrible administration this is. It should of never made it into our air space to begin with. "
"It was shot down AFTER it transmitted its data.  Great job Joe!! "
"I am a skeptic. If we do recover it, our government will never tell us the truth about it. "
"It is great that they finally shot down the balloon, but it is too late. The damage has been done./ Why on earth did they wait until it completed it&#39;s mission before destroying it? another great Biden decision! I guess the billions that China spent on Hunter Biden and the &#34;Big Guy&#34; were well spent!"
"Its about time. This would have never happened if President Trump were still in office. He would have never allowed it to enter our airspace. Biden allowed this to happen. "
"&#34;Too much, too little, too late...&#34;-Johnny Mathis"
"I wonder how much information the Chinese were able to get in real time from this aircraft. I should think the military would recover it to determine exactly what it carried and was able to process. But then that might be asking to much."
"The greatest result China learned from their ploy is “the decision making process” of this President and his administration is excessively slow to respond when threatened. The greatest lesson we the people learned is “we learned too late”. "
"Should have been done over the Pacific Ocean. "
"Too bad we didn&#39;t have a Republican President in office that would have NEVER allowed this act of war to happen over Our Country in the first place! VOTE REPUBLICAN 2024 - SAVE OUR COUNTRY! "
"Our weak president allowed the Chinese spy balloon to cross into Alaska, through Canada and then across the lower 48 from Montana east.  They collected the information they wanted, transmitted it back to China, and then Biden decides to do something.  That is kind of like shooting after the battle is over."
"Too late. It was transmitting all of the data it captured from minute one."
"Let&#39;s dig deeper.  This is playing out nicely for Beijing.  The balloons are a marvelous distraction.  Pentagon, don&#39;t let your guard down, I wonder what the real event is?"
"Does anyone believe this couldn&#39;t have happened sooner?"
"Brandon got permission from, Xi.  Besides, the Chinese got what they came for, and the Biden crime family received Chinese funds transferred into an off shore account.   "
"Only did this because of the uproar the WH&#39;s inaction created -- could have safely been taken care of before it got to the Atlantic Ocean. <strong> I do not trust at all the president in his dealings with China, as I believe he is compromised because of the &#34;family business.&#34;</strong>  (I think his being compromised also relates to other countries, including Ukraine.)  There was no reason for China to have that &#34;weather&#34; balloon flying over the USA unchallenged.  "
"Biden is the best president China could ever buy..."
"Sounds like a lot of hot air to me just so the news cycle moves away from Bidens troubles.  He&#39;s still a weak President benefitting from ties to China. "
"Did our week president make sure that China got all the information they needed before he shot it down. He’s a waste of our taxpayer dollars and works for another country."
"How about shooting it down over the Pacific Ocean BEFORE it entered our county amd collected imfo from coast to coast, not even just military data?"
"Time to start the impeachment. Allowing this incursion with full intent is a violation of his oath of office. We know leftists don&#39;t care, but the majority of the US does. "
"This alone is reason to remove him from office."
"Should have been done the second they saw it heading toward U.S. air space.  For a balloon that NEVER should have been here in the first place, it was allowed to hover over the U.S. for far too long.  It showed the Chinese how LONG it would take us to respond to something like this... and WE FAILED."
"Day late and a dollar short "
"I agree! Took him long enough.  Probably waited so that it can&#39;t be retrieved.  Biden should be both ashamed and embarrassed to let it cross into our airspace in the first place and then across the United States."
"Two days late and $10 short.  The USA is weak under a president that has been compromised and bought out.  PERIOD. "
"AFTER it mapped our missle silos and gathered other infrastructure information. Thanks a lot Biden, for nothing again."
"Joe Biden and the DNC no longer want to LEAD Americans, they want to RULE them. How can you ever consider leading half the country when you demonize them as insurrectionist terrorists? You can&#39;t. "
"Biden was waiting until his last check from China cleared his bank account."
"Biden made sure his partners got all the data they needed before he “took care of it”."
"a little late, what was the point AFTER it navigated across the country 1st?"
"Not only late, but it looks like we deliberately obliterated the equipment hanging from it... Joe doesn&#39;t want to have to explain how they dragged their feet and gave up an immense amount of Intel to the Chinese. Its typical for us these days..."
"And we&#39;re all supposed to be impressed AFTER it has flown across the entire continent??  God only knows how much information was transmitted.  This administration is NOT on the side of the American people."
"Too little, too late.  All of the information they obtained has already been transmitted back to China.  "
"A real president would have downed it in Montana and have already analyzed the data on it."
"Joe again creates a National Security nightmare by acting too late "
"GOOD but this should have happened DAYS AGO. "
"this is all fake to give the impression the Biden administration is in control "
"There were plenty of wide opens spaces they could of shot it down out west... but they let it float all the way across the country before acting.  Total failure of leadership.  "
"The commander in chief of the greatest military in the world Joe Biden was just defeated by a balloon! "
"TOO LATE … China has A BOAT LOAD OF OUR INTELLIGENCE !!  "
"This mission places a close second to Brandon&#39;s evacuation of Kabul. The intel in hardware, components and software would be on a silver platter for the US&#39;s taking. Why wait until it got to the coast? Maybe Brandon did not want the Chinese to cancel Hunter&#39;s contracts?"
"Took them long enough"
"Joe Biden has severely failed America.  I hope people who really voted for Joe and democrats understand what they have done.   I certainly will never forget this administration,  until they are in jail or dead."
"China already got all of the information they needed, and THEN some. Smashing success for them! Way to go, Joe!"
"Supporters of this administration say it was just a balloon and the CCP could get just as much information from their satellites, but the CCP was able to float an aircraft across our entire nation without a swift and appropriate response. This will encourage the CCP to believe they can escalate their game without fear of reprisal. In reflection, can you take comfort in the strong decisive actions of the Biden administration during the balloon fiasco? he answer should be a clear and resounding no."
"Well, you see the balloon&#39;s job was done, and Biden, at the request of his boss, Xi, shot it down for him. Since it was over the Atlantic, it&#39;ll sink to a depth that will make it difficult, if not impossible, to retrieve. That way Chinese government property will be kept secret from the American public."
"This just in - President Biden will reimburse China for the loss of their spy balloon.  A formal apology will also be issued.    "
