"South Africa has one of the most extensive mining industries in the world, mining for resources like platinum, chromium, manganese, gold, diamonds, iron ore, cobalt, and phosphate. The income South Africa generates per year on minerals is approximately <strong>$55billion to $125 billion</strong> depending on the year. It&#39;s no wonder China is heavily investing in South Africa"
"Even many European countries are now building nuclear plants and reopening closed coal mines. The world is moving on without the US.Thanks Biden. Never before has a sitting US president been so detested and un-respected by other world leaders."
"Let&#39;s not underestimate China&#39;s massive influence now on the African continent. China is now the single largest investor on the continent at $43.7 Billion surpassing the European Union. Africa is extremely rich in mineral resources and China is seeking complete control over all mining operations. "
"There&#39;s a reason the term &#34;BRICS+&#34; exists. It&#39;s an acronym for Brazil, Russia, India, China, South Africa, and others who align economically and work TOGETHER against Western interests. 

While the US, Europe, and Japan work together as if they&#39;re the only show in town, these other economies are significant (and a huge majority in terms of population) that we need to start taking seriously. Want to j is why Russia did not collapse when Joe took away their credit card machines? Start looking at BRICS+. "
"The ANC was always a communist organization now that they are fully in control of South Africa and have dropped all pretense is it any wonder they would ally with China and Russia? "
"We can no longer afford Joe Biden&#39;s Failed Presidential Leadership and Foreign Policy."
"This is what happens when you tell a nation that they have to stop burning coal and go green energy at a point where they just started doing better with their new energy burning coal making life better, and here comes the US with no you can&#39;t burn coal and no we are not going to help you go green lol. So they went to China,Russia for everything they need. Democrats at their finest."
"While many detests globalization, world trade kept the peace. Today, there is a decoupling of western hegemony. Nations are sick of the West using their economic power to sanction them, denying them crucial trade for not falling in line. Most Western nations economies are primarily service based, producing very little of what the world needs. Should Taiwan and South Korea fall into the hands of the communist, the West has very little to offer but currencies backed by nothing. The West will then be sanctioned for not falling in line."
"Biden administration failing yet again. Is there no end to the damage they are doing?"
"Biden is being TOLD what to do and say by Susan Rice and Obama. The Biden Presidency is in effect Obama’s third term."
"Cut off the aid and let them hold naval drills in their little speed boats."
"S. Africa historically followed England. Europe and the west in maintaining a solid front againstcommon foes and threat. Such is not the case now.. Being challenged in a number of ways, i.e.economically on both a local and regional scale by the Chinese and Russians as well as militarilyby Chinese expansionism in S.E. Asia and within and among the historic trading partners in Africadisruption has occurred and new alliances are forming at a rapid pace.  Strategic Mineral and mining resources a but one example, the U.S took it&#39;s eue off the ball and is falling behind.  treating any other nation in the world like a &#34;kid&#34; brother is not going to work  Only treating themwith the respect due equals works.  The U.S. has a lot of fence mending to do and is starting from  way behind.  They had bettered hurry up or they will find themselves left out altogether!.  "
"Good, let the Russians and Chinese have their alliance.  They offer zero strategic value to the U.S.  They have been circling the drain ever since the end of aparthiad.  "
"SA is falling to pieces, socially and economically. I imagine they seek money from Russia and China in exchange for whatever resources they may be able to provide."
"&#34;They&#39;re going to take humanitarian aid from us. They&#39;re going to take investments from the Chinese. They&#39;re going to take energy deals from the Russians. We&#39;re being played, again, some more."
"Just another nation that sees the writing on the wall and is jumping off the sinking ship that relations with the United States has become under the Biden administration."
"Regardless of the nuances...zero U S. tax dollars should be given to a country that is militarily cooperative with our geopolitical adversaries."
"China is all about trade - the US is all about regime change, conflict and weapon sales.China doesn&#39;t interfere in their trading partners internal politics - the US interfere  in every single country they trade with by using sanctions and freezing bank accounts.China builds critical infrastructure that helps developing nations grow economically - the US build American-centric social networks with &#34;religious&#34; or &#34;democratic&#34; undertones which often &#34;skim&#34; the investment dollars before they ever reach the African people they were intended to help. "
"South Africa has turned into a third world country! "
"“Over the last 20 years the U.S. has provided over $7 billion in AIDS relief to South Africa alone, which doesn&#39;t include the other millions of dollars in humanitarian aid Washington continues to provide annually.”What do I think? Stop all aid going to South Africa!!! Not one red cent of tax payers money should go to South Africa—not one red cent!!!  If this is how South Africa treats the United States, then we definably don’t need to be friends with South Africa. Stop any trade from the United States with South Africa too!"
"Well this administration has failed everywhere.  Why would this be any different?"
"Africa is not and never be our ally.The most corrupt continent on Earth.All they want is our money.Period."
"If I was the leader in South Africa, I would seriously reconsider the training of my military troops with the Russian military, especially after watching the tremendous job they are doing against a &#34;small&#34; country, and the Ukrainian military."
"America and the US-led NATO provoked Russia to invade Ukraine.The US blew-up the Nord Stream pipelines.The US did it to sell LNG to the EU.The US also did it to weaken the EU.The US did it to weaken Russia.The US did it to sell more weapons.The African nations have seen the US do this too many times before to other countries.Maybe that&#39;s why Russia and China are seen as stable and trustworthy trading partners?"
"Biden would rather focus on the insane ideals of woke while the rest of the world flys by. Joe leads from the front of the Biden/Harris administration for not wanting to perform the job they were elected too. "
"Apparently, China and Russia are giving more money to South Africa.  No one wants to mention this but since &#34;apartheid&#34; South Africa has sunk into an abyss of corruption and poverty......"
"Mmmm, South Africa was given its independence from a white government which was championed by the U.S. This is what we get?"
"Party Members, your &#34;Party&#34; has run America into the dirt. Your Party helps China too. Each and Every tax Payer &#34;Bailout&#34; helps China more than America. China will start buying our friends and Allies because they can, they aren&#39;t over 30 Trillion Dollars in Debt, we are. Now Thank your RNC/DNC Leaders and Re-Elect them too."
"Economy, border security, foreign policy Joe has failed at all things presidential unless you count alienating Americans "
"The So. Africans will be taking whatever is offered by Russia and China.  What they will not get in return is an open border into China or Russia and definitely not a pathway to citizenship."
"Not surprising, they too have a corruption problem that has gotten so bad in the past decades."
"China loans the world money, America gives the world money-why?"
"And just how do you solidify policies with nations that do not have a truly solidified government upon the continent?"
"SA is a prime example of woke utopia. Yup, take the Europeans out of government like wokesters suggest and this is what happens. Sad"
"Moscow has always been involved in Africa when they help Africans fighting against colonialism now China is making inroads there with their money. This is not surprising. The US better watch out for Central America as well as South America too."
"Are we still sending &#39;foreign aid&#39; to them ?  Now would be a good time to stop."
"&#34;In a multipolar world, all partners are valid partners,&#34; he said.&#34;  On the surface, this statement is valid.  It&#39;s only when one finds itself in a precarious situation that one realizes when one has multiple partners with opposing views, one has no partners."
"Perhaps South Africa does not want to tank their economy by canceling fossil fuels, as Biden wanted them to do."
"After the whole world has witnessed the complete incompetence of this President and his Administration for the past two years, it’s not surprising that our “allies” are abandoning the sinking ship fast."
"Don’t provide another cent of aid to South Africa.  Just send them back the 13 percent. "
"South Africa used to have an aircraft industry and a vibrant economy. I don&#39;t know if that is still the case."
"So why are we sending billions of dollars to South Africa??"
"Biden sent Yellen over to Africa... what a joke.  She was there to reduce their carbon footprint.   Good lord, most don&#39;t even have shoes.  China owns all of their ports and basically owns the country.   We&#39;re so behind now,  it will take a real American leader at least 8 years to unwind the damage this administration has done. "
"The US world view changes every few years. We used t have long term plans regardless of party. Now we don&#39;t. The Chinese have long term plans. 10, 20, 50 years. We&#39;ve screwed ourselves."
"The United States is becoming South Africa. That&#39;s the plan. "
"So how many proxy wars do we have going in Africa? How bout South America? Are wars good for humanity or the people profiting from them???"
"After the hundreds of billions of dollars in aid the US has given them? Maybe we should keep our Philadephia Eagles super bowl champion shirts and use them for shop rags!"
"There are multiple instances throughout history of nations who abandoned their allies, in order to avoid being on the losing side."
"Party Members, wow, Our RNC/DNC Party uses our Tax Money on anyone and everyone around the World, even China. Why? Don&#39;t any of you see, it is your RNC/DNC Party running America into the Dirt? Why are you so Loyal to &#34;The Party&#34; and not America?"
"Quite simply, South Africa has been bought and paid for by communist countries."
"You see there smart their doing what’s best for their country and people unlike our administration…no we’re operating in the red…and heading to bankruptcy."
"Joe better get back to South Africa and settle things. It would be his first trip back there since trying to visit Nelson Mandela while he was in prison."
"It obvious that president Biden failed on all kind of foreign affairs and military security affairs worldwide. They cannot see the bad intentions of china and Russia. Those two nations are looking for allies that have easy access to the atlantic sea and within the north and south America to encircle us and be closer to USA If they decided to attack USA territory. You will see the next thing that will happen is the Russian and Chinese arming their allies with enough fire power to bring the fight to our shores. And Biden caused this issues..."
"pull all our money and aid out of there and see how they feel then.  The only thing consistent in Africa has been the West supporting various key elements of their system! and I bet the Chinese and Russia aren&#39;t going to be quite as consistent!"
"US go to some place to build military base instead of investing economic. Smart countries will know how to choose partner. Military base will bring potential involving war. "
"Russia will foment hate and chaos in the world playing a “superpower” nonsense using its oil money for power politics rather than its people. Russian economy with oil is smaller than Aitsly’s. Without oil it’s Nigeria, The only way to put Putin in his place is for NATO sends in troops to Ukraine to drive Russians back to the 1991 borders Russia willingly agreed to with other prisoner nations.Putin is not going to start WWIII under any circumstances, and nothing will induce him to do so because he knows it would be the end of him and Russia. Putin wants to be a great man revered by Russia not its destroyer. Understand the mentality of dictators. If Putin thought a “wider” war was to his advantage he would have started it long ago. "
"Oh no how will we win a war without help from the almighty African military powers? 😂"
"Does anyone still support our military leaders in an all out conflict with another country?"
"I am really surprised that South Africa is leaning toward China and Russia. How bad is our government to lose their alliance? Really bad."
"Meaning they&#39;ll take anybody&#39;s money."
"Biden is weak and unable to lead a herd of goats more less foreign countries! These third world countries see Biden allowing a spy balloon to fly over its country for a week before shooting it down and then shot down weather balloons. They see Biden allowing 7M illegals enter their country in 2 yrs with thousands more every day! Russia and China are ruling the world while Biden worried about gender identity and equity. When will Americans wake up and realize we are becoming a 3rd world country and once the dollar is no longer the world currency, we too will see starvation, destruction of society, etc."
"With this administration&#39;s ineptness showing to the forefront... it&#39;s no wonder our adversaries are offering our &#34;allies&#34;  a better deal."
"South Africa is progressively moving into full blown communism as was the plan from the start!  So it’s no surprise they drill with communist countries!  But I hope we don’t fall for the White Supremacy ploy again… Sure, there was a big problem but to destroy freedom and rebuild it with communism is MUCH worse!  And which country next will fall to communism based on some ploy?  This was One of Africa’s wealthiest and developed countries that soon will be begging for aid from the west!  We should do NOTHING!  Let China pay for their failure!  Or do you really think all white people are white supremacy nuts?  I tell you most of the frenzied evil is to turn countries communist!  After almost 40 years of Climate Crisis predictions being false you still believe in man-made global warming or do you finally see that nature is in a warm cycle and the left &amp; elites will use this to create global government which will be a Marxist hybrid and eventually China will trend it into communism!  Do you really think communists just walked away when the wall fell?  Do you think a hundred years of progressing toward Marxist socialism will be stoped at the voting booth?  Evil NEVER takes a vacation!   Evil never gives up nor changes it’s stripes!  It just redefines some terms &amp; changes any negative history that is taught in schools or reported in the media.  And it’s latest &amp; greatest tool is social media!  Don’t fall into the trap!"
"Good, most taxpayers in the USA are tired of funding a failed country to begin with. China and Russia need new fodder let Africa give them their unwanted."
"Washington CANT SOLVE anything...all the Americans see of BIDEN is HIS BACK AS HE SHUFFLES OFF STAGE with his “notes”.  His WORKD is eating ice cream and four day weekends at his Beach House.  BIDENS CARBON FOOTPRINT IS H U G E !"
"The RNC/DNC Party has already put America in a bad spot, Over 30 trillion Dollars in Debt, created by Both. Party members we can no longer afford to babysit the world, let it go and think of just America, put America above your Party."
"Quick, threaten them!Maybe sanctions too. We cant have them refusing to do as the US demands."
"America and the American people need to stop sending billions of dollars in aid to all African nations.  "
"&#34;All partners are valid partners.&#34; Wasn&#39;t this the Epstein/Ghislaine philosophy?  Apples and oranges, I know, but always a very, very bad philosophy."
"Probably a smart move on South Africas part, No one trusts or respects the USA any more.....even me as a citizen."
"Straight up. Britain should not have given up Hong Kong and they should have remained in power over south Africa."
"Should ask the Chinese and Russians if they will take the African diaspora that so burdens the United States.  "
"The same South Africa Traitor Joe just gave $8 billion to shut down their coal plants?  "
"There comes a time when you have to literally stop crossing oceans to maintain myopic diplomatic relationships with governments and nation states who are playing the system and wouldn&#39;t step over a mud puddle for you. Why would you give $100s of billions in economic aid to Third World countries who hate you, share very little, if any of your ideological values and whose corrupt governments, juntas and unscrupulous politicians divert (money launder) those funds to private accounts and keep their populations in indigency, disease, poverty and despair? The most important concept of building sustainable international relations is knowing who Not to trust! South Africa should be at the top of that list!"
"You might as well give me the billions I can do a lot more with it then the South African government 😂"
"China isn&#39;t over 30 Trillion Dollars in Debt, we are. Soon China will be buying up all of our bought up friends and allies."
"S Africa &amp; Russia floating scrap metal, China will use for targets."
"allies? The US supported the apartheid government. Are South Africans just supposed to forget that?"
"All it takes is a little money to buy a former witch doctor. "
"South Africa is a dangerous criminal country. They have not changed irregardless of what they say A dangerous place to visit"
"The Biden Regime is a failure known around the world.  South Africa probably recognizes Biden and his Regime believe in the  China First policy"
"Africa is the very definition of &#34;Fair Weather Friend&#34;"
"Let Russia and China spend their time and recourses trying to bring Africa into some sort of world fold.  The only way they are going to get some nations in Africa to play nice with them is through force, like Russia is now doing with the Wagner Group in North Africa."
"The left is going to say it&#39;s because Africa is rascist."
"Why are Russia and China in Africa? Precious metals..."
"South Africa wants the entire African Continent to themselves.... China and Russia will be helping them achieve that goal."
"Power and influence generate gravity. China has it Russia has it, the US doesn’t. "
"And how many billions of dollars has the US sunk into South Africa only to have it waltz away? Meanwhile our state department talks about a world market South Africa is responding to. Everything is OK, nothing to see here. Move on. "
"U.S and EU total one billion. Rest of the world is seven. The rest is moving forward at high speed "
"I do get a good laugh at these stories. When do we use our Tax Money to Bailout those Chinese Corporations again?Now Children, If their Products are Made in China, they aren&#39;t American."
"As the head of I believe it was Ghana, said, &#34;The US comes and wants us to support our former colonizers&#34;. African people don&#39;t have fond memories of the European Colonial powers.   "
"Hopefully but doubtful, this administration halts the $400 million a year we give them. "
"It&#39;s Africa, with the make up there they will follow whoever is giving them the most money at the time, and have no loyalty."
"We supported Apartheid and many other dictatorships and pushed African countries to the Soviets. Tough for people to forget..."
"Most of the countries on the African continent are corrupt and inept. They will side with whomever will give those in charge the biggest payout with none of the money making it down to the citizens."
"Joe have you heard? Russia and China don&#39;t look the same as Africans how can they work together. Mayor Pete look into this,"
"If you wondered who initiated and instigated the &#34;racism&#34; and BLM movement in America, look no further than China. By joining forces with South Africa, China will ramp up the activism and turmoil in America at the same time. The &#34;chaos&#34; of the past two years is no accident. China is coming for us and Joe is at the ice cream parlor."
"Biden is a fraud. "
"Biden and Blinken&#39;s George Soros instigated &#34;Global Liberal World Order&#34; is a disaster. "
"I support them with an occasional Krugerrand purchase."
"As America decays internally, so decays the world&#39;s respect for this sick country."
"What they really want is money from any and all countries without allegiance to any of them.   "
"That&#39;s what happens when people who don&#39;t know how to run a country find themselves running a country. Pax Britannica was nice. "
"We don&#39;t need them. They&#39;re a failed state and frankly, the last thing we need is another Puerto Rico that we waste money in with zero net benefit."
"Biden’s policies here and around the world are terrible. "
"America has had enough problems with africa. No more aide to anybody there."
"The US doesnt want allies. IT wants supplicant vassals."
"Congratulation for Russia and china and iran , you can keep all africa "
"Who knows, maybe Russia and China will team up and restore the desert?  Nope.  They are not going to do that...."
"Can we send all of their folks who are here tearing up the country and demanding &#34;reparations&#34; to Russia and China?  Now THAT would be reparations for our entire country!"
"LOL!!!  Russia sure has some powerful friends....South African Navy/Military..... :-D...LOL!!!"
"I hope they reestablish apartheid.  They deserve it now."
"Can any say WW III?   It will happen sooner rather than later."
"Don&#39;t forget to keep sending S Africa US aid. (US tax payers $). Don&#39;t forget to keep sending aid to S of the border governments (you know the ones, where there people flee to the US anyway).  "
"Easy fix, stop sending that garbage country any aid. "
"The ANC is devoutly Socialist and Mandela was a Marxist. Let that sink in as I remind you that The Fabulous RBG stated that we should scrap the U.S. Constitution and replace it with one modeled on South Africa. "
"US leaders shut down their country to make way for a new world leader. Conservatives tried warning liberal sheep not to vote Democrat but they said they were the most highly intelligent.  Appears they had absolutely ZERO intelligence.  In other news, a Democrat couple from Oregon purchased beachfront property in Arkansas "
"I would love to know how much &#34;funding&#34; we give to all the African nations.  Why would we give money to people who don&#39;t like us?  "
"&#34;African allies&#34;, eh? Now, that is really THE joke of the day, eh? "
"Who is our ally when drilling with Russia and China?"
"Ahh yes. Any student of history can see very clearly the battle lines of WWIII are being drawn right under Commander In Chief Mr. Potato Head’s nose. "
"This after Joe Biden gave South Africa 8 billion dollars to replace coal fired electric plants!"
"BTW, the billions that Joe Biden has promised to send to South Africa, will <strong>not </strong>be used to shut down our coal plants. Mark  my words! "
"If South Africa wants to be a pariah nation, so be it. This should change our political and economic policies with them. "
"Spuds issued statement saying he will visit his BFF Mandela and straighten this out."
"Africa and South America are partnering up with Russia, China, and Iran. The devilish LGBT Alliance (nato) will find it increasingly difficult to bribe, blackmail, and extort support in the UNGA. The IMF and World Bank have been very useful and successful weapons the Western devilish LGBT Alliance has used to manipulate and subvert the global community, but that is changing too."
"So what&#39;s the Biden plan to counter this...probably send more of our money over there. This administration is a joke."
"This is when we should pull our aid an say it’s ether them or us. Who do you thinks gonna give you more "
"Let &#39;em.  Then blacklist all South African travel and immigration to the US.  Never happen under this corrupt White House.  I can dream."
"African nations have no concept of democracy. Therefore the United States did not stand a chance against China."
"And now China will have uninterrupted supplies of chromium. Way t&#39; go, joe!"
"Talk about gratitude. After the millions of dollars the U.S. taxpayer has given them. They turn their backs and join the enemy. Then again, the American africans do the same thing."
"Let Russia work in concert with Africa. When they find out how much trouble they are in for, they will beat feet back to Moscow in a flash.  Send over several thousand residents of Chicago, too, as a bonus! "
"“<strong>Could signify”? </strong>"
"China and Russia know how corrupt Africa is. They know we’re to spend they’re money "
":) America lost South Africa while it was asleep and they became one of the BRIC big five....Now they are worried...  A bit to late I would think...."
"Three great nations 🥰"
"This President has FAILED "
"Our africans are just like south africans and they only care about what they can take or get for free and who will pay them the most "
"We as Americans don&#39;t need the race baiting democrats to tell us how we feel about each other or how to celebrate a holiday it&#39;s bad enough the American people are less safe and pay a whole lot more with this administration "
"More winning from the brandon administration! "
"There is no such thing as an &#39;African ally&#39;. The countries in Africa are loyal only to whoever coughs up the biggest number of bucks."
"I wonder if South Africa will bring its new &#34;upgraded&#34; spears to the military exercise???"
"This is the whole democrat party along with all the swamp dwellers. Biden has zero clout just a mouth piece."
"These days I  would trust Russia more than the Biden Adim. That says a lot. Don&#39;t worry folks you can drink the water in East Palestine Ohio trust us. Joey when you come and take the first drink then maybe we could trust your Adiministration.........NEVER HAPPEN"
"South Africa was doomed the day Mandela was released from prison. "
"CRT came to us from S. Africa and look were it got them."
"How long has Africa been at war? Can&#39;t tell you I blame America for staying out of an area run by tribes of generational criminals.."
"The US has no &#34;allies&#34; in Africa."
"They&#39;ll be Slaves again under Russia and China"
"What about BLM or is that just here?"
"South Africa is no longer an ally"
"If the nation don&#39;t place valuable things on table, then American value, especially Republican version is junk.Right wingers have trashed foreign aids as 4 letter words. They think their worthless &#34;value&#34; can lure Africans who need economic development. Place genuine gold and silver on table for Africans."
"So, Mandela and his political descendants are communists.  Who knew?"
"South Africa was better off when Apartheid was the system they were living under. Now, a handful get everything, and the rest get nothing, and this includes the blacks that lived under apartheid."
"Liberals, this is what happens when you elect a senile free-loading criminal politician who hasn&#39;t achieved anything noteworthy in nearly half a century of &#34;service to our nation&#34;. I&#39;d say he &#34;serviced us&#34; deep and hard. "
"Why?  This makes no sense. "
"No more safaris to South Africa!"
"The west are pure haters of Africa and that&#39;s based on a centuries long history of all taking and no giving. It&#39;s terrible for this descendant of the targets of the white created US statutory chattel slavery and jim crow systems because I know how low they go. This stuff is of biblical proportions.  But black people built the USA and none of us would&#39;ve wanted Africa to be used and abused as it&#39;s been by all the foreigners."
"Let&#39;s send Giggles Harris to sort this out"
"What about BLM or is that just here?"
"South Africa is no longer an ally"
"If the nation don&#39;t place valuable things on table, then American value, especially Republican version is junk.Right wingers have trashed foreign aids as 4 letter words. They think their worthless &#34;value&#34; can lure Africans who need economic development. Place genuine gold and silver on table for Africans."
"South Africa was better off when Apartheid was the system they were living under. Now, a handful get everything, and the rest get nothing, and this includes the blacks that lived under apartheid."
"So, Mandela and his political descendants are communists.  Who knew?"
"Liberals, this is what happens when you elect a senile free-loading criminal politician who hasn&#39;t achieved anything noteworthy in nearly half a century of &#34;service to our nation&#34;. I&#39;d say he &#34;serviced us&#34; deep and hard. "
"Why?  This makes no sense. "
"No more safaris to South Africa!"
"The west are pure haters of Africa and that&#39;s based on a centuries long history of all taking and no giving. It&#39;s terrible for this descendant of the targets of the white created US statutory chattel slavery and jim crow systems because I know how low they go. This stuff is of biblical proportions.  But black people built the USA and none of us would&#39;ve wanted Africa to be used and abused as it&#39;s been by all the foreigners."
"Let&#39;s send Giggles Harris to sort this out"
"&#34;FAILED&#34; So, what&#39;s new?"
"South Africa demands the US send all of the descendants of slaves back to the homeland. US citizens fed up with all the crime happily comply. "
"Russia and China can have the Africans on their side in fact if they want them they can have the ones that are here too please take them"
"South Africa will soon be a Chinese protectorate "
"Hooray for the rest of the world, who has seen American hypocrisy and trouble making around the world for years. "
"This is the thanks Biden gets for all that pandering to black people and nations, even in Black History Month.  They should get loans from him, too.  The kind that don&#39;t have to be repaid."
"big step towards the return of apartheid..."
"Joey has turned The United States into Drunk Uncle.  Everyone is afraid to be seen with us, a world embarrassment."
"South Africa???? 🤣 🤣 🤣 🤣 🤣 🤣 🤣 🤣 🤣 🤣 🤣 "
"&#34;Can we get a tow?&#34; -S. African Navy"
"Let them all fend for them selves ! NO MORE FORGIEN AIDE!"
"Africa just wants a handout.💰"
"what about BLM "
"When the USA, Russia, and China are all currently ran by leftist, Why deal with the socialist dems in the USA. Cut out the greedy Biden admin and their friends. "
"In 2022 Uncle Sap gave almost 400 Million Dollars in aid to South Africa, time to shut off the faucet!"
"To the Fox News cultists - you only comprise 20-25 percent of this country so shut up or leave. Russia is looking for recruits."
"who cares.   africa is 300 years behind the rest of the world."
"WHAT HAPPENED TO THE WHITE FARMERS OF SOUTH AFRIKA?"
"Any money donated to African countries, goes directly into the pockets of the despotic black leaders and their cronies. SA is no different!"
"Having destroyed their country, the black SAs, with the help of China, Russia, and the cancerous islamic extremists, have truly made Africa the Dark Continent."
"Time to cut all aid to the world !"
"Marxists stick together."
"Biden and the Democrats are a complete failure..."
"Strip war lord Putin of power! War atrocities"
